"title","totalScore","reviewsCount","street","city","state","countryCode","website","phone","categories/0","categories/1","categories/2","categories/3","categories/4","categories/5","url","categoryName"
"ALO CHICKEN BÌNH YÊN","5","1","Đối Diện UBND","Hà Nội","Hạ Bằng, Hà Nội","VN",,"","Nhà hàng Hàn Quốc",,,,,,"https://www.google.com/maps/search/?api=1&query=ALO%20CHICKEN%20B%C3%8CNH%20Y%C3%8AN&query_place_id=ChIJgbjgdopZNDERp7QGLF_tmjI","Nhà hàng Hàn Quốc"
"🍜🍚Phở Bò Cơm Rang Mạnh Thiện Uỷ Ban😍",,,"437 Hạ Bằng","Hà Nội","Hạ Bằng, Hà Nội","VN",,"+84 397 967 714","Nhà hàng châu Á",,,,,,"https://www.google.com/maps/search/?api=1&query=%F0%9F%8D%9C%F0%9F%8D%9APh%E1%BB%9F%20B%C3%B2%20C%C6%A1m%20Rang%20M%E1%BA%A1nh%20Thi%E1%BB%87n%20U%E1%BB%B7%20Ban%F0%9F%98%8D&query_place_id=ChIJaeNlDABZNDERh84VA7zBWcU","Nhà hàng châu Á"
"Nhà Hàng Dê Thucom",,,,"Hà Nội","Hạ Bằng, Hà Nội","VN",,"+84 967 831 605","Nhà hàng",,,,,,"https://www.google.com/maps/search/?api=1&query=Nh%C3%A0%20H%C3%A0ng%20D%C3%AA%20Thucom&query_place_id=ChIJuwzPe7GrNTER8UL8Y_RHxf0","Nhà hàng"
"Ẩm Thực Thái Linh Gà Cá","4","55","Số 189 QL21A","Hà Nội","Hòa Lạc, Hà Nội","VN","https://amthucthailinh.com/","+84 913 862 212","Nhà hàng","Quán bia sân vườn","Nhà hàng món lẩu",,,,"https://www.google.com/maps/search/?api=1&query=%E1%BA%A8m%20Th%E1%BB%B1c%20Th%C3%A1i%20Linh%20G%C3%A0%20C%C3%A1&query_place_id=ChIJteoiDOlbNDERuPJg6VauBKw","Nhà hàng"
"Nhà Hàng Gà Ri Hưng Thịnh","4","226","QL21A","Hà Nội","Hòa Lạc, Hà Nội","VN",,"+84 985 130 972","Nhà hàng thịt gà",,,,,,"https://www.google.com/maps/search/?api=1&query=Nh%C3%A0%20H%C3%A0ng%20G%C3%A0%20Ri%20H%C6%B0ng%20Th%E1%BB%8Bnh&query_place_id=ChIJKaEczJlbNDERVmOGRAXzVEQ","Nhà hàng thịt gà"
"Tuấn Hường Restaurant Lẩu Cua Đồng","4","117","2H9M+PXM","Hà Nội","Hạ Bằng, Hà Nội","VN",,"+84 962 868 988","Nhà hàng món lẩu",,,,,,"https://www.google.com/maps/search/?api=1&query=Tu%E1%BA%A5n%20H%C6%B0%E1%BB%9Dng%20Restaurant%20L%E1%BA%A9u%20Cua%20%C4%90%E1%BB%93ng&query_place_id=ChIJ2eMGmA9aNDERWMo-kIk9FxI","Nhà hàng món lẩu"
"Nhà hàng A-LỬ","5","1","40 ĐT419","Hà Nội","Thạch Thất, Hà Nội","VN",,"","Nhà hàng",,,,,,"https://www.google.com/maps/search/?api=1&query=Nh%C3%A0%20h%C3%A0ng%20A-L%E1%BB%AC&query_place_id=ChIJ4e1eDABZNDERHlIcC8HUW9A","Nhà hàng"
"Nhà hàng bún riêu Anh Thịnh","4.8","4","36 ĐT420","Hà Nội","Thạch Thất, Hà Nội","VN",,"+84 987 613 358","Nhà hàng","Điểm phát chẩn đồ ăn",,,,,"https://www.google.com/maps/search/?api=1&query=Nh%C3%A0%20h%C3%A0ng%20b%C3%BAn%20ri%C3%AAu%20Anh%20Th%E1%BB%8Bnh&query_place_id=ChIJiwHQJQBZNDERolz21N8ZFKU","Nhà hàng"
"Mì Trộn Dolly","5","1","Huyện, 103 Đ. Kim Quan","Hà Nội","Thạch Thất, Hà Nội","VN",,"","Nhà hàng",,,,,,"https://www.google.com/maps/search/?api=1&query=M%C3%AC%20Tr%E1%BB%99n%20Dolly&query_place_id=ChIJm8mIUABZNDERw5PqovLatrM","Nhà hàng"
"Xưởng Mộc Quán ( Bia Hơi 183)","5","1",,"Hà Nội","Thạch Thất, Hà Nội","VN",,"+84 979 446 588","Quán bia sân vườn",,,,,,"https://www.google.com/maps/search/?api=1&query=X%C6%B0%E1%BB%9Fng%20M%E1%BB%99c%20Qu%C3%A1n%20(%20Bia%20H%C6%A1i%20183)&query_place_id=ChIJ18NIYgBZNDERnnhpnUd9_zs","Quán bia sân vườn"
"Phở Bắc Nam","5","2","2HV3+P7H, ĐT419","Hà Nội","Hạ Bằng, Hà Nội","VN",,"+84 976 993 710","Nhà hàng phở",,,,,,"https://www.google.com/maps/search/?api=1&query=Ph%E1%BB%9F%20B%E1%BA%AFc%20Nam&query_place_id=ChIJwRCf2nRZNDER4poajyhAaYk","Nhà hàng phở"
"Morri Coffee","4.4","14","291 Đường 84","Hà Nội","Thạch Thất, Hà Nội","VN",,"+84 965 748 671","Quán cà phê",,,,,,"https://www.google.com/maps/search/?api=1&query=Morri%20Coffee&query_place_id=ChIJn_mnEtBZNDER5lQc7xFVbu4","Quán cà phê"
"Pizza fat'","4.2","46","127 ĐT420","Hà Nội","Thạch Thất, Hà Nội","VN",,"+84 393 692 286","Nhà hàng pizza",,,,,,"https://www.google.com/maps/search/?api=1&query=Pizza%20fat'&query_place_id=ChIJx5qc3GRZNDERbmdOG23SBD0","Nhà hàng pizza"
"36 Đường 84 Kim Quan",,,"84 Đ. Kim Quan","Hà Nội","Thạch Thất, Hà Nội","VN",,"","Nhà hàng",,,,,,"https://www.google.com/maps/search/?api=1&query=36%20%C4%90%C6%B0%E1%BB%9Dng%2084%20Kim%20Quan&query_place_id=ChIJk7NxUgBZNDER5wZuQmnSuq4","Nhà hàng"
"Xôi Bánh Mỳ cô Hà","5","1","117 ĐT420","Hà Nội","Thạch Thất, Hà Nội","VN",,"","Nhà hàng ăn nhanh",,,,,,"https://www.google.com/maps/search/?api=1&query=X%C3%B4i%20B%C3%A1nh%20M%E1%BB%B3%20c%C3%B4%20H%C3%A0&query_place_id=ChIJe7ZrSABZNDERAwTmkLYvwX4","Nhà hàng ăn nhanh"
"Nhà Hàng Ba Văn","4","8",,"Hà Nội","Hạ Bằng, Hà Nội","VN",,"+84 973 430 585","Nhà hàng",,,,,,"https://www.google.com/maps/search/?api=1&query=Nh%C3%A0%20H%C3%A0ng%20Ba%20V%C4%83n&query_place_id=ChIJpdhO_Z9ZNDERiN4dM-9S01E","Nhà hàng"
"Venus 88 Coffee","4.1","27","2HV3+WG7 Đối Diện Cổng Làng Yên Mỹ, ĐT420","Hà Nội","Hạ Bằng, Hà Nội","VN","https://www.facebook.com/venus88coffee","+84 966 607 648","Quán cà phê",,,,,,"https://www.google.com/maps/search/?api=1&query=Venus%2088%20Coffee&query_place_id=ChIJtwiW-99ZNDER4s68GCSjoT0","Quán cà phê"
"Tiệm Trà Lyna & PhotoBooth","5","6","19 ĐT420","Hà Nội","Thạch Thất, Hà Nội","VN","https://www.facebook.com/share/1A7s9JHbbW/?mibextid=wwXIfr","+84 395 919 403","Quán cà phê","Buồng chụp ảnh",,,,,"https://www.google.com/maps/search/?api=1&query=Ti%E1%BB%87m%20Tr%C3%A0%20Lyna%20%26%20PhotoBooth&query_place_id=ChIJqxlmKACrNTER6PW2YGK5sHg","Quán cà phê"
"Hùng Già Quán",,,"2HV2+7R2","Hà Nội","Hạ Bằng, Hà Nội","VN",,"+84 923 550 777","Quán ăn nhỏ",,,,,,"https://www.google.com/maps/search/?api=1&query=H%C3%B9ng%20Gi%C3%A0%20Qu%C3%A1n&query_place_id=ChIJzyY8IAC3NTERQIPeZSDmiMQ","Quán ăn nhỏ"
"Phở Vịt, Vịt Quay Lạng Sơn",,,"358 ĐT420","Hà Nội","Hạ Bằng, Hà Nội","VN",,"+84 979 718 855","Nhà hàng",,,,,,"https://www.google.com/maps/search/?api=1&query=Ph%E1%BB%9F%20V%E1%BB%8Bt%2C%20V%E1%BB%8Bt%20Quay%20L%E1%BA%A1ng%20S%C6%A1n&query_place_id=ChIJ5fOsDQBZNDERZvhk-zo1CpY","Nhà hàng"
"Anh Nam Kem","5","2","2HR4+738","Hà Nội","Hạ Bằng, Hà Nội","VN",,"","Cửa hàng kem",,,,,,"https://www.google.com/maps/search/?api=1&query=Anh%20Nam%20Kem&query_place_id=ChIJad7ucgBZNDERhc0q2ByjEhQ","Cửa hàng kem"
"Bún Bò Huế 999",,,"365 ĐT420","Hà Nội","Hạ Bằng, Hà Nội","VN",,"+84 333 722 895","Quán ăn nhỏ",,,,,,"https://www.google.com/maps/search/?api=1&query=B%C3%BAn%20B%C3%B2%20Hu%E1%BA%BF%20999&query_place_id=ChIJmzrGUgBZNDERcvkj3VsBYbQ","Quán ăn nhỏ"
"Văn Béo Quán",,,"2GQX+J3V, ĐT419","Hà Nội","Hạ Bằng, Hà Nội","VN",,"","Nhà hàng",,,,,,"https://www.google.com/maps/search/?api=1&query=V%C4%83n%20B%C3%A9o%20Qu%C3%A1n&query_place_id=ChIJ2asEOwBZNDER7729MzRnlfs","Nhà hàng"
"Toco toco","2.5","6","117 ĐT420","Hà Nội","Thạch Thất, Hà Nội","VN",,"","Cửa hàng kem",,,,,,"https://www.google.com/maps/search/?api=1&query=Toco%20toco&query_place_id=ChIJBeXvFwBZNDERKoa49_EWixU","Cửa hàng kem"
"1",,,"419 hà nội","Hà Nội","Hạ Bằng, Hà Nội","VN",,"","Quán mì",,,,,,"https://www.google.com/maps/search/?api=1&query=1&query_place_id=ChIJEQnDC6lZNDERSGShDVn9V5o","Quán mì"
"Cafe Du Miên Bi a","4.7","27","cầu phú thứ","Hà Nội","Thạch Thất, Hà Nội","VN","https://m.facebook.com/profile.php?id=341556879878938","+84 962 399 689","Quán cà phê",,,,,,"https://www.google.com/maps/search/?api=1&query=Cafe%20Du%20Mi%C3%AAn%20Bi%20a&query_place_id=ChIJ-8SysvZZNDER2EhyAErbwKA","Quán cà phê"
"Quán Tea Tròn","5","3","Đ. Thôn 2","Hà Nội","Hạ Bằng, Hà Nội","VN",,"+84 984 524 993","Quán cà phê",,,,,,"https://www.google.com/maps/search/?api=1&query=Qu%C3%A1n%20Tea%20Tr%C3%B2n&query_place_id=ChIJu3lfhL9bNDERji3mV1tQxLQ","Quán cà phê"
"Nhà Hàng Tư Lan 286","4.3","3","2GPW+HH5, ĐT419","Hà Nội","Hạ Bằng, Hà Nội","VN",,"","Quán ăn nhỏ",,,,,,"https://www.google.com/maps/search/?api=1&query=Nh%C3%A0%20H%C3%A0ng%20T%C6%B0%20Lan%20286&query_place_id=ChIJff037wlZNDERKIv-9199RMk","Quán ăn nhỏ"
"Nhà Hàng Hoàng Phúc","5","2","Cạnh Sân Bóng Đại Dương, Số 69 Kim Bông","Hà Nội","Hạ Bằng, Hà Nội","VN",,"+84 961 679 669","Nhà hàng gia đình",,,,,,"https://www.google.com/maps/search/?api=1&query=Nh%C3%A0%20H%C3%A0ng%20Ho%C3%A0ng%20Ph%C3%BAc&query_place_id=ChIJ_aO1UdJbNDERu0Y72a0Ajak","Nhà hàng gia đình"
"Nhà Hàng Bia Thu Hà","5","4","ĐT420","Hà Nội","Hạ Bằng, Hà Nội","VN",,"+84 968 708 851","Quán bia",,,,,,"https://www.google.com/maps/search/?api=1&query=Nh%C3%A0%20H%C3%A0ng%20Bia%20Thu%20H%C3%A0&query_place_id=ChIJ1ZtGeQBbNDERnFZI7s3SQ94","Quán bia"
"Nhà hàng ngựa tây bắc","3.7","3","2GPW+6CG","Hà Nội","Hạ Bằng, Hà Nội","VN",,"","Nhà hàng",,,,,,"https://www.google.com/maps/search/?api=1&query=Nh%C3%A0%20h%C3%A0ng%20ng%E1%BB%B1a%20t%C3%A2y%20b%E1%BA%AFc&query_place_id=ChIJKd3vaQBbNDERpK48Z9d_vCI","Nhà hàng"
"Sun Food - Ăn vặt 24h","5","26","2GFC+8H7","Hà Nội","Hòa Lạc, Hà Nội","VN",,"","Nhà hàng",,,,,,"https://www.google.com/maps/search/?api=1&query=Sun%20Food%20-%20%C4%82n%20v%E1%BA%B7t%2024h&query_place_id=ChIJa0CLQgBbNDERglPO9MrQl9o","Nhà hàng"
"666 BIlliards club Kim Bâu","5","1",,"Hà Nội","Hạ Bằng, Hà Nội","VN",,"+84 987 811 527","Quán bia",,,,,,"https://www.google.com/maps/search/?api=1&query=666%20BIlliards%20club%20Kim%20B%C3%A2u&query_place_id=ChIJ7-ljSYdbNDER9BVbufCjvH4","Quán bia"
"Cổ Đông Quán Trâu","4.5","33","Unnamed","Hà Nội","Đoài Phương, Hà Nội","VN",,"+84 978 461 883","Nhà hàng",,,,,,"https://www.google.com/maps/search/?api=1&query=C%E1%BB%95%20%C4%90%C3%B4ng%20Qu%C3%A1n%20Tr%C3%A2u&query_place_id=ChIJ-b8u2r1ZNDERcmSjgsuhv_Y","Nhà hàng"
"Thiên Nhiên Quán","5","10","Khu đấu giá, ĐT419","Hà Nội","Hạ Bằng, Hà Nội","VN",,"+84 982 888 217","Công ty tư vấn bất động sản","Quán bia",,,,,"https://www.google.com/maps/search/?api=1&query=Thi%C3%AAn%20Nhi%C3%AAn%20Qu%C3%A1n&query_place_id=ChIJG0bOJplRNDERg7udXWM9Cuk","Công ty tư vấn bất động sản"
"Tiệm Nướng Chảo gang","4.8","5",,"Hà Nội","Hạ Bằng, Hà Nội","VN",,"+84 899 992 396","Nhà hàng","Nhà hàng món nướng",,,,,"https://www.google.com/maps/search/?api=1&query=Ti%E1%BB%87m%20N%C6%B0%E1%BB%9Bng%20Ch%E1%BA%A3o%20gang&query_place_id=ChIJD3qAlOJbNDERRZfMRhMETwY","Nhà hàng"
"Nhà Hàng Thập Phương","4.5","15","Số 150 Đồng Trạng","Hà Nội","Đoài Phương, Hà Nội","VN",,"+84 984 945 519","Nhà hàng",,,,,,"https://www.google.com/maps/search/?api=1&query=Nha%CC%80%20Ha%CC%80ng%20Th%C3%A2%CC%A3p%20Ph%C6%B0%C6%A1ng&query_place_id=ChIJaU5Mr2tZNDEROzOQJlTebQM","Nhà hàng"
"Bia Chó Xuân Dưỡng","5","1","2GHW+GF5","Hà Nội","Hạ Bằng, Hà Nội","VN",,"+84 962 533 222","Nhà hàng gia đình",,,,,,"https://www.google.com/maps/search/?api=1&query=Bia%20Ch%C3%B3%20Xu%C3%A2n%20D%C6%B0%E1%BB%A1ng&query_place_id=ChIJ_XO2KABbNDERd9JXHRZW7Mo","Nhà hàng gia đình"
"Quán lòng Hạ Bằng","4.5","13","2H64+9G4, Thôn 7","Hà Nội","Hạ Bằng, Hà Nội","VN",,"+84 342 640 082","Nhà hàng",,,,,,"https://www.google.com/maps/search/?api=1&query=Qu%C3%A1n%20l%C3%B2ng%20H%E1%BA%A1%20B%E1%BA%B1ng&query_place_id=ChIJSxK7JohbNDERx_tngzMUnBY","Nhà hàng"
"Ẩm Thực Đồng Quê","5","12","2H55+CFX","Hà Nội","Hạ Bằng, Hà Nội","VN",,"+84 383 418 699","Nhà hàng gia đình",,,,,,"https://www.google.com/maps/search/?api=1&query=%E1%BA%A8m%20Th%E1%BB%B1c%20%C4%90%E1%BB%93ng%20Qu%C3%AA&query_place_id=ChIJ7xBwXXBbNDERceXz7JzEn-c","Nhà hàng gia đình"
"Bún phở Trang Tý","5","4","2H92+95M, Tân Xã","Hà Nội","Hạ Bằng, Hà Nội","VN",,"+84 963 981 483","Nhà hàng chuyên phục vụ bữa sáng",,,,,,"https://www.google.com/maps/search/?api=1&query=B%C3%BAn%20ph%E1%BB%9F%20Trang%20T%C3%BD&query_place_id=ChIJF6JEHwBbNDER5vp_XbkniP0","Nhà hàng chuyên phục vụ bữa sáng"
"Phở Thúy Mùi 351","4.6","16","2H82+VWG","Hà Nội","Hạ Bằng, Hà Nội","VN",,"+84 388 800 400","Nhà hàng phở",,,,,,"https://www.google.com/maps/search/?api=1&query=Ph%E1%BB%9F%20Th%C3%BAy%20M%C3%B9i%20351&query_place_id=ChIJvTreDApbNDERWhP4eze4qLk","Nhà hàng phở"
"Bún Đậu 1966","4.7","30","2H82+QXP, Unnamed","Hà Nội","Hạ Bằng, Hà Nội","VN",,"+84 969 636 037","Nhà hàng đậu hũ","Nhà hàng",,,,,"https://www.google.com/maps/search/?api=1&query=B%C3%BAn%20%C4%90%E1%BA%ADu%201966&query_place_id=ChIJecNITFtbNDERjvjA_AZcYsQ","Nhà hàng đậu hũ"
"CƠM TẤM 998","4.6","10","Số 18 đường mục uyên công nghệ","Hà Nội","Hạ Bằng, Hà Nội","VN",,"+84 327 072 955","Nhà hàng cơm",,,,,,"https://www.google.com/maps/search/?api=1&query=C%C6%A0M%20T%E1%BA%A4M%20998&query_place_id=ChIJZQACMwBbNDERzG27AglWSIc","Nhà hàng cơm"
"Nhà Hàng Trâu Linh Hương","5","1","2H44+94C, Xóm Bung","Hà Nội","Hạ Bằng, Hà Nội","VN",,"","Nhà hàng gia đình",,,,,,"https://www.google.com/maps/search/?api=1&query=Nh%C3%A0%20H%C3%A0ng%20Tr%C3%A2u%20Linh%20H%C6%B0%C6%A1ng&query_place_id=ChIJVQQONABbNDER5zMqJhovLUc","Nhà hàng gia đình"
"Heemang Chicken Tân Xã","4.4","15","Ngã Tư Mục Uyên","Hà Nội","Hạ Bằng, Hà Nội","VN",,"+84 858 211 368","Nhà hàng Hàn Quốc","Quán gà rán mang đi",,,,,"https://www.google.com/maps/search/?api=1&query=Heemang%20Chicken%20T%C3%A2n%20X%C3%A3&query_place_id=ChIJFwmFHgBbNDERDN0v2ofB0zI","Nhà hàng Hàn Quốc"
"Quán Gạo98","5","2","2H92+935","Hà Nội","Hạ Bằng, Hà Nội","VN",,"","Nhà hàng chuyên phục vụ bữa nửa buổi",,,,,,"https://www.google.com/maps/search/?api=1&query=Qu%C3%A1n%20G%E1%BA%A1o98&query_place_id=ChIJy_SmQABbNDERbdts-lDomeI","Nhà hàng chuyên phục vụ bữa nửa buổi"
"Lẩu chó Vinh Bính","4.4","12",,"Hà Nội","Thạch Thất, Hà Nội","VN",,"+84 363 769 711","Nhà hàng gia đình","Cửa hàng bán đồ ăn nấu sẵn",,,,,"https://www.google.com/maps/search/?api=1&query=L%E1%BA%A9u%20ch%C3%B3%20Vinh%20B%C3%ADnh&query_place_id=ChIJozWt2klaNDER-irKieKTcKo","Nhà hàng gia đình"
"Bún Đậu Đồng Mô 3","4.1","15","Cơ Sở 3","Hà Nội","Hạ Bằng, Hà Nội","VN","http://bundaudongmo.com/","+84 969 186 155","Nhà hàng Việt Nam",,,,,,"https://www.google.com/maps/search/?api=1&query=B%C3%BAn%20%C4%90%E1%BA%ADu%20%C4%90%E1%BB%93ng%20M%C3%B4%203&query_place_id=ChIJA9QdMxpbNDER7gpk1pra184","Nhà hàng Việt Nam"
"Cơm Tấm Chính Lan 1998","4.4","9","Mặt hồ, đường vành đai công nghệ Hạ Bằng","Hà Nội","Hòa Lạc, Hà Nội","VN",,"+84 368 466 998","Nhà hàng cơm","Nhà hàng",,,,,"https://www.google.com/maps/search/?api=1&query=C%C6%A1m%20T%E1%BA%A5m%20Ch%C3%ADnh%20Lan%201998&query_place_id=ChIJl2GoEABbNDERqTn0g-WOiBE","Nhà hàng cơm"
"Phở Khô Gia Lai",,,"2H92+95M, Tân Xã","Hà Nội","Hạ Bằng, Hà Nội","VN",,"","Nhà hàng Việt Nam",,,,,,"https://www.google.com/maps/search/?api=1&query=Ph%E1%BB%9F%20Kh%C3%B4%20Gia%20Lai&query_place_id=ChIJ54t8fgBbNDER8F6bIpbetlI","Nhà hàng Việt Nam"
"Bay Cafe & Restaurant Dê Núi- Cơm Niêu","4.8","167","QL21","Hà Nội","Yên Xuân, Hà Nội","VN",,"+84 866 889 199","Nhà hàng","Quán cà phê",,,,,"https://www.google.com/maps/search/?api=1&query=Bay%20Cafe%20%26%20Restaurant%20D%C3%AA%20N%C3%BAi-%20C%C6%A1m%20Ni%C3%AAu&query_place_id=ChIJrYN5DQBbNDERsY8cb9cKSJs","Nhà hàng"
"Nhà Hàng Hưng Gia","4.7","9","XGMG+Q8Q, QL21","Hà Nội","Yên Xuân, Hà Nội","VN",,"+84 904 900 385","Nhà hàng",,,,,,"https://www.google.com/maps/search/?api=1&query=Nh%C3%A0%20H%C3%A0ng%20H%C6%B0ng%20Gia&query_place_id=ChIJhY2b85yrNTERmxgNmeJY9S4","Nhà hàng"
"Hương Việt Quán Hoà Lạc","4.1","199","276 Cụm 1","Hà Nội","Hòa Lạc, Hà Nội","VN","https://www.facebook.com/huongvietquanhoalac","+84 944 665 588","Nhà hàng",,,,,,"https://www.google.com/maps/search/?api=1&query=H%C6%B0%C6%A1ng%20Vi%E1%BB%87t%20Qu%C3%A1n%20Ho%C3%A0%20L%E1%BA%A1c&query_place_id=ChIJpYedXFtbNDER2zyVw2UmvdU","Nhà hàng"
"Nhà Hàng Hồ Câu Đỗ Hiệp","4","67","2G59+3QF, QL21A","Hà Nội","Hòa Lạc, Hà Nội","VN",,"+84 967 430 066","Nhà hàng món cá",,,,,,"https://www.google.com/maps/search/?api=1&query=Nh%C3%A0%20H%C3%A0ng%20H%E1%BB%93%20C%C3%A2u%20%C4%90%E1%BB%97%20Hi%E1%BB%87p&query_place_id=ChIJZ2rtVXFFNDERDanPMQAVbkk","Nhà hàng món cá"
"Nhà Hàng Thanh Dũng","3.9","31","XGXC+PRR, QL21A","Hà Nội","Hòa Lạc, Hà Nội","VN",,"+84 24 3368 5342","Nhà hàng",,,,,,"https://www.google.com/maps/search/?api=1&query=Nh%C3%A0%20H%C3%A0ng%20Thanh%20D%C5%A9ng&query_place_id=ChIJB9Zdm5dbNDERumxr6yV-RUM","Nhà hàng"
"Mật BBQ","5","5","327, thôn mục uyên/1 Tân Xã","Hà Nội","Thạch Thất, Hà Nội","VN",,"+84 337 383 958","Nhà hàng",,,,,,"https://www.google.com/maps/search/?api=1&query=M%E1%BA%ADt%20BBQ&query_place_id=ChIJeZD2gdlbNDERqxLqb7WvhmE","Nhà hàng"
"Ốc Khoái","5","4",,"Hà Nội","Hạ Bằng, Hà Nội","VN","https://www.facebook.com/profile.php?id=61577625516200","+84 384 279 696","Nhà hàng gia đình",,,,,,"https://www.google.com/maps/search/?api=1&query=%E1%BB%90c%20Kho%C3%A1i&query_place_id=ChIJ1QbYYgBbNDER7L3uZ311xNE","Nhà hàng gia đình"
"Phê đây","4.9","16","2H82+XQC, 108 Tân Xã","Hà Nội","Hạ Bằng, Hà Nội","VN",,"+84 983 021 001","Quán cà phê",,,,,,"https://www.google.com/maps/search/?api=1&query=Ph%C3%AA%20%C4%91%C3%A2y&query_place_id=ChIJKUzecgBbNDERvysep4ntmio","Quán cà phê"
"Nhà Chung cafe","4.8","85","Ngã 4 Mục Uyên","Hà Nội","Hạ Bằng, Hà Nội","VN",,"+84 867 789 198","Quán cà phê",,,,,,"https://www.google.com/maps/search/?api=1&query=Nh%C3%A0%20Chung%20cafe&query_place_id=ChIJiTDv0slbNDERshz2T81XdFs","Quán cà phê"
"Tiệm Nhà Thương","4.8","12","2H64+7FH","Hà Nội","Hạ Bằng, Hà Nội","VN",,"+84 369 796 637","Quán cà phê",,,,,,"https://www.google.com/maps/search/?api=1&query=Ti%E1%BB%87m%20Nh%C3%A0%20Th%C6%B0%C6%A1ng&query_place_id=ChIJ7fOQNvZbNDERXBREa5JXDbo","Quán cà phê"
"Canh Ơi","5","4","115 hồ Tân Xã- xã","Hà Nội","Hạ Bằng, Hà Nội","VN",,"+84 975 976 361","Nhà hàng",,,,,,"https://www.google.com/maps/search/?api=1&query=Canh%20%C6%A0i&query_place_id=ChIJq6BeDABbNDERcmy7a-SRjCY","Nhà hàng"
"Mây Coffee","4.4","43","2G9X+HM8, Đường Bờ Hồ","Hà Nội","Hạ Bằng, Hà Nội","VN","https://www.facebook.com/profile.php?id=100092040984540&mibextid=ZbWKwL","+84 347 730 631","Quán cà phê",,,,,,"https://www.google.com/maps/search/?api=1&query=M%C3%A2y%20Coffee&query_place_id=ChIJ247QHL1bNDERrf5PRUbvitg","Quán cà phê"
"Nhà Chung Cafe 2","4.9","28","Ngõ 52 Tân Xã","Hà Nội","Hạ Bằng, Hà Nội","VN",,"+84 867 571 098","Quán cà phê",,,,,,"https://www.google.com/maps/search/?api=1&query=Nh%C3%A0%20Chung%20Cafe%202&query_place_id=ChIJJ2hiRwBbNDERk4M-9irleAw","Quán cà phê"
"Bếp Văn Béo","5","2","2G9X+MR2","Hà Nội","Hạ Bằng, Hà Nội","VN",,"","Nhà hàng",,,,,,"https://www.google.com/maps/search/?api=1&query=B%E1%BA%BFp%20V%C4%83n%20B%C3%A9o&query_place_id=ChIJw4aJzS5bNDER3s02ZRHt5gw","Nhà hàng"
"Hanashi","4.5","148","59 đường vành đai Công Nghệ Cao","Hà Nội","Hạ Bằng, Hà Nội","VN",,"+84 856 574 444","Quán cà phê",,,,,,"https://www.google.com/maps/search/?api=1&query=Hanashi&query_place_id=ChIJgVpkxQdRNDERNOcrIj2xxqw","Quán cà phê"
"Nguyễn Nhung Cafe","4.7","7","2G9X+9GQ","Hà Nội","Hạ Bằng, Hà Nội","VN",,"","Quán cà phê",,,,,,"https://www.google.com/maps/search/?api=1&query=Nguy%E1%BB%85n%20Nhung%20Cafe&query_place_id=ChIJKcf3RAhbNDERUG2UnnSBnSw","Quán cà phê"
"Nướng Ven Hồ Hà Quý","4.4","28","2G9X+382","Hà Nội","Hạ Bằng, Hà Nội","VN",,"+84 944 931 919","Nhà hàng món nướng",,,,,,"https://www.google.com/maps/search/?api=1&query=N%C6%B0%E1%BB%9Bng%20Ven%20H%E1%BB%93%20H%C3%A0%20Qu%C3%BD&query_place_id=ChIJfTORIu9bNDER2IlSPvO-11g","Nhà hàng món nướng"
"Quán Cường Béo","4.8","4","2G8X+J5H","Hà Nội","Hạ Bằng, Hà Nội","VN",,"+84 373 802 758","Quán ăn nhỏ",,,,,,"https://www.google.com/maps/search/?api=1&query=Qu%C3%A1n%20C%C6%B0%E1%BB%9Dng%20B%C3%A9o&query_place_id=ChIJZX9qKKJbNDERq-tJZdFy_2c","Quán ăn nhỏ"
"Thanh Khải Quán","5","1","2H64+W25","Hà Nội","Hạ Bằng, Hà Nội","VN",,"+84 973 165 909","Nhà hàng",,,,,,"https://www.google.com/maps/search/?api=1&query=Thanh%20Kh%E1%BA%A3i%20Qu%C3%A1n&query_place_id=ChIJBbKjylZbNDERBOZ-e80XBkg","Nhà hàng"
"Young Food&Drink","4.5","27","Số 68 đường Muc Uyên - Công Nghệ","Hà Nội","Hạ Bằng, Hà Nội","VN",,"+84 335 990 484","Quán cà phê",,,,,,"https://www.google.com/maps/search/?api=1&query=Young%20Food%26Drink&query_place_id=ChIJ7bIg7_xbNDER0JiAJVkhpt0","Quán cà phê"
"Nhà Hàng G7","4.7","7","Ngõ 115 Đường Khoang","Hà Nội","Hạ Bằng, Hà Nội","VN",,"+84 976 778 919","Nhà hàng",,,,,,"https://www.google.com/maps/search/?api=1&query=Nh%C3%A0%20H%C3%A0ng%20G7&query_place_id=ChIJpYC0kdxbNDER9vMie5XH2aA","Nhà hàng"
"Gà mạnh hoạch Mai Ngọc","5","3","2G9X+FJ9","Hà Nội","Hạ Bằng, Hà Nội","VN",,"+84 986 336 062","Nhà hàng gia đình",,,,,,"https://www.google.com/maps/search/?api=1&query=G%C3%A0%20m%E1%BA%A1nh%20ho%E1%BA%A1ch%20Mai%20Ng%E1%BB%8Dc&query_place_id=ChIJjVinAwBbNDERq3W9RX8eSu0","Nhà hàng gia đình"
"Nhà Hàng Xuân Thủy","4.1","10","2HC4+335","Hà Nội","Hạ Bằng, Hà Nội","VN",,"+84 976 710 418","Nhà hàng",,,,,,"https://www.google.com/maps/search/?api=1&query=Nh%C3%A0%20H%C3%A0ng%20Xu%C3%A2n%20Th%E1%BB%A7y&query_place_id=ChIJ-Xr7WwBbNDERohYovvVkMFA","Nhà hàng"
"Pikachu Cafe Bbq","5","3","2H83+P63","Hà Nội","Hạ Bằng, Hà Nội","VN",,"","Nhà hàng",,,,,,"https://www.google.com/maps/search/?api=1&query=Pikachu%20Cafe%20Bbq&query_place_id=ChIJV78PRgBbNDERvAePtMRjuBI","Nhà hàng"
"Ngọt Coffee","4.8","41","Số 69 Đường Mục","Hà Nội","Hạ Bằng, Hà Nội","VN","https://www.facebook.com/share/1EsDjK6L7B/?mibextid=wwXIfr","+84 328 833 158","Quán cà phê",,,,,,"https://www.google.com/maps/search/?api=1&query=Ng%E1%BB%8Dt%20Coffee&query_place_id=ChIJ70rKbwBbNDER781j3wwZUZE","Quán cà phê"
"Chihiro - Drink & Food","4.3","76",,"Hà Nội","Hạ Bằng, Hà Nội","VN",,"+84 971 958 185","Nhà hàng Hàn Quốc",,,,,,"https://www.google.com/maps/search/?api=1&query=Chihiro%20-%20Drink%20%26%20Food&query_place_id=ChIJk5Kqa_RbNDERuXPQu4wdXGw","Nhà hàng Hàn Quốc"
"Quán ăn đêm N-1992","5","1","2H44+CGV","Hà Nội","Hạ Bằng, Hà Nội","VN",,"+84 983 180 222","Quán ăn nhỏ",,,,,,"https://www.google.com/maps/search/?api=1&query=Qu%C3%A1n%20%C4%83n%20%C4%91%C3%AAm%20N-1992&query_place_id=ChIJXV0yCABbNDERZNvbywoyXJI","Quán ăn nhỏ"
"Ba Duẩn Quán","5","2","2H43+XCX","Hà Nội","Hạ Bằng, Hà Nội","VN",,"","Nhà hàng",,,,,,"https://www.google.com/maps/search/?api=1&query=Ba%20Du%E1%BA%A9n%20Qu%C3%A1n&query_place_id=ChIJq0kzmMtbNDERuZRBDUE7rjs","Nhà hàng"
"Ăn đêm tình béo",,,,"Hà Nội","Hạ Bằng, Hà Nội","VN",,"+84 942 366 333","Nhà hàng",,,,,,"https://www.google.com/maps/search/?api=1&query=%C4%82n%20%C4%91%C3%AAm%20t%C3%ACnh%20b%C3%A9o&query_place_id=ChIJJR92GQBbNDERNMV27_h1qgg","Nhà hàng"
"Hẻm Cafe","4.5","10","Ngõ 69 Đường Tân Xã","Hà Nội","Hạ Bằng, Hà Nội","VN",,"","Quán cà phê",,,,,,"https://www.google.com/maps/search/?api=1&query=H%E1%BA%BBm%20Cafe&query_place_id=ChIJo5PdOABbNDERHaVyZ3AeGzw","Quán cà phê"
"Nhà Hàng Phương Đông","4","4","98 thôn Mục","Hà Nội","Hạ Bằng, Hà Nội","VN",,"+84 925 001 355","Nhà hàng",,,,,,"https://www.google.com/maps/search/?api=1&query=Nh%C3%A0%20H%C3%A0ng%20Ph%C6%B0%C6%A1ng%20%C4%90%C3%B4ng&query_place_id=ChIJE_DCbgBbNDERJdQ2o0-yFE8","Nhà hàng"
"Chạm Coffee","4.8","5","2G9X+FVV","Hà Nội","Hạ Bằng, Hà Nội","VN",,"+84 966 481 505","Quán cà phê",,,,,,"https://www.google.com/maps/search/?api=1&query=Ch%E1%BA%A1m%20Coffee&query_place_id=ChIJWxHKYABbNDERJqn8EmClmoY","Quán cà phê"
"Bảo Trâm Quán","5","1","2G9X+4CM","Hà Nội","Hạ Bằng, Hà Nội","VN",,"","Nhà hàng",,,,,,"https://www.google.com/maps/search/?api=1&query=B%E1%BA%A3o%20Tr%C3%A2m%20Qu%C3%A1n&query_place_id=ChIJXdp_LQBbNDER7w5MpSZAz2M","Nhà hàng"
"Nếp - Trà Và Cà Phê Pha Máy","4.8","111","53 Đường Vành Đai Công Nghệ","Hà Nội","Hạ Bằng, Hà Nội","VN","http://nepvanhoa.vn/","+84 822 446 936","Quán cà phê",,,,,,"https://www.google.com/maps/search/?api=1&query=N%E1%BA%BFp%20-%20Tr%C3%A0%20V%C3%A0%20C%C3%A0%20Ph%C3%AA%20Pha%20M%C3%A1y&query_place_id=ChIJqWASayRRNDERbwzYXdfrsfE","Quán cà phê"
"Nhà Hàng Hương Thịnh","4.3","13","2H48+Q2C","Hà Nội","Hạ Bằng, Hà Nội","VN",,"+84 928 681 992","Nhà hàng",,,,,,"https://www.google.com/maps/search/?api=1&query=Nh%C3%A0%20H%C3%A0ng%20H%C6%B0%C6%A1ng%20Th%E1%BB%8Bnh&query_place_id=ChIJL65-BQVbNDERP27tefgocNI","Nhà hàng"
"Helios Club","5","1","2H92+Q25","Hà Nội","Hạ Bằng, Hà Nội","VN",,"+84 389 555 158","Quán cà phê",,,,,,"https://www.google.com/maps/search/?api=1&query=Helios%20Club&query_place_id=ChIJHUbfIbRbNDERp2YbYCgyw2o","Quán cà phê"
"LT","5","3","47 đường Mục Uyên, thôn Mục Uyên 1","Hà Nội","Hạ Bằng, Hà Nội","VN",,"+84 346 386 066","Quán cà phê",,,,,,"https://www.google.com/maps/search/?api=1&query=LT&query_place_id=ChIJ0RpCuOlbNDERE8qr_y078r8","Quán cà phê"
"Liên tỷ tỷ coffee","4.7","3","2G9X+489","Hà Nội","Hạ Bằng, Hà Nội","VN",,"","Quán cà phê",,,,,,"https://www.google.com/maps/search/?api=1&query=Li%C3%AAn%20t%E1%BB%B7%20t%E1%BB%B7%20coffee&query_place_id=ChIJ9QdUJgBbNDEREb2ODRlLGmI","Quán cà phê"
"Tiệm của Mẹ","5","3","2H93+H34 Mục Uyên 1","Hà Nội","Hạ Bằng, Hà Nội","VN",,"+84 385 709 535","Quán cà phê",,,,,,"https://www.google.com/maps/search/?api=1&query=Ti%E1%BB%87m%20c%E1%BB%A7a%20M%E1%BA%B9&query_place_id=ChIJBacgVwBbNDERbFmjp417Mm4","Quán cà phê"
"Quán Vịt Vân Hiền","4.4","12","2H92+XG4","Hà Nội","Hạ Bằng, Hà Nội","VN",,"+84 374 304 531","Nhà hàng",,,,,,"https://www.google.com/maps/search/?api=1&query=Qu%C3%A1n%20V%E1%BB%8Bt%20V%C3%A2n%20Hi%E1%BB%81n&query_place_id=ChIJxaIua8dbNDERMDnc0aXEcg8","Nhà hàng"
"Gà Rán Bonkon 03","4.5","17","88 Mục Uyên 1","Hà Nội","Hạ Bằng, Hà Nội","VN",,"+84 916 991 999","Quán gà rán mang đi",,,,,,"https://www.google.com/maps/search/?api=1&query=G%C3%A0%20R%C3%A1n%20Bonkon%2003&query_place_id=ChIJfy1yj_pbNDERUMJyG0tycbA","Quán gà rán mang đi"
"Bia Hơi Gió Công Nghệ",,,"2H53+8C7","Hà Nội","Thạch Thất, Hà Nội","VN",,"","Nhà hàng",,,,,,"https://www.google.com/maps/search/?api=1&query=Bia%20H%C6%A1i%20Gi%C3%B3%20C%C3%B4ng%20Ngh%E1%BB%87&query_place_id=ChIJw6BtUgBbNDERnOXwWDEuvOQ","Nhà hàng"
"Quán Bia Cường Xoăn",,,"2H44+FCP","Hà Nội","Hạ Bằng, Hà Nội","VN",,"+84 985 623 953","Nhà hàng",,,,,,"https://www.google.com/maps/search/?api=1&query=Qu%C3%A1n%20Bia%20C%C6%B0%E1%BB%9Dng%20Xo%C4%83n&query_place_id=ChIJN7DCKwBbNDERt0oO028HBlQ","Nhà hàng"
"Bún Bò Huế Ngô Thủy","4.5","4","2H92+Q25","Hà Nội","Hạ Bằng, Hà Nội","VN",,"+84 987 524 901","Quán mì",,,,,,"https://www.google.com/maps/search/?api=1&query=B%C3%BAn%20B%C3%B2%20Hu%E1%BA%BF%20Ng%C3%B4%20Th%E1%BB%A7y&query_place_id=ChIJfY1vYwBbNDER_WxWUoCfu6U","Quán mì"
"Bún Phở Hường Béo","4.2","10",,"Hà Nội","Hạ Bằng, Hà Nội","VN",,"+84 967 904 527","Nhà hàng",,,,,,"https://www.google.com/maps/search/?api=1&query=B%C3%BAn%20Ph%E1%BB%9F%20H%C6%B0%E1%BB%9Dng%20B%C3%A9o&query_place_id=ChIJPbrazNJbNDERK9-UUdGFFB0","Nhà hàng"
"Gà Rán Five Star Tân Xã","4.1","24","Số 5 Đường Mục Uyên","Hà Nội","Hạ Bằng, Hà Nội","VN",,"+84 973 351 263","Quán gà rán mang đi","Nhà hàng món gà rán đập","Trà trân châu","Nhà hàng phục vụ món ăn với nước xốt đun","Nhà hàng phục vụ phần ăn nhỏ",,"https://www.google.com/maps/search/?api=1&query=G%C3%A0%20R%C3%A1n%20Five%20Star%20T%C3%A2n%20X%C3%A3&query_place_id=ChIJux3JsslbNDERMDT_j9os_ZU","Quán gà rán mang đi"
"Buk Bbq & Hotpot","3.3","34",,"Hà Nội","Hạ Bằng, Hà Nội","VN",,"+84 961 961 851","Nhà hàng",,,,,,"https://www.google.com/maps/search/?api=1&query=Buk%20Bbq%20%26%20Hotpot&query_place_id=ChIJC5hAhppbNDERMKynnnJP2M8","Nhà hàng"
"Quán Chú Béo","3.8","13","2H92+RH5","Hà Nội","Hạ Bằng, Hà Nội","VN",,"","Quán ăn nhỏ",,,,,,"https://www.google.com/maps/search/?api=1&query=Qu%C3%A1n%20Ch%C3%BA%20B%C3%A9o&query_place_id=ChIJKbXhxpZbNDERah6WMjXNsGc","Quán ăn nhỏ"
"Giang Hay Quán","3.7","3","2G9X+HM5, Đường Bờ Hồ","Hà Nội","Hạ Bằng, Hà Nội","VN",,"","Quán ăn nhỏ",,,,,,"https://www.google.com/maps/search/?api=1&query=Giang%20Hay%20Qu%C3%A1n&query_place_id=ChIJaSqfFABbNDERGn5Ak91PkIE","Quán ăn nhỏ"
"Quán Cây Sung","3.8","38","2H56+C8G","Hà Nội","Hạ Bằng, Hà Nội","VN",,"","Nhà hàng",,,,,,"https://www.google.com/maps/search/?api=1&query=Qu%C3%A1n%20C%C3%A2y%20Sung&query_place_id=ChIJibwgHhZbNDERJ4qil0Zfeoo","Nhà hàng"
"Quán Lợi Vịt","3.3","3","2H92+8WQ, Unnamed Road","Hà Nội","Hạ Bằng, Hà Nội","VN",,"","Quán ăn nhỏ",,,,,,"https://www.google.com/maps/search/?api=1&query=Qu%C3%A1n%20L%E1%BB%A3i%20V%E1%BB%8Bt&query_place_id=ChIJY4GjU4RbNDERW4HOV3-swpU","Quán ăn nhỏ"
"Nhà hàng ven sông",,,"2H8F+H2H","Hà Nội","Hạ Bằng, Hà Nội","VN",,"","Nhà hàng",,,,,,"https://www.google.com/maps/search/?api=1&query=Nh%C3%A0%20h%C3%A0ng%20ven%20s%C3%B4ng&query_place_id=ChIJbZTkXwBbNDERYJzw9J2c1Fk","Nhà hàng"
"Chè Góc Nhỏ Quán",,,"2HC2+V3W","Hà Nội","Hạ Bằng, Hà Nội","VN",,"","Nhà hàng món chè bánh lọt",,,,,,"https://www.google.com/maps/search/?api=1&query=Ch%C3%A8%20G%C3%B3c%20Nh%E1%BB%8F%20Qu%C3%A1n&query_place_id=ChIJD0S6RwBbNDER7gPp5AicyQk","Nhà hàng món chè bánh lọt"
"Quán Lẩu Quang Ích 68","3.3","10","2H64+P56","Hà Nội","Hạ Bằng, Hà Nội","VN",,"","Nhà hàng",,,,,,"https://www.google.com/maps/search/?api=1&query=Qu%C3%A1n%20L%E1%BA%A9u%20Quang%20%C3%8Dch%2068&query_place_id=ChIJu2ValuRbNDERtGfR_ORxAD8","Nhà hàng"
"Quán Tâm Loan Gà Chó Chim","3.5","2","2H97+WHQ, thôn1","Hà Nội","Hạ Bằng, Hà Nội","VN",,"+84 397 569 427","Quán ăn nhỏ",,,,,,"https://www.google.com/maps/search/?api=1&query=Qu%C3%A1n%20T%C3%A2m%20Loan%20G%C3%A0%20Ch%C3%B3%20Chim&query_place_id=ChIJmQoodedbNDERhBQo9RhYbDI","Quán ăn nhỏ"
"Quán Thu Hà","1","2","2G9X+49J, Bờ Hồ","Hà Nội","Hạ Bằng, Hà Nội","VN",,"","Nhà hàng",,,,,,"https://www.google.com/maps/search/?api=1&query=Qu%C3%A1n%20Thu%20H%C3%A0&query_place_id=ChIJ--rYSABbNDER8vgT99R2QnM","Nhà hàng"
"Bia Thành Quán","1","1","2G9X+28P","Hà Nội","Hạ Bằng, Hà Nội","VN",,"","Nhà hàng",,,,,,"https://www.google.com/maps/search/?api=1&query=Bia%20Th%C3%A0nh%20Qu%C3%A1n&query_place_id=ChIJVY8hDgBbNDERS_inf8jwqqw","Nhà hàng"
"Bia Hơi Hà Nội Trường Nhộng",,,,"Hà Nội","Hạ Bằng, Hà Nội","VN",,"","Nhà hàng",,,,,,"https://www.google.com/maps/search/?api=1&query=Bia%20H%C6%A1i%20H%C3%A0%20N%E1%BB%99i%20Tr%C6%B0%E1%BB%9Dng%20Nh%E1%BB%99ng&query_place_id=ChIJH25i4TNaNDERE9HGNNCKDIY","Nhà hàng"
"Ốc Mai Yến",,,"Đập chăn quán, hồ tân xã","Hà Nội","Hạ Bằng, Hà Nội","VN",,"","Quán ăn nhẹ",,,,,,"https://www.google.com/maps/search/?api=1&query=%E1%BB%90c%20Mai%20Y%E1%BA%BFn&query_place_id=ChIJwXdqKC5bNDERL1E6-Ma43II","Quán ăn nhẹ"
"Quán Trâu Ngon",,,"Khu Công Nghệ Cao Hòa Lạc","Hà Nội","Hạ Bằng, Hà Nội","VN",,"+84 337 590 733","Nhà hàng",,,,,,"https://www.google.com/maps/search/?api=1&query=Qu%C3%A1n%20Tr%C3%A2u%20Ngon&query_place_id=ChIJ--_gKURbNDERs_XqGbLzswI","Nhà hàng"
"Sữa Chua Cô Hấu Hạ Long","5","1","Số 57 Thôn Mục","Hà Nội","Hạ Bằng, Hà Nội","VN",,"+84 979 286 790","Cửa hàng kem",,,,,,"https://www.google.com/maps/search/?api=1&query=S%E1%BB%AFa%20Chua%20C%C3%B4%20H%E1%BA%A5u%20H%E1%BA%A1%20Long&query_place_id=ChIJTaBMiohbNDERuMbl9gdi7r0","Cửa hàng kem"
"Bánh Mỳ Thu Thủy","2.7","3","2G8X+J5H","Hà Nội","Hạ Bằng, Hà Nội","VN",,"","Cửa hàng sandwich",,,,,,"https://www.google.com/maps/search/?api=1&query=B%C3%A1nh%20M%E1%BB%B3%20Thu%20Th%E1%BB%A7y&query_place_id=ChIJQzfzbQBbNDERgbrfrRN2lts","Cửa hàng sandwich"
"Lộc Vừng Quán",,,,"Hà Nội","Hạ Bằng, Hà Nội","VN",,"","Nhà hàng gia đình",,,,,,"https://www.google.com/maps/search/?api=1&query=L%E1%BB%99c%20V%E1%BB%ABng%20Qu%C3%A1n&query_place_id=ChIJM1rdbABbNDERV45hc7gnXLI","Nhà hàng gia đình"
"Diệu Linh Vịt Quán",,,"2H44+HFW","Hà Nội","Hạ Bằng, Hà Nội","VN",,"","Nhà hàng",,,,,,"https://www.google.com/maps/search/?api=1&query=Di%E1%BB%87u%20Linh%20V%E1%BB%8Bt%20Qu%C3%A1n&query_place_id=ChIJAW1WdABbNDERL7iGQQA0oZ4","Nhà hàng"
"Bánh Mỳ Hồng Cổ Ốc",,,"2G9X+4CM","Hà Nội","Hạ Bằng, Hà Nội","VN",,"","Gian hàng rong",,,,,,"https://www.google.com/maps/search/?api=1&query=B%C3%A1nh%20M%E1%BB%B3%20H%E1%BB%93ng%20C%E1%BB%95%20%E1%BB%90c&query_place_id=ChIJAyKebABbNDERR-_UPFyLtd4","Gian hàng rong"
"Quán Bia Lẩu 68",,,"2H64+G54","Hà Nội","Hạ Bằng, Hà Nội","VN",,"","Nhà hàng",,,,,,"https://www.google.com/maps/search/?api=1&query=Qu%C3%A1n%20Bia%20L%E1%BA%A9u%2068&query_place_id=ChIJUcncSgBbNDERITHoiAwhWqI","Nhà hàng"
"Quán Chè Thanh Chuyền","3","1","2H43+JX8","Hà Nội","Hạ Bằng, Hà Nội","VN",,"+84 396 493 115","Nhà hàng ăn nhanh",,,,,,"https://www.google.com/maps/search/?api=1&query=Qu%C3%A1n%20Ch%C3%A8%20Thanh%20Chuy%E1%BB%81n&query_place_id=ChIJwWFKMABbNDER4ECaSQ9Szw0","Nhà hàng ăn nhanh"
"Bánh Mỳ Pate Ốc",,,"2G9X+382","Hà Nội","Hạ Bằng, Hà Nội","VN",,"","Cửa hàng sandwich",,,,,,"https://www.google.com/maps/search/?api=1&query=B%C3%A1nh%20M%E1%BB%B3%20Pate%20%E1%BB%90c&query_place_id=ChIJrUdmEQBbNDERTFyQtZtFvkU","Cửa hàng sandwich"
"Gà Vịt Nướng Đức Phước",,,"2H92+F8M","Hà Nội","Hạ Bằng, Hà Nội","VN",,"+84 357 471 781","Gian hàng rong",,,,,,"https://www.google.com/maps/search/?api=1&query=G%C3%A0%20V%E1%BB%8Bt%20N%C6%B0%E1%BB%9Bng%20%C4%90%E1%BB%A9c%20Ph%C6%B0%E1%BB%9Bc&query_place_id=ChIJoy-ObgBbNDERolb4JUW4frs","Gian hàng rong"
"Nhà Hàng Tuấn Hưng",,,"2H48+Q2C","Hà Nội","Hạ Bằng, Hà Nội","VN",,"","Nhà hàng",,,,,,"https://www.google.com/maps/search/?api=1&query=Nh%C3%A0%20H%C3%A0ng%20Tu%E1%BA%A5n%20H%C6%B0ng&query_place_id=ChIJFzIOAABbNDERDLGVBRqlemI","Nhà hàng"
"Quán Cháo Đêm Hạ Bằng",,,"2H44+QHX","Hà Nội","Hạ Bằng, Hà Nội","VN",,"","Quán ăn nhỏ",,,,,,"https://www.google.com/maps/search/?api=1&query=Qu%C3%A1n%20Ch%C3%A1o%20%C4%90%C3%AAm%20H%E1%BA%A1%20B%E1%BA%B1ng&query_place_id=ChIJW-hzGgBbNDERe51b4jvqvWk","Quán ăn nhỏ"
"Mộc Coffee & Tea","2.8","11",,"Hà Nội","Hạ Bằng, Hà Nội","VN",,"+84 984 851 451","Quán cà phê",,,,,,"https://www.google.com/maps/search/?api=1&query=M%E1%BB%99c%20Coffee%20%26%20Tea&query_place_id=ChIJU3mZ5zlbNDERzpGMWg5zcgo","Quán cà phê"
"Quán nước Hương Quê",,,"2G8X+J5H","Hà Nội","Hạ Bằng, Hà Nội","VN",,"","Quán cà phê",,,,,,"https://www.google.com/maps/search/?api=1&query=Qu%C3%A1n%20n%C6%B0%E1%BB%9Bc%20H%C6%B0%C6%A1ng%20Qu%C3%AA&query_place_id=ChIJy53mA1hbNDERzP6LS1t83RI","Quán cà phê"
"Nhà Hàng Gà Hà Đạo","4.2","99","Đồng Trạng","Hà Nội","Hòa Lạc, Hà Nội","VN",,"+84 329 909 391","Nhà hàng thịt gà",,,,,,"https://www.google.com/maps/search/?api=1&query=Nh%C3%A0%20H%C3%A0ng%20G%C3%A0%20H%C3%A0%20%C4%90%E1%BA%A1o&query_place_id=ChIJbXvJ3_hbNDERkTfN17KHvAs","Nhà hàng thịt gà"
"Nhà Hàng An Phát","4.7","3","567 QL21A","Hà Nội","Đoài Phương, Hà Nội","VN",,"+84 523 518 888","Nhà hàng món nướng",,,,,,"https://www.google.com/maps/search/?api=1&query=Nh%C3%A0%20H%C3%A0ng%20An%20Ph%C3%A1t&query_place_id=ChIJ81ZOOgBZNDERwnCyuZpb9GI","Nhà hàng món nướng"
"Canh Cá rô Dung Thuận","4.6","47","2GR6+5H","Hà Nội","Đoài Phương, Hà Nội","VN",,"+84 985 229 876","Quán mì",,,,,,"https://www.google.com/maps/search/?api=1&query=Canh%20C%C3%A1%20r%C3%B4%20Dung%20Thu%E1%BA%ADn&query_place_id=ChIJOQy8BINZNDERRlspIBuMkPU","Quán mì"
"Nhà Hàng Vịt Tiến Hưng","4.8","6","Gần, Asean Resort","Hà Nội","Hòa Lạc, Hà Nội","VN",,"+84 976 265 742","Nhà hàng",,,,,,"https://www.google.com/maps/search/?api=1&query=Nh%C3%A0%20H%C3%A0ng%20V%E1%BB%8Bt%20Ti%E1%BA%BFn%20H%C6%B0ng&query_place_id=ChIJ81lYWABbNDERtlgh_-eNwWg","Nhà hàng"
"Nhà Hàng Trường Sa ( Phở Lý Quốc Sư, Cơm Xe Tải, Lẩu các loại )","4.7","3","Thôn Đoàn Kết","Hà Nội","Hòa Lạc, Hà Nội","VN",,"","Nhà hàng món lẩu",,,,,,"https://www.google.com/maps/search/?api=1&query=Nh%C3%A0%20H%C3%A0ng%20Tr%C6%B0%E1%BB%9Dng%20Sa%20(%20Ph%E1%BB%9F%20L%C3%BD%20Qu%E1%BB%91c%20S%C6%B0%2C%20C%C6%A1m%20Xe%20T%E1%BA%A3i%2C%20L%E1%BA%A9u%20c%C3%A1c%20lo%E1%BA%A1i%20)&query_place_id=ChIJP-DqBQBZNDERM1fQ6STkVrk","Nhà hàng món lẩu"
"HaBi Streets Cuisine","4.9","19","Số 84 thôn 3","Hà Nội","Hòa Lạc, Hà Nội","VN","https://www.facebook.com/HaBiStreetsCuisine?mibextid=LQQJ4d","+84 335 714 986","Nhà hàng","Nhà hàng châu Á",,,,,"https://www.google.com/maps/search/?api=1&query=HaBi%20Streets%20Cuisine&query_place_id=ChIJMe_URABbNDERASAIIIGoV34","Nhà hàng"
"Miền Trung Quán","4.2","14",,"Hà Nội","Hạ Bằng, Hà Nội","VN",,"+84 989 496 007","Nhà hàng",,,,,,"https://www.google.com/maps/search/?api=1&query=Mi%E1%BB%81n%20Trung%20Qu%C3%A1n&query_place_id=ChIJuZcicn5bNDERLuMXKjKBaRQ","Nhà hàng"
"Nhà Hàng Thanh Xuân","4.3","42","2GJ8+V7W, Qua Cầu Hòa Lạc (Đi Xuân Mai, QL21A","Hà Nội","Hòa Lạc, Hà Nội","VN",,"+84 945 931 186","Nhà hàng",,,,,,"https://www.google.com/maps/search/?api=1&query=Nh%C3%A0%20H%C3%A0ng%20Thanh%20Xu%C3%A2n&query_place_id=ChIJQ6oEpPJbNDERFio1HWcOy68","Nhà hàng"
"Bún Cá Đạo Thủy","4.4","62","2GR5+WVW, QL21A","Hà Nội","Hòa Lạc, Hà Nội","VN",,"+84 985 294 656","Nhà hàng chuyên phục vụ bữa sáng",,,,,,"https://www.google.com/maps/search/?api=1&query=B%C3%BAn%20C%C3%A1%20%C4%90%E1%BA%A1o%20Th%E1%BB%A7y&query_place_id=ChIJT0qrpKtZNDEREZ-rlqiI1gY","Nhà hàng chuyên phục vụ bữa sáng"
"Hồ Sen Quán","4.3","8","Linh sơn","Hà Nội","Hạ Bằng, Hà Nội","VN",,"+84 966 430 969","Nhà hàng","Quán bia",,,,,"https://www.google.com/maps/search/?api=1&query=H%E1%BB%93%20Sen%20Qu%C3%A1n&query_place_id=ChIJPUzi-zxZNDERgd62xgIed_c","Nhà hàng"
"Cafe Anh Hìu","4.5","60",,"Hà Nội","Hòa Lạc, Hà Nội","VN",,"+84 983 304 684","Quán cà phê",,,,,,"https://www.google.com/maps/search/?api=1&query=Cafe%20Anh%20H%C3%ACu&query_place_id=ChIJ2_mo_IZZNDERv0u3edGz0n8","Quán cà phê"
"Nhà hàng 5 "" xao""","5","3","2GQ8+458","Hà Nội","Đoài Phương, Hà Nội","VN",,"","Nhà hàng châu Á",,,,,,"https://www.google.com/maps/search/?api=1&query=Nh%C3%A0%20h%C3%A0ng%205%20%22%20xao%22&query_place_id=ChIJA_s0CABbNDERD3JEH5_t6So","Nhà hàng châu Á"
"Moose Plus Cafe","5","3","Số nhà 693, khu 73,thôn đoàn kết","Hà Nội","Đoài Phương, Hà Nội","VN",,"+84 915 305 538","Quán cà phê",,,,,,"https://www.google.com/maps/search/?api=1&query=Moose%20Plus%20Cafe&query_place_id=ChIJWSEnPudbNDERQETUkt0NiAs","Quán cà phê"
"Hoa Lư Quán","3","4","2GR6+R3X, QL21A","Hà Nội","Đoài Phương, Hà Nội","VN",,"","Nhà hàng",,,,,,"https://www.google.com/maps/search/?api=1&query=Hoa%20L%C6%B0%20Qu%C3%A1n&query_place_id=ChIJZcy30fRZNDERX8ICmjDWgAc","Nhà hàng"
"Bún riêu cô Hằng",,,"521 QL21A","Hà Nội","Hòa Lạc, Hà Nội","VN",,"","Quán ăn nhỏ",,,,,,"https://www.google.com/maps/search/?api=1&query=B%C3%BAn%20ri%C3%AAu%20c%C3%B4%20H%E1%BA%B1ng&query_place_id=ChIJKyTlewBZNDERpQP_wDAQq9A","Quán ăn nhỏ"
"Nhất Thuỷ Quán","3.7","21","2GV5+7Q4","Hà Nội","Đoài Phương, Hà Nội","VN",,"+84 982 760 976","Quán ăn nhỏ",,,,,,"https://www.google.com/maps/search/?api=1&query=Nh%E1%BA%A5t%20Thu%E1%BB%B7%20Qu%C3%A1n&query_place_id=ChIJb2cIKdlZNDERWiJjmK6D604","Quán ăn nhỏ"
"Quán bia Trường Mai",,,"Thôn Đoàn Kết","Hà Nội","Hòa Lạc, Hà Nội","VN",,"","Khu ăn uống",,,,,,"https://www.google.com/maps/search/?api=1&query=Qu%C3%A1n%20bia%20Tr%C6%B0%E1%BB%9Dng%20Mai&query_place_id=ChIJ6cQHeQBZNDERisbvX75IR4A","Khu ăn uống"
"PHỞ BÒ CƠM RANG VŨ THẢO",,,"QL21/thôn Đoàn Kết","Hà Nội","Hòa Lạc, Hà Nội","VN",,"+84 977 403 296","Khu ăn uống",,,,,,"https://www.google.com/maps/search/?api=1&query=PH%E1%BB%9E%20B%C3%92%20C%C6%A0M%20RANG%20V%C5%A8%20TH%E1%BA%A2O&query_place_id=ChIJzbcc26JZNDERrF9EkOaoHeE","Khu ăn uống"
"Nhà Hàng Mạnh Hưng","5","1","XGQP+PRC","Hà Nội","Hòa Lạc, Hà Nội","VN",,"+84 398 813 145","Quán ăn nhỏ",,,,,,"https://www.google.com/maps/search/?api=1&query=Nh%C3%A0%20H%C3%A0ng%20M%E1%BA%A1nh%20H%C6%B0ng&query_place_id=ChIJ46rUaQBbNDERBusOU91ToRU","Quán ăn nhỏ"
"Cơm Xe Tải Hồng Hải","4.7","7","XGQR+V2G","Hà Nội","Hòa Lạc, Hà Nội","VN","https://www.facebook.com/share/6cLYftndAFGn5QxG/?mibextid=LQQJ4d","+84 977 815 171","Nhà hàng cơm",,,,,,"https://www.google.com/maps/search/?api=1&query=C%C6%A1m%20Xe%20T%E1%BA%A3i%20H%E1%BB%93ng%20H%E1%BA%A3i&query_place_id=ChIJSR94RQBbNDERv8vxNfPuG84","Nhà hàng cơm"
"Nguyên Đăng Quán","4.2","13","XGPP+XHH","Hà Nội","Hòa Lạc, Hà Nội","VN",,"+84 973 476 322","Nhà hàng",,,,,,"https://www.google.com/maps/search/?api=1&query=Nguy%C3%AAn%20%C4%90%C4%83ng%20Qu%C3%A1n&query_place_id=ChIJMbTuErpUNDERn_YpZunfXeQ","Nhà hàng"
"Quán Cây Sung","4.3","7",,"Hà Nội","Hòa Lạc, Hà Nội","VN",,"+84 976 585 726","Quán bia",,,,,,"https://www.google.com/maps/search/?api=1&query=Qu%C3%A1n%20C%C3%A2y%20Sung&query_place_id=ChIJu5AavnFbNDER7JhoS9GO-oo","Quán bia"
"Vịt Quay Văn Việt","4.5","2","Đường đôi tđc bắc phú cát","Hà Nội","Hòa Lạc, Hà Nội","VN",,"+84 946 780 712","Gian hàng rong",,,,,,"https://www.google.com/maps/search/?api=1&query=V%E1%BB%8Bt%20Quay%20V%C4%83n%20Vi%E1%BB%87t&query_place_id=ChIJlacZVOJbNDERmK2W13fIRjs","Gian hàng rong"
"Legacy Phu Cat","3.1","14","Nhà hàng CX1, Khu đô thị Phú Cát, Xã","Hà Nội","Hòa Lạc, Hà Nội","VN",,"+84 934 433 688","Trung tâm cộng đồng","Nhà hàng",,,,,"https://www.google.com/maps/search/?api=1&query=Legacy%20Phu%20Cat&query_place_id=ChIJWfrbxTBbNDER4Eh2ryso44M","Trung tâm cộng đồng"
"Bia Hơi Tiến Nhị","3.6","19",,"Hà Nội","Hòa Lạc, Hà Nội","VN",,"+84 947 337 968","Nhà hàng",,,,,,"https://www.google.com/maps/search/?api=1&query=Bia%20H%C6%A1i%20Ti%E1%BA%BFn%20Nh%E1%BB%8B&query_place_id=ChIJ5UDAv1BbNDERWmOadSE_vGQ","Nhà hàng"
"Nga Toản","3.7","29","XGPJ+QG8","Hà Nội","Hòa Lạc, Hà Nội","VN",,"+84 378 387 368","Nhà hàng phở",,,,,,"https://www.google.com/maps/search/?api=1&query=Nga%20To%E1%BA%A3n&query_place_id=ChIJJxydaJ9bNDERcuQU3mlteLo","Nhà hàng phở"
"Quán bia 183","4","5","Quán bia, 183 Thôn 1","Hà Nội","Hòa Lạc, Hà Nội","VN",,"+84 842 974 444","Nhà hàng",,,,,,"https://www.google.com/maps/search/?api=1&query=Qu%C3%A1n%20bia%20183&query_place_id=ChIJzyndOQBbNDERpi8rg8Z5UqA","Nhà hàng"
"Quán Ngọc Linh","5","1","XGPH+Q37","Hà Nội","Hòa Lạc, Hà Nội","VN",,"","Nhà hàng ăn nhanh",,,,,,"https://www.google.com/maps/search/?api=1&query=Qu%C3%A1n%20Ng%E1%BB%8Dc%20Linh&query_place_id=ChIJ7dI0kaFbNDER2mITcwzDkUo","Nhà hàng ăn nhanh"
"Quang Vinh Quán Cơm","4.2","29","XGMH+H25, Tại khu tái định cư bắc phú cát","Hà Nội","Hòa Lạc, Hà Nội","VN",,"+84 916 091 358","Nhà hàng cơm",,,,,,"https://www.google.com/maps/search/?api=1&query=Quang%20Vinh%20Qu%C3%A1n%20C%C6%A1m&query_place_id=ChIJw3w69xBbNDERbBabmbiIHn4","Nhà hàng cơm"
"Vườn Bia Panorama","4.9","47","XGMH+J46","Hà Nội","Hòa Lạc, Hà Nội","VN",,"+84 865 403 959","Nhà hàng",,,,,,"https://www.google.com/maps/search/?api=1&query=V%C6%B0%E1%BB%9Dn%20Bia%20Panorama&query_place_id=ChIJvdvYZwBbNDERg8p_hFpZ-Oo","Nhà hàng"
"TheHill BBQ","4.6","93","Lô 25 Khu tái định","Hà Nội","Phú Cát, Hà Nội","VN","https://www.facebook.com/TheHillBBQ","+84 816 188 588","Nhà hàng món nướng","Nhà hàng tiệc đứng","Nhà hàng món lẩu","Nhà hàng",,,"https://www.google.com/maps/search/?api=1&query=TheHill%20BBQ&query_place_id=ChIJOWdAxlJbNDERP9R6PqI48MU","Nhà hàng món nướng"
"Gà Ri Ngọc Đăng","4.5","32","QL21A","Hà Nội","Yên Xuân, Hà Nội","VN",,"+84 372 254 930","Nhà hàng thịt gà",,,,,,"https://www.google.com/maps/search/?api=1&query=G%C3%A0%20Ri%20Ng%E1%BB%8Dc%20%C4%90%C4%83ng&query_place_id=ChIJzdcuH0ZbNDER7ueyzv-Q1nI","Nhà hàng thịt gà"
"Tiệm ăn vặt Sam Sam","5","1","XGPH+JPV","Hà Nội","Hòa Lạc, Hà Nội","VN",,"+84 847 377 285","Quán ăn nhỏ",,,,,,"https://www.google.com/maps/search/?api=1&query=Ti%E1%BB%87m%20%C4%83n%20v%E1%BA%B7t%20Sam%20Sam&query_place_id=ChIJ5Y05UABbNDERy4OseR46vaE","Quán ăn nhỏ"
"Nhà hàng Gà Tươi Phạm Xá 6789","4.8","9","Số 155 thôn 2","Hà Nội","Hòa Lạc, Hà Nội","VN",,"+84 338 391 686","Nhà hàng",,,,,,"https://www.google.com/maps/search/?api=1&query=Nh%C3%A0%20h%C3%A0ng%20G%C3%A0%20T%C6%B0%C6%A1i%20Ph%E1%BA%A1m%20X%C3%A1%206789&query_place_id=ChIJ9UscbwBbNDERtspc3OSU0FY","Nhà hàng"
"Phở Ngân Ninh","4.7","14","XGMG+CG4","Hà Nội","Yên Xuân, Hà Nội","VN",,"+84 962 365 366","Nhà hàng phở",,,,,,"https://www.google.com/maps/search/?api=1&query=Ph%E1%BB%9F%20Ng%C3%A2n%20Ninh&query_place_id=ChIJ_Rg9uHdbNDERKPqMMYK01UE","Nhà hàng phở"
"Nhà Hàng Phú Vinh","4.3","27","XGPJ+7VM","Hà Nội","Hòa Lạc, Hà Nội","VN",,"+84 369 843 198","Nhà hàng",,,,,,"https://www.google.com/maps/search/?api=1&query=Nh%C3%A0%20H%C3%A0ng%20Ph%C3%BA%20Vinh&query_place_id=ChIJS5m0LwlbNDERZ02OmeaOUn8","Nhà hàng"
"Patê Yến - Thịt nướng, bánh mì pate","5","2","XGPJ+JWH","Hà Nội","Hòa Lạc, Hà Nội","VN",,"","Cửa hàng sandwich",,,,,,"https://www.google.com/maps/search/?api=1&query=Pat%C3%AA%20Y%E1%BA%BFn%20-%20Th%E1%BB%8Bt%20n%C6%B0%E1%BB%9Bng%2C%20b%C3%A1nh%20m%C3%AC%20pate&query_place_id=ChIJrYhebQBbNDERXvV3f8mYcy8","Cửa hàng sandwich"
"Quán bia Đức Hạnh","5","1","XHG4+R35, Thôn5","Hà Nội","Phú Cát, Hà Nội","VN",,"","Nhà hàng",,,,,,"https://www.google.com/maps/search/?api=1&query=Qu%C3%A1n%20bia%20%C4%90%E1%BB%A9c%20H%E1%BA%A1nh&query_place_id=ChIJAVVfeXNbNDERpmFoMqJPxfU","Nhà hàng"
"Hùng Béo Quán","4","11","Thôn 5 Đường đôi","Hà Nội","Phú Cát, Hà Nội","VN",,"","Nhà hàng",,,,,,"https://www.google.com/maps/search/?api=1&query=H%C3%B9ng%20B%C3%A9o%20Qu%C3%A1n&query_place_id=ChIJF4ricM1bNDERV6sFjagPli0","Nhà hàng"
"Nhà Hàng Duy Nghĩa","4.3","19","Km 26+500","Hà Nội","Hạ Bằng, Hà Nội","VN",,"+84 973 974 272","Nhà hàng",,,,,,"https://www.google.com/maps/search/?api=1&query=Nh%C3%A0%20H%C3%A0ng%20Duy%20Ngh%C4%A9a&query_place_id=ChIJ9zSnNEFbNDEReJy158HTiTE","Nhà hàng"
"Lý Loan Quán Ngon","3.8","4","XGMH+P24","Hà Nội","Hòa Lạc, Hà Nội","VN",,"+84 964 548 596","Nhà hàng cơm",,,,,,"https://www.google.com/maps/search/?api=1&query=L%C3%BD%20Loan%20Qu%C3%A1n%20Ngon&query_place_id=ChIJDXoQQOtbNDERTul3mxwSgt0","Nhà hàng cơm"
"Nhà Hàng Lẩu Trang Ánh","4.7","3",,"Hà Nội","Phú Cát, Hà Nội","VN",,"","Nhà hàng món lẩu",,,,,,"https://www.google.com/maps/search/?api=1&query=Nh%C3%A0%20H%C3%A0ng%20L%E1%BA%A9u%20Trang%20%C3%81nh&query_place_id=ChIJaVaHqLBbNDERouW15CYJG_c","Nhà hàng món lẩu"
"Nụ Ốc Đồ Ăn Vặt","5","2","XGQH+4V","Hà Nội","Hòa Lạc, Hà Nội","VN",,"+84 963 355 783","Quán ăn nhỏ",,,,,,"https://www.google.com/maps/search/?api=1&query=N%E1%BB%A5%20%E1%BB%90c%20%C4%90%E1%BB%93%20%C4%82n%20V%E1%BA%B7t&query_place_id=ChIJfa5IgE1bNDEREYzFvbwP62I","Quán ăn nhỏ"
"Phở Hưng","5","5","XHM3+QWJ","Hà Nội","Hạ Bằng, Hà Nội","VN",,"+84 965 822 865","Nhà hàng phở",,,,,,"https://www.google.com/maps/search/?api=1&query=Ph%E1%BB%9F%20H%C6%B0ng&query_place_id=ChIJgw2njzRbNDERjHhF6CaZSfQ","Nhà hàng phở"
"Cây Sung Quán","3.9","17","XGMG+QXX, QL21A","Hà Nội","Hòa Lạc, Hà Nội","VN",,"","Nhà hàng",,,,,,"https://www.google.com/maps/search/?api=1&query=C%C3%A2y%20Sung%20Qu%C3%A1n&query_place_id=ChIJl7uGQ1-rNTER8ETImCd4G-s","Nhà hàng"
"Phở Bò Phan Thị","2.8","16","XGMG+CCM","Hà Nội","Hòa Lạc, Hà Nội","VN",,"+84 925 288 288","Nhà hàng phở",,,,,,"https://www.google.com/maps/search/?api=1&query=Ph%E1%BB%9F%20B%C3%B2%20Phan%20Th%E1%BB%8B&query_place_id=ChIJzfwgKmhbNDERuYVQzpwYUC8","Nhà hàng phở"
"Tuyết Trọng Restaurant","3.4","69","XGMG+7F9, QL21A","Hà Nội","Yên Xuân, Hà Nội","VN",,"+84 971 442 221","Nhà hàng",,,,,,"https://www.google.com/maps/search/?api=1&query=Tuy%E1%BA%BFt%20Tr%E1%BB%8Dng%20Restaurant&query_place_id=ChIJ45tN5QxbNDERKK0_gbG-CfA","Nhà hàng"
"Trụ sở GTVM - Vườn Bia Panorama","1.5","2","XGMH+J46","Hà Nội","Hòa Lạc, Hà Nội","VN",,"","Quán bia sân vườn",,,,,,"https://www.google.com/maps/search/?api=1&query=Tr%E1%BB%A5%20s%E1%BB%9F%20GTVM%20-%20V%C6%B0%E1%BB%9Dn%20Bia%20Panorama&query_place_id=ChIJP9qeKABbNDERUHGvVZWhldY","Quán bia sân vườn"
"Bún Chả Hướng Phương Nam",,,,"Hà Nội","Hòa Lạc, Hà Nội","VN",,"","Nhà hàng",,,,,,"https://www.google.com/maps/search/?api=1&query=B%C3%BAn%20Ch%E1%BA%A3%20H%C6%B0%E1%BB%9Bng%20Ph%C6%B0%C6%A1ng%20Nam&query_place_id=ChIJOQ6w9wxbNDEReDQgZpOCpB0","Nhà hàng"
"T-One Quán","3.4","7","XGQP+58G, Cầu vượt công nghệ cao","Hà Nội","Hòa Lạc, Hà Nội","VN",,"+84 904 684 777","Quán bia",,,,,,"https://www.google.com/maps/search/?api=1&query=T-One%20Qu%C3%A1n&query_place_id=ChIJsyin1QdbNDERYKcawkOozy0","Quán bia"
"Trà Đá Bá Đạo","5","5","XHQC+G2V, ĐL Thăng Long","Hà Nội","Hạ Bằng, Hà Nội","VN",,"+84 977 915 769","Quán cà phê",,,,,,"https://www.google.com/maps/search/?api=1&query=Tr%C3%A0%20%C4%90%C3%A1%20B%C3%A1%20%C4%90%E1%BA%A1o&query_place_id=ChIJcwtgTgBbNDER4uvRC00WKDA","Quán cà phê"
"Thanh Hằng quán coffee",,,"Km13 ĐL Thăng Long","Hà Nội","Hạ Bằng, Hà Nội","VN",,"","Quán cà phê",,,,,,"https://www.google.com/maps/search/?api=1&query=Thanh%20H%E1%BA%B1ng%20qu%C3%A1n%20coffee&query_place_id=ChIJPZg3HwBbNDERtz_pOrrOFcw","Quán cà phê"
"Bình Giang Quán","4.5","29","xóm đường đôi thôn 5","Hà Nội","Phú Cát, Hà Nội","VN",,"","Nhà hàng",,,,,,"https://www.google.com/maps/search/?api=1&query=B%C3%ACnh%20Giang%20Qu%C3%A1n&query_place_id=ChIJZa42vnNbNDERL7p1U1bs9fI","Nhà hàng"
"Hùng Còi Quán","4.2","5","XHG5+V8R","Hà Nội","Phú Cát, Hà Nội","VN",,"+84 981 693 186","Nhà hàng",,,,,,"https://www.google.com/maps/search/?api=1&query=H%C3%B9ng%20C%C3%B2i%20Qu%C3%A1n&query_place_id=ChIJ0W6WWQBbNDERrx3I6wHfkSQ","Nhà hàng"
"Nhà Hàng Dốc Tiên","3.7","23","XHP5+QC6, Thôn Khoang Mái","Hà Nội","Hạ Bằng, Hà Nội","VN",,"+84 936 646 242","Nhà hàng",,,,,,"https://www.google.com/maps/search/?api=1&query=Nh%C3%A0%20H%C3%A0ng%20D%E1%BB%91c%20Ti%C3%AAn&query_place_id=ChIJW8ybGPhaNDERHEHRr9WmNj4","Nhà hàng"
"Nhà Hàng Sáu Thân","5","1","Sn 22 Hà nội","Hà Nội","Hạ Bằng, Hà Nội","VN",,"+84 945 836 767","Nhà hàng","Nhà hàng gia đình",,,,,"https://www.google.com/maps/search/?api=1&query=Nh%C3%A0%20H%C3%A0ng%20S%C3%A1u%20Th%C3%A2n&query_place_id=ChIJHbJGHABbNDERDyOijW9nJhY","Nhà hàng"
"Phở Mai","5","3","XHRF+JFJ","Hà Nội","Hạ Bằng, Hà Nội","VN",,"","Nhà hàng phở",,,,,,"https://www.google.com/maps/search/?api=1&query=Ph%E1%BB%9F%20Mai&query_place_id=ChIJD6b9YQBbNDERtvguopmLhI4","Nhà hàng phở"
"Cơm Cô Sáu","4.6","5","XHX3+JRM","Hà Nội","Hòa Lạc, Hà Nội","VN",,"+84 342 348 370","Nhà hàng cơm",,,,,,"https://www.google.com/maps/search/?api=1&query=C%C6%A1m%20C%C3%B4%20S%C3%A1u&query_place_id=ChIJp9eVSABbNDERQ9m00dlgbus","Nhà hàng cơm"
"Cafe Tuyên 3","4","5","Thôn5","Hà Nội","Phú Cát, Hà Nội","VN",,"","Quán cà phê",,,,,,"https://www.google.com/maps/search/?api=1&query=Cafe%20Tuy%C3%AAn%203&query_place_id=ChIJoYAdiF5bNDERYY2Nz8Ik7AE","Quán cà phê"
"Lẩu Ngon Bún Chả","5","1",,"Hà Nội","Hạ Bằng, Hà Nội","VN",,"+84 945 333 414","Nhà hàng",,,,,,"https://www.google.com/maps/search/?api=1&query=L%E1%BA%A9u%20Ngon%20B%C3%BAn%20Ch%E1%BA%A3&query_place_id=ChIJQ9txOFpbNDERNqvMbrOOI0w","Nhà hàng"
"Khu Dịch Vụ AURORA Service Area","4.6","26","XGW7+HJF","Hà Nội","Hòa Lạc, Hà Nội","VN",,"+84 375 363 992","Nhà hàng","Giao đồ ăn","Quán cà phê",,,,"https://www.google.com/maps/search/?api=1&query=Khu%20D%E1%BB%8Bch%20V%E1%BB%A5%20AURORA%20Service%20Area&query_place_id=ChIJX497GgBbNDERQSBWesGo78k","Nhà hàng"
"Nướng Than Hoa Fuca","5","8","2G29+PVF","Hà Nội","Hòa Lạc, Hà Nội","VN",,"","Nhà hàng món nướng",,,,,,"https://www.google.com/maps/search/?api=1&query=N%C6%B0%E1%BB%9Bng%20Than%20Hoa%20Fuca&query_place_id=ChIJD1cjYQBbNDERtzxN8bNKurs","Nhà hàng món nướng"
"Choén","5","1","2G59+26W","Hà Nội","Hòa Lạc, Hà Nội","VN",,"+84 336 550 836","Nhà hàng ăn nhanh",,,,,,"https://www.google.com/maps/search/?api=1&query=Cho%C3%A9n&query_place_id=ChIJrdtOBwBbNDERiqAplycVB4g","Nhà hàng ăn nhanh"
"Vua Gà Quang Thọ","4","286","QL21","Hà Nội","Hòa Lạc, Hà Nội","VN","https://www.viet-biz.com/vua-g%C3%A0-quang-th%E1%BB%8D-097-244-79-62","+84 972 447 962","Nhà hàng thịt gà",,,,,,"https://www.google.com/maps/search/?api=1&query=Vua%20G%C3%A0%20Quang%20Th%E1%BB%8D&query_place_id=ChIJwQL7kHNFNDEREPyKgxZBp6w","Nhà hàng thịt gà"
"Lẩu Chất","4.3","6",,"Hà Nội","Hòa Lạc, Hà Nội","VN","https://www.facebook.com/share/1JyaVANvXW/?mibextid=wwXIfr","+84 981 218 123","Nhà hàng","Nhà hàng gia đình",,,,,"https://www.google.com/maps/search/?api=1&query=L%E1%BA%A9u%20Ch%E1%BA%A5t&query_place_id=ChIJU7LuTwBbNDERcSQtXMvbik8","Nhà hàng"
"CƠM SẠCH 17","4.9","126","2G39+HVC","Hà Nội","Hòa Lạc, Hà Nội","VN",,"+84 822 783 123","Nhà hàng",,,,,,"https://www.google.com/maps/search/?api=1&query=C%C6%A0M%20S%E1%BA%A0CH%2017&query_place_id=ChIJ-UsoJwBbNDERk-mzYh2_GEE","Nhà hàng"
"Nhà Hàng Quốc Gia","4.8","6",,"Hà Nội","Hòa Lạc, Hà Nội","VN",,"+84 973 696 159","Nhà hàng",,,,,,"https://www.google.com/maps/search/?api=1&query=Nh%C3%A0%20H%C3%A0ng%20Qu%E1%BB%91c%20Gia&query_place_id=ChIJQZIBZABbNDERR0fOq_RA1xQ","Nhà hàng"
"Ốc Huyền","4.9","9","2G3C+82V","Hà Nội","Hòa Lạc, Hà Nội","VN",,"+84 974 626 929","Quán ăn nhỏ",,,,,,"https://www.google.com/maps/search/?api=1&query=%E1%BB%90c%20Huy%E1%BB%81n&query_place_id=ChIJ8TkdA2pbNDERT-O29GX4XAI","Quán ăn nhỏ"
"Nhà Gia Bảo","5","1","826 Thôn 2","Hà Nội","Hòa Lạc, Hà Nội","VN",,"","Nhà hàng bán đồ ăn mang về","Trạm sạc điện thoại di động",,,,,"https://www.google.com/maps/search/?api=1&query=Nh%C3%A0%20Gia%20B%E1%BA%A3o&query_place_id=ChIJnxXm-WFbNDER424-LiKZI5s","Nhà hàng bán đồ ăn mang về"
"Bánh tráng Mon","4.8","21","2G39+MQF","Hà Nội","Hòa Lạc, Hà Nội","VN",,"+84 971 069 888","Nhà hàng ăn nhanh",,,,,,"https://www.google.com/maps/search/?api=1&query=B%C3%A1nh%20tr%C3%A1ng%20Mon&query_place_id=ChIJ_xinXQBbNDER6XVdDnMAKw8","Nhà hàng ăn nhanh"
"Hẻm Nướng 1978","3","4","Đường vào TTQPAN","Hà Nội","Hòa Lạc, Hà Nội","VN",,"+84 327 127 277","Nhà hàng",,,,,,"https://www.google.com/maps/search/?api=1&query=H%E1%BA%BBm%20N%C6%B0%E1%BB%9Bng%201978&query_place_id=ChIJmT_RO51bNDER7y3B3R_I3Yw","Nhà hàng"
"Nhà Hàng Thanh Thuý","4.1","62",,"Hà Nội","Hòa Lạc, Hà Nội","VN",,"+84 848 555 111","Nhà hàng thịt gà",,,,,,"https://www.google.com/maps/search/?api=1&query=Nh%C3%A0%20H%C3%A0ng%20Thanh%20Thu%C3%BD&query_place_id=ChIJy3QmB0RbNDERbQUQ2PjR020","Nhà hàng thịt gà"
"Nhà hàng Gà Ri Hiền Hân","4.4","17",,"Hà Nội","Hòa Lạc, Hà Nội","VN",,"+84 915 313 525","Nhà hàng thịt gà",,,,,,"https://www.google.com/maps/search/?api=1&query=Nh%C3%A0%20h%C3%A0ng%20G%C3%A0%20Ri%20Hi%E1%BB%81n%20H%C3%A2n&query_place_id=ChIJVcCXdC1bNDERzIIStdLdri0","Nhà hàng thịt gà"
"Cơm Thu Thủy","3.9","61",,"Hà Nội","Hòa Lạc, Hà Nội","VN",,"+84 989 021 687","Nhà hàng cơm",,,,,,"https://www.google.com/maps/search/?api=1&query=C%C6%A1m%20Thu%20Th%E1%BB%A7y&query_place_id=ChIJ53IFtWRbNDERMcEuZ2CEqUQ","Nhà hàng cơm"
"Bún Chả Thu Hà","5","1","2G3C+27M, QL21A","Hà Nội","Hòa Lạc, Hà Nội","VN",,"+84 898 243 680","Nhà hàng phục vụ phần ăn nhỏ",,,,,,"https://www.google.com/maps/search/?api=1&query=B%C3%BAn%20Ch%E1%BA%A3%20Thu%20H%C3%A0&query_place_id=ChIJ9RPqCABbNDER7Uqfqj-1VTY","Nhà hàng phục vụ phần ăn nhỏ"
"Nhà Hàng Gà Ri Phú Bình 2","3.7","410",,"Hà Nội","Hòa Lạc, Hà Nội","VN","http://phubinhhoalac.com.vn/","+84 981 242 299","Nhà hàng thịt gà",,,,,,"https://www.google.com/maps/search/?api=1&query=Nh%C3%A0%20H%C3%A0ng%20G%C3%A0%20Ri%20Ph%C3%BA%20B%C3%ACnh%202&query_place_id=ChIJDbOOXJdbNDERKd7x2P_YDZc","Nhà hàng thịt gà"
"Gà Mái Ghẹ - Gửi Trọn Hương Vị Đồng Quê","4.1","32",,"Hà Nội","Hòa Lạc, Hà Nội","VN","https://www.chaoquan.vn/","+84 963 236 886","Nhà hàng","Cửa hàng bán thực phẩm đặc sản",,,,,"https://www.google.com/maps/search/?api=1&query=G%C3%A0%20M%C3%A1i%20Gh%E1%BA%B9%20-%20G%E1%BB%ADi%20Tr%E1%BB%8Dn%20H%C6%B0%C6%A1ng%20V%E1%BB%8B%20%C4%90%E1%BB%93ng%20Qu%C3%AA&query_place_id=ChIJTal7h8VbNDERz4d3aifgDXA","Nhà hàng"
"Ốc Bống ( Địa chỉ duy nhất )","4","17","Đ. 21A","Hà Nội","Hòa Lạc, Hà Nội","VN",,"","Nhà hàng bán đồ ăn mang về",,,,,,"https://www.google.com/maps/search/?api=1&query=%E1%BB%90c%20B%E1%BB%91ng%20(%20%C4%90%E1%BB%8Ba%20ch%E1%BB%89%20duy%20nh%E1%BA%A5t%20)&query_place_id=ChIJqQNmd1pbNDERyrzTy4YKJyI","Nhà hàng bán đồ ăn mang về"
"Tây Phương Quán","5","3","2HFF+CR9","Hà Nội","Hạ Bằng, Hà Nội","VN",,"","Nhà hàng",,,,,,"https://www.google.com/maps/search/?api=1&query=T%C3%A2y%20Ph%C6%B0%C6%A1ng%20Qu%C3%A1n&query_place_id=ChIJ40EkIABbNDEReKornra6uJU","Nhà hàng"
"Số nhà 42 - Xóm mới Cần Kiệm","5","1","2HFM+4GR","Hà Nội","Hạ Bằng, Hà Nội","VN",,"+84 927 775 566","Nhà hàng hải sản",,,,,,"https://www.google.com/maps/search/?api=1&query=S%E1%BB%91%20nh%C3%A0%2042%20-%20X%C3%B3m%20m%E1%BB%9Bi%20C%E1%BA%A7n%20Ki%E1%BB%87m&query_place_id=ChIJZSBlJwBbNDERiweGLEeL_eE","Nhà hàng hải sản"
"Nhà Hàng Nón Việt","4.5","4","Đường H11","Hà Nội","Hạ Bằng, Hà Nội","VN",,"","Nhà hàng",,,,,,"https://www.google.com/maps/search/?api=1&query=Nh%C3%A0%20H%C3%A0ng%20N%C3%B3n%20Vi%E1%BB%87t&query_place_id=ChIJJW1mgiZbNDERjQGC9xD4zi8","Nhà hàng"
"Khu du lịch sinh thái đồi thông Quang Huy","4.4","24","2HCP+R5F","Hà Nội","Hạ Bằng, Hà Nội","VN","http://quanghuydulich.vn/","+84 966 615 662","Nhà hàng",,,,,,"https://www.google.com/maps/search/?api=1&query=Khu%20du%20l%E1%BB%8Bch%20sinh%20th%C3%A1i%20%C4%91%E1%BB%93i%20th%C3%B4ng%20Quang%20Huy&query_place_id=ChIJ0-uFJWNbNDER6mww_kRPA6k","Nhà hàng"
"Nhà Hàng Phúc Lâm ( tên cũ Nhà Hàng Năm Sao)","5","1","2HFP+F2Q","Hà Nội","Hạ Bằng, Hà Nội","VN",,"","Nhà hàng",,,,,,"https://www.google.com/maps/search/?api=1&query=Nh%C3%A0%20H%C3%A0ng%20Ph%C3%BAc%20L%C3%A2m%20(%20t%C3%AAn%20c%C5%A9%20Nh%C3%A0%20H%C3%A0ng%20N%C4%83m%20Sao)&query_place_id=ChIJmdP2YQBbNDERqUfSmieP5gc","Nhà hàng"
"Cafe chill","5","1","2HCM+8G2","Hà Nội","Hạ Bằng, Hà Nội","VN",,"","Nhà hàng Hàn Quốc",,,,,,"https://www.google.com/maps/search/?api=1&query=Cafe%20chill&query_place_id=ChIJn1YSHwBbNDER-kZiSUWOucw","Nhà hàng Hàn Quốc"
"Quán Dê Tứ Hải Trâu 97","4.6","10","338 Thạch Xá","Hà Nội","Tây Phương, Hà Nội","VN",,"+84 973 944 528","Nhà hàng",,,,,,"https://www.google.com/maps/search/?api=1&query=Qu%C3%A1n%20D%C3%AA%20T%E1%BB%A9%20H%E1%BA%A3i%20Tr%C3%A2u%2097&query_place_id=ChIJJyYbkxhbNDERazweooC6f-M","Nhà hàng"
"Đặc sản Lòng ngon","4.1","9","2HFP+G3H","Hà Nội","Hạ Bằng, Hà Nội","VN",,"+84 375 058 651","Nhà hàng chuyên phục vụ bữa sáng",,,,,,"https://www.google.com/maps/search/?api=1&query=%C4%90%E1%BA%B7c%20s%E1%BA%A3n%20L%C3%B2ng%20ngon&query_place_id=ChIJo9djM1BbNDER4XoJX3y3N10","Nhà hàng chuyên phục vụ bữa sáng"
"Phở Bò Vũ Đại","4","1","Đường H11","Hà Nội","Hạ Bằng, Hà Nội","VN",,"","Nhà hàng",,,,,,"https://www.google.com/maps/search/?api=1&query=Ph%E1%BB%9F%20B%C3%B2%20V%C5%A9%20%C4%90%E1%BA%A1i&query_place_id=ChIJFe1rohBbNDERSxo5FCCxFuA","Nhà hàng"
"Nhà Hàng Minh Đạt","4.4","17",,"Hà Nội","Thạch Thất, Hà Nội","VN",,"+84 906 080 578","Nhà hàng",,,,,,"https://www.google.com/maps/search/?api=1&query=Nh%C3%A0%20H%C3%A0ng%20Minh%20%C4%90%E1%BA%A1t&query_place_id=ChIJRQJb_G9ZNDERsV0Ewr0JqSg","Nhà hàng"
"Nhà Sàn Cá Lăng Anh Dũng","4.8","12","2H8F+QQ7","Hà Nội","Hạ Bằng, Hà Nội","VN",,"+84 938 581 988","Nhà hàng món cá",,,,,,"https://www.google.com/maps/search/?api=1&query=Nh%C3%A0%20S%C3%A0n%20C%C3%A1%20L%C4%83ng%20Anh%20D%C5%A9ng&query_place_id=ChIJsSHzQDpbNDER3QqvgnlSwYE","Nhà hàng món cá"
"Nhà hàng Vườn Chim Cần Kiệm","5","1","đường Lưu Niệm/68 Bác Hồ","Hà Nội","Hạ Bằng, Hà Nội","VN",,"","Nhà hàng",,,,,,"https://www.google.com/maps/search/?api=1&query=Nh%C3%A0%20h%C3%A0ng%20V%C6%B0%E1%BB%9Dn%20Chim%20C%E1%BA%A7n%20Ki%E1%BB%87m&query_place_id=ChIJxUXiUQBbNDERPItF2QycnLs","Nhà hàng"
"Nhà hàng Ngọc Trai – cơ sở Cần Kiệm","5","4","2H8G+WQ6","Hà Nội","Thạch Thất, Hà Nội","VN","https://www.facebook.com/lon.tay.bac.705936","+84 853 645 555","Nhà hàng",,,,,,"https://www.google.com/maps/search/?api=1&query=Nh%C3%A0%20h%C3%A0ng%20Ng%E1%BB%8Dc%20Trai%20%E2%80%93%20c%C6%A1%20s%E1%BB%9F%20C%E1%BA%A7n%20Ki%E1%BB%87m&query_place_id=ChIJHRIUDgBbNDER89p8363Syso","Nhà hàng"
"So2 đường chiến thắng yên lac2 cần kiệm thạch thất hà nội",,,"2HHF+HC6 So2 chien thắng yên lac2","Hà Nội","Hạ Bằng, Hà Nội","VN",,"","Nhà hàng chuyên phục vụ bữa sáng",,,,,,"https://www.google.com/maps/search/?api=1&query=So2%20%C4%91%C6%B0%E1%BB%9Dng%20chi%E1%BA%BFn%20th%E1%BA%AFng%20y%C3%AAn%20lac2%20c%E1%BA%A7n%20ki%E1%BB%87m%20th%E1%BA%A1ch%20th%E1%BA%A5t%20h%C3%A0%20n%E1%BB%99i&query_place_id=ChIJs6S6aABbNDERAFekMY4KLaI","Nhà hàng chuyên phục vụ bữa sáng"
"Lương Sơn Bạc","5","1","2H8F+MGQ","Hà Nội","Hạ Bằng, Hà Nội","VN",,"","Nhà hàng",,,,,,"https://www.google.com/maps/search/?api=1&query=L%C6%B0%C6%A1ng%20S%C6%A1n%20B%E1%BA%A1c&query_place_id=ChIJFcNAEgBbNDERO437Nm2aFg0","Nhà hàng"
"A Lử - Vua Ẩm Thực - Thạch Thất","5","3","2HWM+WP8","Hà Nội","Thạch Thất, Hà Nội","VN",,"+84 984 698 836","Nhà hàng",,,,,,"https://www.google.com/maps/search/?api=1&query=A%20L%E1%BB%AD%20-%20Vua%20%E1%BA%A8m%20Th%E1%BB%B1c%20-%20Th%E1%BA%A1ch%20Th%E1%BA%A5t&query_place_id=ChIJE-3paABZNDERkCdUMYBjOd8","Nhà hàng"
"Pizza Minh Quyền","4.4","10","thôn yên lạc 3","Hà Nội","Hạ Bằng, Hà Nội","VN",,"+84 587 986 986","Cửa hàng bán pizza mang về",,,,,,"https://www.google.com/maps/search/?api=1&query=Pizza%20Minh%20Quy%E1%BB%81n&query_place_id=ChIJnfq9w_JZNDERuwOBcUS_fxk","Cửa hàng bán pizza mang về"
"Dòng Sông Bia","4.2","5","218 Đường H11","Hà Nội","Hạ Bằng, Hà Nội","VN","https://www.facebook.com/profile.php?id=100063723111112","+84 975 232 338","Nhà hàng",,,,,,"https://www.google.com/maps/search/?api=1&query=D%C3%B2ng%20S%C3%B4ng%20Bia&query_place_id=ChIJayzFV8ZbNDERUg0L8Z140p4","Nhà hàng"
"Nhà Hàng Tuấn Hiền - Lẩu Cua Đồng - Lẩu Lươn","5","1","Chân Đồi Thông, Đường Phú Đa","Hà Nội","Hạ Bằng, Hà Nội","VN",,"+84 823 331 987","Nhà hàng",,,,,,"https://www.google.com/maps/search/?api=1&query=Nh%C3%A0%20H%C3%A0ng%20Tu%E1%BA%A5n%20Hi%E1%BB%81n%20-%20L%E1%BA%A9u%20Cua%20%C4%90%E1%BB%93ng%20-%20L%E1%BA%A9u%20L%C6%B0%C6%A1n&query_place_id=ChIJcYAnogZbNDERJkcQzuafe4Q","Nhà hàng"
"Quán bánh tẻ,chè đậu đen đồng mô","5","2","Cầu đồng mô, Đ. Chùa Tây Phương","Hà Nội","Tây Phương, Hà Nội","VN",,"+84 367 289 386","Nhà hàng chuyên phục vụ bữa sáng",,,,,,"https://www.google.com/maps/search/?api=1&query=Qu%C3%A1n%20b%C3%A1nh%20t%E1%BA%BB%2Cch%C3%A8%20%C4%91%E1%BA%ADu%20%C4%91en%20%C4%91%E1%BB%93ng%20m%C3%B4&query_place_id=ChIJQRDgXQBbNDERKmkLOujkTkA","Nhà hàng chuyên phục vụ bữa sáng"
"Bún Tiến Nhung","3.3","4","2HFP+XVF","Hà Nội","Tây Phương, Hà Nội","VN",,"+84 946 746 744","Quán mì",,,,,,"https://www.google.com/maps/search/?api=1&query=B%C3%BAn%20Ti%E1%BA%BFn%20Nhung&query_place_id=ChIJTeKQ-8JbNDERUeFlZtmOxkI","Quán mì"
"Nhà hàng Thanh Trúc",,,"31 Đường Cần Kiệm","Hà Nội","Hạ Bằng, Hà Nội","VN",,"","Nhà hàng",,,,,,"https://www.google.com/maps/search/?api=1&query=Nh%C3%A0%20h%C3%A0ng%20Thanh%20Tr%C3%BAc&query_place_id=ChIJxx7-V8RbNDERDr3WNIzFblg","Nhà hàng"
"Mộc Quán",,,,"Hà Nội","Tây Phương, Hà Nội","VN",,"","Nhà hàng",,,,,,"https://www.google.com/maps/search/?api=1&query=M%E1%BB%99c%20Qu%C3%A1n&query_place_id=ChIJJd1cswZaNDER2SnmPwPBzRw","Nhà hàng"
"Nhà Hàng Cường Lệ",,,"2HFP+J5Q","Hà Nội","Hạ Bằng, Hà Nội","VN",,"","Nhà hàng",,,,,,"https://www.google.com/maps/search/?api=1&query=Nh%C3%A0%20H%C3%A0ng%20C%C6%B0%E1%BB%9Dng%20L%E1%BB%87&query_place_id=ChIJ_VxqBwBbNDERkmp5Vy53oaI","Nhà hàng"
"Gà ri Mạnh Cường","3.9","40","QL21A","Hà Nội","Hòa Lạc, Hà Nội","VN",,"+84 983 508 066","Nhà hàng thịt gà",,,,,,"https://www.google.com/maps/search/?api=1&query=G%C3%A0%20ri%20Ma%CC%A3nh%20C%C6%B0%C6%A1%CC%80ng&query_place_id=ChIJA1K-_0lbNDERsIAWQC-QL-0","Nhà hàng thịt gà"
"Phở 10 Lý Quốc Sư Hòa Lạc","2.3","3","XGQ9+XFV","Hà Nội","Yên Xuân, Hà Nội","VN",,"","Nhà hàng phở",,,,,,"https://www.google.com/maps/search/?api=1&query=Ph%E1%BB%9F%2010%20L%C3%BD%20Qu%E1%BB%91c%20S%C6%B0%20H%C3%B2a%20L%E1%BA%A1c&query_place_id=ChIJxciDMABbNDERYlKOCyA7-S4","Nhà hàng phở"
"Nhà Hàng Huy Cường","3.9","48","7 Thôn 6","Hà Nội","Hòa Lạc, Hà Nội","VN",,"+84 916 611 972","Nhà hàng",,,,,,"https://www.google.com/maps/search/?api=1&query=Nh%C3%A0%20H%C3%A0ng%20Huy%20C%C6%B0%E1%BB%9Dng&query_place_id=ChIJLXTaz5lbNDERiT2n-g-RImg","Nhà hàng"
"Thanh Xuân Quán",,,"2G2C+55M","Hà Nội","Hòa Lạc, Hà Nội","VN",,"","Nhà hàng",,,,,,"https://www.google.com/maps/search/?api=1&query=Thanh%20Xu%C3%A2n%20Qu%C3%A1n&query_place_id=ChIJQT87QQBbNDER7u3S8JXurQI","Nhà hàng"
"Mỳ Cay Seoul Hàn Quốc","3.4","33","2G39+QP7","Hà Nội","Hòa Lạc, Hà Nội","VN","https://www.facebook.com/datbavi.hn?mibextid=LQQJ4d","+84 984 117 955","Nhà hàng",,,,,,"https://www.google.com/maps/search/?api=1&query=M%E1%BB%B3%20Cay%20Seoul%20H%C3%A0n%20Qu%E1%BB%91c&query_place_id=ChIJAaL7_GlbNDERk8kScBxGkkI","Nhà hàng"
"Canteen HOLA","3.4","15",,"Hà Nội","Hòa Lạc, Hà Nội","VN",,"","Nhà hàng","Quán ăn tự phục vụ",,,,,"https://www.google.com/maps/search/?api=1&query=Canteen%20HOLA&query_place_id=ChIJ2Y20cPJbNDERtVlRmRWsfOE","Nhà hàng"
"Phở Gà Tuấn Hưng",,,"QL21A","Hà Nội","thạch thất, Hà Nội","VN","https://www.facebook.com/share/18cbrUQrwV/","+84 945 645 645","Nhà hàng",,,,,,"https://www.google.com/maps/search/?api=1&query=Ph%E1%BB%9F%20G%C3%A0%20Tu%E1%BA%A5n%20H%C6%B0ng&query_place_id=ChIJ8-ETmR-tNTERZW4DhCFbxDY","Nhà hàng"
"Bún Đậu Sơn béo","2.4","27","Thôn 3 QL21","Hà Nội","Hòa Lạc, Hà Nội","VN",,"+84 866 823 822","Nhà hàng gia đình",,,,,,"https://www.google.com/maps/search/?api=1&query=B%C3%BAn%20%C4%90%E1%BA%ADu%20S%C6%A1n%20b%C3%A9o&query_place_id=ChIJwbQpFWZbNDERW1A4GuxaRi8","Nhà hàng gia đình"
"Cơm bình dân Thanh Bình",,,"XGR8+6F5, CT03","Hà Nội","Hòa Lạc, Hà Nội","VN",,"","Nhà hàng gia đình",,,,,,"https://www.google.com/maps/search/?api=1&query=C%C6%A1m%20b%C3%ACnh%20d%C3%A2n%20Thanh%20B%C3%ACnh&query_place_id=ChIJV7fjBwBbNDERydNmbFbuPTM","Nhà hàng gia đình"
"Phở Bò Chí Hiếu","3.5","22","XGR8+27F","Hà Nội","Yên Xuân, Hà Nội","VN",,"","Nhà hàng phở",,,,,,"https://www.google.com/maps/search/?api=1&query=Ph%E1%BB%9F%20B%C3%B2%20Ch%C3%AD%20Hi%E1%BA%BFu&query_place_id=ChIJp05nUXZbNDER5qi2_6wZ1N0","Nhà hàng phở"
"Vịt Quay Lê Hương",,,"2G2C+V9H","Hà Nội","Hòa Lạc, Hà Nội","VN",,"","Quán ăn nhỏ",,,,,,"https://www.google.com/maps/search/?api=1&query=V%E1%BB%8Bt%20Quay%20L%C3%AA%20H%C6%B0%C6%A1ng&query_place_id=ChIJJft1fABbNDERBnkL1Q68Sts","Quán ăn nhỏ"
"Quán Bia Vàng 999",,,"2G2C+443","Hà Nội","Hòa Lạc, Hà Nội","VN",,"","Quán bia sân vườn",,,,,,"https://www.google.com/maps/search/?api=1&query=Qu%C3%A1n%20Bia%20V%C3%A0ng%20999&query_place_id=ChIJT0AmbQBbNDERvRn2nretB2w","Quán bia sân vườn"
"Quán phở Minh Đức",,,"2G2C+V99","Hà Nội","Hòa Lạc, Hà Nội","VN",,"","Nhà hàng gia đình",,,,,,"https://www.google.com/maps/search/?api=1&query=Qu%C3%A1n%20ph%E1%BB%9F%20Minh%20%C4%90%E1%BB%A9c&query_place_id=ChIJp_JZegBbNDERwbrge2vdrQY","Nhà hàng gia đình"
"Quán vịt Xuân Lan",,,"2G2C+V9H","Hà Nội","Hòa Lạc, Hà Nội","VN",,"","Nhà hàng",,,,,,"https://www.google.com/maps/search/?api=1&query=Qu%C3%A1n%20v%E1%BB%8Bt%20Xu%C3%A2n%20Lan&query_place_id=ChIJ80scHwBbNDER4AIxGn8Mt_E","Nhà hàng"
"Phở Bò Trung Kiên",,,"2G3C+45C, QL21A","Hà Nội","Hòa Lạc, Hà Nội","VN",,"+84 973 138 721","Nhà hàng phở",,,,,,"https://www.google.com/maps/search/?api=1&query=Ph%E1%BB%9F%20B%C3%B2%20Trung%20Ki%C3%AAn&query_place_id=ChIJz4ExPABbNDERz4nHNFhw0KM","Nhà hàng phở"
"Nhà hàng Sông Xanh","3.7","7","2H8F+G4Q","Hà Nội","Hạ Bằng, Hà Nội","VN",,"+84 847 655 888","Nhà hàng châu Á",,,,,,"https://www.google.com/maps/search/?api=1&query=Nh%C3%A0%20h%C3%A0ng%20S%C3%B4ng%20Xanh&query_place_id=ChIJ1VPeCQBbNDER5wKPz7C0TsI","Nhà hàng châu Á"
"Hương Hùng Quán",,,"2H9M+7JR, Đường Phú Đa","Hà Nội","Hạ Bằng, Hà Nội","VN",,"","Nhà hàng",,,,,,"https://www.google.com/maps/search/?api=1&query=H%C6%B0%C6%A1ng%20H%C3%B9ng%20Qu%C3%A1n&query_place_id=ChIJmdrIYwBbNDERqXuTH5StCJU","Nhà hàng"
"NónViệt",,,"2H9H+CV3, Cầu","Hà Nội","Hạ Bằng, Hà Nội","VN",,"","Nhà hàng",,,,,,"https://www.google.com/maps/search/?api=1&query=N%C3%B3nVi%E1%BB%87t&query_place_id=ChIJ_ZoqQQBbNDEREInz--msgng","Nhà hàng"
"Quán Bà Béo",,,,"Hà Nội","Hạ Bằng, Hà Nội","VN",,"","Nhà hàng",,,,,,"https://www.google.com/maps/search/?api=1&query=Qu%C3%A1n%20B%C3%A0%20B%C3%A9o&query_place_id=ChIJe9goVBBaNDERD0vbUW2I2x0","Nhà hàng"
"Cơm Phở Trường Nghĩa","2.5","4",,"Hà Nội","Hạ Bằng, Hà Nội","VN","https://www.facebook.com/share/15kM8dJwM1/","+84 989 816 629","Quán mì",,,,,,"https://www.google.com/maps/search/?api=1&query=C%C6%A1m%20Ph%E1%BB%9F%20Tr%C6%B0%E1%BB%9Dng%20Ngh%C4%A9a&query_place_id=ChIJ3yfrK4BbNDERtMTMr6mmofI","Quán mì"
"Quán nhậu đêm-ăn đêm",,,"2H8G+Q9X","Hà Nội","Hạ Bằng, Hà Nội","VN",,"","Nhà hàng",,,,,,"https://www.google.com/maps/search/?api=1&query=Qu%C3%A1n%20nh%E1%BA%ADu%20%C4%91%C3%AAm-%C4%83n%20%C4%91%C3%AAm&query_place_id=ChIJ0QcELgBbNDERj8a5WYj8ufE","Nhà hàng"
"Bia hơi Ti en Ti",,,"2HCP+76X","Hà Nội","Hạ Bằng, Hà Nội","VN",,"+84 838 000 925","Nhà hàng gia đình",,,,,,"https://www.google.com/maps/search/?api=1&query=Bia%20h%C6%A1i%20Ti%20en%20Ti&query_place_id=ChIJo-mIbABbNDERng7CyGp2IYc","Nhà hàng gia đình"
"Quán Vườn Keo 1991","4.8","4","H13 Hà nội","Hà Nội","Hạ Bằng, Hà Nội","VN",,"+84 961 480 893","Nhà hàng","Điểm phát chẩn đồ ăn",,,,,"https://www.google.com/maps/search/?api=1&query=Qu%C3%A1n%20V%C6%B0%E1%BB%9Dn%20Keo%201991&query_place_id=ChIJQalejkBbNDERmWpg2Gxo8X8","Nhà hàng"
"Tây Phương Quán","4.1","36","ngõ 89 xóm Hoà Bình","Hà Nội","Hạ Bằng, Hà Nội","VN",,"+84 977 285 468","Nhà hàng",,,,,,"https://www.google.com/maps/search/?api=1&query=T%C3%A2y%20Ph%C6%B0%C6%A1ng%20Qu%C3%A1n&query_place_id=ChIJVwMY9w9aNDERcx6gU2LTDiQ","Nhà hàng"
"Nhà Hàng Gia Hân","4.1","25","2H8G+WV8","Hà Nội","Hạ Bằng, Hà Nội","VN","https://www.facebook.com/phuong.kieu.1","+84 978 177 014","Nhà hàng",,,,,,"https://www.google.com/maps/search/?api=1&query=Nh%C3%A0%20H%C3%A0ng%20Gia%20H%C3%A2n&query_place_id=ChIJV7e0NRFaNDER_-xiipPEhW0","Nhà hàng"
"Nhà Hàng Sông Quê","4","46","2H8F+QQ7","Hà Nội","Hạ Bằng, Hà Nội","VN",,"+84 938 581 988","Nhà hàng",,,,,,"https://www.google.com/maps/search/?api=1&query=Nh%C3%A0%20H%C3%A0ng%20S%C3%B4ng%20Qu%C3%AA&query_place_id=ChIJTwvNjxZaNDER3M28jn3cW8c","Nhà hàng"
"Nhà Hàng Tuấn Tú","3.8","95","2H8F+PJV","Hà Nội","Hạ Bằng, Hà Nội","VN",,"+84 966 787 666","Nhà hàng món cá",,,,,,"https://www.google.com/maps/search/?api=1&query=Nh%C3%A0%20H%C3%A0ng%20Tu%E1%BA%A5n%20T%C3%BA&query_place_id=ChIJKQ8MhhZaNDER6MnpGDF6iKE","Nhà hàng món cá"
"Nhà Hàng Tuấn Trâu","4.2","29",,"Hà Nội","Hạ Bằng, Hà Nội","VN",,"+84 988 345 658","Nhà hàng",,,,,,"https://www.google.com/maps/search/?api=1&query=Nh%C3%A0%20H%C3%A0ng%20Tu%E1%BA%A5n%20Tr%C3%A2u&query_place_id=ChIJW3HcIKhbNDERg9SetG4bAvc","Nhà hàng"
"Trình Béo Quán",,,"2H9J+GH6","Hà Nội","Hạ Bằng, Hà Nội","VN",,"","Nhà hàng",,,,,,"https://www.google.com/maps/search/?api=1&query=Tr%C3%ACnh%20B%C3%A9o%20Qu%C3%A1n&query_place_id=ChIJORJFcQBbNDERMndpRO_Vgeg","Nhà hàng"
"Lẩu Lòng Bò Tuấn Hùng",,,"2H9J+H26","Hà Nội","Hạ Bằng, Hà Nội","VN",,"","Nhà hàng gia đình",,,,,,"https://www.google.com/maps/search/?api=1&query=L%E1%BA%A9u%20L%C3%B2ng%20B%C3%B2%20Tu%E1%BA%A5n%20H%C3%B9ng&query_place_id=ChIJj61dBgBbNDERXktk5dF7M2M","Nhà hàng gia đình"
"Hồng Kông Quán","5","3","XGPM+RV3","Hà Nội","Hòa Lạc, Hà Nội","VN",,"+84 962 827 590","Quán bia",,,,,,"https://www.google.com/maps/search/?api=1&query=H%E1%BB%93ng%20K%C3%B4ng%20Qu%C3%A1n&query_place_id=ChIJtyV2AQBbNDER7fqgnCydrX0","Quán bia"
"Highlands Coffee FV3 FPT Hoa Lac","4.2","44","Hi-tech","Hà Nội","Thạch Thất, Hà Nội","VN","https://www.highlandscoffee.com.vn/","","Quán cà phê",,,,,,"https://www.google.com/maps/search/?api=1&query=Highlands%20Coffee%20FV3%20FPT%20Hoa%20Lac&query_place_id=ChIJ3_pnIUNbNDERMHeogH3Sqmw","Quán cà phê"
"Mơ Coffee","4.3","32","Khu Công Nghệ Cao Hòa Lạc","Hà Nội","Hòa Lạc, Hà Nội","VN",,"+84 868 288 100","Quán cà phê",,,,,,"https://www.google.com/maps/search/?api=1&query=M%C6%A1%20Coffee&query_place_id=ChIJwZ0bom9bNDER8mvZsORDO3c","Quán cà phê"
"Duy Tân Cafeteria","4.3","8","Khu Công Nghệ Cao Hòa Lạc, F-Ville 1, Khu CNC Hòa Lạc, FPT Software","Hà Nội","Hòa Lạc, Hà Nội","VN","https://www.facebook.com/duytancafe","+84 936 323 268","Quán cà phê",,,,,,"https://www.google.com/maps/search/?api=1&query=Duy%20T%C3%A2n%20Cafeteria&query_place_id=ChIJlYkj2blbNDER9Vuc6QuFdz4","Quán cà phê"
"Căng Tin Vườn Uơm",,,"2G5M+WF","Hà Nội","Hòa Lạc, Hà Nội","VN",,"","Nhà hàng",,,,,,"https://www.google.com/maps/search/?api=1&query=C%C4%83ng%20Tin%20V%C6%B0%E1%BB%9Dn%20U%C6%A1m&query_place_id=ChIJEZHvXgBbNDER6wMalbjHx8M","Nhà hàng"
"Twitter Beans Coffee NIC","5","2","Trung tâm Đổi mới sáng tạo Quốc gia, Khu Công Nghệ Cao Hòa Lạc","Hà Nội","Hòa Lạc, Hà Nội","VN","https://twitterbeanscoffee.com/","","Quán cà phê",,,,,,"https://www.google.com/maps/search/?api=1&query=Twitter%20Beans%20Coffee%20NIC&query_place_id=ChIJCyUnXwBbNDERCSEaeFzLln0","Quán cà phê"
"Xôi Bánh Mì Cafe Mazda 6","3","4","2G7H+33Q Điểm Đỗ Xe Buýt","Hà Nội","Hòa Lạc, Hà Nội","VN",,"+84 984 598 886","Gian hàng rong",,,,,,"https://www.google.com/maps/search/?api=1&query=X%C3%B4i%20B%C3%A1nh%20M%C3%AC%20Cafe%20Mazda%206&query_place_id=ChIJ7VKOdABbNDERYZEWQa1Bv1c","Gian hàng rong"
"Cafe Nhà Muối","5","4","155 Đ. Chi Quan","Hà Nội","Thạch Thất, Hà Nội","VN",,"","Quán cà phê",,,,,,"https://www.google.com/maps/search/?api=1&query=Cafe%20Nh%C3%A0%20Mu%E1%BB%91i&query_place_id=ChIJiR4oDQBZNDERCpEuz6BOfmQ","Quán cà phê"
"152 thị trấn liên quan thạch thất hà nội","5","1","3H3H+W7V","Hà Nội","Thạch Thất, Hà Nội","VN",,"","Nhà hàng ăn nhanh",,,,,,"https://www.google.com/maps/search/?api=1&query=152%20th%E1%BB%8B%20tr%E1%BA%A5n%20li%C3%AAn%20quan%20th%E1%BA%A1ch%20th%E1%BA%A5t%20h%C3%A0%20n%E1%BB%99i&query_place_id=ChIJt5S-TABZNDERYN_5911YiKE","Nhà hàng ăn nhanh"
"Lá Cafe & Tea","5","5","92","Hà Nội","Thạch Thất, Hà Nội","VN",,"","Quán cà phê",,,,,,"https://www.google.com/maps/search/?api=1&query=L%C3%A1%20Cafe%20%26%20Tea&query_place_id=ChIJUbHYKABZNDERn-GfQ6SjXys","Quán cà phê"
"Bánh cuốn lạng sơn",,,"10 Đ. Chi Quan","Hà Nội","Thạch Thất, Hà Nội","VN",,"","Nhà hàng",,,,,,"https://www.google.com/maps/search/?api=1&query=B%C3%A1nh%20cu%E1%BB%91n%20l%E1%BA%A1ng%20s%C6%A1n&query_place_id=ChIJs2iBUgBZNDERwUoGKCb1byA","Nhà hàng"
"Nhà Hàng Sao Việt","4.5","2","nhà hàng sao việt nằm trong khuôn viên trường đại học FPT","Hà Nội","Hòa Lạc, Hà Nội","VN","http://wwthucphamsaoviet.vn/","+84 915 674 614","Quán ăn nhỏ",,,,,,"https://www.google.com/maps/search/?api=1&query=Nh%C3%A0%20H%C3%A0ng%20Sao%20Vi%E1%BB%87t&query_place_id=ChIJF_mNyDFbNDERXNcije7cfjw","Quán ăn nhỏ"
"Lẩu Bò Đức Béo","5","16","Ngã tư, Khu Công Nghệ Cao Hòa Lạc, 21 ĐL Thăng Long","Hà Nội","Hòa Lạc, Hà Nội","VN","https://www.facebook.com/lauboducbeo","+84 962 413 658","Nhà hàng món lẩu",,,,,,"https://www.google.com/maps/search/?api=1&query=L%E1%BA%A9u%20B%C3%B2%20%C4%90%E1%BB%A9c%20B%C3%A9o&query_place_id=ChIJ9T3_ZN6tNTER4tFvkFcq2LA","Nhà hàng món lẩu"
"Get&Go Cafe","4.7","115","QL21B","Hà Nội","Hòa Lạc, Hà Nội","VN","http://getngo.vn/","+84 981 469 889","Quán cà phê","Nhà hàng bán đồ ăn mang về",,,,,"https://www.google.com/maps/search/?api=1&query=Get%26Go%20Cafe&query_place_id=ChIJ6f6N3XhbNDERQgnadWt3m7k","Quán cà phê"
"Bia Hơi Chuẩn Hoàng Hoa Thám","5","1","Đường 21","Hà Nội","Hòa Lạc, Hà Nội","VN",,"","Nhà hàng",,,,,,"https://www.google.com/maps/search/?api=1&query=Bia%20H%C6%A1i%20Chu%E1%BA%A9n%20Ho%C3%A0ng%20Hoa%20Th%C3%A1m&query_place_id=ChIJYQh0iAlbNDER9rfwlb6HnH0","Nhà hàng"
"Góc Phố Quán","4.5","25","2G2C+FHX","Hà Nội","Hòa Lạc, Hà Nội","VN",,"","Nhà hàng",,,,,,"https://www.google.com/maps/search/?api=1&query=G%C3%B3c%20Ph%E1%BB%91%20Qu%C3%A1n&query_place_id=ChIJUdaBfxlbNDERnHpo5VmEWnw","Nhà hàng"
"Quán Dê Tỉnh Hoa","4.8","6","XGRC+WJW, Unnamed Road","Hà Nội","Hòa Lạc, Hà Nội","VN",,"+84 972 094 333","Nhà hàng",,,,,,"https://www.google.com/maps/search/?api=1&query=Qu%C3%A1n%20D%C3%AA%20T%E1%BB%89nh%20Hoa&query_place_id=ChIJ2c9oZ_tbNDERmflaGRs22S4","Nhà hàng"
"Cơm Xe Tải Ninh Nguyễn","5","4","XGWF+77C","Hà Nội","Hòa Lạc, Hà Nội","VN",,"","Nhà hàng cơm",,,,,,"https://www.google.com/maps/search/?api=1&query=C%C6%A1m%20Xe%20T%E1%BA%A3i%20Ninh%20Nguy%E1%BB%85n&query_place_id=ChIJ1c7XTQBbNDER93c-wYkoakw","Nhà hàng cơm"
"Vườn Bia 86","5","3","2G2C+5VG","Hà Nội","Hòa Lạc, Hà Nội","VN",,"","Quán bia sân vườn",,,,,,"https://www.google.com/maps/search/?api=1&query=V%C6%B0%E1%BB%9Dn%20Bia%2086&query_place_id=ChIJKWbMVgBbNDERvnjlJBWsk7I","Quán bia sân vườn"
"Cơm Xe Tải Thanh Huyền","5","4","XGWF+57P","Hà Nội","Hòa Lạc, Hà Nội","VN",,"+84 987 746 158","Nhà hàng cơm",,,,,,"https://www.google.com/maps/search/?api=1&query=C%C6%A1m%20Xe%20T%E1%BA%A3i%20Thanh%20Huy%E1%BB%81n&query_place_id=ChIJeQgqXABbNDERoFI7qBYCxe8","Nhà hàng cơm"
"Quán Ăn Đêm Tuấn Hằng","5","4","XGWF+J5R","Hà Nội","Hòa Lạc, Hà Nội","VN",,"+84 964 495 509","Nhà hàng châu Á",,,,,,"https://www.google.com/maps/search/?api=1&query=Qu%C3%A1n%20%C4%82n%20%C4%90%C3%AAm%20Tu%E1%BA%A5n%20H%E1%BA%B1ng&query_place_id=ChIJ6QaxRQBbNDERd-g99JLFpHY","Nhà hàng châu Á"
"Bún Cá Thái Bình","5","3","XGWF+96Q, QL21A","Hà Nội","Hòa Lạc, Hà Nội","VN",,"+84 901 513 669","Quán mì",,,,,,"https://www.google.com/maps/search/?api=1&query=B%C3%BAn%20C%C3%A1%20Th%C3%A1i%20B%C3%ACnh&query_place_id=ChIJSb9y_JtbNDERHGhg2gQLGu8","Quán mì"
"Bún Bò Huế Đức Duy","4.8","6",,"Hà Nội","Hòa Lạc, Hà Nội","VN",,"+84 973 271 135","Quán ăn nhỏ",,,,,,"https://www.google.com/maps/search/?api=1&query=B%C3%BAn%20B%C3%B2%20Hu%E1%BA%BF%20%C4%90%E1%BB%A9c%20Duy&query_place_id=ChIJ-XmK80lbNDERPF6XpDn3Tok","Quán ăn nhỏ"
"Phở Hoàn Vộc","4.1","88","Ngã 3, CT03","Hà Nội","Hòa Lạc, Hà Nội","VN",,"+84 984 297 886","Nhà hàng phở",,,,,,"https://www.google.com/maps/search/?api=1&query=Ph%E1%BB%9F%20Ho%C3%A0n%20V%E1%BB%99c&query_place_id=ChIJQTXNxOBbNDER_26jAuEmTJc","Nhà hàng phở"
"Bún Bò Huế Ngự Bình","4.4","85","XGXF+J39","Hà Nội","Hòa Lạc, Hà Nội","VN",,"+84 359 763 599","Quán mì",,,,,,"https://www.google.com/maps/search/?api=1&query=B%C3%BAn%20B%C3%B2%20Hu%E1%BA%BF%20Ng%E1%BB%B1%20B%C3%ACnh&query_place_id=ChIJbTzvh1BbNDERsRh8dzH49P0","Quán mì"
"Nhà Hàng Đức Dê Tươi","4.8","54","QL21","Hà Nội","Hòa Lạc, Hà Nội","VN",,"+84 813 307 666","Nhà hàng",,,,,,"https://www.google.com/maps/search/?api=1&query=Nh%C3%A0%20H%C3%A0ng%20%C4%90%E1%BB%A9c%20D%C3%AA%20T%C6%B0%C6%A1i&query_place_id=ChIJHYgROgBbNDERS9-86VBGjq0","Nhà hàng"
"Bánh Đa Cá Rô Đồng - Quỳnh Trâm","5","1","130 cụm 1","Hà Nội","Hòa Lạc, Hà Nội","VN",,"","Nhà hàng gia đình",,,,,,"https://www.google.com/maps/search/?api=1&query=B%C3%A1nh%20%C4%90a%20C%C3%A1%20R%C3%B4%20%C4%90%E1%BB%93ng%20-%20Qu%E1%BB%B3nh%20Tr%C3%A2m&query_place_id=ChIJlTAacgBbNDERz9wUAqth0Ug","Nhà hàng gia đình"
"Lòng Và","5","2","XGWF+M4Q, Unnamed","Hà Nội","Hòa Lạc, Hà Nội","VN",,"+84 977 601 990","Nhà hàng",,,,,,"https://www.google.com/maps/search/?api=1&query=L%C3%B2ng%20V%C3%A0&query_place_id=ChIJoSAeLgBbNDER10UK-XEkI34","Nhà hàng"
"Phở Mạnh Cường","4.6","164","21, Khu Công Nghệ Cao Hòa Lạc, Ngã tư, CT03","Hà Nội","Hòa Lạc, Hà Nội","VN","http://phomanhcuong.com/","+84 989 500 556","Nhà hàng","Nhà hàng cơm",,,,,"https://www.google.com/maps/search/?api=1&query=Ph%E1%BB%9F%20M%E1%BA%A1nh%20C%C6%B0%E1%BB%9Dng&query_place_id=ChIJfb98R7VbNDERRaXmEAYSbdM","Nhà hàng"
"Nhà Hàng Nguyễn Gia","4.3","247","Số 102 thôn 2","Hà Nội","Hòa Lạc, Hà Nội","VN",,"+84 985 292 186","Nhà hàng",,,,,,"https://www.google.com/maps/search/?api=1&query=Nh%C3%A0%20H%C3%A0ng%20Nguy%E1%BB%85n%20Gia&query_place_id=ChIJqUUTkzpbNDERi8K_NaI6aEo","Nhà hàng"
"Nhà Hàng Tây Bắc",,,"QL. 21A","Hà Nội","Hòa Lạc, Hà Nội","VN",,"+84 981 399 315","Nhà hàng",,,,,,"https://www.google.com/maps/search/?api=1&query=Nh%C3%A0%20H%C3%A0ng%20T%C3%A2y%20B%E1%BA%AFc&query_place_id=ChIJb7BLFBpbNDERlaf12LOP-5k","Nhà hàng"
"Cơm Niêu Phú Ông","3.9","99","Khu Công Nghệ Cao Hòa Lạc, Số 572 - QL21","Hà Nội","Hòa Lạc, Hà Nội","VN",,"+84 983 426 633","Nhà hàng cơm",,,,,,"https://www.google.com/maps/search/?api=1&query=C%C6%A1m%20Ni%C3%AAu%20Ph%C3%BA%20%C3%94ng&query_place_id=ChIJjeK6NbVbNDERr78CS12xC-g","Nhà hàng cơm"
"Quán Tổ Chim","4.1","34","2G2C+5MF, QL21","Hà Nội","Hòa Lạc, Hà Nội","VN",,"+84 932 292 116","Nhà hàng",,,,,,"https://www.google.com/maps/search/?api=1&query=Qu%C3%A1n%20T%E1%BB%95%20Chim&query_place_id=ChIJTZinv-lbNDERxSZbjbT79js","Nhà hàng"
"Nhà Hàng Gà Thành Trung","4.1","119","Số 10 Cụm 1","Hà Nội","Thạch Thất, Hà Nội","VN","https://garithanhtrung.com/","+84 974 255 619","Nhà hàng thịt gà","Cửa hàng thịt gà","Nhà hàng cao cấp","Nhà hàng","Nhà hàng cơm","Nhà hàng Việt Nam","https://www.google.com/maps/search/?api=1&query=Nh%C3%A0%20H%C3%A0ng%20G%C3%A0%20Th%C3%A0nh%20Trung&query_place_id=ChIJ51wf8adbNDERPUTpGxvPvt4","Nhà hàng thịt gà"
"Bún Cá Hola","4.8","4","XGXC+8XR","Hà Nội","Hòa Lạc, Hà Nội","VN",,"+84 988 886 703","Quán ăn nhỏ",,,,,,"https://www.google.com/maps/search/?api=1&query=B%C3%BAn%20C%C3%A1%20Hola&query_place_id=ChIJC4QxUQBbNDERixbjp4wZ7jE","Quán ăn nhỏ"
"Cơm Nhất Linh","4.2","10","2G2C+CJ3","Hà Nội","Hòa Lạc, Hà Nội","VN",,"","Nhà hàng cơm",,,,,,"https://www.google.com/maps/search/?api=1&query=C%C6%A1m%20Nh%E1%BA%A5t%20Linh&query_place_id=ChIJ5d5VYFhbNDERJqtYs521ask","Nhà hàng cơm"
"Chicken & Tea K.P.96","5","2","XGVF+R8M","Hà Nội","Hòa Lạc, Hà Nội","VN",,"","Quán gà rán mang đi",,,,,,"https://www.google.com/maps/search/?api=1&query=Chicken%20%26%20Tea%20K.P.96&query_place_id=ChIJjcAgRBlbNDERdy2iUbrClyg","Quán gà rán mang đi"
"Nhà Hàng Duy Anh","4.1","54","XGWF+66P, QL21","Hà Nội","Hòa Lạc, Hà Nội","VN",,"+84 916 028 834","Nhà hàng",,,,,,"https://www.google.com/maps/search/?api=1&query=Nh%C3%A0%20H%C3%A0ng%20Duy%20Anh&query_place_id=ChIJ1WGgXBpbNDERy7BekdVbTRo","Nhà hàng"
"Bún Chả Thuỷ Tiên","4.3","9","XGVF+GP2","Hà Nội","Hòa Lạc, Hà Nội","VN",,"+84 974 357 462","Nhà hàng chuyên phục vụ bữa sáng",,,,,,"https://www.google.com/maps/search/?api=1&query=B%C3%BAn%20Ch%E1%BA%A3%20Thu%E1%BB%B7%20Ti%C3%AAn&query_place_id=ChIJA6qFUFhbNDER1wP0yHTW7Jw","Nhà hàng chuyên phục vụ bữa sáng"
"Cơm Hoàng Tuyết 2",,,"XGXC+8WQ","Hà Nội","Hòa Lạc, Hà Nội","VN",,"","Nhà hàng cơm",,,,,,"https://www.google.com/maps/search/?api=1&query=C%C6%A1m%20Ho%C3%A0ng%20Tuy%E1%BA%BFt%202&query_place_id=ChIJlQFnVABbNDER-k-iHVAn9Do","Nhà hàng cơm"
"Bún Chả Nhất","4.1","20","Số 498 Thôn 3","Hà Nội","Hòa Lạc, Hà Nội","VN",,"+84 989 157 979","Nhà hàng",,,,,,"https://www.google.com/maps/search/?api=1&query=B%C3%BAn%20Ch%E1%BA%A3%20Nh%E1%BA%A5t&query_place_id=ChIJ6zp0QRJbNDER3AJ4q6Ug1mI","Nhà hàng"
"Phở Vũ Gia Truyền","3.5","106",,"Hà Nội","Hòa Lạc, Hà Nội","VN","http://phovugiatruyen.com/","+84 767 215 789","Nhà hàng phở",,,,,,"https://www.google.com/maps/search/?api=1&query=Ph%E1%BB%9F%20V%C5%A9%20Gia%20Truy%E1%BB%81n&query_place_id=ChIJlemwCLpbNDER_akNoTeV1t0","Nhà hàng phở"
"Phở hiếu thảo","2.8","6","XGVF+J8H","Hà Nội","Hòa Lạc, Hà Nội","VN",,"","Nhà hàng phở",,,,,,"https://www.google.com/maps/search/?api=1&query=Ph%E1%BB%9F%20hi%E1%BA%BFu%20th%E1%BA%A3o&query_place_id=ChIJh7CDTgBbNDERqB7NcALkxAk","Nhà hàng phở"
"Phở Bò Thành Long","4.2","5","XGVF+V8M, Ngã ba Hòa Lạc, QL21","Hà Nội","Hòa Lạc, Hà Nội","VN",,"+84 967 823 097","Nhà hàng phở",,,,,,"https://www.google.com/maps/search/?api=1&query=Ph%E1%BB%9F%20B%C3%B2%20Th%C3%A0nh%20Long&query_place_id=ChIJeQ4tQOZbNDERUWJFrKRoI8c","Nhà hàng phở"
"Tuấn Tài Quán",,,"XGWF+279","Hà Nội","Hòa Lạc, Hà Nội","VN",,"","Nhà hàng",,,,,,"https://www.google.com/maps/search/?api=1&query=Tu%E1%BA%A5n%20T%C3%A0i%20Qu%C3%A1n&query_place_id=ChIJuxQEOABbNDERr7Vv2Dy8hqg","Nhà hàng"
"Cơm Thanh","4","1","XGXM+4CJ","Hà Nội","Hòa Lạc, Hà Nội","VN",,"","Quán ăn nhỏ",,,,,,"https://www.google.com/maps/search/?api=1&query=C%C6%A1m%20Thanh&query_place_id=ChIJ94ZbYgBbNDERmECARjOnCYw","Quán ăn nhỏ"
"Bún Cháo Tuấn Hưng Gà Mía","5","1","2G2C+FHX","Hà Nội","Hòa Lạc, Hà Nội","VN",,"","Quán mì",,,,,,"https://www.google.com/maps/search/?api=1&query=B%C3%BAn%20Ch%C3%A1o%20Tu%E1%BA%A5n%20H%C6%B0ng%20G%C3%A0%20M%C3%ADa&query_place_id=ChIJGbZkfwBbNDERJqYhy3uxZZE","Quán mì"
"Quán Gà Trâu Đức Tuân Tuyện Thắm","3.5","4","XGXF+427","Hà Nội","Hòa Lạc, Hà Nội","VN",,"+84 973 380 209","Nhà hàng thịt gà",,,,,,"https://www.google.com/maps/search/?api=1&query=Qu%C3%A1n%20G%C3%A0%20Tr%C3%A2u%20%C4%90%E1%BB%A9c%20Tu%C3%A2n%20Tuy%E1%BB%87n%20Th%E1%BA%AFm&query_place_id=ChIJ6Rt_a5NbNDERULS2dj56S80","Nhà hàng thịt gà"
"Bánh Mì Kebab 3T",,,"542 QL21","Hà Nội","Hòa Lạc, Hà Nội","VN",,"+84 968 223 713","Nhà hàng món bánh mì Thổ Nhĩ Kỳ","Quầy bánh mì kẹp xúc xích","Quầy giải khát",,,,"https://www.google.com/maps/search/?api=1&query=B%C3%A1nh%20M%C3%AC%20Kebab%203T&query_place_id=ChIJD5IMIrNbNDERjEn-PWMJ6f8","Nhà hàng món bánh mì Thổ Nhĩ Kỳ"
"Cơm Lâm Anh",,,"58 thôn 2","Hà Nội","Hòa Lạc, Hà Nội","VN",,"+84 984 548 723","Nhà hàng cơm",,,,,,"https://www.google.com/maps/search/?api=1&query=C%C6%A1m%20L%C3%A2m%20Anh&query_place_id=ChIJ7V3ALQBbNDERvfyCFBkAsA8","Nhà hàng cơm"
"Oanh Thân Lẩu Chó","3.4","5","XGXC+XQM","Hà Nội","Hòa Lạc, Hà Nội","VN",,"+84 975 296 168","Nhà hàng",,,,,,"https://www.google.com/maps/search/?api=1&query=Oanh%20Th%C3%A2n%20L%E1%BA%A9u%20Ch%C3%B3&query_place_id=ChIJyZtjwRVbNDERVwm55jYlP0o","Nhà hàng"
"Duy Nhất Phở bò Bún Bò Huế",,,"Chân, Cầu vượt Phú Cát CT03","Hà Nội","Hòa Lạc, Hà Nội","VN",,"+84 961 494 688","Nhà hàng ăn nhanh","Điểm phát chẩn đồ ăn",,,,,"https://www.google.com/maps/search/?api=1&query=Duy%20Nh%E1%BA%A5t%20Ph%E1%BB%9F%20b%C3%B2%20B%C3%BAn%20B%C3%B2%20Hu%E1%BA%BF&query_place_id=ChIJ78XebABbNDERvVHK97cYnEY","Nhà hàng ăn nhanh"
"Cơm Nam Hằng",,,"564 QL21","Hà Nội","Hòa Lạc, Hà Nội","VN",,"","Quán ăn nhỏ",,,,,,"https://www.google.com/maps/search/?api=1&query=C%C6%A1m%20Nam%20H%E1%BA%B1ng&query_place_id=ChIJxRxYMABbNDERCTsvuozKfk8","Quán ăn nhỏ"
"Quán Tuấn Ốc",,,"Cầu vượt Phú Cát","Hà Nội","Hòa Lạc, Hà Nội","VN",,"+84 988 265 849","Quán ăn nhỏ",,,,,,"https://www.google.com/maps/search/?api=1&query=Qu%C3%A1n%20Tu%E1%BA%A5n%20%E1%BB%90c&query_place_id=ChIJWTD06J9bNDERyyzkaT4M9EU","Quán ăn nhỏ"
"Canh Cá Rô Đồng Thái Bình",,,,"Hà Nội","Hòa Lạc, Hà Nội","VN",,"","Nhà hàng",,,,,,"https://www.google.com/maps/search/?api=1&query=Canh%20C%C3%A1%20R%C3%B4%20%C4%90%E1%BB%93ng%20Th%C3%A1i%20B%C3%ACnh&query_place_id=ChIJ8Rn8aJ9bNDERP_CV8bBDGT4","Nhà hàng"
"Cháo Miến Lươn Xứ Nghệ",,,"XGXC+4X9, QL21A","Hà Nội","Hòa Lạc, Hà Nội","VN",,"","Quán mì",,,,,,"https://www.google.com/maps/search/?api=1&query=Ch%C3%A1o%20Mi%E1%BA%BFn%20L%C6%B0%C6%A1n%20X%E1%BB%A9%20Ngh%E1%BB%87&query_place_id=ChIJdZR8NgBbNDERDrqeAyzEVLY","Quán mì"
"Nhà Hàng Hiếu Thuận","5","4","XHWQ+RV6, Liệp Mai","Hà Nội","Kiều Phú, Hà Nội","VN",,"","Nhà hàng",,,,,,"https://www.google.com/maps/search/?api=1&query=Nh%C3%A0%20H%C3%A0ng%20Hi%E1%BA%BFu%20Thu%E1%BA%ADn&query_place_id=ChIJ0zZYDQBbNDERbVPySpObsK0","Nhà hàng"
"Quán bia Hưng Đại Lộ","5","1","Thôn Liệp Mai","Hà Nội","Kiều Phú, Hà Nội","VN",,"+84 931 892 013","Quán bia",,,,,,"https://www.google.com/maps/search/?api=1&query=Qu%C3%A1n%20bia%20H%C6%B0ng%20%C4%90%E1%BA%A1i%20L%E1%BB%99&query_place_id=ChIJGdBaXwBbNDERP8onivVyXic","Quán bia"
"Phở Cồ Nam Định","5","4","XHVP+MHR, CT03","Hà Nội","Kiều Phú, Hà Nội","VN",,"+84 988 069 483","Nhà hàng phở",,,,,,"https://www.google.com/maps/search/?api=1&query=Ph%E1%BB%9F%20C%E1%BB%93%20Nam%20%C4%90%E1%BB%8Bnh&query_place_id=ChIJ9cIBfthbNDERfhfXVVU1BsU","Nhà hàng phở"
"Nhà Hàng Chiến Hong Kong","4.1","26","CT03","Hà Nội","Kiều Phú, Hà Nội","VN",,"+84 824 111 113","Nhà hàng",,,,,,"https://www.google.com/maps/search/?api=1&query=Nh%C3%A0%20H%C3%A0ng%20Chi%E1%BA%BFn%20Hong%20Kong&query_place_id=ChIJ4TSep3taNDER3jL-oPyOJyI","Nhà hàng"
"Quán Mèo Hải Lá","4.3","6","XHWQ+M42, Unnamed Road","Hà Nội","Kiều Phú, Hà Nội","VN",,"","Quán ăn nhỏ",,,,,,"https://www.google.com/maps/search/?api=1&query=Qu%C3%A1n%20M%C3%A8o%20H%E1%BA%A3i%20L%C3%A1&query_place_id=ChIJX13Lbr9bNDERb0qoDeD_MJ0","Quán ăn nhỏ"
"Bún Chả Trung Còi","4","4","XHVP+MHR, CT03","Hà Nội","Kiều Phú, Hà Nội","VN",,"+84 384 366 880","Quán mì",,,,,,"https://www.google.com/maps/search/?api=1&query=B%C3%BAn%20Ch%E1%BA%A3%20Trung%20C%C3%B2i&query_place_id=ChIJ65GF5pRbNDERO0UgbwCCXNQ","Quán mì"
"Quán Bia Hưởng Tuệ",,,"5 Liệp Mai","Hà Nội","Kiều Phú, Hà Nội","VN",,"+84 876 606 635","Quán bia",,,,,,"https://www.google.com/maps/search/?api=1&query=Qu%C3%A1n%20Bia%20H%C6%B0%E1%BB%9Fng%20Tu%E1%BB%87&query_place_id=ChIJ-4UYMgBbNDERGL-qG0t_zPk","Quán bia"
"Trung Còi Quán",,,"XHVP+MHR, CT03","Hà Nội","Kiều Phú, Hà Nội","VN",,"","Nhà hàng",,,,,,"https://www.google.com/maps/search/?api=1&query=Trung%20C%C3%B2i%20Qu%C3%A1n&query_place_id=ChIJpxCkNgBbNDERqnyZtFYrHVg","Nhà hàng"
"Nhà Hàng Hùng Râu","4.3","36","Cầu Chui Dân Sinh Số 15ĐCT08","Hà Nội","Kiều Phú, Hà Nội","VN",,"+84 985 517 988","Nhà hàng",,,,,,"https://www.google.com/maps/search/?api=1&query=Nh%C3%A0%20H%C3%A0ng%20Hu%CC%80ng%20R%C3%A2u&query_place_id=ChIJUxdgYvxbNDERx-afBtmOFqE","Nhà hàng"
"Phở Phú Hưng","4.6","40","CT03","Hà Nội","Kiều Phú, Hà Nội","VN",,"+84 975 663 159","Nhà hàng phở",,,,,,"https://www.google.com/maps/search/?api=1&query=Ph%E1%BB%9F%20Ph%C3%BA%20H%C6%B0ng&query_place_id=ChIJI_uGCY5bNDER6WFYDbc0AhI","Nhà hàng phở"
"Nhà Sàn Ao Quê","3.8","62","XHWP+JRG","Hà Nội","Kiều Phú, Hà Nội","VN",,"","Nhà hàng",,,,,,"https://www.google.com/maps/search/?api=1&query=Nh%C3%A0%20S%C3%A0n%20Ao%20Qu%C3%AA&query_place_id=ChIJR5zQEnpaNDER4t0PXs2iDP4","Nhà hàng"
"Nhà hàng Tùng Duong",,,"5 Liệp Mai","Hà Nội","Kiều Phú, Hà Nội","VN",,"+84 986 319 865","Nhà hàng",,,,,,"https://www.google.com/maps/search/?api=1&query=Nh%C3%A0%20h%C3%A0ng%20T%C3%B9ng%20Duong&query_place_id=ChIJT0s2HgBbNDERgILH4Sju5Xc","Nhà hàng"
"Phở Hải Hòa",,,"XHWP+2R","Hà Nội","Kiều Phú, Hà Nội","VN",,"","Nhà hàng phở",,,,,,"https://www.google.com/maps/search/?api=1&query=Ph%E1%BB%9F%20H%E1%BA%A3i%20H%C3%B2a&query_place_id=ChIJyxECRABbNDER_ymcu7KidqQ","Nhà hàng phở"
"Nhà hàng Đắc Bốn","5","3","Số 9 ngõ 33 Kim Bông","Hà Nội","Hạ Bằng, Hà Nội","VN",,"+84 986 481 558","Nhà hàng gia đình",,,,,,"https://www.google.com/maps/search/?api=1&query=Nh%C3%A0%20h%C3%A0ng%20%C4%90%E1%BA%AFc%20B%E1%BB%91n&query_place_id=ChIJXwYgdwBbNDERfymjQPYNDwM","Nhà hàng gia đình"
"Coffee An Nhiên Hoà Lạc","4.8","6",,"Hà Nội","Hạ Bằng, Hà Nội","VN",,"+84 965 676 755","Quán cà phê",,,,,,"https://www.google.com/maps/search/?api=1&query=Coffee%20An%20Nhi%C3%AAn%20Ho%C3%A0%20L%E1%BA%A1c&query_place_id=ChIJQYRxD1tbNDERz8TdJMcygtE","Quán cà phê"
"Ohio BBQ & Hotpot","4.3","81","88 ĐT419","Hà Nội","Hạ Bằng, Hà Nội","VN",,"+84 923 290 111","Nhà hàng tiệc đứng",,,,,,"https://www.google.com/maps/search/?api=1&query=Ohio%20BBQ%20%26%20Hotpot&query_place_id=ChIJsbtj40pZNDERS--N3C51zCI","Nhà hàng tiệc đứng"
"Nhà Hàng Bia 666","5","1","2HG6+F25, ĐT419","Hà Nội","Hạ Bằng, Hà Nội","VN",,"+84 982 888 217","Nhà hàng",,,,,,"https://www.google.com/maps/search/?api=1&query=Nh%C3%A0%20H%C3%A0ng%20Bia%20666&query_place_id=ChIJj-8qEwBbNDERbNp_MkTpolE","Nhà hàng"
"Bún Chả Bà Ly","4.8","4","2GFX+XHV","Hà Nội","Hạ Bằng, Hà Nội","VN",,"","Nhà hàng chuyên phục vụ bữa sáng",,,,,,"https://www.google.com/maps/search/?api=1&query=B%C3%BAn%20Ch%E1%BA%A3%20B%C3%A0%20Ly&query_place_id=ChIJtZ-KaQBbNDERpqlSUzk41TM","Nhà hàng chuyên phục vụ bữa sáng"
"Hằng Nga Quán","5","1","2GFX+HW5","Hà Nội","Hạ Bằng, Hà Nội","VN",,"","Nhà hàng",,,,,,"https://www.google.com/maps/search/?api=1&query=H%E1%BA%B1ng%20Nga%20Qu%C3%A1n&query_place_id=ChIJ-RhVJABbNDERPow_0K102Yg","Nhà hàng"
"Bếp 1996 cs2","4.2","48","2GGX+MMP","Hà Nội","Hạ Bằng, Hà Nội","VN","https://www.facebook.com/share/15t9E9QAHk/?mibextid=wwXIfr","+84 362 096 396","Nhà hàng gia đình",,,,,,"https://www.google.com/maps/search/?api=1&query=B%E1%BA%BFp%201996%20cs2&query_place_id=ChIJy1k8MwBbNDERrbnE5kfdIV0","Nhà hàng gia đình"
"Bún Phở Thanh Phương","4.7","6","2HC2+R4H","Hà Nội","Hạ Bằng, Hà Nội","VN",,"+84 961 762 683","Quán mì",,,,,,"https://www.google.com/maps/search/?api=1&query=B%C3%BAn%20Ph%E1%BB%9F%20Thanh%20Ph%C6%B0%C6%A1ng&query_place_id=ChIJyy7K3-FbNDER_Zg8kgJ88QQ","Quán mì"
"Bún Tùng Dương","5","2","419","Hà Nội","Hạ Bằng, Hà Nội","VN",,"","Nhà hàng chuyên phục vụ bữa sáng",,,,,,"https://www.google.com/maps/search/?api=1&query=B%C3%BAn%20T%C3%B9ng%20D%C6%B0%C6%A1ng&query_place_id=ChIJhSPDWTZbNDERye5QopURR4c","Nhà hàng chuyên phục vụ bữa sáng"
"Gà rán Hàn Quốc","4.2","10","2GFX+JP4","Hà Nội","Hạ Bằng, Hà Nội","VN",,"+84 986 840 174","Nhà hàng Hàn Quốc",,,,,,"https://www.google.com/maps/search/?api=1&query=G%C3%A0%20r%C3%A1n%20H%C3%A0n%20Qu%E1%BB%91c&query_place_id=ChIJZyLnJwBbNDEReDkVZSk9yT8","Nhà hàng Hàn Quốc"
"Mỳ cay seoul deli 7 cấp độ","4","56","221 thôn Mục Yên 1","Hà Nội","Hạ Bằng, Hà Nội","VN",,"+84 978 591 101","Nhà hàng Hàn Quốc",,,,,,"https://www.google.com/maps/search/?api=1&query=M%E1%BB%B3%20cay%20seoul%20deli%207%20c%E1%BA%A5p%20%C4%91%E1%BB%99&query_place_id=ChIJw0fdcQBbNDERmgLWRTadOV8","Nhà hàng Hàn Quốc"
"Seuol deli MỲ CAY 5 CẤP ĐỘ","4.2","5","2HC2+R4H","Hà Nội","Hạ Bằng, Hà Nội","VN",,"+84 978 591 101","Nhà hàng Hàn Quốc",,,,,,"https://www.google.com/maps/search/?api=1&query=Seuol%20deli%20M%E1%BB%B2%20CAY%205%20C%E1%BA%A4P%20%C4%90%E1%BB%98&query_place_id=ChIJR_JVegBbNDERJLizBPpWdhg","Nhà hàng Hàn Quốc"
"Jamstation Nhà Trên Xe","4.6","25","3G4J+MV8, Ngõ 53","Hà Nội","Đoài Phương, Hà Nội","VN",,"+84 365 053 089","Căn hộ nghỉ dưỡng cho thuê",,,,,,"https://www.google.com/maps/search/?api=1&query=Jamstation%20Nh%C3%A0%20Tr%C3%AAn%20Xe&query_place_id=ChIJX7G3CgBZNDERE6Yb5eNLgCs","Căn hộ nghỉ dưỡng cho thuê"
"Tiệm Bò Ah Béo","4.2","5","231 mục uyên 1","Hà Nội","Hạ Bằng, Hà Nội","VN",,"","Nhà hàng",,,,,,"https://www.google.com/maps/search/?api=1&query=Ti%E1%BB%87m%20B%C3%B2%20Ah%20B%C3%A9o&query_place_id=ChIJSze6BgBbNDERKg7ABrXW-3A","Nhà hàng"
"Vịt cỏ Hùng Khánh","5","2","Số 209 đường Tân Xã","Hà Nội","Hạ Bằng, Hà Nội","VN",,"+84 972 927 795","Nhà hàng",,,,,,"https://www.google.com/maps/search/?api=1&query=V%E1%BB%8Bt%20c%E1%BB%8F%20H%C3%B9ng%20Kh%C3%A1nh&query_place_id=ChIJ3aKPZEtbNDERfX8ETgQrFa0","Nhà hàng"
"Bánh Mỳ Bà Cam","5","2","Kim bông","Hà Nội","Hòa Lạc, Hà Nội","VN",,"+84 388 257 363","Quầy bánh mì kẹp xúc xích",,,,,,"https://www.google.com/maps/search/?api=1&query=B%C3%A1nh%20M%E1%BB%B3%20B%C3%A0%20Cam&query_place_id=ChIJH1CiNQZbNDER028XMilT8xE","Quầy bánh mì kẹp xúc xích"
"Phở Cồ Nam Định","4.8","4","2GPW+28P","Hà Nội","Hạ Bằng, Hà Nội","VN",,"","Nhà hàng phở",,,,,,"https://www.google.com/maps/search/?api=1&query=Ph%E1%BB%9F%20C%E1%BB%93%20Nam%20%C4%90%E1%BB%8Bnh&query_place_id=ChIJY2pEPwBbNDER4xiTjHwKoBk","Nhà hàng phở"
"King Bbq Buffet","3.7","6","419","Hà Nội","Hạ Bằng, Hà Nội","VN",,"+84 928 309 333","Nhà hàng châu Á",,,,,,"https://www.google.com/maps/search/?api=1&query=King%20Bbq%20Buffet&query_place_id=ChIJ1UksbgBbNDER5Mh9QPi8C1I","Nhà hàng châu Á"
"Phở Phúc Hậu","3.7","7","2HF2+43C","Hà Nội","Hạ Bằng, Hà Nội","VN",,"+84 982 298 559","Nhà hàng phở",,,,,,"https://www.google.com/maps/search/?api=1&query=Ph%E1%BB%9F%20Ph%C3%BAc%20H%E1%BA%ADu&query_place_id=ChIJvboFizJaNDERNE5YuZxqUXQ","Nhà hàng phở"
"Phở bò gia truyền",,,"2GFX+GMW","Hà Nội","Hòa Lạc, Hà Nội","VN",,"","Nhà hàng",,,,,,"https://www.google.com/maps/search/?api=1&query=Ph%E1%BB%9F%20b%C3%B2%20gia%20truy%E1%BB%81n&query_place_id=ChIJsU3kSABbNDERcvPeTA0IiAM","Nhà hàng"
"Cơm Chị Tép",,,"Ngã 3 Thôn Vân Lôi","Hà Nội","Hạ Bằng, Hà Nội","VN",,"","Nhà hàng cơm",,,,,,"https://www.google.com/maps/search/?api=1&query=C%C6%A1m%20Ch%E1%BB%8B%20T%C3%A9p&query_place_id=ChIJ-cKhNABbNDERmEzYlp3eo4I","Nhà hàng cơm"
"Bánh Đa Cua Hải Phòng","3.3","3","2HC2+R2X","Hà Nội","Hạ Bằng, Hà Nội","VN",,"","Quán mì",,,,,,"https://www.google.com/maps/search/?api=1&query=B%C3%A1nh%20%C4%90a%20Cua%20H%E1%BA%A3i%20Ph%C3%B2ng&query_place_id=ChIJ-82prDZbNDERL1FFYWYU3mE","Quán mì"
"Đội 2 Tân Xã Thạch Thất Hà Nội",,,"2GFX+HPW","Hà Nội","Hạ Bằng, Hà Nội","VN",,"","Nhà hàng Hàn Quốc",,,,,,"https://www.google.com/maps/search/?api=1&query=%C4%90%E1%BB%99i%202%20T%C3%A2n%20X%C3%A3%20Th%E1%BA%A1ch%20Th%E1%BA%A5t%20H%C3%A0%20N%E1%BB%99i&query_place_id=ChIJ-1TXbABbNDERUatoHbFmKnk","Nhà hàng Hàn Quốc"
"Phở Bò Tuấn Bình","3","2","2HC2+X32","Hà Nội","Hạ Bằng, Hà Nội","VN",,"+84 989 477 679","Nhà hàng phở",,,,,,"https://www.google.com/maps/search/?api=1&query=Ph%E1%BB%9F%20B%C3%B2%20Tu%E1%BA%A5n%20B%C3%ACnh&query_place_id=ChIJo23HtJ5bNDERV5n9aCjYqw0","Nhà hàng phở"
"Pizza & Fastfood Tân Xã","1.3","6","231","Hà Nội","Hạ Bằng, Hà Nội","VN",,"","Nhà hàng ăn nhanh",,,,,,"https://www.google.com/maps/search/?api=1&query=Pizza%20%26%20Fastfood%20T%C3%A2n%20X%C3%A3&query_place_id=ChIJu2l_OjVbNDERXBTsVOqPfCA","Nhà hàng ăn nhanh"
"Bún Cháo Anh Béo",,,"419","Hà Nội","Hạ Bằng, Hà Nội","VN",,"","Quán mì",,,,,,"https://www.google.com/maps/search/?api=1&query=B%C3%BAn%20Ch%C3%A1o%20Anh%20B%C3%A9o&query_place_id=ChIJsUREBQBbNDER0ZWZqkZAgE4","Quán mì"
"Nhà hàng Gia hưng cá sông",,,"322 đồng cam","Hà Nội","Thạch Thất, Hà Nội","VN",,"+84 984 550 287","Nhà hàng",,,,,,"https://www.google.com/maps/search/?api=1&query=Nh%C3%A0%20h%C3%A0ng%20Gia%20h%C6%B0ng%20c%C3%A1%20s%C3%B4ng&query_place_id=ChIJ0fNiLwBZNDERasxs67XKjII","Nhà hàng"
"Bún Đậu Phố",,,"3H2J+QGQ, Đường Không Tên, TT. Liên Quan","Hà Nội","Thạch Thất, Hà Nội","VN",,"","Nhà hàng",,,,,,"https://www.google.com/maps/search/?api=1&query=B%C3%BAn%20%C4%90%E1%BA%ADu%20Ph%E1%BB%91&query_place_id=ChIJk_-DewBZNDERsQG4BiGF7RE","Nhà hàng"
"Vườn bia tây phương",,,"2HCR+R3","Hà Nội","Tây Phương, Hà Nội","VN",,"","Quán bia",,,,,,"https://www.google.com/maps/search/?api=1&query=V%C6%B0%E1%BB%9Dn%20bia%20t%C3%A2y%20ph%C6%B0%C6%A1ng&query_place_id=ChIJfaEOHgBbNDERdrtYJycvb7g","Quán bia"
"Muội Coffee & Tea","4.9","34","ngõ 238 ĐT419","Hà Nội","Thạch Thất, Hà Nội","VN",,"+84 969 642 761","Quán cà phê",,,,,,"https://www.google.com/maps/search/?api=1&query=Mu%E1%BB%99i%20Coffee%20%26%20Tea&query_place_id=ChIJPyFj8qBRNDERRDnm1VaOaCE","Quán cà phê"
"Lẩu gà lá é Nhật Minh Thạch Thất","5","2","265 đồng cam","Hà Nội","Thạch Thất, Hà Nội","VN",,"+84 386 163 762","Quán ăn nhỏ",,,,,,"https://www.google.com/maps/search/?api=1&query=L%E1%BA%A9u%20g%C3%A0%20l%C3%A1%20%C3%A9%20Nh%E1%BA%ADt%20Minh%20Th%E1%BA%A1ch%20Th%E1%BA%A5t&query_place_id=ChIJXauq5E1ZNDER0kQTqdtCAhA","Quán ăn nhỏ"
"Café 91","5","2","2HXM+79C","Hà Nội","Thạch Thất, Hà Nội","VN",,"","Quán cà phê",,,,,,"https://www.google.com/maps/search/?api=1&query=Caf%C3%A9%2091&query_place_id=ChIJG41JAQBZNDERDKpvZf0oGak","Quán cà phê"
"Chu Coffee","4","21","chu coffe","Hà Nội","Thạch Thất, Hà Nội","VN",,"+84 927 923 838","Quán cà phê",,,,,,"https://www.google.com/maps/search/?api=1&query=Chu%20Coffee&query_place_id=ChIJ9bCavsdZNDERny5HDcFTzHg","Quán cà phê"
"MIXUE THẠCH THẤT - 396 Đồng Cam","4.6","31","396 Đồng Cam","Hà Nội","Thạch Thất, Hà Nội","VN",,"+84 355 365 399","Cửa hàng kem",,,,,,"https://www.google.com/maps/search/?api=1&query=MIXUE%20TH%E1%BA%A0CH%20TH%E1%BA%A4T%20-%20396%20%C4%90%E1%BB%93ng%20Cam&query_place_id=ChIJjdRxIgBZNDERLF-q-5EZlXQ","Cửa hàng kem"
"Trang Âu Coffee","5","7","416 Đồng Cam","Hà Nội","Thạch Thất, Hà Nội","VN",,"+84 975 894 122","Quán cà phê",,,,,,"https://www.google.com/maps/search/?api=1&query=Trang%20%C3%82u%20Coffee&query_place_id=ChIJFZkIfwBZNDER5vUR98o4IU0","Quán cà phê"
"TocoToco","4","20","410 đồng cam","Hà Nội","Thạch Thất, Hà Nội","VN","https://www.facebook.com/TocoTocoThachThat410DongCam","","Quán cà phê",,,,,,"https://www.google.com/maps/search/?api=1&query=TocoToco&query_place_id=ChIJI6t9yPZZNDERFfQalg-3nko","Quán cà phê"
"Quán ăn vặt 247","4.7","3","2G7F+VQ5","Hà Nội","Hòa Lạc, Hà Nội","VN",,"","Cửa hàng ăn nhanh",,,,,,"https://www.google.com/maps/search/?api=1&query=Qu%C3%A1n%20%C4%83n%20v%E1%BA%B7t%20247&query_place_id=ChIJcYfwJQBbNDERwQ2xC1GB08o","Cửa hàng ăn nhanh"
"Phở Nam Nhất","3.8","480","QL21","Hà Nội","Hòa Lạc, Hà Nội","VN","http://phonamnhat.com/","+84 385 748 668","Nhà hàng phở",,,,,,"https://www.google.com/maps/search/?api=1&query=Ph%E1%BB%9F%20Nam%20Nh%E1%BA%A5t&query_place_id=ChIJEWVJeuRbNDERZ67UxCpedgI","Nhà hàng phở"
"Bún chả 194","3.4","5","2GCC+W47","Hà Nội","Hòa Lạc, Hà Nội","VN",,"","Quán ăn nhẹ",,,,,,"https://www.google.com/maps/search/?api=1&query=B%C3%BAn%20ch%E1%BA%A3%20194&query_place_id=ChIJQVLiUcxbNDERbUNFKRSA3FY","Quán ăn nhẹ"
"Cháo Dinh Dưỡng Chung Phú","3.7","3","2GG9+8WQ, QL21","Hà Nội","Hòa Lạc, Hà Nội","VN",,"+84 329 885 055","Nhà hàng cháo",,,,,,"https://www.google.com/maps/search/?api=1&query=Ch%C3%A1o%20Dinh%20D%C6%B0%E1%BB%A1ng%20Chung%20Ph%C3%BA&query_place_id=ChIJLxWwxsdbNDER-mfzuENgsww","Nhà hàng cháo"
"Phở cồ Việt Hùng","1.3","3","2GH9+97C","Hà Nội","Hạ Bằng, Hà Nội","VN",,"","Nhà hàng phở",,,,,,"https://www.google.com/maps/search/?api=1&query=Ph%E1%BB%9F%20c%E1%BB%93%20Vi%E1%BB%87t%20H%C3%B9ng&query_place_id=ChIJfzfIEgBbNDERp4_HCde6S-Y","Nhà hàng phở"
"Cơm Huệ",,,"2G9C+QFJ","Hà Nội","Hòa Lạc, Hà Nội","VN",,"","Nhà hàng cơm",,,,,,"https://www.google.com/maps/search/?api=1&query=C%C6%A1m%20Hu%E1%BB%87&query_place_id=ChIJDTsHfj5bNDERcJ_TNQ-XW6M","Nhà hàng cơm"
"Tiger Tea 1998",,,"402 thôn 4","Hà Nội","Hòa Lạc, Hà Nội","VN",,"","Nhà hàng ăn nhanh",,,,,,"https://www.google.com/maps/search/?api=1&query=Tiger%20Tea%201998&query_place_id=ChIJvyQAYwBbNDERgKmvDPLeBTI","Nhà hàng ăn nhanh"
"Phở Phong Nhàn","5","3","QL21A","Hà Nội","Hòa Lạc, Hà Nội","VN","https://www.facebook.com/profile.php?id=100027647825451&mibextid=ZbWKwL","+84 985 579 351","Nhà hàng phở",,,,,,"https://www.google.com/maps/search/?api=1&query=Ph%E1%BB%9F%20Phong%20Nh%C3%A0n&query_place_id=ChIJC8PNSn1bNDERScaV0xont-Y","Nhà hàng phở"
"Lẩu Nam Khánh","4.8","4","QL21","Hà Nội","Hòa Lạc, Hà Nội","VN",,"+84 972 813 195","Quán ăn nhỏ",,,,,,"https://www.google.com/maps/search/?api=1&query=L%E1%BA%A9u%20Nam%20Kh%C3%A1nh&query_place_id=ChIJH-VfP4xbNDERi5rrZkiN-wc","Quán ăn nhỏ"
"Nhà hàng Song Phúc","4.8","4","2GFF+JR5","Hà Nội","Hòa Lạc, Hà Nội","VN",,"","Nhà hàng gia đình",,,,,,"https://www.google.com/maps/search/?api=1&query=Nh%C3%A0%20h%C3%A0ng%20Song%20Ph%C3%BAc&query_place_id=ChIJETobhdpbNDER75mzV03arao","Nhà hàng gia đình"
"Dê Ngon Nguyễn Gia","4.5","6","2GFC+G2H, QL21A","Hà Nội","Hòa Lạc, Hà Nội","VN",,"","Nhà hàng",,,,,,"https://www.google.com/maps/search/?api=1&query=D%C3%AA%20Ngon%20Nguy%E1%BB%85n%20Gia&query_place_id=ChIJ4wYOKABbNDERgY5raGgM_EE","Nhà hàng"
"Phở Hà Thành Phố Cổ","5","4","2GG9+JMH","Hà Nội","Hòa Lạc, Hà Nội","VN",,"","Nhà hàng phở",,,,,,"https://www.google.com/maps/search/?api=1&query=Ph%E1%BB%9F%20H%C3%A0%20Th%C3%A0nh%20Ph%E1%BB%91%20C%E1%BB%95&query_place_id=ChIJ3Q082yNbNDERFLq40PAWrt4","Nhà hàng phở"
"Cơm Tấm Bảo Uyên","5","1","Số 62 Phú Hữu","Hà Nội","Hòa Lạc, Hà Nội","VN",,"+84 971 932 901","Quán ăn nhỏ","Điểm phát chẩn đồ ăn",,,,,"https://www.google.com/maps/search/?api=1&query=C%C6%A1m%20T%E1%BA%A5m%20B%E1%BA%A3o%20Uy%C3%AAn&query_place_id=ChIJr83PSgBbNDERXMJadMfMWlA","Quán ăn nhỏ"
"Bún Chả Năm Hoài","4.3","72","Số 221 thôn 4","Hà Nội","Hòa Lạc, Hà Nội","VN",,"+84 969 828 386","Quán mì",,,,,,"https://www.google.com/maps/search/?api=1&query=B%C3%BAn%20Ch%E1%BA%A3%20N%C4%83m%20Ho%C3%A0i&query_place_id=ChIJ5xkVxPFbNDERSXhXMftf7PY","Quán mì"
"Bún Bảy Cường","4.7","11","2GH9+P25, QL21A","Hà Nội","Hòa Lạc, Hà Nội","VN",,"","Nhà hàng chuyên phục vụ bữa sáng",,,,,,"https://www.google.com/maps/search/?api=1&query=B%C3%BAn%20B%E1%BA%A3y%20C%C6%B0%E1%BB%9Dng&query_place_id=ChIJ7UDKZABbNDERAkwqWIIAz0k","Nhà hàng chuyên phục vụ bữa sáng"
"Quán Choén","5","1","2GGP+58R","Hà Nội","Hòa Lạc, Hà Nội","VN",,"","Quán ăn nhẹ",,,,,,"https://www.google.com/maps/search/?api=1&query=Qu%C3%A1n%20Cho%C3%A9n&query_place_id=ChIJN3VoZQBbNDERBzrE91BDlCU","Quán ăn nhẹ"
"Bia Hơi Vỹ Béo","4.7","3","2GH9+97C","Hà Nội","Hạ Bằng, Hà Nội","VN",,"+84 349 590 407","Nhà hàng","Quán bia sân vườn",,,,,"https://www.google.com/maps/search/?api=1&query=Bia%20H%C6%A1i%20V%E1%BB%B9%20B%C3%A9o&query_place_id=ChIJk1qMIABbNDERTtajM7X0CX8","Nhà hàng"
"Nhà hàng Thuỷ Tiên","4","1","125 Đ. Hòa Lạc","Hà Nội","Hạ Bằng, Hà Nội","VN",,"+84 977 261 393","Nhà hàng gia đình",,,,,,"https://www.google.com/maps/search/?api=1&query=Nh%C3%A0%20h%C3%A0ng%20Thu%E1%BB%B7%20Ti%C3%AAn&query_place_id=ChIJgRvYGwBbNDERzWED95EdIMM","Nhà hàng gia đình"
"Nhà",,,"2GF7+X2","Hà Nội","Hòa Lạc, Hà Nội","VN",,"","Nhà hàng",,,,,,"https://www.google.com/maps/search/?api=1&query=Nh%C3%A0&query_place_id=ChIJX1bdEQBbNDERrlrPGcpPFF4","Nhà hàng"
"Bánh Cuốn Thanh Đức","4.1","20","2GGC+622, QL21A","Hà Nội","Hòa Lạc, Hà Nội","VN",,"+84 344 384 683","Quán mì",,,,,,"https://www.google.com/maps/search/?api=1&query=B%C3%A1nh%20Cu%E1%BB%91n%20Thanh%20%C4%90%E1%BB%A9c&query_place_id=ChIJ_1gtuJJbNDERjpgld2bv5T0","Quán mì"
"Lẩu Nướng Đăng Đính","4","4","Cây xăng Kho K86, Hòa Lạc","Hà Nội","Hòa Lạc, Hà Nội","VN",,"+84 969 224 197","Nhà hàng",,,,,,"https://www.google.com/maps/search/?api=1&query=L%E1%BA%A9u%20N%C6%B0%E1%BB%9Bng%20%C4%90%C4%83ng%20%C4%90%C3%ADnh&query_place_id=ChIJLcedGN1bNDERnIovDEh4Jok","Nhà hàng"
"Quán bia hơi Đông Mạnh","1","1","31 ĐT420","Hà Nội","Hòa Lạc, Hà Nội","VN",,"+84 972 246 269","Quán bia",,,,,,"https://www.google.com/maps/search/?api=1&query=Qu%C3%A1n%20bia%20h%C6%A1i%20%C4%90%C3%B4ng%20M%E1%BA%A1nh&query_place_id=ChIJgSZdTwBbNDERC9vYgwsp0Jc","Quán bia"
"Nhà Hàng Thế giới Bò","3","8","Asean Resort/21a Chợ Hòa Lạc","Hà Nội","Thạch Thất, Hà Nội","VN",,"","Nhà hàng",,,,,,"https://www.google.com/maps/search/?api=1&query=Nh%C3%A0%20H%C3%A0ng%20Th%E1%BA%BF%20gi%E1%BB%9Bi%20B%C3%B2&query_place_id=ChIJU2Wr7BxbNDERZzWtsmCfemE","Nhà hàng"
"Ốc bia 88 Phú Hữu",,,,"Hà Nội","Hòa Lạc, Hà Nội","VN",,"+84 962 668 721","Quán bia sân vườn",,,,,,"https://www.google.com/maps/search/?api=1&query=%E1%BB%90c%20bia%2088%20Ph%C3%BA%20H%E1%BB%AFu&query_place_id=ChIJ-7kwkkJbNDER2aYmqNpM6hc","Quán bia sân vườn"
"Bún Bò Huế Tú Anh","3.3","7","2GGF+43C","Hà Nội","Hòa Lạc, Hà Nội","VN",,"","Quán mì",,,,,,"https://www.google.com/maps/search/?api=1&query=B%C3%BAn%20B%C3%B2%20Hu%E1%BA%BF%20T%C3%BA%20Anh&query_place_id=ChIJAYJuCQBbNDERQZ5DnJk7q8E","Quán mì"
"Hồng Kông Quán (CS3)",,,"2GGP+R78","Hà Nội","Hòa Lạc, Hà Nội","VN",,"","Quán bia",,,,,,"https://www.google.com/maps/search/?api=1&query=H%E1%BB%93ng%20K%C3%B4ng%20Qu%C3%A1n%20(CS3)&query_place_id=ChIJEaXvOQBbNDERAh6ToaRE76A","Quán bia"
"Bún Phở Tuyết Minh",,,"Số 1 Ngã ba","Hà Nội","Hòa Lạc, Hà Nội","VN",,"","Quán mì",,,,,,"https://www.google.com/maps/search/?api=1&query=B%C3%BAn%20Ph%E1%BB%9F%20Tuy%E1%BA%BFt%20Minh&query_place_id=ChIJbT6oVgBbNDERn6Mwhf-ft8k","Quán mì"
"Bún Trang Nhung",,,"2GGJ+MRQ","Hà Nội","Hòa Lạc, Hà Nội","VN",,"","Quán mì",,,,,,"https://www.google.com/maps/search/?api=1&query=B%C3%BAn%20Trang%20Nhung&query_place_id=ChIJJUY4fgBbNDERqcrqvIaCyR0","Quán mì"
"Nhà May Minh Tư",,,,"Hà Nội","Hạ Bằng, Hà Nội","VN",,"","Nhà hàng",,,,,,"https://www.google.com/maps/search/?api=1&query=Nh%C3%A0%20May%20Minh%20T%C6%B0&query_place_id=ChIJHcePGuZbNDERN6LcxqNBgkU","Nhà hàng"
"Quán Lẩu Đuôi Bò Hiếu Bùi","3.3","3","2GJ8+PJ2","Hà Nội","Hạ Bằng, Hà Nội","VN",,"+84 936 861 668","Nhà hàng",,,,,,"https://www.google.com/maps/search/?api=1&query=Qu%C3%A1n%20L%E1%BA%A9u%20%C4%90u%C3%B4i%20B%C3%B2%20Hi%E1%BA%BFu%20B%C3%B9i&query_place_id=ChIJbwGH7RBbNDERtN8Z5ZVTga4","Nhà hàng"
"Thanh Mộc Quán",,,,"Hà Nội","Hòa Lạc, Hà Nội","VN",,"","Nhà hàng",,,,,,"https://www.google.com/maps/search/?api=1&query=Thanh%20M%E1%BB%99c%20Qu%C3%A1n&query_place_id=ChIJTaN9A-lbNDERET9DsBluG1w","Nhà hàng"
"Nhà hàng vịt nướng Phú Gia",,,"887 QL21A","Hà Nội","Đoài Phương, Hà Nội","VN",,"+84 973 131 112","Nhà hàng",,,,,,"https://www.google.com/maps/search/?api=1&query=Nh%C3%A0%20h%C3%A0ng%20v%E1%BB%8Bt%20n%C6%B0%E1%BB%9Bng%20Ph%C3%BA%20Gia&query_place_id=ChIJG11Na8lZNDER5eS7_T0ki3k","Nhà hàng"
"Quán Vân Ốc",,,,"Hà Nội","Hòa Lạc, Hà Nội","VN",,"","Nhà hàng",,,,,,"https://www.google.com/maps/search/?api=1&query=Qu%C3%A1n%20V%C3%A2n%20%E1%BB%90c&query_place_id=ChIJxzH2HOlbNDERbDbGOfFpTcg","Nhà hàng"
"Mốc Tea & Coffee","4.7","19","225 Thôn 4","Hà Nội","Hòa Lạc, Hà Nội","VN","http://moccoffee95.vn/","","Quán cà phê",,,,,,"https://www.google.com/maps/search/?api=1&query=M%E1%BB%91c%20Tea%20%26%20Coffee&query_place_id=ChIJ10ol6GZbNDERnSmgvxdtO0k","Quán cà phê"
"The Coffee 68","4.1","115","Số 176 QL21","Hà Nội","Hòa Lạc, Hà Nội","VN",,"+84 988 434 471","Quán cà phê",,,,,,"https://www.google.com/maps/search/?api=1&query=The%20Coffee%2068&query_place_id=ChIJW4E-xCdbNDER9ybwhxqF1Cg","Quán cà phê"
"Quất coffee","5","5","Số 140 thôn 4","Hà Nội","Hòa Lạc, Hà Nội","VN",,"","Quán cà phê",,,,,,"https://www.google.com/maps/search/?api=1&query=Qu%E1%BA%A5t%20coffee&query_place_id=ChIJV-47EABbNDERM4s68SMgDWM","Quán cà phê"
"A Hiếu Tea & Coffee","5","1","792 Thôn 6","Hà Nội","Hòa Lạc, Hà Nội","VN",,"+84 974 505 992","Quán cà phê",,,,,,"https://www.google.com/maps/search/?api=1&query=A%20Hi%E1%BA%BFu%20Tea%20%26%20Coffee&query_place_id=ChIJiT-zSABfNDERVooNsWw4qI0","Quán cà phê"
"Black Rose Coffee Audio","4.2","44","2GFC+C6R, QL21","Hà Nội","Hòa Lạc, Hà Nội","VN",,"+84 915 005 235","Quán cà phê",,,,,,"https://www.google.com/maps/search/?api=1&query=Black%20Rose%20Coffee%20Audio&query_place_id=ChIJ2yjwNylbNDERyZaC9Pfdtss","Quán cà phê"
"Cafe Minh Đức","3.8","57","2GFC+X4R","Hà Nội","Hòa Lạc, Hà Nội","VN",,"+84 947 791 990","Quán cà phê",,,,,,"https://www.google.com/maps/search/?api=1&query=Cafe%20Minh%20%C4%90%E1%BB%A9c&query_place_id=ChIJhew77uhbNDERiRsYusfDfKA","Quán cà phê"
"Bánh Gato Thành Phát","4.7","59","36 QL21A","Hà Nội","Hòa Lạc, Hà Nội","VN",,"+84 906 066 585","Tiệm bánh",,,,,,"https://www.google.com/maps/search/?api=1&query=B%C3%A1nh%20Gato%20Th%C3%A0nh%20Ph%C3%A1t&query_place_id=ChIJyaga7a1bNDERBWc8jjjMMoc","Tiệm bánh"
"Chợ Hòa Lạc","4.3","1182","Đ. Hòa Lạc","Hà Nội","Hòa Lạc, Hà Nội","VN",,"+84 378 408 816","Chợ","Vườn","Công ty kinh doanh bất động sản",,,,"https://www.google.com/maps/search/?api=1&query=Ch%E1%BB%A3%20H%C3%B2a%20L%E1%BA%A1c&query_place_id=ChIJyZNniWirNTERIwPgyrSw_Ak","Chợ"
"Quán ăn vặt HOLA","5","5","Số 21 thôn 4","Hà Nội","Hòa Lạc, Hà Nội","VN",,"+84 912 640 185","Giao đồ ăn",,,,,,"https://www.google.com/maps/search/?api=1&query=Qu%C3%A1n%20%C4%83n%20v%E1%BA%B7t%20HOLA&query_place_id=ChIJ__ZOMBRbNDERN9cpxOF8vNI","Giao đồ ăn"
"1995 Coffee & Tea","4.4","5","2GJ8+JJQ, QL21A","Hà Nội","Hạ Bằng, Hà Nội","VN",,"+84 968 681 602","Quán cà phê",,,,,,"https://www.google.com/maps/search/?api=1&query=1995%20Coffee%20%26%20Tea&query_place_id=ChIJUcPJHe9bNDER6xeE5zS5aIA","Quán cà phê"
"Tiệm Kem Vani",,,"4 Đ. Hòa Lạc","Hà Nội","Hạ Bằng, Hà Nội","VN",,"+84 966 298 530","Cửa hàng kem",,,,,,"https://www.google.com/maps/search/?api=1&query=Ti%E1%BB%87m%20Kem%20Vani&query_place_id=ChIJraknFwBbNDERdmR8dCYxmf4","Cửa hàng kem"
"Quán phở 141",,,"141 Road 4","Hà Nội","Hòa Lạc, Hà Nội","VN",,"","Khu ăn uống",,,,,,"https://www.google.com/maps/search/?api=1&query=Qu%C3%A1n%20ph%E1%BB%9F%20141&query_place_id=ChIJ52a6QQBbNDER95Ys7S2_-M4","Khu ăn uống"
"Chè Duyên Hoà Lạc",,,"thôn 4 QL21","Hà Nội","Hòa Lạc, Hà Nội","VN",,"","Cửa hàng kem",,,,,,"https://www.google.com/maps/search/?api=1&query=Ch%C3%A8%20Duy%C3%AAn%20Ho%C3%A0%20L%E1%BA%A1c&query_place_id=ChIJizS0UABFNDERISuO4IIKEus","Cửa hàng kem"
"Vạn Thanh Cafe","5","7","2GP4+5C","Hà Nội","Hòa Lạc, Hà Nội","VN",,"+84 906 570 183","Quán cà phê",,,,,,"https://www.google.com/maps/search/?api=1&query=V%E1%BA%A1n%20Thanh%20Cafe&query_place_id=ChIJdcXxHq1bNDERcom-d4vb4To","Quán cà phê"
"Mai Garden Sơn Tây","4.9","63","Số 47 đường Hoa Bằng Lăng","Hà Nội","Đoài Phương, Hà Nội","VN","https://sites.google.com/view/maigardensontay/trang-ch%E1%BB%A7","+84 989 245 655","Khách sạn nghỉ dưỡng",,,,,,"https://www.google.com/maps/search/?api=1&query=Mai%20Garden%20S%C6%A1n%20T%C3%A2y&query_place_id=ChIJnYKM4bNZNDER0Ym8-PXTa4g","Khách sạn nghỉ dưỡng"
"Nhà Hàng Cây Mít","4.7","9","2H28+J89","Hà Nội","Hạ Bằng, Hà Nội","VN",,"","Nhà hàng",,,,,,"https://www.google.com/maps/search/?api=1&query=Nh%C3%A0%20H%C3%A0ng%20C%C3%A2y%20M%C3%ADt&query_place_id=ChIJid--b0NaNDERLcNhtljOaDo","Nhà hàng"
"Vườn Ẩm Thực Tuấn Thoan","4.6","12","2H37+Q9J","Hà Nội","Hạ Bằng, Hà Nội","VN",,"+84 987 672 737","Nhà hàng",,,,,,"https://www.google.com/maps/search/?api=1&query=V%C6%B0%E1%BB%9Dn%20%E1%BA%A8m%20Th%E1%BB%B1c%20Tu%E1%BA%A5n%20Thoan&query_place_id=ChIJex6l_P5bNDERrKgu36UvtRU","Nhà hàng"
"Quán bia Oanh Thư","5","1","XHX9+3H","Hà Nội","Hạ Bằng, Hà Nội","VN",,"","Quán bia",,,,,,"https://www.google.com/maps/search/?api=1&query=Qu%C3%A1n%20bia%20Oanh%20Th%C6%B0&query_place_id=ChIJ3TrMAwBbNDERbG0BJ9Ejprs","Quán bia"
"ToTa Coffee","4.8","12","đường Đồng Trúc","Hà Nội","Hạ Bằng, Hà Nội","VN",,"+84 972 853 723","Quán cà phê",,,,,,"https://www.google.com/maps/search/?api=1&query=ToTa%20Coffee&query_place_id=ChIJmdYnPwJbNDERklqjc5FAASo","Quán cà phê"
"Vườn Bưởi Quán Thêm Điền","5","2","ngõ 131/số 10 Hạ Bằng","Hà Nội","Hạ Bằng, Hà Nội","VN",,"+84 369 056 242","Nhà hàng",,,,,,"https://www.google.com/maps/search/?api=1&query=V%C6%B0%E1%BB%9Dn%20B%C6%B0%E1%BB%9Fi%20Qu%C3%A1n%20Th%C3%AAm%20%C4%90i%E1%BB%81n&query_place_id=ChIJy7-WslZbNDERWj9p_IIy-RE","Nhà hàng"
"Bún Cây Sữa","5","1",,"Hà Nội","Hạ Bằng, Hà Nội","VN",,"+84 335 562 568","Quán mì",,,,,,"https://www.google.com/maps/search/?api=1&query=B%C3%BAn%20C%C3%A2y%20S%E1%BB%AFa&query_place_id=ChIJgQ_lhZNbNDERAeuyGLuZ5sQ","Quán mì"
"Cafe Hát Cho Nhau Nghe","5","6","2H28+MF3, cổng làng","Hà Nội","Hạ Bằng, Hà Nội","VN",,"","Quán cà phê",,,,,,"https://www.google.com/maps/search/?api=1&query=Cafe%20H%C3%A1t%20Cho%20Nhau%20Nghe&query_place_id=ChIJZ73FdSFbNDERnxGSft1xWM4","Quán cà phê"
"Trúc Linh Quán Cua Đồng","4.2","98","XHRF+68W","Hà Nội","Hạ Bằng, Hà Nội","VN",,"+84 987 755 699","Nhà hàng",,,,,,"https://www.google.com/maps/search/?api=1&query=Tr%C3%BAc%20Linh%20Qu%C3%A1n%20Cua%20%C4%90%E1%BB%93ng&query_place_id=ChIJY4hb3GBaNDEREhBPxrcp4lM","Nhà hàng"
"Cafe Đàm Đồng Trúc","3.4","20","Unnamed Rd","Hà Nội","Hạ Bằng, Hà Nội","VN",,"+84 975 889 955","Quán cà phê",,,,,,"https://www.google.com/maps/search/?api=1&query=Cafe%20%C4%90a%CC%80m%20%C4%90%C3%B4%CC%80ng%20Tru%CC%81c&query_place_id=ChIJvTcO4WVaNDERx7GAikkCK28","Quán cà phê"
"Quán Chè Thập Cẩm Kiều Liên","5","1","XHVC+3MG, Đồng Kho - Đồng Trúc","Hà Nội","Hạ Bằng, Hà Nội","VN",,"+84 866 591 328","Cửa hàng kem",,,,,,"https://www.google.com/maps/search/?api=1&query=Qu%C3%A1n%20Ch%C3%A8%20Th%E1%BA%ADp%20C%E1%BA%A9m%20Ki%E1%BB%81u%20Li%C3%AAn&query_place_id=ChIJUZBYaQBbNDER50HQXk3R_1w","Cửa hàng kem"
"Karaoke Đại Lộ","5","2","XHQC+RRQ","Hà Nội","Hạ Bằng, Hà Nội","VN",,"","Quán bar karaoke",,,,,,"https://www.google.com/maps/search/?api=1&query=Karaoke%20%C4%90%E1%BA%A1i%20L%E1%BB%99&query_place_id=ChIJ5XO6UABbNDER2yt4g5xr0R0","Quán bar karaoke"
"Quán Nhậu 68",,,"2 ngõ 91 Đồng Trúc","Hà Nội","Hạ Bằng, Hà Nội","VN",,"+84 987 828 395","Quán bia",,,,,,"https://www.google.com/maps/search/?api=1&query=Qu%C3%A1n%20Nh%E1%BA%ADu%2068&query_place_id=ChIJ6Q_QPONbNDERIIMMW6POjPU","Quán bia"
"Trà Đá BĐS Đồng Trúc","4.3","23","XHQ8+WHR, Unnamed Road","Hà Nội","Hạ Bằng, Hà Nội","VN",,"+84 973 126 869","Quán cà phê",,,,,,"https://www.google.com/maps/search/?api=1&query=Tr%C3%A0%20%C4%90%C3%A1%20B%C4%90S%20%C4%90%E1%BB%93ng%20Tr%C3%BAc&query_place_id=ChIJBRDkFT9bNDERkhBYjyTUkm0","Quán cà phê"
"Karaoke Ánh Sao","4","4","2H26+9WF","Hà Nội","Hạ Bằng, Hà Nội","VN",,"+84 963 935 518","Quán cà phê",,,,,,"https://www.google.com/maps/search/?api=1&query=Karaoke%20%C3%81nh%20Sao&query_place_id=ChIJ03aEELJbNDERvf-kiYQljbI","Quán cà phê"
"X-men Message Karaoke","4","3","2H39+G2J","Hà Nội","Hạ Bằng, Hà Nội","VN",,"","Quán bar karaoke",,,,,,"https://www.google.com/maps/search/?api=1&query=X-men%20Message%20Karaoke&query_place_id=ChIJ_13dLABbNDERi1upvO0eoIk","Quán bar karaoke"
"Karaoke Công Minh",,,"XHVG+8JW, Thôn đồng kho","Hà Nội","Hạ Bằng, Hà Nội","VN",,"","Quán cà phê",,,,,,"https://www.google.com/maps/search/?api=1&query=Karaoke%20C%C3%B4ng%20Minh&query_place_id=ChIJUyMmVABbNDERQzOzGsMtDPA","Quán cà phê"
"Quán Bia Hoà Cường",,,"Đường Hạ Bằng","Hà Nội","Hạ Bằng, Hà Nội","VN",,"+84 373 802 758","Khu ăn uống",,,,,,"https://www.google.com/maps/search/?api=1&query=Qu%C3%A1n%20Bia%20Ho%C3%A0%20C%C6%B0%E1%BB%9Dng&query_place_id=ChIJI8b7zApbNDER0unfQjRkpOk","Khu ăn uống"
"Cơm Thu Hằng","4.1","44","XGPG+Q56","Hà Nội","Yên Xuân, Hà Nội","VN",,"+84 368 313 125","Nhà hàng cơm",,,,,,"https://www.google.com/maps/search/?api=1&query=C%C6%A1m%20Thu%20H%E1%BA%B1ng&query_place_id=ChIJm6pyf5BbNDER-ymTqyq0eag","Nhà hàng cơm"
"Quán Cơm Tuyết Ngân","5","1","XGPG+H68","Hà Nội","Yên Xuân, Hà Nội","VN",,"+84 986 438 419","Nhà hàng cơm",,,,,,"https://www.google.com/maps/search/?api=1&query=Qu%C3%A1n%20C%C6%A1m%20Tuy%E1%BA%BFt%20Ng%C3%A2n&query_place_id=ChIJ99oW1hlbNDERNM7H2sg92Js","Nhà hàng cơm"
"Bún Phở Bò Duy Cường","5","3","88 Thôn 2","Hà Nội","Yên Xuân, Hà Nội","VN",,"+84 988 696 468","Nhà hàng",,,,,,"https://www.google.com/maps/search/?api=1&query=B%C3%BAn%20Ph%E1%BB%9F%20B%C3%B2%20Duy%20C%C6%B0%E1%BB%9Dng&query_place_id=ChIJL2cvMNtbNDERKWS5Js92JdE","Nhà hàng"
"Bê chao Tây Bắc","4.3","9","66 QL21","Hà Nội","Yên Xuân, Hà Nội","VN","https://www.facebook.com/laucuadong.traungon/","+84 888 883 885","Nhà hàng",,,,,,"https://www.google.com/maps/search/?api=1&query=B%C3%AA%20chao%20T%C3%A2y%20B%E1%BA%AFc&query_place_id=ChIJu8VLA2KpNTER2Qv383gSPhc","Nhà hàng"
"Valley Restaurant","5","6","22 Đường Lưu Niệm","Hà Nội","Hạ Bằng, Hà Nội","VN",,"+84 707 070 123","Nhà hàng",,,,,,"https://www.google.com/maps/search/?api=1&query=Valley%20Restaurant&query_place_id=ChIJFe2qdoZbNDERpsjm7SFbrW0","Nhà hàng"
"Lòng ngon 99","4.3","3","234 Đ. Chùa Tây Phương","Hà Nội","Tây Phương, Hà Nội","VN",,"+84 901 431 989","Nhà hàng chuyên phục vụ bữa nửa buổi",,,,,,"https://www.google.com/maps/search/?api=1&query=L%C3%B2ng%20ngon%2099&query_place_id=ChIJedj2OlRbNDERop_ipQx5HLI","Nhà hàng chuyên phục vụ bữa nửa buổi"
"Nhà hàng dê núi tiến đạt",,,"338","Hà Nội","Tây Phương, Hà Nội","VN",,"","Nhà hàng gia đình",,,,,,"https://www.google.com/maps/search/?api=1&query=Nh%C3%A0%20h%C3%A0ng%20d%C3%AA%20n%C3%BAi%20ti%E1%BA%BFn%20%C4%91%E1%BA%A1t&query_place_id=ChIJCY-tw9xbNDER-nE-zGINKnY","Nhà hàng gia đình"
"Phở bò Mạnh Thơm","5","2","22 Đ. Chùa Tây Phương","Hà Nội","Tây Phương, Hà Nội","VN",,"+84 386 489 171","Nhà hàng",,,,,,"https://www.google.com/maps/search/?api=1&query=Ph%E1%BB%9F%20b%C3%B2%20M%E1%BA%A1nh%20Th%C6%A1m&query_place_id=ChIJkegjTwBRNDER10IochTPo2E","Nhà hàng"
"England Coffee","5","12","2HCR+Q9M, Đường H06","Hà Nội","Tây Phương, Hà Nội","VN",,"","Quán cà phê",,,,,,"https://www.google.com/maps/search/?api=1&query=England%20Coffee&query_place_id=ChIJEYiITwBbNDER3WtawC8TXHs","Quán cà phê"
"Music Cafe Điểm Hẹn","4.5","11","182 Đ. Chùa Tây Phương","Hà Nội","Tây Phương, Hà Nội","VN",,"+84 987 782 870","Quán cà phê",,,,,,"https://www.google.com/maps/search/?api=1&query=Music%20Cafe%20%C4%90i%E1%BB%83m%20H%E1%BA%B9n&query_place_id=ChIJuWbi88hbNDER22nlw1M1TQA","Quán cà phê"
"Sing Cafe","5","3","33 Đường H11","Hà Nội","Hạ Bằng, Hà Nội","VN","https://www.facebook.com/share/VAUkEwEfenUHvnqz/?mibextid=qi2Omg","+84 364 392 930","Quán cà phê",,,,,,"https://www.google.com/maps/search/?api=1&query=Sing%20Cafe&query_place_id=ChIJbaX_KKZbNDERqqP8ksEBt9U","Quán cà phê"
"50°C Tea Cafe","4.9","7","78 Đ. Chùa Tây Phương","Hà Nội","Tây Phương, Hà Nội","VN","https://www.facebook.com/50C-Coffee-Tea-Tr%C3%A0-Chanh-107418807323527/?modal=admin_todo_tour","+84 912 216 592","Quán cà phê",,,,,,"https://www.google.com/maps/search/?api=1&query=50%C2%B0C%20Tea%20Cafe&query_place_id=ChIJZyvZCaJbNDERBKQox_gzfL0","Quán cà phê"
"Caffe Tuyết Mùa Hè","4.5","4",,"Hà Nội","Tây Phương, Hà Nội","VN",,"","Quán cà phê",,,,,,"https://www.google.com/maps/search/?api=1&query=Caffe%20Tuy%E1%BA%BFt%20M%C3%B9a%20H%C3%A8&query_place_id=ChIJoc3Q1U9bNDERrZ2nGUtKpM4","Quán cà phê"
"Hằng Coffe","5","6","2HHH+RH8","Hà Nội","Hạ Bằng, Hà Nội","VN",,"+84 968 927 201","Quán cà phê",,,,,,"https://www.google.com/maps/search/?api=1&query=H%E1%BA%B1ng%20Coffe&query_place_id=ChIJNz87TwBbNDER-O1vlLUWoAM","Quán cà phê"
"Bún Chả Tâm Tấm","4","5","số 18 cầu liêu","Hà Nội","Tây Phương, Hà Nội","VN",,"+84 364 144 082","Quán mì",,,,,,"https://www.google.com/maps/search/?api=1&query=B%C3%BAn%20Ch%E1%BA%A3%20T%C3%A2m%20T%E1%BA%A5m&query_place_id=ChIJa_oohw9RNDERy2Wgt5Ryz38","Quán mì"
"Nhà An Khánh",,,"Ngõ Xóm Vòi","Hà Nội","Tây Phương, Hà Nội","VN",,"+84 988 818 313","Quán cà phê",,,,,,"https://www.google.com/maps/search/?api=1&query=Nh%C3%A0%20An%20Kh%C3%A1nh&query_place_id=ChIJaRRRqaFbNDERgae8EidrEXQ","Quán cà phê"
"Karaoke Minh Dũng","4.1","12","2HFM+3FW","Hà Nội","Hạ Bằng, Hà Nội","VN",,"","Quán cà phê",,,,,,"https://www.google.com/maps/search/?api=1&query=Karaoke%20Minh%20D%C5%A9ng&query_place_id=ChIJ6QhXa15bNDERlv3Yk27NFMI","Quán cà phê"
"Dailycoffee","2.1","7",,"Hà Nội","Tây Phương, Hà Nội","VN",,"","Quán cà phê",,,,,,"https://www.google.com/maps/search/?api=1&query=Dailycoffee&query_place_id=ChIJF177BABRNDER8VM3b3P54lk","Quán cà phê"
"Quán Caffe",,,"2HHH+RH8","Hà Nội","Hạ Bằng, Hà Nội","VN",,"","Quán cà phê",,,,,,"https://www.google.com/maps/search/?api=1&query=Qu%C3%A1n%20Caffe&query_place_id=ChIJtQOcPABbNDERRC8_nU6Pqzs","Quán cà phê"
"Chill Base Cafe","5","11",,"Hà Nội","Hòa Lạc, Hà Nội","VN",,"","Quán cà phê",,,,,,"https://www.google.com/maps/search/?api=1&query=Chill%20Base%20Cafe&query_place_id=ChIJOxLZewBbNDERRirOjlGe5fI","Quán cà phê"
"Home Cafe Chill Out Place","4.8","44","Thôn 1 khu tái đinh cư Bắc","Hà Nội","Hòa Lạc, Hà Nội","VN",,"+84 865 082 265","Quán cà phê",,,,,,"https://www.google.com/maps/search/?api=1&query=Home%20Cafe%20Chill%20Out%20Place&query_place_id=ChIJY1LH5plbNDERiv3TWq22j5o","Quán cà phê"
"LaBoong","5","11","Khu Công Nghệ Cao Hòa Lạc","Hà Nội","Hòa Lạc, Hà Nội","VN",,"+84 398 163 562","Quán cà phê",,,,,,"https://www.google.com/maps/search/?api=1&query=LaBoong&query_place_id=ChIJMygyAQBbNDERL3_yQb944a0","Quán cà phê"
"Cafe Mai Over","5","5","XGPJ+V9W","Hà Nội","Hòa Lạc, Hà Nội","VN",,"","Quán cà phê",,,,,,"https://www.google.com/maps/search/?api=1&query=Cafe%20Mai%20Over&query_place_id=ChIJCxToWkBbNDER4nwhnu17yR0","Quán cà phê"
"Tròn Cafe K+","5","4","XGPG+PH3","Hà Nội","Hòa Lạc, Hà Nội","VN","https://www.facebook.com/nhanthanh.hy?mibextid=LQQJ4d","+84 984 524 993","Quán cà phê",,,,,,"https://www.google.com/maps/search/?api=1&query=Tr%C3%B2n%20Cafe%20K%2B&query_place_id=ChIJ58CGPwBbNDERKq2L5JVnIeI","Quán cà phê"
"La Cà Phê","5","7","2H9J+HVV","Hà Nội","Hạ Bằng, Hà Nội","VN",,"+84 373 850 159","Quán cà phê",,,,,,"https://www.google.com/maps/search/?api=1&query=La%20C%C3%A0%20Ph%C3%AA&query_place_id=ChIJ3c5IeQBbNDERzNtfaURS6M0","Quán cà phê"
"Tiệm Trà Mẹ Bông",,,"2H9H+GWG","Hà Nội","Hạ Bằng, Hà Nội","VN",,"","Quán cà phê",,,,,,"https://www.google.com/maps/search/?api=1&query=Ti%E1%BB%87m%20Tr%C3%A0%20M%E1%BA%B9%20B%C3%B4ng&query_place_id=ChIJaVJfJQBbNDERXLMYKROMQWA","Quán cà phê"
"Xưởng Nội Thất CT HOME",,,"Đường lưu niệm Bác Hồ_Phú Đa_Cần Kiệm_Thạch Thất Hà Nội","Hà Nội","Hạ Bằng, Hà Nội","VN",,"+84 975 919 223","Nhà thiết kế nội thất","Cửa hàng nội thất nhà hàng quán bar","Cửa hàng nội thất phòng ngủ","Cửa hàng nội thất sân vườn","Cửa hàng nội thất nhà bếp",,"https://www.google.com/maps/search/?api=1&query=X%C6%B0%E1%BB%9Fng%20N%E1%BB%99i%20Th%E1%BA%A5t%20CT%20HOME&query_place_id=ChIJsciFpmlbNDER6P5G21jy95Y","Nhà thiết kế nội thất"
"Quán Ốc Đê - Hoà Lạc","5","1","278 QL21","Hà Nội","Hòa Lạc, Hà Nội","VN","https://www.facebook.com/share/1BbjH6KMd5/?mibextid=wwXIfr","+84 387 284 343","Cửa hàng tạp phẩm","Quán ăn nhẹ",,,,,"https://www.google.com/maps/search/?api=1&query=Qu%C3%A1n%20%E1%BB%90c%20%C4%90%C3%AA%20-%20Ho%C3%A0%20L%E1%BA%A1c&query_place_id=ChIJ0XiOOQBbNDERr4myLpepZq8","Cửa hàng tạp phẩm"
"Bánh Cuốn Bún Chả Nhà Bắp","5","3","Số 179 Cụm 4","Hà Nội","Hòa Lạc, Hà Nội","VN",,"+84 376 822 660","Nhà hàng",,,,,,"https://www.google.com/maps/search/?api=1&query=B%C3%A1nh%20Cu%E1%BB%91n%20B%C3%BAn%20Ch%E1%BA%A3%20Nh%C3%A0%20B%E1%BA%AFp&query_place_id=ChIJuyciVQBbNDERuCyVAjJ86e4","Nhà hàng"
"Bún Bò Huế Thái Anh 688","4.3","111","2G49+8HF","Hà Nội","Hòa Lạc, Hà Nội","VN",,"+84 346 636 000","Quán mì",,,,,,"https://www.google.com/maps/search/?api=1&query=B%C3%BAn%20B%C3%B2%20Hu%E1%BA%BF%20Th%C3%A1i%20Anh%20688&query_place_id=ChIJp_3CFfpbNDERyvG1es3SL5Q","Quán mì"
"Phở Cồ Như Ý 179","4.4","8","Phở Cồ Như Ý 179 Ql21A thôn 3 Thạch Hòa","Hà Nội","Hòa Lạc, Hà Nội","VN",,"","Quán ăn truyền thống Ghana",,,,,,"https://www.google.com/maps/search/?api=1&query=Ph%E1%BB%9F%20C%E1%BB%93%20Nh%C6%B0%20%C3%9D%20179&query_place_id=ChIJq_WXtAZbNDERBaP7m0f-SSU","Quán ăn truyền thống Ghana"
"Hò Zô Ta Mơ Garden",,,"QL21","Hà Nội","Hòa Lạc, Hà Nội","VN",,"+84 904 508 222","Nhà hàng",,,,,,"https://www.google.com/maps/search/?api=1&query=H%C3%B2%20Z%C3%B4%20Ta%20M%C6%A1%20Garden&query_place_id=ChIJA2Fya8lbNDERun8DlrH6940","Nhà hàng"
"Hoà Lạc Viên","4","109","2G59+G2V, Quốc lộ 21","Hà Nội","Hòa Lạc, Hà Nội","VN",,"+84 24 3368 7396","Nhà hàng",,,,,,"https://www.google.com/maps/search/?api=1&query=Ho%C3%A0%20L%E1%BA%A1c%20Vi%C3%AAn&query_place_id=ChIJaQCONZFbNDERzLchgfrwEHQ","Nhà hàng"
"Nhà Hàng 379 Minh Nga 1","3.8","558","QL21","Hà Nội","Hòa Lạc, Hà Nội","VN",,"+84 984 421 379","Nhà hàng Việt Nam",,,,,,"https://www.google.com/maps/search/?api=1&query=Nh%C3%A0%20H%C3%A0ng%20379%20Minh%20Nga%201&query_place_id=ChIJ199ww-tbNDERrDQxEa4TSaY","Nhà hàng Việt Nam"
"Phở Bò Cơm Rang Meo Meo 975","4.3","17","Số 296, QL21A","Hà Nội","Hòa Lạc, Hà Nội","VN",,"+84 981 890 636","Nhà hàng phở","Quán mì",,,,,"https://www.google.com/maps/search/?api=1&query=Ph%E1%BB%9F%20B%C3%B2%20C%C6%A1m%20Rang%20Meo%20Meo%20975&query_place_id=ChIJXyi3PfVbNDERsSslPx1ozGI","Nhà hàng phở"
"Nhà Hàng Trâu Tươi 2HS","3.9","23","QL21A","Hà Nội","Hòa Lạc, Hà Nội","VN",,"+84 912 365 255","Nhà hàng",,,,,,"https://www.google.com/maps/search/?api=1&query=Nh%C3%A0%20H%C3%A0ng%20Tr%C3%A2u%20T%C6%B0%C6%A1i%202HS&query_place_id=ChIJK2AAP5dbNDERsQ-PtvW4jpY","Nhà hàng"
"Fuca Hidden Coffee","4.8","80",,"Hà Nội","Hòa Lạc, Hà Nội","VN",,"+84 886 363 737","Quán cà phê",,,,,,"https://www.google.com/maps/search/?api=1&query=Fuca%20Hidden%20Coffee&query_place_id=ChIJBy-9KZxbNDERLSJdMfS-wC8","Quán cà phê"
"House Of Fuca Cafe","4.9","15","2G29+HX7","Hà Nội","Hòa Lạc, Hà Nội","VN",,"+84 886 363 737","Quán cà phê",,,,,,"https://www.google.com/maps/search/?api=1&query=House%20Of%20Fuca%20Cafe&query_place_id=ChIJze8rZgBbNDER5vq3PlbfUOU","Quán cà phê"
"Mây Lang Thang Cafe","4.5","74","ngõ 2 đường TTGDQP","Hà Nội","Hòa Lạc, Hà Nội","VN",,"+84 984 916 161","Quán cà phê",,,,,,"https://www.google.com/maps/search/?api=1&query=M%C3%A2y%20Lang%20Thang%20Cafe&query_place_id=ChIJxcb3FwBbNDERIwu54fwyCFk","Quán cà phê"
"Coffee Sing A Song","5","1","175 Thôn 3","Hà Nội","Hòa Lạc, Hà Nội","VN",,"+84 338 393 656","Quán cà phê",,,,,,"https://www.google.com/maps/search/?api=1&query=Coffee%20Sing%20A%20Song&query_place_id=ChIJv2WsU2ZbNDERECJcIkWcgY4","Quán cà phê"
"Gangsta Nướng Chảo Gang","4","12","Số nhà 334, Thôn 3, Thạch Hoà, Thạch Thất","Hà Nội","Hòa Lạc, Hà Nội","VN",,"+84 922 810 810","Nhà hàng",,,,,,"https://www.google.com/maps/search/?api=1&query=Gangsta%20N%C6%B0%E1%BB%9Bng%20Ch%E1%BA%A3o%20Gang&query_place_id=ChIJd3uUfXZbNDERStRucLjwWi0","Nhà hàng"
"Tiệm Nhà Cua","5","2","Khu Công Nghệ Cao Hòa Lạc, Thôn","Hà Nội","Hòa Lạc, Hà Nội","VN",,"+84 989 619 007","Quán cà phê",,,,,,"https://www.google.com/maps/search/?api=1&query=Ti%E1%BB%87m%20Nh%C3%A0%20Cua&query_place_id=ChIJOe_NWwBbNDER5uJaYJiFzig","Quán cà phê"
"Bún Đậu Mắm Tôm - Thương Béo","4","8","989 QL21A","Hà Nội","Hòa Lạc, Hà Nội","VN",,"+84 964 377 868","Nhà hàng gia đình",,,,,,"https://www.google.com/maps/search/?api=1&query=B%C3%BAn%20%C4%90%E1%BA%ADu%20M%E1%BA%AFm%20T%C3%B4m%20-%20Th%C6%B0%C6%A1ng%20B%C3%A9o&query_place_id=ChIJEwR-SwBbNDERZLB5hKSDJLk","Nhà hàng gia đình"
"Trà Chanh & Coffee FinTea DL",,,"2GGC+HQW","Hà Nội","Hòa Lạc, Hà Nội","VN",,"+84 332 554 962","Quán cà phê",,,,,,"https://www.google.com/maps/search/?api=1&query=Tr%C3%A0%20Chanh%20%26%20Coffee%20FinTea%20DL&query_place_id=ChIJKzzPKQBbNDERJtFcOnRXuME","Quán cà phê"
"Xingfu 4 Season Fruit Tea Hòa Lạc","1.5","6","Số 236 thôn 4","Hà Nội","Hòa Lạc, Hà Nội","VN","https://xingfuvietnam.vn/","+84 983 685 611","Cửa hàng kem",,,,,,"https://www.google.com/maps/search/?api=1&query=Xingfu%204%20Season%20Fruit%20Tea%20H%C3%B2a%20L%E1%BA%A1c&query_place_id=ChIJddJFGgBbNDERIhA-ZsupA0Y","Cửa hàng kem"
"Green Cafe","4.5","2","236 mặt, QL21A","Hà Nội","Hòa Lạc, Hà Nội","VN",,"+84 385 457 886","Quán cà phê",,,,,,"https://www.google.com/maps/search/?api=1&query=Green%20Cafe&query_place_id=ChIJa3eo-HFbNDER3MBc8iDz8D0","Quán cà phê"
"Dohalive Organic Coffee","4.9","11","2G4F+23","Hà Nội","Hòa Lạc, Hà Nội","VN","https://facebook.com/Dohalifeorganiccoffee/","+84 985 883 857","Quán cà phê",,,,,,"https://www.google.com/maps/search/?api=1&query=Dohalive%20Organic%20Coffee&query_place_id=ChIJz8LXUgBbNDERrNejePkR78s","Quán cà phê"
"VNU's Student Hub Fuel & Chill","5","3","XGX9+XQ7","Hà Nội","Hòa Lạc, Hà Nội","VN",,"+84 823 622 626","Quán cà phê",,,,,,"https://www.google.com/maps/search/?api=1&query=VNU's%20Student%20Hub%20Fuel%20%26%20Chill&query_place_id=ChIJ30afUgBbNDERym061oKYoEQ","Quán cà phê"
"Cơm Thố Bách Khoa","3.5","24","2G49+6C6","Hà Nội","Hòa Lạc, Hà Nội","VN",,"","Nhà hàng cơm",,,,,,"https://www.google.com/maps/search/?api=1&query=C%C6%A1m%20Th%E1%BB%91%20B%C3%A1ch%20Khoa&query_place_id=ChIJhzsIQABbNDERJ_muMVWCfNY","Nhà hàng cơm"
"Seoul Cafe","5","4",,"Hà Nội","Hòa Lạc, Hà Nội","VN","https://www.facebook.com/k30billiard","+84 969 222 602","Phòng trà","Quầy giải khát",,,,,"https://www.google.com/maps/search/?api=1&query=Seoul%20Cafe&query_place_id=ChIJN3CqwAZbNDERe3clLUsEO4Q","Phòng trà"
"Nhà Hàng Phú Nhị","5","1","XHX3+JRM","Hà Nội","Hòa Lạc, Hà Nội","VN",,"+84 356 085 008","Nhà hàng",,,,,,"https://www.google.com/maps/search/?api=1&query=Nh%C3%A0%20H%C3%A0ng%20Ph%C3%BA%20Nh%E1%BB%8B&query_place_id=ChIJoSjPcABbNDER2R34NSuUgMo","Nhà hàng"
"Quán Quen Bia Lẩu","4.8","9","2H34+VQP, Thôn 7","Hà Nội","Hạ Bằng, Hà Nội","VN","https://www.facebook.com/share/1Hc9SC95CB/?mibextid=wwXIfr","+84 869 866 862","Nhà hàng",,,,,,"https://www.google.com/maps/search/?api=1&query=Qu%C3%A1n%20Quen%20Bia%20L%E1%BA%A9u&query_place_id=ChIJj8WLS8ZbNDER-dR68M6T2rw","Nhà hàng"
"Quán Hải Sản Trang An","5","1","2H25+5RJ","Hà Nội","Hạ Bằng, Hà Nội","VN",,"","Nhà hàng hải sản",,,,,,"https://www.google.com/maps/search/?api=1&query=Qu%C3%A1n%20H%E1%BA%A3i%20S%E1%BA%A3n%20Trang%20An&query_place_id=ChIJo99DcwBbNDER-cyVgC8qnfM","Nhà hàng hải sản"
"Quán ăn đêm hương lan","5","1","2H44+3P5","Hà Nội","Hạ Bằng, Hà Nội","VN",,"","Nhà hàng",,,,,,"https://www.google.com/maps/search/?api=1&query=Qu%C3%A1n%20%C4%83n%20%C4%91%C3%AAm%20h%C6%B0%C6%A1ng%20lan&query_place_id=ChIJeZiFcgBbNDERXSutqkpwtTA","Nhà hàng"
"Phở Cồ Quán","5","2","2H25+95G","Hà Nội","Hạ Bằng, Hà Nội","VN",,"","Nhà hàng phở",,,,,,"https://www.google.com/maps/search/?api=1&query=Ph%E1%BB%9F%20C%E1%BB%93%20Qu%C3%A1n&query_place_id=ChIJ8SlXGABbNDER-Plb16NCOCE","Nhà hàng phở"
"Quán Cơm Hưng Thắm","5","1","XHX4+VHV","Hà Nội","Hạ Bằng, Hà Nội","VN",,"","Quán ăn nhỏ",,,,,,"https://www.google.com/maps/search/?api=1&query=Qu%C3%A1n%20C%C6%A1m%20H%C6%B0ng%20Th%E1%BA%AFm&query_place_id=ChIJzyoyBQBbNDER4IApKyZm6gc","Quán ăn nhỏ"
"Nhà Hàng Đầm Vực Giang",,,"XHX4+FV8","Hà Nội","Hạ Bằng, Hà Nội","VN",,"","Nhà hàng gia đình",,,,,,"https://www.google.com/maps/search/?api=1&query=Nh%C3%A0%20H%C3%A0ng%20%C4%90%E1%BA%A7m%20V%E1%BB%B1c%20Giang&query_place_id=ChIJYazFIABbNDERlcGPSDcZ2_M","Nhà hàng gia đình"
"Nhà Hàng Văn Muộn Chó Mèo","5","2","2H24+6RF","Hà Nội","Hạ Bằng, Hà Nội","VN",,"+84 367 049 123","Nhà hàng",,,,,,"https://www.google.com/maps/search/?api=1&query=Nh%C3%A0%20H%C3%A0ng%20V%C4%83n%20Mu%E1%BB%99n%20Ch%C3%B3%20M%C3%A8o&query_place_id=ChIJtaQQXgBbNDERQGlxb_LLdYQ","Nhà hàng"
"89 QUÁN - Bia Hơi - Thịt Chó",,,"208 Hạ Bằng","Hà Nội","Hạ Bằng, Hà Nội","VN",,"+84 966 969 505","Quán bia sân vườn",,,,,,"https://www.google.com/maps/search/?api=1&query=89%20QU%C3%81N%20-%20Bia%20H%C6%A1i%20-%20Th%E1%BB%8Bt%20Ch%C3%B3&query_place_id=ChIJTQ1kVgBbNDERRwQ3BES-xrU","Quán bia sân vườn"
"Tiệm Linh Meo Nail Mi","5","6",,"Hà Nội","Hòa Lạc, Hà Nội","VN",,"+84 868 536 136","Quán cà phê",,,,,,"https://www.google.com/maps/search/?api=1&query=Ti%E1%BB%87m%20Linh%20Meo%20Nail%20Mi&query_place_id=ChIJ1eIfds9bNDERLIUEROlgGr8","Quán cà phê"
"Princess Tea & Coffee","4.5","6","2G2C+CJ4","Hà Nội","Hòa Lạc, Hà Nội","VN",,"+84 339 320 233","Quán cà phê",,,,,,"https://www.google.com/maps/search/?api=1&query=Princess%20Tea%20%26%20Coffee&query_place_id=ChIJu3nEtmlbNDER3j24Vp45eiw","Quán cà phê"
"Finger Food",,,"Điểm xe bus thứ 2 từ đại học FPT - Thôn 3 xã Thạch Hòa, QL21","Hà Nội","Hòa Lạc, Hà Nội","VN",,"+84 338 393 656","Nhà hàng",,,,,,"https://www.google.com/maps/search/?api=1&query=Finger%20Food&query_place_id=ChIJRTQ4cIdbNDERva6MFUBilaI","Nhà hàng"
"Bánh cuốn Cao Bằng Bún chả Hà Thành","5","1","Số 179 cụm 4","Hà Nội","Hòa Lạc, Hà Nội","VN",,"+84 376 822 660","Khu ăn uống",,,,,,"https://www.google.com/maps/search/?api=1&query=B%C3%A1nh%20cu%E1%BB%91n%20Cao%20B%E1%BA%B1ng%20B%C3%BAn%20ch%E1%BA%A3%20H%C3%A0%20Th%C3%A0nh&query_place_id=ChIJM-AcYwBbNDERMqyB6en5IUY","Khu ăn uống"
"Fancy foods","4","1","Đường 84","Hà Nội","Thạch Thất, Hà Nội","VN",,"+84 973 500 660","Cửa hàng kem",,,,,,"https://www.google.com/maps/search/?api=1&query=Fancy%20foods&query_place_id=ChIJJ1AkBv1ZNDERluEJfeCye2c","Cửa hàng kem"
"Phở bò 999",,,"2G49+6JH","Hà Nội","Hòa Lạc, Hà Nội","VN",,"","Nhà hàng",,,,,,"https://www.google.com/maps/search/?api=1&query=Ph%E1%BB%9F%20b%C3%B2%20999&query_place_id=ChIJESvyEwBbNDERcGUXf-svlOI","Nhà hàng"
"ChickSpot 22","4.9","154","67 QL21","Hà Nội","Hòa Lạc, Hà Nội","VN","https://order.chickspot22.com/","+84 362 698 586","Nhà hàng Việt Nam",,,,,,"https://www.google.com/maps/search/?api=1&query=ChickSpot%2022&query_place_id=ChIJq8yDd5NbNDERh26BP8ERiOs","Nhà hàng Việt Nam"
"Xóm Thái, cs Hòa Lạc - Ẩm Thực Thái","4.6","23","Số 48 Thôn 3, xã","Hà Nội","Hòa Lạc, Hà Nội","VN",,"+84 971 004 296","Nhà hàng Thái Lan",,,,,,"https://www.google.com/maps/search/?api=1&query=X%C3%B3m%20Th%C3%A1i%2C%20cs%20H%C3%B2a%20L%E1%BA%A1c%20-%20%E1%BA%A8m%20Th%E1%BB%B1c%20Th%C3%A1i&query_place_id=ChIJUxRpx6NbNDERaJB1C9yMp70","Nhà hàng Thái Lan"
"Nhà hàng Cơm Quê Phú Bà - Hương Vị Việt","5","1","Nhà 09","Hà Nội","Hòa Lạc, Hà Nội","VN",,"+84 562 712 222","Nhà hàng",,,,,,"https://www.google.com/maps/search/?api=1&query=Nh%C3%A0%20h%C3%A0ng%20C%C6%A1m%20Qu%C3%AA%20Ph%C3%BA%20B%C3%A0%20-%20H%C6%B0%C6%A1ng%20V%E1%BB%8B%20Vi%E1%BB%87t&query_place_id=ChIJH_NyWABbNDERujHbDDzUs2Q","Nhà hàng"
"Hoa Hồng Quán","5","1","64 QL21A","Hà Nội","Hòa Lạc, Hà Nội","VN","https://www.facebook.com/share/1BcZDCMeEH/?mibextid=wwXIfr","+84 886 807 777","Nhà hàng",,,,,,"https://www.google.com/maps/search/?api=1&query=Hoa%20H%E1%BB%93ng%20Qu%C3%A1n&query_place_id=ChIJF7MqUABbNDER78IFbUUpua4","Nhà hàng"
"Ghiền BBQ","4.7","12","2G69+VCF","Hà Nội","Hòa Lạc, Hà Nội","VN","https://www.facebook.com/Ghi%E1%BB%81n-BBQ-104740305680710/","+84 372 311 859","Nhà hàng",,,,,,"https://www.google.com/maps/search/?api=1&query=Ghi%E1%BB%81n%20BBQ&query_place_id=ChIJL4rgDqxbNDERN82akdq4EnA","Nhà hàng"
"YAKI Buffet","4.5","22","147 Cụm 3","Hà Nội","Hòa Lạc, Hà Nội","VN","https://www.facebook.com/share/18q1fwwpxZ/?mibextid=wwXIfr","+84 382 683 890","Nhà hàng tiệc đứng",,,,,,"https://www.google.com/maps/search/?api=1&query=YAKI%20Buffet&query_place_id=ChIJRStLRwBbNDERDzXZFIpV_ys","Nhà hàng tiệc đứng"
"Phở Quang Anh","5","2","12 cụm 1","Hà Nội","Hòa Lạc, Hà Nội","VN",,"+84 375 630 924","Nhà hàng",,,,,,"https://www.google.com/maps/search/?api=1&query=Ph%E1%BB%9F%20Quang%20Anh&query_place_id=ChIJK3S2VgRbNDER6QZOO2RyENw","Nhà hàng"
"Chè Ngon Jolly","4.6","36",,"Hà Nội","Hòa Lạc, Hà Nội","VN",,"+84 869 958 939","Nhà hàng món chè bánh lọt","Cửa hàng kem",,,,,"https://www.google.com/maps/search/?api=1&query=Ch%C3%A8%20Ngon%20Jolly&query_place_id=ChIJn8yfJJJbNDERjqdNY5ZWWHg","Nhà hàng món chè bánh lọt"
"Ramen Ten","3.8","41","2G69+H9Q, QL21A","Hà Nội","Hòa Lạc, Hà Nội","VN",,"+84 916 327 945","Nhà hàng Nhật Bản",,,,,,"https://www.google.com/maps/search/?api=1&query=Ramen%20Ten&query_place_id=ChIJ2V87OwBbNDERea7m-dwT2v0","Nhà hàng Nhật Bản"
"Five Star Hòa Lạc","4.5","4","Số 19 thôn 3","Hà Nội","Hòa Lạc, Hà Nội","VN",,"+84 328 549 306","Quán gà rán mang đi",,,,,,"https://www.google.com/maps/search/?api=1&query=Five%20Star%20H%C3%B2a%20L%E1%BA%A1c&query_place_id=ChIJR1X5d7KrNTERk3xCTrsVMt0","Quán gà rán mang đi"
"Nhà Hàng 666","4.3","18","21°00'28.2""N 105°31'04.5""E","Hà Nội","Hòa Lạc, Hà Nội","VN","https://www.google.com.vn/search?tbm=isch&q=666#imgrc=L0QB86Q2T2XE5M","+84 982 283 666","Nhà hàng",,,,,,"https://www.google.com/maps/search/?api=1&query=Nh%C3%A0%20H%C3%A0ng%20666&query_place_id=ChIJdfZ_sV9bNDER6naCGcDXwK0","Nhà hàng"
"Bánh Cuốn Nam Kều","4.6","19","thôn 3 - xã, 35 cụm 1","Hà Nội","Hòa Lạc, Hà Nội","VN",,"+84 327 103 326","Nhà hàng",,,,,,"https://www.google.com/maps/search/?api=1&query=B%C3%A1nh%20Cu%E1%BB%91n%20Nam%20K%E1%BB%81u&query_place_id=ChIJvxWwfrlbNDERFYNGAz62eVY","Nhà hàng"
"Cơm Nguyễn Tuấn","3.3","12","214 thôn 3","Hà Nội","Hòa Lạc, Hà Nội","VN","https://www.facebook.com/canhdung.nguyen.927?mibextid=ZbWKwL","+84 983 556 183","Nhà hàng cơm",,,,,,"https://www.google.com/maps/search/?api=1&query=C%C6%A1m%20Nguy%E1%BB%85n%20Tu%E1%BA%A5n&query_place_id=ChIJQcqgwpZbNDERqdDkIT5HefE","Nhà hàng cơm"
"Nhà Hàng Phố Bia","4.7","3","2G79+7MH","Hà Nội","Hòa Lạc, Hà Nội","VN",,"+84 869 663 936","Nhà hàng",,,,,,"https://www.google.com/maps/search/?api=1&query=Nh%C3%A0%20H%C3%A0ng%20Ph%E1%BB%91%20Bia&query_place_id=ChIJfcAc3pJbNDERxMFbt9UtUZc","Nhà hàng"
"Xôi Nam","5","5","Km 15 QL21","Hà Nội","Hòa Lạc, Hà Nội","VN",,"+84 357 244 710","Gian hàng rong",,,,,,"https://www.google.com/maps/search/?api=1&query=X%C3%B4i%20Nam&query_place_id=ChIJKUngL8pbNDERBaQIw7-WupM","Gian hàng rong"
"Hotpot Hola","4.7","7",,"Hà Nội","Hòa Lạc, Hà Nội","VN",,"+84 918 060 322","Nhà hàng","Quán bia sân vườn",,,,,"https://www.google.com/maps/search/?api=1&query=Hotpot%20Hola&query_place_id=ChIJCehPVwBbNDERyCrqIdPI8ZE","Nhà hàng"
"Tê Tê Chicken","4","131",,"Hà Nội","Hòa Lạc, Hà Nội","VN","https://www.facebook.com/profile.php?id=61557834340814","+84 838 633 399","Quán gà rán mang đi",,,,,,"https://www.google.com/maps/search/?api=1&query=T%C3%AA%20T%C3%AA%20Chicken&query_place_id=ChIJnXn0ddZbNDERzUuRUdXk5Xc","Quán gà rán mang đi"
"Chốt Quán - Bánh Mì Patê Xá Xíu, Thịt Nướng Doner Kebab, Lạp Xưởng Xúc Xích","5","1","87 Thôn 3","Hà Nội","Hòa Lạc, Hà Nội","VN",,"+84 988 581 291","Nhà hàng ăn nhanh",,,,,,"https://www.google.com/maps/search/?api=1&query=Ch%E1%BB%91t%20Qu%C3%A1n%20-%20B%C3%A1nh%20M%C3%AC%20Pat%C3%AA%20X%C3%A1%20X%C3%ADu%2C%20Th%E1%BB%8Bt%20N%C6%B0%E1%BB%9Bng%20Doner%20Kebab%2C%20L%E1%BA%A1p%20X%C6%B0%E1%BB%9Fng%20X%C3%BAc%20X%C3%ADch&query_place_id=ChIJb5HoPwBbNDERbk38AiKU5Mg","Nhà hàng ăn nhanh"
"Nhà Hàng Quỳnh Mai 999","5","2","đường 21A","Hà Nội","Hòa Lạc, Hà Nội","VN",,"+84 388 734 958","Nhà hàng",,,,,,"https://www.google.com/maps/search/?api=1&query=Nh%C3%A0%20H%C3%A0ng%20Qu%E1%BB%B3nh%20Mai%20999&query_place_id=ChIJuaRa-DZbNDERYIh3xj22ChA","Nhà hàng"
"Buffet xiên","5","1","2G89+FMC","Hà Nội","Hòa Lạc, Hà Nội","VN",,"","Nhà hàng ăn nhanh",,,,,,"https://www.google.com/maps/search/?api=1&query=Buffet%20xi%C3%AAn&query_place_id=ChIJdapUcwBbNDERz2l7T4lai4w","Nhà hàng ăn nhanh"
"Deuseyo","4.3","50","Số 88 Thôn 3","Hà Nội","Hòa Lạc, Hà Nội","VN",,"+84 822 446 936","Nhà hàng Hàn Quốc",,,,,,"https://www.google.com/maps/search/?api=1&query=Deuseyo&query_place_id=ChIJi1eENgBbNDER9XP7e61RyWU","Nhà hàng Hàn Quốc"
"Ốc Bốn Mùa","4.4","7","432","Hà Nội","Hòa Lạc, Hà Nội","VN",,"+84 332 406 789","Quán ăn nhỏ",,,,,,"https://www.google.com/maps/search/?api=1&query=%E1%BB%90c%20B%E1%BB%91n%20M%C3%B9a&query_place_id=ChIJy76QWABbNDERhx5LkzNXfqM","Quán ăn nhỏ"
"Bánh tráng cuốn Mai Hương","5","1","2G69+C96, QL21A","Hà Nội","Hòa Lạc, Hà Nội","VN",,"+84 369 254 530","Quán ăn nhỏ",,,,,,"https://www.google.com/maps/search/?api=1&query=B%C3%A1nh%20tr%C3%A1ng%20cu%E1%BB%91n%20Mai%20H%C6%B0%C6%A1ng&query_place_id=ChIJB9mQt5NbNDERobFKp7XgQMM","Quán ăn nhỏ"
"1988 BBQ","4","127","Số 342","Hà Nội","Hòa Lạc, Hà Nội","VN",,"+84 329 656 565","Nhà hàng",,,,,,"https://www.google.com/maps/search/?api=1&query=1988%20BBQ&query_place_id=ChIJKZYG_kBbNDERapsG7905qKg","Nhà hàng"
"Bánh Cuốn Sửu Bike","5","2","2G79+5JQ","Hà Nội","Hòa Lạc, Hà Nội","VN",,"+84 971 272 407","Nhà hàng",,,,,,"https://www.google.com/maps/search/?api=1&query=B%C3%A1nh%20Cu%E1%BB%91n%20S%E1%BB%ADu%20Bike&query_place_id=ChIJo-F6RgBbNDER8VD4u0F-olE","Nhà hàng"
"Chu Choa","4.1","11","62 thôn 3","Hà Nội","Hòa Lạc, Hà Nội","VN",,"+84 982 424 364","Nhà hàng món nướng",,,,,,"https://www.google.com/maps/search/?api=1&query=Chu%20Choa&query_place_id=ChIJHSwPCwBbNDERKiETjf0Az4A","Nhà hàng món nướng"
"Tiệm trà Bảo An","5","1","2G69+WF3, QL21A","Hà Nội","Hòa Lạc, Hà Nội","VN",,"","Nhà hàng",,,,,,"https://www.google.com/maps/search/?api=1&query=Ti%E1%BB%87m%20tr%C3%A0%20B%E1%BA%A3o%20An&query_place_id=ChIJcQfOTgBbNDERP8Cg81U85Xs","Nhà hàng"
"Miền Trung Bún Bò Huế 2","5","3","Miền Trung Quán 2","Hà Nội","Hòa Lạc, Hà Nội","VN",,"+84 989 496 007","Quán mì",,,,,,"https://www.google.com/maps/search/?api=1&query=Mi%E1%BB%81n%20Trung%20B%C3%BAn%20B%C3%B2%20Hu%E1%BA%BF%202&query_place_id=ChIJd4bIpvZbNDERdmE9CQLjte0","Quán mì"
"Xôi Quê","3.8","20","296 Thôn 3","Hà Nội","Hòa Lạc, Hà Nội","VN",,"+84 328 541 685","Quán ăn nhỏ",,,,,,"https://www.google.com/maps/search/?api=1&query=X%C3%B4i%20Qu%C3%AA&query_place_id=ChIJjfjnGdtbNDERN5hEmIS-QWA","Quán ăn nhỏ"
"Bún Đậu Phố Xưa","5","7","Đường 21","Hà Nội","Hòa Lạc, Hà Nội","VN",,"+84 888 912 686","Nhà hàng",,,,,,"https://www.google.com/maps/search/?api=1&query=B%C3%BAn%20%C4%90%E1%BA%ADu%20Ph%E1%BB%91%20X%C6%B0a&query_place_id=ChIJR2eZVyNbNDERRvr8CMD_LWQ","Nhà hàng"
"Tâm Hoa - Nướng Bbq","5","1",,"Hà Nội","Hòa Lạc, Hà Nội","VN",,"","Nhà hàng",,,,,,"https://www.google.com/maps/search/?api=1&query=T%C3%A2m%20Hoa%20-%20N%C6%B0%E1%BB%9Bng%20Bbq&query_place_id=ChIJQyrCjpRbNDERa86K8LVri0k","Nhà hàng"
"Góc Ăn Vặt","5","1",,"Hà Nội","Hòa Lạc, Hà Nội","VN",,"+84 325 450 959","Nhà hàng",,,,,,"https://www.google.com/maps/search/?api=1&query=G%C3%B3c%20%C4%82n%20V%E1%BA%B7t&query_place_id=ChIJpSMKfgNbNDERfUO6ay-dxt4","Nhà hàng"
"Nhà Hàng Hồ Sen","4.8","5","2G5F+FRH","Hà Nội","Hòa Lạc, Hà Nội","VN",,"","Nhà hàng",,,,,,"https://www.google.com/maps/search/?api=1&query=Nh%C3%A0%20H%C3%A0ng%20H%E1%BB%93%20Sen&query_place_id=ChIJ5fGpH_hbNDEReWKBO9hIvho","Nhà hàng"
"Quán bia Ti en Ti",,,"2HCP+JRF, Đường Phú Đa","Hà Nội","Hạ Bằng, Hà Nội","VN",,"","Quán bia",,,,,,"https://www.google.com/maps/search/?api=1&query=Qu%C3%A1n%20bia%20Ti%20en%20Ti&query_place_id=ChIJA0dYawBbNDERi-TTyH_QkWY","Quán bia"
"Cơm Tấm 79","4","5","2G69+4FJ, QL21A","Hà Nội","Hòa Lạc, Hà Nội","VN",,"+84 879 952 398","Nhà hàng cơm",,,,,,"https://www.google.com/maps/search/?api=1&query=C%C6%A1m%20T%E1%BA%A5m%2079&query_place_id=ChIJR0GrHwBbNDERtPkop2rUPKo","Nhà hàng cơm"
"Nhà Hàng Vua Cá","4","13","2G89+XVW, QL21A","Hà Nội","Hòa Lạc, Hà Nội","VN",,"+84 964 135 555","Nhà hàng món cá",,,,,,"https://www.google.com/maps/search/?api=1&query=Nh%C3%A0%20H%C3%A0ng%20Vua%20C%C3%A1&query_place_id=ChIJhZVOZT5bNDERjdqhNWPYdSQ","Nhà hàng món cá"
"Bún Bò Huế Ngô Thúy","4.4","113","4 Đ. Hòa Lạc","Hà Nội","Hạ Bằng, Hà Nội","VN",,"+84 978 339 559","Quán mì",,,,,,"https://www.google.com/maps/search/?api=1&query=B%C3%BAn%20B%C3%B2%20Hu%E1%BA%BF%20Ng%C3%B4%20Th%C3%BAy&query_place_id=ChIJSRUyoPBbNDERZ0cyVVHmDsE","Quán mì"
"Cơm Thố Anh Nguyễn Hoà Lạc","2.4","49","2G49+J7M, QL21A","Hà Nội","Hòa Lạc, Hà Nội","VN","https://comthoanhnguyen.com.vn/","+84 987 469 933","Nhà hàng cơm",,,,,,"https://www.google.com/maps/search/?api=1&query=C%C6%A1m%20Th%E1%BB%91%20Anh%20Nguy%E1%BB%85n%20Ho%C3%A0%20L%E1%BA%A1c&query_place_id=ChIJqy8rBx9bNDERlFLhCaQJXNw","Nhà hàng cơm"
"Cơm Tún","2","4","2G68+MXV","Hà Nội","Hòa Lạc, Hà Nội","VN",,"+84 964 276 613","Nhà hàng cơm",,,,,,"https://www.google.com/maps/search/?api=1&query=C%C6%A1m%20T%C3%BAn&query_place_id=ChIJnfWrOgBbNDERDuzMs-G3SHk","Nhà hàng cơm"
"Quán Mỳ U Hoa","3.8","6","số 44 Cụm 1","Hà Nội","Hòa Lạc, Hà Nội","VN",,"+84 384 215 138","Nhà hàng Việt Nam",,,,,,"https://www.google.com/maps/search/?api=1&query=Qu%C3%A1n%20M%E1%BB%B3%20U%20Hoa&query_place_id=ChIJcUENb3pbNDERNFqmmLsZkdc","Nhà hàng Việt Nam"
"Quán cơm sạch cô út miền tây",,,"3 Phố Thạch","Hà Nội","Hòa Lạc, Hà Nội","VN",,"","Nhà hàng cơm",,,,,,"https://www.google.com/maps/search/?api=1&query=Qu%C3%A1n%20c%C6%A1m%20s%E1%BA%A1ch%20c%C3%B4%20%C3%BAt%20mi%E1%BB%81n%20t%C3%A2y&query_place_id=ChIJIaOfAgBbNDERabLmpwFVBIY","Nhà hàng cơm"
"Mì Cay SEOUL Thạch Hòa","3.3","29","160 Thôn 3","Hà Nội","Hòa Lạc, Hà Nội","VN","https://micayseoul.com/","+84 961 579 086","Nhà hàng Hàn Quốc",,,,,,"https://www.google.com/maps/search/?api=1&query=M%C3%AC%20Cay%20SEOUL%20Th%E1%BA%A1ch%20H%C3%B2a&query_place_id=ChIJGVWRTc9bNDERFEaO5cmd-Ls","Nhà hàng Hàn Quốc"
"Lẩu Hulk Ếch","5","2",,"Hà Nội","Hòa Lạc, Hà Nội","VN","https://www.facebook.com/profile.php?id=100086642153584&mibextid=LQQJ4d","","Nhà hàng",,,,,,"https://www.google.com/maps/search/?api=1&query=L%E1%BA%A9u%20Hulk%20%E1%BA%BEch&query_place_id=ChIJa0N0vZRbNDERP-c3Ls4BykQ","Nhà hàng"
"Hoà Lạc Quán","4","24","2G59+45C","Hà Nội","Hòa Lạc, Hà Nội","VN",,"+84 969 090 643","Nhà hàng",,,,,,"https://www.google.com/maps/search/?api=1&query=Ho%C3%A0%20L%E1%BA%A1c%20Qu%C3%A1n&query_place_id=ChIJw0vkVwBbNDERgsd3QXtK--k","Nhà hàng"
"Vua Bún Riêu Cua_ Lẩu Ếch","4.3","7","2G69+VCF","Hà Nội","Hòa Lạc, Hà Nội","VN",,"+84 976 712 092","Cửa hàng ăn nhanh",,,,,,"https://www.google.com/maps/search/?api=1&query=Vua%20B%C3%BAn%20Ri%C3%AAu%20Cua_%20L%E1%BA%A9u%20%E1%BA%BEch&query_place_id=ChIJ52STAQBbNDERlaWeOrJvdag","Cửa hàng ăn nhanh"
"Bún Cháo Kim Dung","5","2",,"Hà Nội","Hòa Lạc, Hà Nội","VN",,"","Quán ăn nhỏ",,,,,,"https://www.google.com/maps/search/?api=1&query=B%C3%BAn%20Ch%C3%A1o%20Kim%20Dung&query_place_id=ChIJsW2NAJRbNDERdqOCei2TvEM","Quán ăn nhỏ"
"Nhà Hàng Lẩu Trâu Sơn Hải","3.9","12","360, Thôn 4","Hà Nội","Hòa Lạc, Hà Nội","VN","https://www.facebook.com/thittrauSonHai","+84 948 344 388","Nhà hàng",,,,,,"https://www.google.com/maps/search/?api=1&query=Nh%C3%A0%20H%C3%A0ng%20L%E1%BA%A9u%20Tr%C3%A2u%20S%C6%A1n%20H%E1%BA%A3i&query_place_id=ChIJtz0AOxdbNDERtL9zzfMEF28","Nhà hàng"
"Quán Cháo Lòng Tiết Canh 371","4.7","6","QL21A/số nhà 304 thôn 4","Hà Nội","Hòa Lạc, Hà Nội","VN",,"+84 978 384 305","Quán ăn nhỏ",,,,,,"https://www.google.com/maps/search/?api=1&query=Qu%C3%A1n%20Ch%C3%A1o%20L%C3%B2ng%20Ti%E1%BA%BFt%20Canh%20371&query_place_id=ChIJ3yDx2UlbNDERRDl1iwb-mBE","Quán ăn nhỏ"
"Chân Gà Sốt Thái Yến Nhi","5","3","Số 39 Cụm 1","Hà Nội","Hòa Lạc, Hà Nội","VN","https://www.facebook.com/share/18oFQrqDvN/","+84 334 466 083","Nhà hàng ăn nhanh",,,,,,"https://www.google.com/maps/search/?api=1&query=Ch%C3%A2n%20G%C3%A0%20S%E1%BB%91t%20Th%C3%A1i%20Y%E1%BA%BFn%20Nhi&query_place_id=ChIJTe-zPgBbNDERDQIdRrvJhRw","Nhà hàng ăn nhanh"
"Thềm Cafe","4.9","34","2HF2+43C","Hà Nội","Hạ Bằng, Hà Nội","VN",,"+84 984 143 876","Quán cà phê",,,,,,"https://www.google.com/maps/search/?api=1&query=Th%E1%BB%81m%20Cafe&query_place_id=ChIJg8QNYgBbNDERLEXykX7C-PE","Quán cà phê"
"Xíu Coffee&Date","4.8","43","2GGX+R3V, Unnamed","Hà Nội","Hạ Bằng, Hà Nội","VN","https://www.facebook.com/share/16RQrcvqH3/?mibextid=wwXIfr","+84 986 836 800","Quán cà phê",,,,,,"https://www.google.com/maps/search/?api=1&query=X%C3%ADu%20Coffee%26Date&query_place_id=ChIJX_BlZgBbNDERDUm1Hoks38s","Quán cà phê"
"Yihetang Hoà Lạc","4.7","130","229 Mục Uyên, 1 Hạ Bằng","Hà Nội","Hạ Bằng, Hà Nội","VN","https://www.facebook.com/share/17FMk61SjV/?mibextid=wwXIfr","+84 989 082 788","Trà trân châu",,,,,,"https://www.google.com/maps/search/?api=1&query=Yihetang%20Ho%C3%A0%20L%E1%BA%A1c&query_place_id=ChIJg_OFbQBbNDERnimNYFnBxKk","Trà trân châu"
"Tiệm trà Green Tea","5","3","Số 3 Ngõ 51 Kim Bông","Hà Nội","Hạ Bằng, Hà Nội","VN",,"+84 346 463 262","Quán cà phê",,,,,,"https://www.google.com/maps/search/?api=1&query=Ti%E1%BB%87m%20tr%C3%A0%20Green%20Tea&query_place_id=ChIJCxmLZgBbNDERjpFM-BdjLrQ","Quán cà phê"
"Kem Xôi Huyền 8686","5","3","2HC2+R2X","Hà Nội","Hạ Bằng, Hà Nội","VN",,"+84 976 324 616","Quán cà phê",,,,,,"https://www.google.com/maps/search/?api=1&query=Kem%20X%C3%B4i%20Huy%E1%BB%81n%208686&query_place_id=ChIJt90QTQBbNDERFGDbdN4DxXU","Quán cà phê"
"Bia Hơi Chị Tép Quán",,,"Thôn Vân Lôi","Hà Nội","Hòa Lạc, Hà Nội","VN",,"","Nhà hàng gia đình",,,,,,"https://www.google.com/maps/search/?api=1&query=Bia%20H%C6%A1i%20Ch%E1%BB%8B%20T%C3%A9p%20Qu%C3%A1n&query_place_id=ChIJf76lDABbNDERCHVCmRei20I","Nhà hàng gia đình"
"Mixue Tân Xã","3.9","184","Đầu, ĐT419","Hà Nội","Hạ Bằng, Hà Nội","VN","https://www.facebook.com/mixuetanxa2022/","+84 931 311 296","Cửa hàng kem",,,,,,"https://www.google.com/maps/search/?api=1&query=Mixue%20T%C3%A2n%20X%C3%A3&query_place_id=ChIJ7UamdEZbNDERfmhGoEguBZ4","Cửa hàng kem"
"Karaoke Kov Xmen","5","2","2GFX+JX3, Unnamed","Hà Nội","Hạ Bằng, Hà Nội","VN",,"+84 971 009 417","Quán bar karaoke",,,,,,"https://www.google.com/maps/search/?api=1&query=Karaoke%20Kov%20Xmen&query_place_id=ChIJm95z8yVbNDERPD9vGOwmmJg","Quán bar karaoke"
"Thiên Ban Quán Bún Cá Cay","5","1","2GFX+2W5","Hà Nội","Hạ Bằng, Hà Nội","VN",,"+84 968 860 363","Khu ăn uống",,,,,,"https://www.google.com/maps/search/?api=1&query=Thi%C3%AAn%20Ban%20Qu%C3%A1n%20B%C3%BAn%20C%C3%A1%20Cay&query_place_id=ChIJC0VZNParNTERzwwdkyPy2TQ","Khu ăn uống"
"Maika Karaoke","5","1","2HF2+Q2R","Hà Nội","Hạ Bằng, Hà Nội","VN",,"+84 382 370 263","Quán bar karaoke",,,,,,"https://www.google.com/maps/search/?api=1&query=Maika%20Karaoke&query_place_id=ChIJ7XynSwBbNDERMJbJuKkk-4I","Quán bar karaoke"
"Cafe Thông Đà Lạt","4","2","2GCX+VW4","Hà Nội","Hạ Bằng, Hà Nội","VN",,"+84 829 396 396","Quán cà phê",,,,,,"https://www.google.com/maps/search/?api=1&query=Cafe%20Th%C3%B4ng%20%C4%90%C3%A0%20L%E1%BA%A1t&query_place_id=ChIJm3kObABbNDERsllCwkxph_4","Quán cà phê"
"Phở Cồ Hòa Lạc","3.6","5","2G69+4CQ","Hà Nội","Hòa Lạc, Hà Nội","VN",,"","Nhà hàng phở",,,,,,"https://www.google.com/maps/search/?api=1&query=Ph%E1%BB%9F%20C%E1%BB%93%20H%C3%B2a%20L%E1%BA%A1c&query_place_id=ChIJayLLOFpbNDERxaGb_TBbjCk","Nhà hàng phở"
"Mỳ cay Hola","3.7","11","2G79+CF4","Hà Nội","Hòa Lạc, Hà Nội","VN",,"+84 945 403 868","Quán ăn nhỏ",,,,,,"https://www.google.com/maps/search/?api=1&query=M%E1%BB%B3%20cay%20Hola&query_place_id=ChIJW3aVu05bNDERFfxsKl_po70","Quán ăn nhỏ"
"Bánh Mỳ Nguyễn Việt","3","2","QL21A","Hà Nội","Hòa Lạc, Hà Nội","VN","https://www.facebook.com/nguyenvuong28102017","+84 356 721 667","Cửa hàng sandwich",,,,,,"https://www.google.com/maps/search/?api=1&query=B%C3%A1nh%20M%E1%BB%B3%20Nguy%E1%BB%85n%20Vi%E1%BB%87t&query_place_id=ChIJJTqH_PlbNDERV13GNagDmMc","Cửa hàng sandwich"
"Nhà Hàng Gà Ri Thanh Tuấn","4","9","QL21","Hà Nội","Hòa Lạc, Hà Nội","VN",,"+84 977 555 072","Nhà hàng thịt gà",,,,,,"https://www.google.com/maps/search/?api=1&query=Nh%C3%A0%20H%C3%A0ng%20G%C3%A0%20Ri%20Thanh%20Tu%E1%BA%A5n&query_place_id=ChIJ9Zw5WgBbNDERoMdBJYjhFFw","Nhà hàng thịt gà"
"Hẻm Nướng","3","2","Ngõ 1 Đường Cây Xăng 39","Hà Nội","Hòa Lạc, Hà Nội","VN",,"+84 327 146 083","Món nướng",,,,,,"https://www.google.com/maps/search/?api=1&query=H%E1%BA%BBm%20N%C6%B0%E1%BB%9Bng&query_place_id=ChIJh8OeeLdbNDERmhfod8cQDe8","Món nướng"
"Cơm Gà RuBy","4.1","8","Số 282A cụm 4","Hà Nội","Hòa Lạc, Hà Nội","VN",,"","Quán ăn nhỏ",,,,,,"https://www.google.com/maps/search/?api=1&query=C%C6%A1m%20G%C3%A0%20RuBy&query_place_id=ChIJdciR4vJbNDERaxg_7PcYRws","Quán ăn nhỏ"
"Cơm Đăng Khôi",,,"2G79+CF4","Hà Nội","Hòa Lạc, Hà Nội","VN",,"","Nhà hàng cơm",,,,,,"https://www.google.com/maps/search/?api=1&query=C%C6%A1m%20%C4%90%C4%83ng%20Kh%C3%B4i&query_place_id=ChIJK_3bNQBbNDER3OvZfTLBqjc","Nhà hàng cơm"
"Ốc Sài Gòn","3","1","346 thôn 3","Hà Nội","Hòa Lạc, Hà Nội","VN",,"","Quán ăn nhỏ",,,,,,"https://www.google.com/maps/search/?api=1&query=%E1%BB%90c%20S%C3%A0i%20G%C3%B2n&query_place_id=ChIJQ1AUcgBbNDER0Jbg6dQj3nQ","Quán ăn nhỏ"
"Bún Riêu Cua Thảo Thuận 2","4","4","2G59+VFF, QL21A","Hà Nội","Hòa Lạc, Hà Nội","VN",,"","Quán mì",,,,,,"https://www.google.com/maps/search/?api=1&query=B%C3%BAn%20Ri%C3%AAu%20Cua%20Th%E1%BA%A3o%20Thu%E1%BA%ADn%202&query_place_id=ChIJUwLbOwBbNDER4lBmCmz_Bew","Quán mì"
"Cơm Tấm Bếp Mẹ Kem",,,"2G49+P66, QL21","Hà Nội","Hòa Lạc, Hà Nội","VN",,"","Quán ăn nhỏ",,,,,,"https://www.google.com/maps/search/?api=1&query=C%C6%A1m%20T%E1%BA%A5m%20B%E1%BA%BFp%20M%E1%BA%B9%20Kem&query_place_id=ChIJNxdUZwBbNDERrWkvgf7rlnQ","Quán ăn nhỏ"
"Bún riêu cua bắp bò Thu Phương","3.4","5","2G79+MH4","Hà Nội","Hòa Lạc, Hà Nội","VN",,"","Quán mì",,,,,,"https://www.google.com/maps/search/?api=1&query=B%C3%BAn%20ri%C3%AAu%20cua%20b%E1%BA%AFp%20b%C3%B2%20Thu%20Ph%C6%B0%C6%A1ng&query_place_id=ChIJe9xGTxlbNDERL9ysW8HaURE","Quán mì"
"Linh Anh Quán","1","1",,"Hà Nội","Hòa Lạc, Hà Nội","VN",,"","Nhà hàng",,,,,,"https://www.google.com/maps/search/?api=1&query=Linh%20Anh%20Qu%C3%A1n&query_place_id=ChIJN_PMlZRbNDERIMCHIECPt2E","Nhà hàng"
"Buffet Lẩu Nướng Thị Mỡ",,,"2G89+MQ3","Hà Nội","Hòa Lạc, Hà Nội","VN",,"+84 914 181 223","Nhà hàng món nướng",,,,,,"https://www.google.com/maps/search/?api=1&query=Buffet%20L%E1%BA%A9u%20N%C6%B0%E1%BB%9Bng%20Th%E1%BB%8B%20M%E1%BB%A1&query_place_id=ChIJkxthnGRbNDERSBzzD2N1-aA","Nhà hàng món nướng"
"Bún Chả Nem Hùng Anh","3.3","36","2G69+CG8","Hà Nội","Hòa Lạc, Hà Nội","VN",,"+84 342 436 528","Quán ăn nhỏ",,,,,,"https://www.google.com/maps/search/?api=1&query=B%C3%BAn%20Ch%E1%BA%A3%20Nem%20H%C3%B9ng%20Anh&query_place_id=ChIJd-eANFtbNDER3JG_m9Zhrqs","Quán ăn nhỏ"
"Phở Cồ An 2",,,"2G49+J7M, QL21A","Hà Nội","Hòa Lạc, Hà Nội","VN",,"","Nhà hàng phở",,,,,,"https://www.google.com/maps/search/?api=1&query=Ph%E1%BB%9F%20C%E1%BB%93%20An%202&query_place_id=ChIJZ04XLQBbNDERofaKGwvClCQ","Nhà hàng phở"
"Pizza Fat","3.5","55","2G69+XJJ","Hà Nội","Hòa Lạc, Hà Nội","VN",,"","Nhà hàng pizza",,,,,,"https://www.google.com/maps/search/?api=1&query=Pizza%20Fat&query_place_id=ChIJ5Qk3JUlbNDERTcYmf1MgwzE","Nhà hàng pizza"
"Ahiii Chicken",,,"Số 82 Thôn 3","Hà Nội","Hòa Lạc, Hà Nội","VN",,"+84 962 812 212","Nhà hàng ăn nhanh",,,,,,"https://www.google.com/maps/search/?api=1&query=Ahiii%20Chicken&query_place_id=ChIJVdi8RQBbNDERodP5wk0_JSo","Nhà hàng ăn nhanh"
"Bình Yên Quán",,,"Thôn Vân Lôi","Hà Nội","Hòa Lạc, Hà Nội","VN",,"","Nhà hàng",,,,,,"https://www.google.com/maps/search/?api=1&query=B%C3%ACnh%20Y%C3%AAn%20Qu%C3%A1n&query_place_id=ChIJw8bZJgBbNDERbXwiqBJg3Lg","Nhà hàng"
"Bánh mỳ trà sữa bobo382","1.5","2","356 thôn 4","Hà Nội","Hòa Lạc, Hà Nội","VN",,"+84 868 216 382","Nhà hàng",,,,,,"https://www.google.com/maps/search/?api=1&query=B%C3%A1nh%20m%E1%BB%B3%20tr%C3%A0%20s%E1%BB%AFa%20bobo382&query_place_id=ChIJA5IhSh1bNDERgAYykq3i_40","Nhà hàng"
"Bún Chả Hà Nội Thủy Béo",,,"2G49+J7M, QL21","Hà Nội","Hòa Lạc, Hà Nội","VN",,"","Quán mì",,,,,,"https://www.google.com/maps/search/?api=1&query=B%C3%BAn%20Ch%E1%BA%A3%20H%C3%A0%20N%E1%BB%99i%20Th%E1%BB%A7y%20B%C3%A9o&query_place_id=ChIJD8z2fQBbNDERZi-cxwZrS7E","Quán mì"
"Quán mỳ quảng",,,"2G79+CF4","Hà Nội","Hòa Lạc, Hà Nội","VN",,"","Quán mì",,,,,,"https://www.google.com/maps/search/?api=1&query=Qu%C3%A1n%20m%E1%BB%B3%20qu%E1%BA%A3ng&query_place_id=ChIJJWbjPgBbNDERpmsG6rR1Azk","Quán mì"
"Quán Xưa Phổ",,,,"Hà Nội","Hòa Lạc, Hà Nội","VN",,"","Nhà hàng",,,,,,"https://www.google.com/maps/search/?api=1&query=Qu%C3%A1n%20X%C6%B0a%20Ph%E1%BB%95&query_place_id=ChIJ6eKxtJRbNDERiul5sVsS23E","Nhà hàng"
"Bún cá cay Hồng Sáu",,,"2G7C+M29, QL21A","Hà Nội","Hòa Lạc, Hà Nội","VN",,"+84 972 232 363","Nhà hàng chuyên phục vụ bữa nửa buổi",,,,,,"https://www.google.com/maps/search/?api=1&query=B%C3%BAn%20c%C3%A1%20cay%20H%E1%BB%93ng%20S%C3%A1u&query_place_id=ChIJf3VfmDxbNDERzTXa8C33Uk4","Nhà hàng chuyên phục vụ bữa nửa buổi"
"Bún đậu Đồng Mô 2","2.9","10","2G69+GGV, 130","Hà Nội","Hòa Lạc, Hà Nội","VN",,"+84 829 170 333","Nhà hàng gia đình",,,,,,"https://www.google.com/maps/search/?api=1&query=B%C3%BAn%20%C4%91%E1%BA%ADu%20%C4%90%E1%BB%93ng%20M%C3%B4%202&query_place_id=ChIJNTnWKgBbNDER_rky0_aB5So","Nhà hàng gia đình"
"Minh Chi Bún Chả Hà Nội",,,,"Hà Nội","Hòa Lạc, Hà Nội","VN",,"","Nhà hàng",,,,,,"https://www.google.com/maps/search/?api=1&query=Minh%20Chi%20B%C3%BAn%20Ch%E1%BA%A3%20H%C3%A0%20N%E1%BB%99i&query_place_id=ChIJ6zKEu5RbNDERYcLOp4c-qwc","Nhà hàng"
"Bún chả Năm Hòi",,,"2G69+675","Hà Nội","Hòa Lạc, Hà Nội","VN",,"","Nhà hàng chuyên phục vụ bữa sáng",,,,,,"https://www.google.com/maps/search/?api=1&query=B%C3%BAn%20ch%E1%BA%A3%20N%C4%83m%20H%C3%B2i&query_place_id=ChIJ-ZsEUwBbNDERelh90WyxjV4","Nhà hàng chuyên phục vụ bữa sáng"
"Bún Đậu Cô Tuyết",,,"Số 33 Thôn 3","Hà Nội","Hòa Lạc, Hà Nội","VN",,"+84 962 620 393","Quán ăn nhỏ",,,,,,"https://www.google.com/maps/search/?api=1&query=B%C3%BAn%20%C4%90%E1%BA%ADu%20C%C3%B4%20Tuy%E1%BA%BFt&query_place_id=ChIJpUHC869bNDER79W1kLBluI4","Quán ăn nhỏ"
"Bánh Mỳ Chảo Kozzo","5","1","Nhà 65","Hà Nội","Hòa Lạc, Hà Nội","VN",,"+84 898 322 496","Nhà hàng ăn nhanh",,,,,,"https://www.google.com/maps/search/?api=1&query=B%C3%A1nh%20M%E1%BB%B3%20Ch%E1%BA%A3o%20Kozzo&query_place_id=ChIJv0BhQPxbNDER8ZyNkSrsce4","Nhà hàng ăn nhanh"
"Yummy Coffee","4.4","8","2GPW+RM8, ĐT420","Hà Nội","Hạ Bằng, Hà Nội","VN",,"+84 964 005 780","Quán cà phê",,,,,,"https://www.google.com/maps/search/?api=1&query=Yummy%20Coffee&query_place_id=ChIJNzzWrYtZNDERemMWHHJZs6c","Quán cà phê"
"Cafe New Star","5","1","Thôn Bình Yên, Xã","Hà Nội","Hạ Bằng, Hà Nội","VN",,"+84 972 575 128","Quán cà phê",,,,,,"https://www.google.com/maps/search/?api=1&query=Cafe%20New%20Star&query_place_id=ChIJ_5OMsX9ZNDERgRZE190wNrs","Quán cà phê"
"Nhà Hàng Khải Thanh",,,"2H25+835","Hà Nội","Hạ Bằng, Hà Nội","VN",,"+84 914 910 996","Nhà hàng",,,,,,"https://www.google.com/maps/search/?api=1&query=Nh%C3%A0%20H%C3%A0ng%20Kh%E1%BA%A3i%20Thanh&query_place_id=ChIJ73N9gvNbNDERf60rcbLq5MI","Nhà hàng"
"Rượu Ngô Men Lá Tân Sơn",,,"1A đường Giảng Nu","Hà Nội","Hạ Bằng, Hà Nội","VN",,"+84 987 880 509","Nhà rượu",,,,,,"https://www.google.com/maps/search/?api=1&query=R%C6%B0%E1%BB%A3u%20Ng%C3%B4%20Men%20L%C3%A1%20T%C3%A2n%20S%C6%A1n&query_place_id=ChIJJQtfpuRbNDERxvahDlIfgbQ","Nhà rượu"
"Karaoke Mai Mai","5","1",,"Hà Nội","Hạ Bằng, Hà Nội","VN",,"","Quán bar karaoke",,,,,,"https://www.google.com/maps/search/?api=1&query=Karaoke%20Mai%20Mai&query_place_id=ChIJQb3wR0ZbNDERE2GqfSSeGNE","Quán bar karaoke"
"日本ラーメン店","4","5","2G69+H94","Hà Nội","Hòa Lạc, Hà Nội","VN",,"","Nhà hàng Nhật Bản",,,,,,"https://www.google.com/maps/search/?api=1&query=%E6%97%A5%E6%9C%AC%E3%83%A9%E3%83%BC%E3%83%A1%E3%83%B3%E5%BA%97&query_place_id=ChIJq3UqcQBbNDERLAQAsd11Ccs","Nhà hàng Nhật Bản"
"MukZone Cafe & Camping","4.7","50","XGV7+VXW","Hà Nội","Hòa Lạc, Hà Nội","VN",,"","Quán cà phê",,,,,,"https://www.google.com/maps/search/?api=1&query=MukZone%20Cafe%20%26%20Camping&query_place_id=ChIJq7_teQBbNDERSk4lHk4PzHA","Quán cà phê"
"Hola Cafe & Camping","4.8","4",,"Hà Nội","Hòa Lạc, Hà Nội","VN",,"+84 378 882 828","Quán cà phê",,,,,,"https://www.google.com/maps/search/?api=1&query=Hola%20Cafe%20%26%20Camping&query_place_id=ChIJhwYVgfFbNDERXXr3OvScUzs","Quán cà phê"
"The Broker Coffee","4.6","17","140 Đ. Thôn 2","Hà Nội","Hòa Lạc, Hà Nội","VN",,"+84 904 888 968","Quán cà phê",,,,,,"https://www.google.com/maps/search/?api=1&query=The%20Broker%20Coffee&query_place_id=ChIJRejSN5BbNDERN82sYiS5tZk","Quán cà phê"
"Cà Phê Hoa Vinh","5","6","Ngã tư đại lộ TL","Hà Nội","Hòa Lạc, Hà Nội","VN",,"+84 395 565 092","Quán cà phê",,,,,,"https://www.google.com/maps/search/?api=1&query=C%C3%A0%20Ph%C3%AA%20Hoa%20Vinh&query_place_id=ChIJAVgXakRbNDER4RCYnvTTYkk","Quán cà phê"
"Mộc Cafe","5","2","XGR8+3H2","Hà Nội","Yên Xuân, Hà Nội","VN",,"+84 852 999 888","Quán cà phê",,,,,,"https://www.google.com/maps/search/?api=1&query=M%E1%BB%99c%20Cafe&query_place_id=ChIJrZoRAwBbNDER_i8ZSdaMhUo","Quán cà phê"
"Home Café","5","4","Số 152 cụm 1","Hà Nội","Hòa Lạc, Hà Nội","VN",,"+84 912 055 574","Quán cà phê",,,,,,"https://www.google.com/maps/search/?api=1&query=Home%20Caf%C3%A9&query_place_id=ChIJVW2aXJFbNDERyXYI_465FIk","Quán cà phê"
"Lang Thang Cà Phê - Hòa Lạc","4.7","50","XGVF+R8M","Hà Nội","Hòa Lạc, Hà Nội","VN",,"+84 978 846 466","Quán cà phê",,,,,,"https://www.google.com/maps/search/?api=1&query=Lang%20Thang%20C%C3%A0%20Ph%C3%AA%20-%20H%C3%B2a%20L%E1%BA%A1c&query_place_id=ChIJO19H3ThbNDERPIbU20Yn3wQ","Quán cà phê"
"Media Cafe","4.7","3","Ngã 3 CT03","Hà Nội","Hòa Lạc, Hà Nội","VN",,"+84 973 950 728","Quán cà phê",,,,,,"https://www.google.com/maps/search/?api=1&query=Media%20Cafe&query_place_id=ChIJlxabbABbNDERnBUjqHcb21s","Quán cà phê"
"Bánh Cuốn Phủ Lý,Bún Chả",,,"Gần Hoàng Tuấn","Hà Nội","Yên Xuân, Hà Nội","VN",,"+84 965 835 355","Quán ăn nhỏ",,,,,,"https://www.google.com/maps/search/?api=1&query=B%C3%A1nh%20Cu%E1%BB%91n%20Ph%E1%BB%A7%20L%C3%BD%2CB%C3%BAn%20Ch%E1%BA%A3&query_place_id=ChIJFYNiC09bNDER3lC68tGjtcE","Quán ăn nhỏ"
"Cafe Châu Long","4.3","7","XGVF+J8H","Hà Nội","Hòa Lạc, Hà Nội","VN",,"+84 915 661 177","Quán cà phê",,,,,,"https://www.google.com/maps/search/?api=1&query=Cafe%20Ch%C3%A2u%20Long&query_place_id=ChIJWefqg59bNDERYhcu9O0If20","Quán cà phê"
"Karaoke Hoa Hồng Massage","4","140","Số 234 Cụm 1","Hà Nội","Hòa Lạc, Hà Nội","VN",,"+84 964 933 999","Quán bar karaoke","Spa mát xa",,,,,"https://www.google.com/maps/search/?api=1&query=Karaoke%20Hoa%20H%E1%BB%93ng%20Massage&query_place_id=ChIJqQf_CgpbNDERFhQFQiFQxro","Quán bar karaoke"
"Karaoke Đại Dương Massage","4.3","9","XGR8+598","Hà Nội","Hòa Lạc, Hà Nội","VN",,"","Quán bar karaoke",,,,,,"https://www.google.com/maps/search/?api=1&query=Karaoke%20%C4%90%E1%BA%A1i%20D%C6%B0%C6%A1ng%20Massage&query_place_id=ChIJd5pORXZbNDERnCyI80Yv-bM","Quán bar karaoke"
"KaraokeHH+","4.7","6","2H8G+Q44","Hà Nội","Hạ Bằng, Hà Nội","VN",,"+84 708 675 675","Quán bar karaoke",,,,,,"https://www.google.com/maps/search/?api=1&query=KaraokeHH%2B&query_place_id=ChIJZYr-YCtbNDERUbz62MH775I","Quán bar karaoke"
"Karaoke 568","5","1","2H98+6QX","Hà Nội","Hạ Bằng, Hà Nội","VN",,"","Quán bar karaoke",,,,,,"https://www.google.com/maps/search/?api=1&query=Karaoke%20568&query_place_id=ChIJsZMkWABbNDEROjyRGT9R7Qc","Quán bar karaoke"
"Pink Coffee",,,,"Hà Nội","Hạ Bằng, Hà Nội","VN",,"+84 984 734 968","Quán cà phê",,,,,,"https://www.google.com/maps/search/?api=1&query=Pink%20Coffee&query_place_id=ChIJt0GtlxZaNDERzhgTbj7ne-Q","Quán cà phê"
"Billiards Club 386","5","22","XGPJ+3MC","Hà Nội","Hòa Lạc, Hà Nội","VN",,"+84 365 828 386","Tổ hợp thể thao",,,,,,"https://www.google.com/maps/search/?api=1&query=Billiards%20Club%20386&query_place_id=ChIJXSaL_b5bNDERxA-KsH156KI","Tổ hợp thể thao"
"Thanh Bình Coffee","5","1","XGPG+MWM","Hà Nội","Hòa Lạc, Hà Nội","VN",,"","Quán cà phê",,,,,,"https://www.google.com/maps/search/?api=1&query=Thanh%20B%C3%ACnh%20Coffee&query_place_id=ChIJryQHBwBbNDERB60ttSGAEIU","Quán cà phê"
"HL Garden Coffee n' Chill","3.6","14","XGPJ+69H","Hà Nội","Hòa Lạc, Hà Nội","VN",,"+84 859 999 918","Quán cà phê",,,,,,"https://www.google.com/maps/search/?api=1&query=HL%20Garden%20Coffee%20n'%20Chill&query_place_id=ChIJ28IdPABbNDER4MuWJmGPQGo","Quán cà phê"
"Lemon House Bắc Phú Cát","4","20","XGMG+FQC, Đầu đường đôi TĐC Bắc","Hà Nội","Hòa Lạc, Hà Nội","VN","https://www.facebook.com/profile.php?id=61567089777153&mibextid=ZbWKwL","+84 979 443 339","Quán cà phê",,,,,,"https://www.google.com/maps/search/?api=1&query=Lemon%20House%20B%E1%BA%AFc%20Ph%C3%BA%20C%C3%A1t&query_place_id=ChIJW3usDwBbNDERcqz6pmeOmqs","Quán cà phê"
"Quang Anh","5","1",,"Hà Nội","Hòa Lạc, Hà Nội","VN",,"","Quán cà phê",,,,,,"https://www.google.com/maps/search/?api=1&query=Quang%20Anh&query_place_id=ChIJxRxoWA5bNDERmX-Zlw8CSig","Quán cà phê"
"Cafe Hòa Lạc","4.1","175","Số 48 Thôn 2","Hà Nội","Yên Xuân, Hà Nội","VN","http://minhhongart.com/","+84 904 150 161","Quán cà phê",,,,,,"https://www.google.com/maps/search/?api=1&query=Cafe%20H%C3%B2a%20L%E1%BA%A1c&query_place_id=ChIJY-Qe7gxbNDERYsbo4AU5ZwY","Quán cà phê"
"Tiệm Trà Mẹ Kem","5","1","XGQG+2W4","Hà Nội","Hòa Lạc, Hà Nội","VN",,"","Trà trân châu",,,,,,"https://www.google.com/maps/search/?api=1&query=Ti%E1%BB%87m%20Tr%C3%A0%20M%E1%BA%B9%20Kem&query_place_id=ChIJ3XYPWgBbNDERPT_ov0KMEp0","Trà trân châu"
"Đá Sạch Hoà Lạc","5","3","XGQR+P2X","Hà Nội","Hòa Lạc, Hà Nội","VN",,"+84 971 927 547","Cửa hàng kem",,,,,,"https://www.google.com/maps/search/?api=1&query=%C4%90%C3%A1%20S%E1%BA%A1ch%20Ho%C3%A0%20L%E1%BA%A1c&query_place_id=ChIJJXqzSgBbNDERc2VYo0J7lDg","Cửa hàng kem"
"Top One Cafe","4.6","5","XGPP+VHG, Cầu vượt Phú Cát","Hà Nội","Hòa Lạc, Hà Nội","VN",,"+84 334 341 996","Quán cà phê",,,,,,"https://www.google.com/maps/search/?api=1&query=Top%20One%20Cafe&query_place_id=ChIJwwO0ujNbNDERddz4P8qa5lQ","Quán cà phê"
"Karaoke Sen Vàng club","4.5","2",,"Hà Nội","Hòa Lạc, Hà Nội","VN",,"+84 388 574 444","Quán bar karaoke",,,,,,"https://www.google.com/maps/search/?api=1&query=Karaoke%20Sen%20V%C3%A0ng%20club&query_place_id=ChIJB8qE5bVbNDER80EnwSyHAr4","Quán bar karaoke"
"Sài Gòn Cafe Trà Chanh","4.4","13","XGQJ+MCQ","Hà Nội","Hòa Lạc, Hà Nội","VN",,"","Quán cà phê",,,,,,"https://www.google.com/maps/search/?api=1&query=S%C3%A0i%20G%C3%B2n%20Cafe%20Tr%C3%A0%20Chanh&query_place_id=ChIJSQdIFmFbNDERX-DkSRV7Xow","Quán cà phê"
"Sữa 559","3.9","85","Khu Công Nghệ Cao Hòa Lạc, CT03","Hà Nội","Hòa Lạc, Hà Nội","VN",,"+84 924 229 999","Quán cà phê",,,,,,"https://www.google.com/maps/search/?api=1&query=S%E1%BB%AFa%20559&query_place_id=ChIJrxGnrV9bNDERDU4f5yb20dI","Quán cà phê"
"Diamond Coffee Diễn Hồng","5","5","XGQR+VMM","Hà Nội","Hòa Lạc, Hà Nội","VN",,"","Quán cà phê",,,,,,"https://www.google.com/maps/search/?api=1&query=Diamond%20Coffee%20Di%E1%BB%85n%20H%E1%BB%93ng&query_place_id=ChIJa5fMVQBbNDERk7izeV3BMJk","Quán cà phê"
"Bún Cháo Thanh Thảo","3.7","3","XGQJ+Q89","Hà Nội","Hòa Lạc, Hà Nội","VN",,"","Quán mì",,,,,,"https://www.google.com/maps/search/?api=1&query=B%C3%BAn%20Ch%C3%A1o%20Thanh%20Th%E1%BA%A3o&query_place_id=ChIJpa7NbABbNDERlnYRCmxTHwc","Quán mì"
"Karaoke Audi","5","1",,"Hà Nội","Hòa Lạc, Hà Nội","VN",,"+84 395 374 888","Quán bar","Karaoke theo video",,,,,"https://www.google.com/maps/search/?api=1&query=Karaoke%20Audi&query_place_id=ChIJv_PXOIpbNDERkxVK2SZCClg","Quán bar"
"Hoa Phượng 86","4","4","XGPJ+2Q5","Hà Nội","Hòa Lạc, Hà Nội","VN",,"","Quán bar",,,,,,"https://www.google.com/maps/search/?api=1&query=Hoa%20Ph%C6%B0%E1%BB%A3ng%2086&query_place_id=ChIJ_YcZ1ppbNDER6S9RMCoXHFE","Quán bar"
"Karaoke miền Tây","4","2","Đường gom, CT03","Hà Nội","Hòa Lạc, Hà Nội","VN",,"+84 973 781 323","Quán bar karaoke",,,,,,"https://www.google.com/maps/search/?api=1&query=Karaoke%20mi%E1%BB%81n%20T%C3%A2y&query_place_id=ChIJl2manOFbNDER2zTRf79U1AM","Quán bar karaoke"
"Lyly Nguyễn","3","2","XGQJ+MCQ","Hà Nội","Hòa Lạc, Hà Nội","VN",,"","Quán bar karaoke",,,,,,"https://www.google.com/maps/search/?api=1&query=Lyly%20Nguy%E1%BB%85n&query_place_id=ChIJI1xdfgBbNDERSgybc5LZzK8","Quán bar karaoke"
"92 Karaoke","3.7","3",,"Hà Nội","Hòa Lạc, Hà Nội","VN",,"+84 966 446 139","Quán bar",,,,,,"https://www.google.com/maps/search/?api=1&query=92%20Karaoke&query_place_id=ChIJA3UQGxpbNDERq0NToRdP3XU","Quán bar"
"Karaoke Thiên Đường",,,,"Hà Nội","Hòa Lạc, Hà Nội","VN",,"+84 918 521 993","Quán bar karaoke","Quán bar",,,,,"https://www.google.com/maps/search/?api=1&query=Karaoke%20Thi%C3%AAn%20%C4%90%C6%B0%E1%BB%9Dng&query_place_id=ChIJ5XKYBwBbNDERnTT0e-OBh1o","Quán bar karaoke"
"🥤Trang Coffe & Tea🥤",,,"XGQV+V7V","Hà Nội","Hòa Lạc, Hà Nội","VN",,"","Quán cà phê",,,,,,"https://www.google.com/maps/search/?api=1&query=%F0%9F%A5%A4Trang%20Coffe%20%26%20Tea%F0%9F%A5%A4&query_place_id=ChIJW38ASQBbNDERipeT4SUDn4E","Quán cà phê"
"Phố Núi Karaoke",,,"XGMJ+XR9","Hà Nội","Hòa Lạc, Hà Nội","VN",,"","Quán bar karaoke",,,,,,"https://www.google.com/maps/search/?api=1&query=Ph%E1%BB%91%20N%C3%BAi%20Karaoke&query_place_id=ChIJf2EhRQBbNDERGG0mAvsEhB8","Quán bar karaoke"
"LYLY KTV","2","4",,"Hà Nội","Hòa Lạc, Hà Nội","VN",,"+84 899 888 386","Quán bar karaoke",,,,,,"https://www.google.com/maps/search/?api=1&query=LYLY%20KTV&query_place_id=ChIJd6PlFABbNDERp9a5l6WBdQQ","Quán bar karaoke"
"Karaoke Star",,,"XGQP+R9P","Hà Nội","Hòa Lạc, Hà Nội","VN",,"","Quán bar",,,,,,"https://www.google.com/maps/search/?api=1&query=Karaoke%20Star&query_place_id=ChIJXZsxeABbNDERyIg-gOxJQO0","Quán bar"
"Mixue Phú Cát","3.4","69",,"Hà Nội","Hòa Lạc, Hà Nội","VN",,"+84 982 349 276","Cửa hàng kem",,,,,,"https://www.google.com/maps/search/?api=1&query=Mixue%20Ph%C3%BA%20C%C3%A1t&query_place_id=ChIJT3KQYfxbNDER0LOmPOknGag","Cửa hàng kem"
"Liso Quán Bia Cơm","2","1","XHW3+WRG, D. Vực Giang","Hà Nội","Hòa Lạc, Hà Nội","VN",,"+84 975 777 515","Nhà hàng Việt Nam",,,,,,"https://www.google.com/maps/search/?api=1&query=Liso%20Qu%C3%A1n%20Bia%20C%C6%A1m&query_place_id=ChIJHRI0TsVbNDERaHouLdyH5Q4","Nhà hàng Việt Nam"
"Cafe Yến","3.8","17","cafe yến","Hà Nội","Hạ Bằng, Hà Nội","VN","https://www.facebook.com/profile.php?id=100063775321773","+84 943 732 931","Quán cà phê",,,,,,"https://www.google.com/maps/search/?api=1&query=Cafe%20Y%E1%BA%BFn&query_place_id=ChIJo7uTG-dbNDERGCTF3O1o6a8","Quán cà phê"
"Nhà May Thúy Xinh",,,,"Hà Nội","Hạ Bằng, Hà Nội","VN",,"+84 376 019 612","Nhà hàng",,,,,,"https://www.google.com/maps/search/?api=1&query=Nh%C3%A0%20May%20Th%C3%BAy%20Xinh&query_place_id=ChIJxYZ4vuVbNDERCT8QFfGpbyk","Nhà hàng"
"Coffee Gió",,,"XHX4+JQ2","Hà Nội","Hạ Bằng, Hà Nội","VN","https://coffee-gio.onrender.com/","+84 968 251 663","Quán cà phê",,,,,,"https://www.google.com/maps/search/?api=1&query=Coffee%20Gio%CC%81&query_place_id=ChIJs6vFHQBbNDERvAy16kYTaHI","Quán cà phê"
"Nhà của Kiên",,,"2HJG+27V","Hà Nội","Hạ Bằng, Hà Nội","VN","http://vanepdoangia.vn/","+84 984 710 342","Nhà hàng",,,,,,"https://www.google.com/maps/search/?api=1&query=Nh%C3%A0%20c%E1%BB%A7a%20Ki%C3%AAn&query_place_id=ChIJBXqBFQ1RNDERVQBJld1vxp4","Nhà hàng"
"Karaoke Top One","4.3","4","222 Đ. Chùa Tây Phương","Hà Nội","Tây Phương, Hà Nội","VN",,"+84 866 932 268","Quán bar karaoke",,,,,,"https://www.google.com/maps/search/?api=1&query=Karaoke%20Top%20One&query_place_id=ChIJvZD4DzRbNDERSNuFgQ-7VGo","Quán bar karaoke"
"Chốn Xin Chào Cafe","5","103","664 Đường Thôn 2","Hà Nội","Hòa Lạc, Hà Nội","VN","https://www.facebook.com/profile.php?id=100084720642611","+84 326 236 346","Quán cà phê",,,,,,"https://www.google.com/maps/search/?api=1&query=Ch%E1%BB%91n%20Xin%20Ch%C3%A0o%20Cafe&query_place_id=ChIJ45cwWgBbNDERRZWaGajQ1ps","Quán cà phê"
"Nhà khách Đại học Quốc gia Hà Nội","4.1","107","XGW7+CJ4, Tuyến Đ. Số 11","Hà Nội","Hòa Lạc, Hà Nội","VN",,"","Nhà khách",,,,,,"https://www.google.com/maps/search/?api=1&query=Nh%C3%A0%20kh%C3%A1ch%20%C4%90%E1%BA%A1i%20h%E1%BB%8Dc%20Qu%E1%BB%91c%20gia%20H%C3%A0%20N%E1%BB%99i&query_place_id=ChIJibp3tPRbNDERwYXYHMhlLrg","Nhà khách"
"X HOME THIẾT KẾ",,,,"Hà Nội","Hạ Bằng, Hà Nội","VN","http://xdecor.net/","+84 965 163 169","Nhà thiết kế tòa nhà",,,,,,"https://www.google.com/maps/search/?api=1&query=X%20HOME%20THI%E1%BA%BET%20K%E1%BA%BE&query_place_id=ChIJTY7qk25bNDERzGh9cJQDuN8","Nhà thiết kế tòa nhà"
"VNU - LIC Cafeteria","4.2","18","Đường Khoa Học Tự Nhiên, Tuyến Đ. Số 11","Hà Nội","Hòa Lạc, Hà Nội","VN","https://www.facebook.com/CafeteriaHoaLac","+84 372 536 536","Quán cà phê",,,,,,"https://www.google.com/maps/search/?api=1&query=VNU%20-%20LIC%20Cafeteria&query_place_id=ChIJX6jz915bNDERVqDt80JWN7g","Quán cà phê"
"Trốn Café","5","5","2HCM+GJR","Hà Nội","Hạ Bằng, Hà Nội","VN",,"","Quán cà phê",,,,,,"https://www.google.com/maps/search/?api=1&query=Tr%E1%BB%91n%20Caf%C3%A9&query_place_id=ChIJ88z0HABbNDERRzGcP9xGYIg","Quán cà phê"
"Silas de 2004 Cafe","4.4","11","Đối diện trường tiểu học, 16 đường lưu niệm Bác Hồ, xã Cần Kiệm, huyện Thạch Thất, nội","Hà Nội","Hạ Bằng, Hà Nội","VN",,"+84 988 422 425","Quán cà phê",,,,,,"https://www.google.com/maps/search/?api=1&query=Silas%20de%202004%20Cafe&query_place_id=ChIJK2fwyupbNDEROo3ndpYaHBU","Quán cà phê"
"Twitter Beans FPT Education","3.8","9","Km29, CT03","Hà Nội","Hòa Lạc, Hà Nội","VN",,"","Quán cà phê",,,,,,"https://www.google.com/maps/search/?api=1&query=Twitter%20Beans%20FPT%20Education&query_place_id=ChIJXTpebgBbNDERbSRmINRkjKA","Quán cà phê"
"Azzan Coffee - Đại học FPT","4.9","9","2G7G+8F3","Hà Nội","Hòa Lạc, Hà Nội","VN",,"+84 967 883 545","Quán cà phê",,,,,,"https://www.google.com/maps/search/?api=1&query=Azzan%20Coffee%20-%20%C4%90%E1%BA%A1i%20h%E1%BB%8Dc%20FPT&query_place_id=ChIJP6XG0FFbNDERCCTLrr4ktPg","Quán cà phê"
"CK Coffee","4.9","10","Khu Công Nghệ Cao Hòa Lạc","Hà Nội","Hòa Lạc, Hà Nội","VN",,"","Quán cà phê",,,,,,"https://www.google.com/maps/search/?api=1&query=CK%20Coffee&query_place_id=ChIJx9qdEABbNDERGKKj7FdKwqk","Quán cà phê"
"Twitter Beans Coffee Hòa Lạc","4.2","242","2G2P+7XW, KCNC","Hà Nội","Hòa Lạc, Hà Nội","VN","http://twitterbeanscoffee.com/","+84 24 3205 6262","Quán cà phê",,,,,,"https://www.google.com/maps/search/?api=1&query=Twitter%20Beans%20Coffee%20H%C3%B2a%20L%E1%BA%A1c&query_place_id=ChIJ9TsbIK5bNDER3O46ZCuzk_E","Quán cà phê"
"Thỏ coffee & milktea","5","1","2G7C+M29, QL21A","Hà Nội","Hòa Lạc, Hà Nội","VN",,"+84 984 104 341","Quán cà phê",,,,,,"https://www.google.com/maps/search/?api=1&query=Th%E1%BB%8F%20coffee%20%26%20milktea&query_place_id=ChIJZa4cCQBbNDERk9JIxXwDrzs","Quán cà phê"
"Highlands Coffee Dai Hoc FPT HN","4.3","23","Hi-tech","Hà Nội","Hòa Lạc, Hà Nội","VN","https://www.highlandscoffee.com.vn/","+84 24 5678 0014","Quán cà phê",,,,,,"https://www.google.com/maps/search/?api=1&query=Highlands%20Coffee%20Dai%20Hoc%20FPT%20HN&query_place_id=ChIJ-b5ocfRbNDER_nbt3R13PTY","Quán cà phê"
"Trường Đại học FPT Hà Nội","4","1527","Khu Công Nghệ Cao Hòa Lạc, CT03","Hà Nội","Hòa Lạc, Hà Nội","VN","https://daihoc.fpt.edu.vn/","+84 24 7300 5588","Trường đại học",,,,,,"https://www.google.com/maps/search/?api=1&query=Tr%C6%B0%E1%BB%9Dng%20%C4%90%E1%BA%A1i%20h%E1%BB%8Dc%20FPT%20H%C3%A0%20N%E1%BB%99i&query_place_id=ChIJGT99DsarNTER9MurtdDX6Ss","Trường đại học"
"Osaka Coffee hoà lạc","4.6","13","Khu Công Nghệ Cao Hòa Lạc","Hà Nội","Hòa Lạc, Hà Nội","VN",,"","Quán cà phê",,,,,,"https://www.google.com/maps/search/?api=1&query=Osaka%20Coffee%20ho%C3%A0%20l%E1%BA%A1c&query_place_id=ChIJVwlbafJbNDERvU3tregNaFg","Quán cà phê"
"Nhà hàng Dê ngon Nguyễn Gia","5","2","2GFC+M35","Hà Nội","Hòa Lạc, Hà Nội","VN",,"+84 936 349 566","Nhà hàng",,,,,,"https://www.google.com/maps/search/?api=1&query=Nh%C3%A0%20h%C3%A0ng%20D%C3%AA%20ngon%20Nguy%E1%BB%85n%20Gia&query_place_id=ChIJCUKzegBbNDERUsZwkmB0vxE","Nhà hàng"
"An Coffee","4.9","12",,"Hà Nội","Hòa Lạc, Hà Nội","VN",,"+84 963 830 018","Quán cà phê",,,,,,"https://www.google.com/maps/search/?api=1&query=An%20Coffee&query_place_id=ChIJK_7gTgBbNDERHfCYyiBoq3M","Quán cà phê"
"Coffee 11.2","5","2","ĐT420","Hà Nội","Hòa Lạc, Hà Nội","VN",,"+84 902 468 626","Khu ăn uống",,,,,,"https://www.google.com/maps/search/?api=1&query=Coffee%2011.2&query_place_id=ChIJn3ruFWxbNDER1OyRSk2FVmQ","Khu ăn uống"
"Mộc Thuỷ Quán- Trà sữa-Cafe-Mỳ Cay- Đồ ăn vặt","5","2","Số 60 Thôn 11 Xã","Hà Nội","Hòa Lạc, Hà Nội","VN",,"+84 769 431 865","Quán cà phê",,,,,,"https://www.google.com/maps/search/?api=1&query=M%E1%BB%99c%20Thu%E1%BB%B7%20Qu%C3%A1n-%20Tr%C3%A0%20s%E1%BB%AFa-Cafe-M%E1%BB%B3%20Cay-%20%C4%90%E1%BB%93%20%C4%83n%20v%E1%BA%B7t&query_place_id=ChIJWTmWNABbNDERjg6QGwFQhhQ","Quán cà phê"
"Chói's Coffee & Tea","4.7","7","Thôn 1 Đường phú hữu","Hà Nội","Hòa Lạc, Hà Nội","VN",,"+84 338 796 166","Quán cà phê",,,,,,"https://www.google.com/maps/search/?api=1&query=Ch%C3%B3i's%20Coffee%20%26%20Tea&query_place_id=ChIJtUp0lmlbNDERGvmoZF3PKb8","Quán cà phê"
"Cường vinh",,,,"Hà Nội","Hòa Lạc, Hà Nội","VN",,"+84 364 214 772","Quán bar",,,,,,"https://www.google.com/maps/search/?api=1&query=C%C6%B0%E1%BB%9Dng%20vinh&query_place_id=ChIJGwMJ2jhbNDERVBIpRmKRQRU","Quán bar"
"Karaoke King Club","5","2",,"Hà Nội","Hạ Bằng, Hà Nội","VN",,"+84 976 850 697","Quán bar",,,,,,"https://www.google.com/maps/search/?api=1&query=Karaoke%20King%20Club&query_place_id=ChIJ97sWR7RbNDEROaINHFO_EbM","Quán bar"
"Gà Rán Five Star","4.2","15","6 ĐT80","Hà Nội","Thạch Thất, Hà Nội","VN","https://www.facebook.com/gabaytt/","+84 373 119 462","Quán gà rán mang đi",,,,,,"https://www.google.com/maps/search/?api=1&query=G%C3%A0%20R%C3%A1n%20Five%20Star&query_place_id=ChIJIWYAmbtZNDERSXzLy27mO64","Quán gà rán mang đi"
"Vườn Bia Đồi Xanh",,,,"Hà Nội","Thạch Hòa, Hà Nội","VN",,"+84 978 697 961","Nhà hàng",,,,,,"https://www.google.com/maps/search/?api=1&query=V%C6%B0%E1%BB%9Dn%20Bia%20%C4%90%E1%BB%93i%20Xanh&query_place_id=ChIJ49KSctNbNDERccWPQfRZwvo","Nhà hàng"
"Hola Cafe","5","2","2GJP+MQX, 26, Tỉnh Lộ 84, Xã Kim Quan","Hà Nội","Hòa Lạc, Hà Nội","VN",,"","Quán cà phê",,,,,,"https://www.google.com/maps/search/?api=1&query=Hola%20Cafe&query_place_id=ChIJUTlJTgBbNDERJoepwXKoWII","Quán cà phê"
"Karaoke Zambar",,,,"Hà Nội","Hạ Bằng, Hà Nội","VN",,"+84 385 852 683","Quán bar karaoke",,,,,,"https://www.google.com/maps/search/?api=1&query=Karaoke%20Zambar&query_place_id=ChIJQTVEnzlbNDERiUNdbM1wKlg","Quán bar karaoke"
"Nhà Hàng Lê Ngợi","4","2","2GMV+FRH","Hà Nội","Hòa Lạc, Hà Nội","VN",,"+84 869 268 983","Nhà hàng",,,,,,"https://www.google.com/maps/search/?api=1&query=Nh%C3%A0%20H%C3%A0ng%20L%C3%AA%20Ng%E1%BB%A3i&query_place_id=ChIJXwPV0EFbNDERyX0gtPgT0p8","Nhà hàng"
"Tú Linh Quán",,,"2GPW+89W, ĐT419","Hà Nội","Hạ Bằng, Hà Nội","VN",,"+84 862 911 994","Nhà hàng",,,,,,"https://www.google.com/maps/search/?api=1&query=T%C3%BA%20Linh%20Qu%C3%A1n&query_place_id=ChIJu-bDUgBbNDERrjLul_dhMvM","Nhà hàng"
"Nhà hàng Hải sản",,,"2GMW+W6Q, ĐT419","Hà Nội","Hạ Bằng, Hà Nội","VN",,"","Nhà hàng",,,,,,"https://www.google.com/maps/search/?api=1&query=Nh%C3%A0%20h%C3%A0ng%20H%E1%BA%A3i%20s%E1%BA%A3n&query_place_id=ChIJ2xivnodbNDERsyPQSDQBLHg","Nhà hàng"
"Hola Sun Cafe Vườn (Hoà lạc)","4.9","38","Số 604 Cụm 1","Hà Nội","Hòa Lạc, Hà Nội","VN","http://cafehoalac.com/","+84 925 851 866","Quán cà phê",,,,,,"https://www.google.com/maps/search/?api=1&query=Hola%20Sun%20Cafe%20V%C6%B0%E1%BB%9Dn%20(Ho%C3%A0%20l%E1%BA%A1c)&query_place_id=ChIJfVxHu4FbNDERnTDxwrivh1U","Quán cà phê"
"Karaoke 686 Cafe Vườn","5","1","Số 77 Thôn 1","Hà Nội","Hạ Bằng, Hà Nội","VN",,"+84 378 708 334","Quán bar karaoke",,,,,,"https://www.google.com/maps/search/?api=1&query=Karaoke%20686%20Cafe%20V%C6%B0%E1%BB%9Dn&query_place_id=ChIJS7qV_mhbNDERxjkHpJlmmEU","Quán bar karaoke"
"Dũng Béo Restaurant",,,"XGPP+VJ6","Hà Nội","Hòa Lạc, Hà Nội","VN",,"","Nhà hàng",,,,,,"https://www.google.com/maps/search/?api=1&query=D%C5%A9ng%20B%C3%A9o%20Restaurant&query_place_id=ChIJ_xSNf7pUNDERkwHtyPmQP0s","Nhà hàng"
"Karaoke Anh Đào 2",,,"XGQH+JQW","Hà Nội","Hòa Lạc, Hà Nội","VN",,"+84 984 511 526","Quán bar karaoke",,,,,,"https://www.google.com/maps/search/?api=1&query=Karaoke%20Anh%20%C4%90%C3%A0o%202&query_place_id=ChIJj1szNwBbNDER4ghg42y5Gas","Quán bar karaoke"
"Karaoke Sunshine","3","3","XGQH+36R, Unnamed Road","Hà Nội","Hòa Lạc, Hà Nội","VN",,"+84 968 569 591","Quán bar karaoke",,,,,,"https://www.google.com/maps/search/?api=1&query=Karaoke%20Sunshine&query_place_id=ChIJiccbaY9bNDERm4Utvz7CXo4","Quán bar karaoke"
