Place ID,Tên quán,Tên món ăn,Giá (VNĐ),Đơn vị,Mô tả
ChIJY2b0gbFbNDERXi74nHKx-pU,Cua Đồng Không Tên,Lẩu cua đồng truyền thống nguyên chất,350000,nồi,"Nồi lẩu riêu cua đồng đậm đà, nước lẩu ngọt lịm từ cua tươi giã tay"
ChIJY2b0gbFbNDERXi74nHKx-pU,Cua Đồng Không Tên,Lẩu cua đồng thập cẩm,450000,nồi,"Lẩu riêu cua kèm bắp bò hoa, sườn sụn heo, đậu hũ rán, giò tai"
ChIJY2b0gbFbNDERXi74nHKx-pU,Cua Đồng Không Tên,Bắp bò hoa tươi thêm,150000,đĩa,Thịt bắp bò hoa nhiều gân sần sật tươi ngon
ChIJY2b0gbFbNDERXi74nHKx-pU,Cua Đồng Không Tên,Sườn non sụn nhúng lẩu thêm,120000,đĩa,Sườn heo non giòn sần sật
ChIJY2b0gbFbNDERXi74nHKx-pU,Cua Đồng Không Tên,Bánh đa cua Hải Phòng nhúng lẩu,20000,đĩa,Bánh đa đỏ Hải Phòng nhúng lẩu riêu ngon đúng điệu
ChIJY2b0gbFbNDERXi74nHKx-pU,Cua Đồng Không Tên,Ốc xào măng chua cay,90000,đĩa,Ốc đá xào măng chua cay đậm đà kích thích vị giác
ChIJY2b0gbFbNDERXi74nHKx-pU,Cua Đồng Không Tên,Nem chua rán giòn,50000,đĩa,Nem chua rán nóng hổi giòn rụm chấm tương ớt
ChIJpbODHC5bNDERiW0jf14vqtc,Nhà Hàng Thanh Vũ 79,Lẩu cua đồng bắp bò sườn sụn đặc biệt,450000,nồi,Món ăn thương hiệu của nhà hàng với gạch cua đồng 100% nguyên chất nhúng bắp bò tươi ngon
ChIJpbODHC5bNDERiW0jf14vqtc,Nhà Hàng Thanh Vũ 79,Lẩu riêu cua sườn sụn gà ri,490000,nồi,Sự kết hợp hoàn hảo giữa riêu cua đồng béo ngậy và thịt gà ri Hòa Lạc dai ngọt
ChIJpbODHC5bNDERiW0jf14vqtc,Nhà Hàng Thanh Vũ 79,Gà ri đồi hấp lá chanh,250000,con,Gà ri đồi nuôi thả tự nhiên da vàng giòn
ChIJpbODHC5bNDERiW0jf14vqtc,Nhà Hàng Thanh Vũ 79,Gà ri nướng than hoa,260000,con,Gà ri tẩm ướp gia vị Tây Bắc nướng than hoa thơm lừng
ChIJpbODHC5bNDERiW0jf14vqtc,Nhà Hàng Thanh Vũ 79,Ốc nhồi thịt hấp lá gừng,120000,đĩa,Ốc đồng nhồi thịt xay thơm mùi lá gừng tươi chấm nước mắm gừng
ChIJpbODHC5bNDERiW0jf14vqtc,Nhà Hàng Thanh Vũ 79,Đậu phụ chiên hành mỡ,35000,đĩa,Đậu hũ non chiên giòn tẩm mỡ hành béo ngậy
ChIJpbODHC5bNDERiW0jf14vqtc,Nhà Hàng Thanh Vũ 79,Trâu gác bếp Tây Bắc Sơn La,150000,đĩa,Thịt trâu gác bếp xé nhỏ vắt chanh chấm chẳm chéo
ChIJpbODHC5bNDERiW0jf14vqtc,Nhà Hàng Thanh Vũ 79,Khoai môn lệ phố nhân đậu xanh dừa,45000,đĩa,Nhân đậu xanh dừa ngọt ngậy ngọt ngào
ChIJMRFZHQ1bNDERcI1udLye3Y8,Nhà Hàng Gà Ri Phú Bình 1,Gà ri đắp đất nướng cái bang,280000,con,Gà ri bọc lá sen đắp đất sét nướng giữ nguyên độ ngọt thơm tự nhiên
ChIJMRFZHQ1bNDERcI1udLye3Y8,Nhà Hàng Gà Ri Phú Bình 1,Gà ri bó xôi chiên giòn,290000,con,Gà ri hấp chín bọc ngoài bằng lớp xôi nếp chiên phồng giòn tan
ChIJMRFZHQ1bNDERcI1udLye3Y8,Nhà Hàng Gà Ri Phú Bình 1,Gà ri hấp lá chanh da giòn,240000,con,Gà ta thả đồi dai ngọt da vàng óng ả
ChIJMRFZHQ1bNDERcI1udLye3Y8,Nhà Hàng Gà Ri Phú Bình 1,Gà ri chiên mắm xóc tỏi ớt,140000,đĩa,Thịt gà ri chiên giòn xóc muối ớt cay tê đậm đà
ChIJMRFZHQ1bNDERcI1udLye3Y8,Nhà Hàng Gà Ri Phú Bình 1,Lẩu gà ri hầm sả gừng tươi,380000,nồi,Nước lẩu ngọt lịm thơm nồng vị sả gừng tươi hầm gà ri đồi
ChIJMRFZHQ1bNDERcI1udLye3Y8,Nhà Hàng Gà Ri Phú Bình 1,Xôi trắng mỡ hành phi,25000,đĩa,Xôi nếp nương đồ dẻo thơm rưới mỡ hành
ChIJ199ww-tbNDERrDQxEa4TSaY,Nhà Hàng 379 Minh Nga 1,Lẩu riêu cua sườn sụn đặc sản 379,399000,nồi,Lẩu riêu cua đồng nguyên chất siêu nhiều gạch đậm vị
ChIJ199ww-tbNDERrDQxEa4TSaY,Nhà Hàng 379 Minh Nga 1,Gà ri hấp hành gừng bản quán,240000,con,Gà ri thả đồi ngọt dai đậm vị hành gừng tươi
ChIJ199ww-tbNDERrDQxEa4TSaY,Nhà Hàng 379 Minh Nga 1,Trâu tươi xào măng trúc Yên Tử,140000,đĩa,Thịt trâu tươi mềm ngọt xào măng trúc giòn sần sật
ChIJ199ww-tbNDERrDQxEa4TSaY,Nhà Hàng 379 Minh Nga 1,Dê tái chanh tương gừng Cát Bà,160000,đĩa,Thịt dê hấp thái mỏng cuộn lá mơ chấm tương gừng đặc sản
ChIJ199ww-tbNDERrDQxEa4TSaY,Nhà Hàng 379 Minh Nga 1,Cá lăng om chuối đậu đất,220000,nồi đất,"Cá lăng tươi om cùng chuối xanh, đậu phụ nướng thơm mùi nghệ, mắm tôm"
ChIJEWVJeuRbNDERZ67UxCpedgI,Phở Nam Nhất,Phở chín bò ta,30000,bát,Nước dùng phở bò ninh xương ống ngọt lịm kèm thịt chín thái mỏng
ChIJEWVJeuRbNDERZ67UxCpedgI,Phở Nam Nhất,Phở tái chần,37000,bát,Phở bò với thịt bò tươi chần tái mềm ngọt
ChIJEWVJeuRbNDERZ67UxCpedgI,Phở Nam Nhất,Phở nạm gầu giòn,38000,bát,Bánh phở mềm cùng nạm bò và gầu bò giòn sần sật
ChIJEWVJeuRbNDERZ67UxCpedgI,Phở Nam Nhất,Phở tái lăn đặc biệt,45000,bát,Phở bò xào tái lăn thơm mùi tỏi phi
ChIJEWVJeuRbNDERZ67UxCpedgI,Phở Nam Nhất,Trứng gà trần,13000,quả,Trứng trần nước phở béo ngậy
ChIJEWVJeuRbNDERZ67UxCpedgI,Phở Nam Nhất,Quẩy giòn,2000,chiếc,Quẩy giòn ăn kèm nước phở
ChIJ3RJcKxlbNDER-nVm-LJCmfc,Nhà Hàng Hò Zô Ta,Thịt dê ré nướng sả ớt,220000,đĩa,Dê núi ré thái mỏng nướng riềng sả
ChIJ3RJcKxlbNDER-nVm-LJCmfc,Nhà Hàng Hò Zô Ta,Dê tái chanh thơm mát,180000,đĩa,"Thịt dê hấp tái trộn thính, vừng, nước cốt chanh thơm mát"
ChIJ3RJcKxlbNDER-nVm-LJCmfc,Nhà Hàng Hò Zô Ta,Lẩu dê nhúng mẻ,399000,nồi,Nước lẩu mẻ chua dịu nhúng thịt dê núi tươi ngon
ChIJ3RJcKxlbNDER-nVm-LJCmfc,Nhà Hàng Hò Zô Ta,Tiết canh dê núi,15000,bát,Tiết canh dê núi sạch sành sanh chuẩn vị
ChIJ3RJcKxlbNDER-nVm-LJCmfc,Nhà Hàng Hò Zô Ta,Gà đồi hấp lá chanh,230000,con,Gà đồi Yên Bình hấp lá chanh ngọt dai thơm thịt
ChIJ3RJcKxlbNDER-nVm-LJCmfc,Nhà Hàng Hò Zô Ta,Lẩu gà đồi nấm tươi,350000,nồi,Lẩu gà đồi kèm rau nấm tươi mát
ChIJ3RJcKxlbNDER-nVm-LJCmfc,Nhà Hàng Hò Zô Ta,Cá lăng nướng riềng mẻ,180000,đĩa,Cá lăng nướng thơm lừng đậm đà
ChIJ3RJcKxlbNDER-nVm-LJCmfc,Nhà Hàng Hò Zô Ta,Cháo chim câu hạt sen,130000,tô,Cháo chim câu bồi bổ sức khỏe cùng hạt sen bùi béo
ChIJ3RJcKxlbNDER-nVm-LJCmfc,Nhà Hàng Hò Zô Ta,Cơm lam nướng ống tre,15000,ống,Cơm nếp nướng thơm mùi tre nứa chấm muối vừng
ChIJ3RJcKxlbNDER-nVm-LJCmfc,Nhà Hàng Hò Zô Ta,Khoai tây chiên bơ tỏi,30000,đĩa,Khai vị khoai tây chiên bơ tỏi
ChIJDbOOXJdbNDERKd7x2P_YDZc,Nhà Hàng Gà Ri Phú Bình 2,Gà ri luộc nước cốt dừa,250000,con,Gà ri hấp nước cốt dừa thơm béo da giòn sần sật
ChIJDbOOXJdbNDERKd7x2P_YDZc,Nhà Hàng Gà Ri Phú Bình 2,Gà ri chiên nước mắm tỏi phi,140000,đĩa,Gà ri chiên vàng giòn đảo sốt nước mắm ngon tỏi phi thơm nồng
ChIJDbOOXJdbNDERKd7x2P_YDZc,Nhà Hàng Gà Ri Phú Bình 2,Lẩu gà ri chua cay kiểu Thái,380000,nồi,Nồi lẩu gà nước dùng tomyum chua cay kích thích vị giác
ChIJDbOOXJdbNDERKd7x2P_YDZc,Nhà Hàng Gà Ri Phú Bình 2,Lòng mề gà xào mướp giá hành hoa,80000,đĩa,Lòng mề gà ri giòn ngon xào mướp hương thơm phức
ChIJDbOOXJdbNDERKd7x2P_YDZc,Nhà Hàng Gà Ri Phú Bình 2,Canh gà lá giang miền Trung,120000,tô,Canh gà lá giang chua dịu giải nhiệt mùa hè
ChIJwQL7kHNFNDEREPyKgxZBp6w,Vua Gà Quang Thọ,Gà ri hấp lá chanh (Cả con),230000,con,Gà ri đồi nuôi thả tự nhiên dai ngọt da vàng giòn
ChIJwQL7kHNFNDEREPyKgxZBp6w,Vua Gà Quang Thọ,Gà ri nướng mật ong (Cả con),270000,con,Gà ri nướng mật ong thơm phức vàng óng
ChIJwQL7kHNFNDEREPyKgxZBp6w,Vua Gà Quang Thọ,Gà rang muối tỏi,120000,đĩa,Gà ta chặt miếng rang muối đậm đà sần sật
ChIJwQL7kHNFNDEREPyKgxZBp6w,Vua Gà Quang Thọ,Lẩu gà ri thuốc bắc,350000,nồi,Nồi lẩu gà ri thuốc bắc bổ dưỡng kèm rau nấm
ChIJwQL7kHNFNDEREPyKgxZBp6w,Vua Gà Quang Thọ,Xôi chim câu hành phi,80000,đĩa,Xôi nếp dẻo thơm ăn kèm thịt chim câu băm nhỏ
ChIJwQL7kHNFNDEREPyKgxZBp6w,Vua Gà Quang Thọ,Lòng mề gà xào mướp giá,75000,đĩa,Lòng mề gà ri giòn xào mướp hương thơm phức
ChIJsZo9-IdcNDERY0zjQpEdhc0,Phở Núi,Phở chín bò ta,40000,bát,Nước dùng phở bò ninh xương ống ngọt lịm kèm thịt chín thái mỏng
ChIJsZo9-IdcNDERY0zjQpEdhc0,Phở Núi,Phở tái chần,33000,bát,Phở bò với thịt bò tươi chần tái mềm ngọt
ChIJsZo9-IdcNDERY0zjQpEdhc0,Phở Núi,Phở nạm gầu giòn,38000,bát,Bánh phở mềm cùng nạm bò và gầu bò giòn sần sật
ChIJsZo9-IdcNDERY0zjQpEdhc0,Phở Núi,Phở tái lăn đặc biệt,45000,bát,Phở bò xào tái lăn thơm mùi tỏi phi
ChIJsZo9-IdcNDERY0zjQpEdhc0,Phở Núi,Trứng gà trần,10000,quả,Trứng trần nước phở béo ngậy
ChIJsZo9-IdcNDERY0zjQpEdhc0,Phở Núi,Quẩy giòn,2000,chiếc,Quẩy giòn ăn kèm nước phở
ChIJqUUTkzpbNDERi8K_NaI6aEo,Nhà Hàng Nguyễn Gia,Cá kho tộ miền Tây đậm vị,85000,tộ,Cá trắm đen kho tộ sánh quyện nước hàng dừa
ChIJqUUTkzpbNDERi8K_NaI6aEo,Nhà Hàng Nguyễn Gia,Thịt ba chỉ rang cháy cạnh,70000,đĩa,Thịt ba chỉ ba chỉ giòn rưới mỡ hành
ChIJqUUTkzpbNDERi8K_NaI6aEo,Nhà Hàng Nguyễn Gia,Sườn non xào chua ngọt,78000,đĩa,Sườn non xào cùng dứa và ớt chuông sốt chua cay
ChIJqUUTkzpbNDERi8K_NaI6aEo,Nhà Hàng Nguyễn Gia,Rau muống luộc dầm sấu / xào tỏi,30000,đĩa,Rau muống tươi xanh luộc chấm nước mắm chanh ớt
ChIJqUUTkzpbNDERi8K_NaI6aEo,Nhà Hàng Nguyễn Gia,Canh riêu cua đồng cà pháo,47000,bát,Canh cua đồng mát lạnh ăn kèm cà pháo giòn tan
ChIJqUUTkzpbNDERi8K_NaI6aEo,Nhà Hàng Nguyễn Gia,Cơm trắng gạo tám thơm,15000,niêu,Niêu cơm gạo tám dẻo thơm
ChIJ9TsbIK5bNDER3O46ZCuzk_E,Twitter Beans Coffee Hòa Lạc,Cà phê đen đá pha phin,22000,ly,Cà phê đen truyền thống đậm đà
ChIJ9TsbIK5bNDER3O46ZCuzk_E,Twitter Beans Coffee Hòa Lạc,Cà phê sữa đá,22000,ly,Cà phê sữa pha phin béo ngậy
ChIJ9TsbIK5bNDER3O46ZCuzk_E,Twitter Beans Coffee Hòa Lạc,Bạc xỉu cốt dừa,30000,ly,Nhiều sữa béo ngậy vị dừa hòa quyện chút cà phê
ChIJ9TsbIK5bNDER3O46ZCuzk_E,Twitter Beans Coffee Hòa Lạc,Trà đào cam sả,35000,ly,Trà đào thơm mát kết hợp lát đào cam tươi sả thơm
ChIJ9TsbIK5bNDER3O46ZCuzk_E,Twitter Beans Coffee Hòa Lạc,Trà sữa trân châu truyền thống,37000,ly,Trà sữa đậm trà kèm trân châu đen dai giòn
ChIJ9TsbIK5bNDER3O46ZCuzk_E,Twitter Beans Coffee Hòa Lạc,Sinh tố bơ sáp,30000,ly,Sinh tố bơ sáp tươi ngon xay sữa đặc ngậy béo
ChIJ9TsbIK5bNDER3O46ZCuzk_E,Twitter Beans Coffee Hòa Lạc,Nước ép cam nguyên chất,30000,ly,Ép cam sành tự nhiên nhiều vitamin C
ChIJKaEczJlbNDERVmOGRAXzVEQ,Nhà Hàng Gà Ri Hưng Thịnh,Gà ri hấp lá chanh (Cả con),210000,con,Gà ri đồi nuôi thả tự nhiên dai ngọt da vàng giòn
ChIJKaEczJlbNDERVmOGRAXzVEQ,Nhà Hàng Gà Ri Hưng Thịnh,Gà ri nướng mật ong (Cả con),240000,con,Gà ri nướng mật ong thơm phức vàng óng
ChIJKaEczJlbNDERVmOGRAXzVEQ,Nhà Hàng Gà Ri Hưng Thịnh,Gà rang muối tỏi,140000,đĩa,Gà ta chặt miếng rang muối đậm đà sần sật
ChIJKaEczJlbNDERVmOGRAXzVEQ,Nhà Hàng Gà Ri Hưng Thịnh,Lẩu gà ri thuốc bắc,340000,nồi,Nồi lẩu gà ri thuốc bắc bổ dưỡng kèm rau nấm
ChIJKaEczJlbNDERVmOGRAXzVEQ,Nhà Hàng Gà Ri Hưng Thịnh,Xôi chim câu hành phi,78000,đĩa,Xôi nếp dẻo thơm ăn kèm thịt chim câu băm nhỏ
ChIJKaEczJlbNDERVmOGRAXzVEQ,Nhà Hàng Gà Ri Hưng Thịnh,Lòng mề gà xào mướp giá,68000,đĩa,Lòng mề gà ri giòn xào mướp hương thơm phức
ChIJpYedXFtbNDER2zyVw2UmvdU,Hương Việt Quán Hoà Lạc,Cá kho tộ miền Tây đậm vị,83000,tộ,Cá trắm đen kho tộ sánh quyện nước hàng dừa
ChIJpYedXFtbNDER2zyVw2UmvdU,Hương Việt Quán Hoà Lạc,Thịt ba chỉ rang cháy cạnh,77000,đĩa,Thịt ba chỉ ba chỉ giòn rưới mỡ hành
ChIJpYedXFtbNDER2zyVw2UmvdU,Hương Việt Quán Hoà Lạc,Sườn non xào chua ngọt,75000,đĩa,Sườn non xào cùng dứa và ớt chuông sốt chua cay
ChIJpYedXFtbNDER2zyVw2UmvdU,Hương Việt Quán Hoà Lạc,Rau muống luộc dầm sấu / xào tỏi,27000,đĩa,Rau muống tươi xanh luộc chấm nước mắm chanh ớt
ChIJpYedXFtbNDER2zyVw2UmvdU,Hương Việt Quán Hoà Lạc,Canh riêu cua đồng cà pháo,50000,bát,Canh cua đồng mát lạnh ăn kèm cà pháo giòn tan
ChIJpYedXFtbNDER2zyVw2UmvdU,Hương Việt Quán Hoà Lạc,Cơm trắng gạo tám thơm,15000,niêu,Niêu cơm gạo tám dẻo thơm
ChIJ7UamdEZbNDERfmhGoEguBZ4,Mixue Tân Xã,Kem tươi ốc quế sữa dừa / vani Mixue,10000,chiếc,Kem tươi thơm ngon ngậy béo ốc quế giòn tan
ChIJ7UamdEZbNDERfmhGoEguBZ4,Mixue Tân Xã,Trà sữa ba anh em thạch pudding trân châu,27000,ly,Trà sữa đậm vị kèm full topping dồi dào
ChIJ7UamdEZbNDERfmhGoEguBZ4,Mixue Tân Xã,Dương chi cam lộ xoài bưởi trân châu,37000,ly,"Sinh tố xoài, bưởi hồng cùng thạch dừa thạch đào thơm ngon mát lạnh"
ChIJ7UamdEZbNDERfmhGoEguBZ4,Mixue Tân Xã,Trà đào tứ kỳ xuân hạt đào miếng,28000,ly,Trà ô long thanh vị kết hợp thạch đào giòn ngọt
ChIJY-Qe7gxbNDERYsbo4AU5ZwY,Cafe Hòa Lạc,Cà phê đen đá pha phin,22000,ly,Cà phê đen truyền thống đậm đà
ChIJY-Qe7gxbNDERYsbo4AU5ZwY,Cafe Hòa Lạc,Cà phê sữa đá,28000,ly,Cà phê sữa pha phin béo ngậy
ChIJY-Qe7gxbNDERYsbo4AU5ZwY,Cafe Hòa Lạc,Bạc xỉu cốt dừa,27000,ly,Nhiều sữa béo ngậy vị dừa hòa quyện chút cà phê
ChIJY-Qe7gxbNDERYsbo4AU5ZwY,Cafe Hòa Lạc,Trà đào cam sả,37000,ly,Trà đào thơm mát kết hợp lát đào cam tươi sả thơm
ChIJY-Qe7gxbNDERYsbo4AU5ZwY,Cafe Hòa Lạc,Trà sữa trân châu truyền thống,37000,ly,Trà sữa đậm trà kèm trân châu đen dai giòn
ChIJY-Qe7gxbNDERYsbo4AU5ZwY,Cafe Hòa Lạc,Sinh tố bơ sáp,35000,ly,Sinh tố bơ sáp tươi ngon xay sữa đặc ngậy béo
ChIJY-Qe7gxbNDERYsbo4AU5ZwY,Cafe Hòa Lạc,Nước ép cam nguyên chất,27000,ly,Ép cam sành tự nhiên nhiều vitamin C
ChIJrYN5DQBbNDERsY8cb9cKSJs,Bay Cafe & Restaurant Dê Núi- Cơm Niêu,Thịt trâu xào lá lốt,140000,đĩa,Thịt trâu tươi mềm ngọt xào lá lốt thơm lừng
ChIJrYN5DQBbNDERsY8cb9cKSJs,Bay Cafe & Restaurant Dê Núi- Cơm Niêu,Thịt trâu nhúng mẻ chua cay,170000,đĩa,Thịt trâu nhúng nước dùng mẻ chua thanh nhẹ
ChIJrYN5DQBbNDERsY8cb9cKSJs,Bay Cafe & Restaurant Dê Núi- Cơm Niêu,Dê tái chanh chấm tương gừng,160000,đĩa,Thịt dê núi hấp tái trộn vừng sả lá chanh
ChIJrYN5DQBbNDERsY8cb9cKSJs,Bay Cafe & Restaurant Dê Núi- Cơm Niêu,Dê né bản gang,170000,đĩa,Dê xào nóng hổi trên bản gang kèm đậu bắp
ChIJrYN5DQBbNDERsY8cb9cKSJs,Bay Cafe & Restaurant Dê Núi- Cơm Niêu,Lẩu dê núi nhúng mẻ,419000,nồi,Nồi lẩu dê núi ré thơm ngon kèm rau nhúng đặc sản
ChIJrYN5DQBbNDERsY8cb9cKSJs,Bay Cafe & Restaurant Dê Núi- Cơm Niêu,Cơm cháy sốt dê,70000,đĩa,Cơm cháy giòn tan rưới nước sốt dê đậm vị
ChIJfb98R7VbNDERRaXmEAYSbdM,Phở Mạnh Cường,Phở chín bò ta,37000,bát,Nước dùng phở bò ninh xương ống ngọt lịm kèm thịt chín thái mỏng
ChIJfb98R7VbNDERRaXmEAYSbdM,Phở Mạnh Cường,Phở tái chần,37000,bát,Phở bò với thịt bò tươi chần tái mềm ngọt
ChIJfb98R7VbNDERRaXmEAYSbdM,Phở Mạnh Cường,Phở nạm gầu giòn,38000,bát,Bánh phở mềm cùng nạm bò và gầu bò giòn sần sật
ChIJfb98R7VbNDERRaXmEAYSbdM,Phở Mạnh Cường,Phở tái lăn đặc biệt,47000,bát,Phở bò xào tái lăn thơm mùi tỏi phi
ChIJfb98R7VbNDERRaXmEAYSbdM,Phở Mạnh Cường,Trứng gà trần,7000,quả,Trứng trần nước phở béo ngậy
ChIJfb98R7VbNDERRaXmEAYSbdM,Phở Mạnh Cường,Quẩy giòn,8000,chiếc,Quẩy giòn ăn kèm nước phở
ChIJj13NpapbNDER4-6jOFaKPzA,Quán Bà Thủy Cơm Xe Tải,Cơm rang dưa bò,47000,đĩa,Cơm rang hạt giòn tơi xào cùng cải dưa chua và thịt bò tươi mềm
ChIJj13NpapbNDER4-6jOFaKPzA,Quán Bà Thủy Cơm Xe Tải,Cơm rang thập cẩm giòn,33000,đĩa,Cơm rang lạp xưởng ngô ngọt đậu hà lan rưới trứng vàng
ChIJj13NpapbNDER4-6jOFaKPzA,Quán Bà Thủy Cơm Xe Tải,Cơm thố xá xíu nóng hổi,45000,thố,"Cơm nấu niêu thố đất tạo lớp cháy giòn nhẹ, phủ thịt xá xíu đậm sốt"
ChIJj13NpapbNDER4-6jOFaKPzA,Quán Bà Thủy Cơm Xe Tải,Suất cơm bình dân tự chọn (3 món mặn + rau),27000,suất,Cơm suất bình dân đầy đặn sạch sẽ cho sinh viên và người đi làm
ChIJj13NpapbNDER4-6jOFaKPzA,Quán Bà Thủy Cơm Xe Tải,Cơm tấm sườn bì chả Sài Gòn,38000,đĩa,Cơm tấm ăn kèm sườn nướng mặn ngọt chả trứng bì heo thính và nước mắm chua cay
ChIJq8yDd5NbNDERh26BP8ERiOs,ChickSpot 22,Cá kho tộ miền Tây đậm vị,80000,tộ,Cá trắm đen kho tộ sánh quyện nước hàng dừa
ChIJq8yDd5NbNDERh26BP8ERiOs,ChickSpot 22,Thịt ba chỉ rang cháy cạnh,80000,đĩa,Thịt ba chỉ ba chỉ giòn rưới mỡ hành
ChIJq8yDd5NbNDERh26BP8ERiOs,ChickSpot 22,Sườn non xào chua ngọt,82000,đĩa,Sườn non xào cùng dứa và ớt chuông sốt chua cay
ChIJq8yDd5NbNDERh26BP8ERiOs,ChickSpot 22,Rau muống luộc dầm sấu / xào tỏi,33000,đĩa,Rau muống tươi xanh luộc chấm nước mắm chanh ớt
ChIJq8yDd5NbNDERh26BP8ERiOs,ChickSpot 22,Canh riêu cua đồng cà pháo,43000,bát,Canh cua đồng mát lạnh ăn kèm cà pháo giòn tan
ChIJq8yDd5NbNDERh26BP8ERiOs,ChickSpot 22,Cơm trắng gạo tám thơm,12000,niêu,Niêu cơm gạo tám dẻo thơm
ChIJgVpkxQdRNDERNOcrIj2xxqw,Hanashi,Cà phê đen đá pha phin,19000,ly,Cà phê đen truyền thống đậm đà
ChIJgVpkxQdRNDERNOcrIj2xxqw,Hanashi,Cà phê sữa đá,28000,ly,Cà phê sữa pha phin béo ngậy
ChIJgVpkxQdRNDERNOcrIj2xxqw,Hanashi,Bạc xỉu cốt dừa,27000,ly,Nhiều sữa béo ngậy vị dừa hòa quyện chút cà phê
ChIJgVpkxQdRNDERNOcrIj2xxqw,Hanashi,Trà đào cam sả,37000,ly,Trà đào thơm mát kết hợp lát đào cam tươi sả thơm
ChIJgVpkxQdRNDERNOcrIj2xxqw,Hanashi,Trà sữa trân châu truyền thống,30000,ly,Trà sữa đậm trà kèm trân châu đen dai giòn
ChIJgVpkxQdRNDERNOcrIj2xxqw,Hanashi,Sinh tố bơ sáp,35000,ly,Sinh tố bơ sáp tươi ngon xay sữa đặc ngậy béo
ChIJgVpkxQdRNDERNOcrIj2xxqw,Hanashi,Nước ép cam nguyên chất,30000,ly,Ép cam sành tự nhiên nhiều vitamin C
ChIJleqIeHdbNDERt0kgA7Rr4-4,Cafe Xưa,Cà phê đen đá pha phin,19000,ly,Cà phê đen truyền thống đậm đà
ChIJleqIeHdbNDERt0kgA7Rr4-4,Cafe Xưa,Cà phê sữa đá,22000,ly,Cà phê sữa pha phin béo ngậy
ChIJleqIeHdbNDERt0kgA7Rr4-4,Cafe Xưa,Bạc xỉu cốt dừa,33000,ly,Nhiều sữa béo ngậy vị dừa hòa quyện chút cà phê
ChIJleqIeHdbNDERt0kgA7Rr4-4,Cafe Xưa,Trà đào cam sả,35000,ly,Trà đào thơm mát kết hợp lát đào cam tươi sả thơm
ChIJleqIeHdbNDERt0kgA7Rr4-4,Cafe Xưa,Trà sữa trân châu truyền thống,30000,ly,Trà sữa đậm trà kèm trân châu đen dai giòn
ChIJleqIeHdbNDERt0kgA7Rr4-4,Cafe Xưa,Sinh tố bơ sáp,40000,ly,Sinh tố bơ sáp tươi ngon xay sữa đặc ngậy béo
ChIJleqIeHdbNDERt0kgA7Rr4-4,Cafe Xưa,Nước ép cam nguyên chất,30000,ly,Ép cam sành tự nhiên nhiều vitamin C
ChIJqQf_CgpbNDERFhQFQiFQxro,Karaoke Hoa Hồng Massage,"Đĩa hoa quả thập cẩm lớn (Dưa hấu, ổi, xoài, nho)",140000,đĩa,Hoa quả tươi ngon cắt lát đẹp mắt
ChIJqQf_CgpbNDERFhQFQiFQxro,Karaoke Hoa Hồng Massage,Khô mực nướng cồn,160000,con,Mực khô Vân Đồn nướng cồn xé tay
ChIJqQf_CgpbNDERFhQFQiFQxro,Karaoke Hoa Hồng Massage,Thịt bò khô xé sợi vắt chanh,80000,đĩa,Bò khô sợi cay cay ngọt ngọt
ChIJqQf_CgpbNDERFhQFQiFQxro,Karaoke Hoa Hồng Massage,Khoai tây chiên lắc phô mai,45000,đĩa,Khoai tây chiên giòn tan phủ bột phô mai
ChIJqQf_CgpbNDERFhQFQiFQxro,Karaoke Hoa Hồng Massage,Hạt hướng dương sạch,20000,đĩa,Hạt hướng dương rang thơm
ChIJqQf_CgpbNDERFhQFQiFQxro,Karaoke Hoa Hồng Massage,Bia Heineken lon,28000,lon,Bia ngoại ướp lạnh sẵn
ChIJqQf_CgpbNDERFhQFQiFQxro,Karaoke Hoa Hồng Massage,Bia Hà Nội lon,18000,lon,Bia nội truyền thống
ChIJqQf_CgpbNDERFhQFQiFQxro,Karaoke Hoa Hồng Massage,Nước ngọt Coca-Cola / Sting,18000,lon,Nước ngọt các loại phục vụ lạnh
ChIJQSH98H5dNDERImRr5FyLhXo,Quán Trâu Tám Hương,Thịt trâu xào lá lốt,120000,đĩa,Thịt trâu tươi mềm ngọt xào lá lốt thơm lừng
ChIJQSH98H5dNDERImRr5FyLhXo,Quán Trâu Tám Hương,Thịt trâu nhúng mẻ chua cay,170000,đĩa,Thịt trâu nhúng nước dùng mẻ chua thanh nhẹ
ChIJQSH98H5dNDERImRr5FyLhXo,Quán Trâu Tám Hương,Dê tái chanh chấm tương gừng,160000,đĩa,Thịt dê núi hấp tái trộn vừng sả lá chanh
ChIJQSH98H5dNDERImRr5FyLhXo,Quán Trâu Tám Hương,Dê né bản gang,150000,đĩa,Dê xào nóng hổi trên bản gang kèm đậu bắp
ChIJQSH98H5dNDERImRr5FyLhXo,Quán Trâu Tám Hương,Lẩu dê núi nhúng mẻ,389000,nồi,Nồi lẩu dê núi ré thơm ngon kèm rau nhúng đặc sản
ChIJQSH98H5dNDERImRr5FyLhXo,Quán Trâu Tám Hương,Cơm cháy sốt dê,72000,đĩa,Cơm cháy giòn tan rưới nước sốt dê đậm vị
ChIJ1_fw2f1dNDERZbnL2Tv-g-U,Nhà Hàng Mít,Cá kho tộ miền Tây đậm vị,85000,tộ,Cá trắm đen kho tộ sánh quyện nước hàng dừa
ChIJ1_fw2f1dNDERZbnL2Tv-g-U,Nhà Hàng Mít,Thịt ba chỉ rang cháy cạnh,70000,đĩa,Thịt ba chỉ ba chỉ giòn rưới mỡ hành
ChIJ1_fw2f1dNDERZbnL2Tv-g-U,Nhà Hàng Mít,Sườn non xào chua ngọt,78000,đĩa,Sườn non xào cùng dứa và ớt chuông sốt chua cay
ChIJ1_fw2f1dNDERZbnL2Tv-g-U,Nhà Hàng Mít,Rau muống luộc dầm sấu / xào tỏi,33000,đĩa,Rau muống tươi xanh luộc chấm nước mắm chanh ớt
ChIJ1_fw2f1dNDERZbnL2Tv-g-U,Nhà Hàng Mít,Canh riêu cua đồng cà pháo,47000,bát,Canh cua đồng mát lạnh ăn kèm cà pháo giòn tan
ChIJ1_fw2f1dNDERZbnL2Tv-g-U,Nhà Hàng Mít,Cơm trắng gạo tám thơm,15000,niêu,Niêu cơm gạo tám dẻo thơm
ChIJnXn0ddZbNDERzUuRUdXk5Xc,Tê Tê Chicken,Gà ri hấp lá chanh (Cả con),210000,con,Gà ri đồi nuôi thả tự nhiên dai ngọt da vàng giòn
ChIJnXn0ddZbNDERzUuRUdXk5Xc,Tê Tê Chicken,Gà ri nướng mật ong (Cả con),250000,con,Gà ri nướng mật ong thơm phức vàng óng
ChIJnXn0ddZbNDERzUuRUdXk5Xc,Tê Tê Chicken,Gà rang muối tỏi,110000,đĩa,Gà ta chặt miếng rang muối đậm đà sần sật
ChIJnXn0ddZbNDERzUuRUdXk5Xc,Tê Tê Chicken,Lẩu gà ri thuốc bắc,360000,nồi,Nồi lẩu gà ri thuốc bắc bổ dưỡng kèm rau nấm
ChIJnXn0ddZbNDERzUuRUdXk5Xc,Tê Tê Chicken,Xôi chim câu hành phi,75000,đĩa,Xôi nếp dẻo thơm ăn kèm thịt chim câu băm nhỏ
ChIJnXn0ddZbNDERzUuRUdXk5Xc,Tê Tê Chicken,Lòng mề gà xào mướp giá,70000,đĩa,Lòng mề gà ri giòn xào mướp hương thơm phức
ChIJg_OFbQBbNDERnimNYFnBxKk,Yihetang Hoà Lạc,Cà phê đen đá pha phin,19000,ly,Cà phê đen truyền thống đậm đà
ChIJg_OFbQBbNDERnimNYFnBxKk,Yihetang Hoà Lạc,Cà phê sữa đá,22000,ly,Cà phê sữa pha phin béo ngậy
ChIJg_OFbQBbNDERnimNYFnBxKk,Yihetang Hoà Lạc,Bạc xỉu cốt dừa,33000,ly,Nhiều sữa béo ngậy vị dừa hòa quyện chút cà phê
ChIJg_OFbQBbNDERnimNYFnBxKk,Yihetang Hoà Lạc,Trà đào cam sả,40000,ly,Trà đào thơm mát kết hợp lát đào cam tươi sả thơm
ChIJg_OFbQBbNDERnimNYFnBxKk,Yihetang Hoà Lạc,Trà sữa trân châu truyền thống,33000,ly,Trà sữa đậm trà kèm trân châu đen dai giòn
ChIJg_OFbQBbNDERnimNYFnBxKk,Yihetang Hoà Lạc,Sinh tố bơ sáp,35000,ly,Sinh tố bơ sáp tươi ngon xay sữa đặc ngậy béo
ChIJg_OFbQBbNDERnimNYFnBxKk,Yihetang Hoà Lạc,Nước ép cam nguyên chất,30000,ly,Ép cam sành tự nhiên nhiều vitamin C
ChIJKZYG_kBbNDERapsG7905qKg,1988 BBQ,Lẩu cua đồng sườn sụn bắp bò,350000,nồi,"Nồi lẩu riêu cua đồng nguyên chất siêu nhiều gạch, kèm bắp bò sườn sụn"
ChIJKZYG_kBbNDERapsG7905qKg,1988 BBQ,Lẩu Thái hải sản chua cay,379000,nồi,"Nước lẩu Tomyum chua cay nhúng tôm, mực, ngao, nấm"
ChIJKZYG_kBbNDERapsG7905qKg,1988 BBQ,Set nướng BBQ thập cẩm bò ba chỉ,289000,set,"Bắp bò, ba chỉ heo cuộn nấm kim châm tẩm sốt BBQ nướng xèo xèo"
ChIJKZYG_kBbNDERapsG7905qKg,1988 BBQ,Ba chỉ bò Mỹ nhúng thêm,80000,đĩa,Thịt ba chỉ bò Mỹ thái mỏng cuốn nấm
ChIJKZYG_kBbNDERapsG7905qKg,1988 BBQ,Sườn sụn non heo thêm,77000,đĩa,Sườn non giòn sần sật nhúng lẩu
ChIJKZYG_kBbNDERapsG7905qKg,1988 BBQ,Rau nấm tổng hợp nhúng lẩu,27000,đĩa,"Nấm kim châm, cải thảo, rau muống tươi"
ChIJ-UsoJwBbNDERk-mzYh2_GEE,CƠM SẠCH 17,Cơm rang dưa bò,45000,đĩa,Cơm rang hạt giòn tơi xào cùng cải dưa chua và thịt bò tươi mềm
ChIJ-UsoJwBbNDERk-mzYh2_GEE,CƠM SẠCH 17,Cơm rang thập cẩm giòn,35000,đĩa,Cơm rang lạp xưởng ngô ngọt đậu hà lan rưới trứng vàng
ChIJ-UsoJwBbNDERk-mzYh2_GEE,CƠM SẠCH 17,Cơm thố xá xíu nóng hổi,45000,thố,"Cơm nấu niêu thố đất tạo lớp cháy giòn nhẹ, phủ thịt xá xíu đậm sốt"
ChIJ-UsoJwBbNDERk-mzYh2_GEE,CƠM SẠCH 17,Suất cơm bình dân tự chọn (3 món mặn + rau),30000,suất,Cơm suất bình dân đầy đặn sạch sẽ cho sinh viên và người đi làm
ChIJ-UsoJwBbNDERk-mzYh2_GEE,CƠM SẠCH 17,Cơm tấm sườn bì chả Sài Gòn,40000,đĩa,Cơm tấm ăn kèm sườn nướng mặn ngọt chả trứng bì heo thính và nước mắm chua cay
ChIJI8k5qGJcNDER1C-7pW0-bgA,Nhà Hàng Mường Nhé,Thịt trâu xào lá lốt,140000,đĩa,Thịt trâu tươi mềm ngọt xào lá lốt thơm lừng
ChIJI8k5qGJcNDER1C-7pW0-bgA,Nhà Hàng Mường Nhé,Thịt trâu nhúng mẻ chua cay,130000,đĩa,Thịt trâu nhúng nước dùng mẻ chua thanh nhẹ
ChIJI8k5qGJcNDER1C-7pW0-bgA,Nhà Hàng Mường Nhé,Dê tái chanh chấm tương gừng,140000,đĩa,Thịt dê núi hấp tái trộn vừng sả lá chanh
ChIJI8k5qGJcNDER1C-7pW0-bgA,Nhà Hàng Mường Nhé,Dê né bản gang,170000,đĩa,Dê xào nóng hổi trên bản gang kèm đậu bắp
ChIJI8k5qGJcNDER1C-7pW0-bgA,Nhà Hàng Mường Nhé,Lẩu dê núi nhúng mẻ,419000,nồi,Nồi lẩu dê núi ré thơm ngon kèm rau nhúng đặc sản
ChIJI8k5qGJcNDER1C-7pW0-bgA,Nhà Hàng Mường Nhé,Cơm cháy sốt dê,75000,đĩa,Cơm cháy giòn tan rưới nước sốt dê đậm vị
ChIJ51wf8adbNDERPUTpGxvPvt4,Nhà Hàng Gà Thành Trung,Gà ri hấp lá chanh (Cả con),210000,con,Gà ri đồi nuôi thả tự nhiên dai ngọt da vàng giòn
ChIJ51wf8adbNDERPUTpGxvPvt4,Nhà Hàng Gà Thành Trung,Gà ri nướng mật ong (Cả con),230000,con,Gà ri nướng mật ong thơm phức vàng óng
ChIJ51wf8adbNDERPUTpGxvPvt4,Nhà Hàng Gà Thành Trung,Gà rang muối tỏi,110000,đĩa,Gà ta chặt miếng rang muối đậm đà sần sật
ChIJ51wf8adbNDERPUTpGxvPvt4,Nhà Hàng Gà Thành Trung,Lẩu gà ri thuốc bắc,360000,nồi,Nồi lẩu gà ri thuốc bắc bổ dưỡng kèm rau nấm
ChIJ51wf8adbNDERPUTpGxvPvt4,Nhà Hàng Gà Thành Trung,Xôi chim câu hành phi,75000,đĩa,Xôi nếp dẻo thơm ăn kèm thịt chim câu băm nhỏ
ChIJ51wf8adbNDERPUTpGxvPvt4,Nhà Hàng Gà Thành Trung,Lòng mề gà xào mướp giá,75000,đĩa,Lòng mề gà ri giòn xào mướp hương thơm phức
ChIJ2eMGmA9aNDERWMo-kIk9FxI,Tuấn Hường Restaurant Lẩu Cua Đồng,Lẩu cua đồng sườn sụn bắp bò,330000,nồi,"Nồi lẩu riêu cua đồng nguyên chất siêu nhiều gạch, kèm bắp bò sườn sụn"
ChIJ2eMGmA9aNDERWMo-kIk9FxI,Tuấn Hường Restaurant Lẩu Cua Đồng,Lẩu Thái hải sản chua cay,419000,nồi,"Nước lẩu Tomyum chua cay nhúng tôm, mực, ngao, nấm"
ChIJ2eMGmA9aNDERWMo-kIk9FxI,Tuấn Hường Restaurant Lẩu Cua Đồng,Set nướng BBQ thập cẩm bò ba chỉ,279000,set,"Bắp bò, ba chỉ heo cuộn nấm kim châm tẩm sốt BBQ nướng xèo xèo"
ChIJ2eMGmA9aNDERWMo-kIk9FxI,Tuấn Hường Restaurant Lẩu Cua Đồng,Ba chỉ bò Mỹ nhúng thêm,85000,đĩa,Thịt ba chỉ bò Mỹ thái mỏng cuốn nấm
ChIJ2eMGmA9aNDERWMo-kIk9FxI,Tuấn Hường Restaurant Lẩu Cua Đồng,Sườn sụn non heo thêm,73000,đĩa,Sườn non giòn sần sật nhúng lẩu
ChIJ2eMGmA9aNDERWMo-kIk9FxI,Tuấn Hường Restaurant Lẩu Cua Đồng,Rau nấm tổng hợp nhúng lẩu,33000,đĩa,"Nấm kim châm, cải thảo, rau muống tươi"
ChIJv3IixJJbNDERZvijf46LUfs,Lẩu Cua Đồng Hoà Lạc 36,Lẩu cua đồng sườn sụn bắp bò,340000,nồi,"Nồi lẩu riêu cua đồng nguyên chất siêu nhiều gạch, kèm bắp bò sườn sụn"
ChIJv3IixJJbNDERZvijf46LUfs,Lẩu Cua Đồng Hoà Lạc 36,Lẩu Thái hải sản chua cay,389000,nồi,"Nước lẩu Tomyum chua cay nhúng tôm, mực, ngao, nấm"
ChIJv3IixJJbNDERZvijf46LUfs,Lẩu Cua Đồng Hoà Lạc 36,Set nướng BBQ thập cẩm bò ba chỉ,279000,set,"Bắp bò, ba chỉ heo cuộn nấm kim châm tẩm sốt BBQ nướng xèo xèo"
ChIJv3IixJJbNDERZvijf46LUfs,Lẩu Cua Đồng Hoà Lạc 36,Ba chỉ bò Mỹ nhúng thêm,75000,đĩa,Thịt ba chỉ bò Mỹ thái mỏng cuốn nấm
ChIJv3IixJJbNDERZvijf46LUfs,Lẩu Cua Đồng Hoà Lạc 36,Sườn sụn non heo thêm,80000,đĩa,Sườn non giòn sần sật nhúng lẩu
ChIJv3IixJJbNDERZvijf46LUfs,Lẩu Cua Đồng Hoà Lạc 36,Rau nấm tổng hợp nhúng lẩu,30000,đĩa,"Nấm kim châm, cải thảo, rau muống tươi"
ChIJ6f6N3XhbNDERQgnadWt3m7k,Get&Go Cafe,Cà phê đen đá pha phin,22000,ly,Cà phê đen truyền thống đậm đà
ChIJ6f6N3XhbNDERQgnadWt3m7k,Get&Go Cafe,Cà phê sữa đá,28000,ly,Cà phê sữa pha phin béo ngậy
ChIJ6f6N3XhbNDERQgnadWt3m7k,Get&Go Cafe,Bạc xỉu cốt dừa,30000,ly,Nhiều sữa béo ngậy vị dừa hòa quyện chút cà phê
ChIJ6f6N3XhbNDERQgnadWt3m7k,Get&Go Cafe,Trà đào cam sả,35000,ly,Trà đào thơm mát kết hợp lát đào cam tươi sả thơm
ChIJ6f6N3XhbNDERQgnadWt3m7k,Get&Go Cafe,Trà sữa trân châu truyền thống,37000,ly,Trà sữa đậm trà kèm trân châu đen dai giòn
ChIJ6f6N3XhbNDERQgnadWt3m7k,Get&Go Cafe,Sinh tố bơ sáp,30000,ly,Sinh tố bơ sáp tươi ngon xay sữa đặc ngậy béo
ChIJ6f6N3XhbNDERQgnadWt3m7k,Get&Go Cafe,Nước ép cam nguyên chất,33000,ly,Ép cam sành tự nhiên nhiều vitamin C
ChIJW4E-xCdbNDER9ybwhxqF1Cg,The Coffee 68,Cà phê đen đá pha phin,25000,ly,Cà phê đen truyền thống đậm đà
ChIJW4E-xCdbNDER9ybwhxqF1Cg,The Coffee 68,Cà phê sữa đá,22000,ly,Cà phê sữa pha phin béo ngậy
ChIJW4E-xCdbNDER9ybwhxqF1Cg,The Coffee 68,Bạc xỉu cốt dừa,27000,ly,Nhiều sữa béo ngậy vị dừa hòa quyện chút cà phê
ChIJW4E-xCdbNDER9ybwhxqF1Cg,The Coffee 68,Trà đào cam sả,35000,ly,Trà đào thơm mát kết hợp lát đào cam tươi sả thơm
ChIJW4E-xCdbNDER9ybwhxqF1Cg,The Coffee 68,Trà sữa trân châu truyền thống,35000,ly,Trà sữa đậm trà kèm trân châu đen dai giòn
ChIJW4E-xCdbNDER9ybwhxqF1Cg,The Coffee 68,Sinh tố bơ sáp,30000,ly,Sinh tố bơ sáp tươi ngon xay sữa đặc ngậy béo
ChIJW4E-xCdbNDER9ybwhxqF1Cg,The Coffee 68,Nước ép cam nguyên chất,27000,ly,Ép cam sành tự nhiên nhiều vitamin C
ChIJSRUyoPBbNDERZ0cyVVHmDsE,Bún Bò Huế Ngô Thúy,"Bún bò Huế đầy đủ (Thịt bò, chả cua, tiết, mọc)",45000,bát,"Bún bò Huế chuẩn vị nước dùng thơm mùi sả, ruốc heo"
ChIJSRUyoPBbNDERZ0cyVVHmDsE,Bún Bò Huế Ngô Thúy,Bún bò Huế đặc biệt (Thêm giò heo),50000,bát,Bún bò Huế tô lớn thêm chân giò heo béo ngậy
ChIJSRUyoPBbNDERZ0cyVVHmDsE,Bún Bò Huế Ngô Thúy,Bún bò Huế tái chín,33000,bát,Bún bò với thịt bò tái chần và nạm bò chín
ChIJSRUyoPBbNDERZ0cyVVHmDsE,Bún Bò Huế Ngô Thúy,Quẩy nóng,5000,chiếc,Quẩy giòn ăn kèm bún bò
ChIJSRUyoPBbNDERZ0cyVVHmDsE,Bún Bò Huế Ngô Thúy,Giò tai heo thêm,7000,chiếc,Giò tai giòn sần sật gọi thêm
ChIJSRUyoPBbNDERZ0cyVVHmDsE,Bún Bò Huế Ngô Thúy,Trà đá,2000,cốc,Trà đá mát lạnh giải nhiệt
ChIJp_3CFfpbNDERyvG1es3SL5Q,Bún Bò Huế Thái Anh 688,"Bún bò Huế đầy đủ (Thịt bò, chả cua, tiết, mọc)",40000,bát,"Bún bò Huế chuẩn vị nước dùng thơm mùi sả, ruốc heo"
ChIJp_3CFfpbNDERyvG1es3SL5Q,Bún Bò Huế Thái Anh 688,Bún bò Huế đặc biệt (Thêm giò heo),50000,bát,Bún bò Huế tô lớn thêm chân giò heo béo ngậy
ChIJp_3CFfpbNDERyvG1es3SL5Q,Bún Bò Huế Thái Anh 688,Bún bò Huế tái chín,30000,bát,Bún bò với thịt bò tái chần và nạm bò chín
ChIJp_3CFfpbNDERyvG1es3SL5Q,Bún Bò Huế Thái Anh 688,Quẩy nóng,8000,chiếc,Quẩy giòn ăn kèm bún bò
ChIJp_3CFfpbNDERyvG1es3SL5Q,Bún Bò Huế Thái Anh 688,Giò tai heo thêm,13000,chiếc,Giò tai giòn sần sật gọi thêm
ChIJp_3CFfpbNDERyvG1es3SL5Q,Bún Bò Huế Thái Anh 688,Trà đá,5000,cốc,Trà đá mát lạnh giải nhiệt
ChIJqWASayRRNDERbwzYXdfrsfE,Nếp - Trà Và Cà Phê Pha Máy,Cà phê đen đá pha phin,22000,ly,Cà phê đen truyền thống đậm đà
ChIJqWASayRRNDERbwzYXdfrsfE,Nếp - Trà Và Cà Phê Pha Máy,Cà phê sữa đá,22000,ly,Cà phê sữa pha phin béo ngậy
ChIJqWASayRRNDERbwzYXdfrsfE,Nếp - Trà Và Cà Phê Pha Máy,Bạc xỉu cốt dừa,30000,ly,Nhiều sữa béo ngậy vị dừa hòa quyện chút cà phê
ChIJqWASayRRNDERbwzYXdfrsfE,Nếp - Trà Và Cà Phê Pha Máy,Trà đào cam sả,37000,ly,Trà đào thơm mát kết hợp lát đào cam tươi sả thơm
ChIJqWASayRRNDERbwzYXdfrsfE,Nếp - Trà Và Cà Phê Pha Máy,Trà sữa trân châu truyền thống,37000,ly,Trà sữa đậm trà kèm trân châu đen dai giòn
ChIJqWASayRRNDERbwzYXdfrsfE,Nếp - Trà Và Cà Phê Pha Máy,Sinh tố bơ sáp,37000,ly,Sinh tố bơ sáp tươi ngon xay sữa đặc ngậy béo
ChIJqWASayRRNDERbwzYXdfrsfE,Nếp - Trà Và Cà Phê Pha Máy,Nước ép cam nguyên chất,27000,ly,Ép cam sành tự nhiên nhiều vitamin C
ChIJaQCONZFbNDERzLchgfrwEHQ,Hoà Lạc Viên,Cá kho tộ miền Tây đậm vị,83000,tộ,Cá trắm đen kho tộ sánh quyện nước hàng dừa
ChIJaQCONZFbNDERzLchgfrwEHQ,Hoà Lạc Viên,Thịt ba chỉ rang cháy cạnh,77000,đĩa,Thịt ba chỉ ba chỉ giòn rưới mỡ hành
ChIJaQCONZFbNDERzLchgfrwEHQ,Hoà Lạc Viên,Sườn non xào chua ngọt,82000,đĩa,Sườn non xào cùng dứa và ớt chuông sốt chua cay
ChIJaQCONZFbNDERzLchgfrwEHQ,Hoà Lạc Viên,Rau muống luộc dầm sấu / xào tỏi,33000,đĩa,Rau muống tươi xanh luộc chấm nước mắm chanh ớt
ChIJaQCONZFbNDERzLchgfrwEHQ,Hoà Lạc Viên,Canh riêu cua đồng cà pháo,50000,bát,Canh cua đồng mát lạnh ăn kèm cà pháo giòn tan
ChIJaQCONZFbNDERzLchgfrwEHQ,Hoà Lạc Viên,Cơm trắng gạo tám thơm,15000,niêu,Niêu cơm gạo tám dẻo thơm
ChIJlemwCLpbNDER_akNoTeV1t0,Phở Vũ Gia Truyền,Phở chín bò ta,35000,bát,Nước dùng phở bò ninh xương ống ngọt lịm kèm thịt chín thái mỏng
ChIJlemwCLpbNDER_akNoTeV1t0,Phở Vũ Gia Truyền,Phở tái chần,33000,bát,Phở bò với thịt bò tươi chần tái mềm ngọt
ChIJlemwCLpbNDER_akNoTeV1t0,Phở Vũ Gia Truyền,Phở nạm gầu giòn,40000,bát,Bánh phở mềm cùng nạm bò và gầu bò giòn sần sật
ChIJlemwCLpbNDER_akNoTeV1t0,Phở Vũ Gia Truyền,Phở tái lăn đặc biệt,43000,bát,Phở bò xào tái lăn thơm mùi tỏi phi
ChIJlemwCLpbNDER_akNoTeV1t0,Phở Vũ Gia Truyền,Trứng gà trần,10000,quả,Trứng trần nước phở béo ngậy
ChIJlemwCLpbNDER_akNoTeV1t0,Phở Vũ Gia Truyền,Quẩy giòn,5000,chiếc,Quẩy giòn ăn kèm nước phở
ChIJ45cwWgBbNDERRZWaGajQ1ps,Chốn Xin Chào Cafe,Cà phê đen đá pha phin,22000,ly,Cà phê đen truyền thống đậm đà
ChIJ45cwWgBbNDERRZWaGajQ1ps,Chốn Xin Chào Cafe,Cà phê sữa đá,28000,ly,Cà phê sữa pha phin béo ngậy
ChIJ45cwWgBbNDERRZWaGajQ1ps,Chốn Xin Chào Cafe,Bạc xỉu cốt dừa,27000,ly,Nhiều sữa béo ngậy vị dừa hòa quyện chút cà phê
ChIJ45cwWgBbNDERRZWaGajQ1ps,Chốn Xin Chào Cafe,Trà đào cam sả,35000,ly,Trà đào thơm mát kết hợp lát đào cam tươi sả thơm
ChIJ45cwWgBbNDERRZWaGajQ1ps,Chốn Xin Chào Cafe,Trà sữa trân châu truyền thống,40000,ly,Trà sữa đậm trà kèm trân châu đen dai giòn
ChIJ45cwWgBbNDERRZWaGajQ1ps,Chốn Xin Chào Cafe,Sinh tố bơ sáp,33000,ly,Sinh tố bơ sáp tươi ngon xay sữa đặc ngậy béo
ChIJ45cwWgBbNDERRZWaGajQ1ps,Chốn Xin Chào Cafe,Nước ép cam nguyên chất,27000,ly,Ép cam sành tự nhiên nhiều vitamin C
ChIJbXvJ3_hbNDERkTfN17KHvAs,Nhà Hàng Gà Hà Đạo,Gà ri hấp lá chanh (Cả con),220000,con,Gà ri đồi nuôi thả tự nhiên dai ngọt da vàng giòn
ChIJbXvJ3_hbNDERkTfN17KHvAs,Nhà Hàng Gà Hà Đạo,Gà ri nướng mật ong (Cả con),230000,con,Gà ri nướng mật ong thơm phức vàng óng
ChIJbXvJ3_hbNDERkTfN17KHvAs,Nhà Hàng Gà Hà Đạo,Gà rang muối tỏi,130000,đĩa,Gà ta chặt miếng rang muối đậm đà sần sật
ChIJbXvJ3_hbNDERkTfN17KHvAs,Nhà Hàng Gà Hà Đạo,Lẩu gà ri thuốc bắc,360000,nồi,Nồi lẩu gà ri thuốc bắc bổ dưỡng kèm rau nấm
ChIJbXvJ3_hbNDERkTfN17KHvAs,Nhà Hàng Gà Hà Đạo,Xôi chim câu hành phi,82000,đĩa,Xôi nếp dẻo thơm ăn kèm thịt chim câu băm nhỏ
ChIJbXvJ3_hbNDERkTfN17KHvAs,Nhà Hàng Gà Hà Đạo,Lòng mề gà xào mướp giá,72000,đĩa,Lòng mề gà ri giòn xào mướp hương thơm phức
ChIJjeK6NbVbNDERr78CS12xC-g,Cơm Niêu Phú Ông,Cơm rang dưa bò,45000,đĩa,Cơm rang hạt giòn tơi xào cùng cải dưa chua và thịt bò tươi mềm
ChIJjeK6NbVbNDERr78CS12xC-g,Cơm Niêu Phú Ông,Cơm rang thập cẩm giòn,30000,đĩa,Cơm rang lạp xưởng ngô ngọt đậu hà lan rưới trứng vàng
ChIJjeK6NbVbNDERr78CS12xC-g,Cơm Niêu Phú Ông,Cơm thố xá xíu nóng hổi,40000,thố,"Cơm nấu niêu thố đất tạo lớp cháy giòn nhẹ, phủ thịt xá xíu đậm sốt"
ChIJjeK6NbVbNDERr78CS12xC-g,Cơm Niêu Phú Ông,Suất cơm bình dân tự chọn (3 món mặn + rau),33000,suất,Cơm suất bình dân đầy đặn sạch sẽ cho sinh viên và người đi làm
ChIJjeK6NbVbNDERr78CS12xC-g,Cơm Niêu Phú Ông,Cơm tấm sườn bì chả Sài Gòn,38000,đĩa,Cơm tấm ăn kèm sườn nướng mặn ngọt chả trứng bì heo thính và nước mắm chua cay
ChIJY4hb3GBaNDEREhBPxrcp4lM,Trúc Linh Quán Cua Đồng,Cá kho tộ miền Tây đậm vị,87000,tộ,Cá trắm đen kho tộ sánh quyện nước hàng dừa
ChIJY4hb3GBaNDEREhBPxrcp4lM,Trúc Linh Quán Cua Đồng,Thịt ba chỉ rang cháy cạnh,75000,đĩa,Thịt ba chỉ ba chỉ giòn rưới mỡ hành
ChIJY4hb3GBaNDEREhBPxrcp4lM,Trúc Linh Quán Cua Đồng,Sườn non xào chua ngọt,75000,đĩa,Sườn non xào cùng dứa và ớt chuông sốt chua cay
ChIJY4hb3GBaNDEREhBPxrcp4lM,Trúc Linh Quán Cua Đồng,Rau muống luộc dầm sấu / xào tỏi,30000,đĩa,Rau muống tươi xanh luộc chấm nước mắm chanh ớt
ChIJY4hb3GBaNDEREhBPxrcp4lM,Trúc Linh Quán Cua Đồng,Canh riêu cua đồng cà pháo,43000,bát,Canh cua đồng mát lạnh ăn kèm cà pháo giòn tan
ChIJY4hb3GBaNDEREhBPxrcp4lM,Trúc Linh Quán Cua Đồng,Cơm trắng gạo tám thơm,15000,niêu,Niêu cơm gạo tám dẻo thơm
ChIJKQ8MhhZaNDER6MnpGDF6iKE,Nhà Hàng Tuấn Tú,Cá kho tộ miền Tây đậm vị,83000,tộ,Cá trắm đen kho tộ sánh quyện nước hàng dừa
ChIJKQ8MhhZaNDER6MnpGDF6iKE,Nhà Hàng Tuấn Tú,Thịt ba chỉ rang cháy cạnh,75000,đĩa,Thịt ba chỉ ba chỉ giòn rưới mỡ hành
ChIJKQ8MhhZaNDER6MnpGDF6iKE,Nhà Hàng Tuấn Tú,Sườn non xào chua ngọt,82000,đĩa,Sườn non xào cùng dứa và ớt chuông sốt chua cay
ChIJKQ8MhhZaNDER6MnpGDF6iKE,Nhà Hàng Tuấn Tú,Rau muống luộc dầm sấu / xào tỏi,27000,đĩa,Rau muống tươi xanh luộc chấm nước mắm chanh ớt
ChIJKQ8MhhZaNDER6MnpGDF6iKE,Nhà Hàng Tuấn Tú,Canh riêu cua đồng cà pháo,50000,bát,Canh cua đồng mát lạnh ăn kèm cà pháo giòn tan
ChIJKQ8MhhZaNDER6MnpGDF6iKE,Nhà Hàng Tuấn Tú,Cơm trắng gạo tám thơm,18000,niêu,Niêu cơm gạo tám dẻo thơm
ChIJOWdAxlJbNDERP9R6PqI48MU,TheHill BBQ,Lẩu cua đồng sườn sụn bắp bò,350000,nồi,"Nồi lẩu riêu cua đồng nguyên chất siêu nhiều gạch, kèm bắp bò sườn sụn"
ChIJOWdAxlJbNDERP9R6PqI48MU,TheHill BBQ,Lẩu Thái hải sản chua cay,409000,nồi,"Nước lẩu Tomyum chua cay nhúng tôm, mực, ngao, nấm"
ChIJOWdAxlJbNDERP9R6PqI48MU,TheHill BBQ,Set nướng BBQ thập cẩm bò ba chỉ,289000,set,"Bắp bò, ba chỉ heo cuộn nấm kim châm tẩm sốt BBQ nướng xèo xèo"
ChIJOWdAxlJbNDERP9R6PqI48MU,TheHill BBQ,Ba chỉ bò Mỹ nhúng thêm,75000,đĩa,Thịt ba chỉ bò Mỹ thái mỏng cuốn nấm
ChIJOWdAxlJbNDERP9R6PqI48MU,TheHill BBQ,Sườn sụn non heo thêm,80000,đĩa,Sườn non giòn sần sật nhúng lẩu
ChIJOWdAxlJbNDERP9R6PqI48MU,TheHill BBQ,Rau nấm tổng hợp nhúng lẩu,30000,đĩa,"Nấm kim châm, cải thảo, rau muống tươi"
ChIJq-olQU9cNDERPoCUlg3Aa3s,Nhà Nghỉ Yên Bình 2,Cá kho tộ miền Tây đậm vị,90000,tộ,Cá trắm đen kho tộ sánh quyện nước hàng dừa
ChIJq-olQU9cNDERPoCUlg3Aa3s,Nhà Nghỉ Yên Bình 2,Thịt ba chỉ rang cháy cạnh,80000,đĩa,Thịt ba chỉ ba chỉ giòn rưới mỡ hành
ChIJq-olQU9cNDERPoCUlg3Aa3s,Nhà Nghỉ Yên Bình 2,Sườn non xào chua ngọt,80000,đĩa,Sườn non xào cùng dứa và ớt chuông sốt chua cay
ChIJq-olQU9cNDERPoCUlg3Aa3s,Nhà Nghỉ Yên Bình 2,Rau muống luộc dầm sấu / xào tỏi,33000,đĩa,Rau muống tươi xanh luộc chấm nước mắm chanh ớt
ChIJq-olQU9cNDERPoCUlg3Aa3s,Nhà Nghỉ Yên Bình 2,Canh riêu cua đồng cà pháo,50000,bát,Canh cua đồng mát lạnh ăn kèm cà pháo giòn tan
ChIJq-olQU9cNDERPoCUlg3Aa3s,Nhà Nghỉ Yên Bình 2,Cơm trắng gạo tám thơm,15000,niêu,Niêu cơm gạo tám dẻo thơm
ChIJmR4LOGf9NDER11_bqb1OV5E,Nhà Hàng Thanh Bình Lẩu Cua Đồng Gà Ri,Gà ri hấp lá chanh (Cả con),210000,con,Gà ri đồi nuôi thả tự nhiên dai ngọt da vàng giòn
ChIJmR4LOGf9NDER11_bqb1OV5E,Nhà Hàng Thanh Bình Lẩu Cua Đồng Gà Ri,Gà ri nướng mật ong (Cả con),270000,con,Gà ri nướng mật ong thơm phức vàng óng
ChIJmR4LOGf9NDER11_bqb1OV5E,Nhà Hàng Thanh Bình Lẩu Cua Đồng Gà Ri,Gà rang muối tỏi,140000,đĩa,Gà ta chặt miếng rang muối đậm đà sần sật
ChIJmR4LOGf9NDER11_bqb1OV5E,Nhà Hàng Thanh Bình Lẩu Cua Đồng Gà Ri,Lẩu gà ri thuốc bắc,350000,nồi,Nồi lẩu gà ri thuốc bắc bổ dưỡng kèm rau nấm
ChIJmR4LOGf9NDER11_bqb1OV5E,Nhà Hàng Thanh Bình Lẩu Cua Đồng Gà Ri,Xôi chim câu hành phi,85000,đĩa,Xôi nếp dẻo thơm ăn kèm thịt chim câu băm nhỏ
ChIJmR4LOGf9NDER11_bqb1OV5E,Nhà Hàng Thanh Bình Lẩu Cua Đồng Gà Ri,Lòng mề gà xào mướp giá,68000,đĩa,Lòng mề gà ri giòn xào mướp hương thơm phức
ChIJQTXNxOBbNDER_26jAuEmTJc,Phở Hoàn Vộc,Phở chín bò ta,33000,bát,Nước dùng phở bò ninh xương ống ngọt lịm kèm thịt chín thái mỏng
ChIJQTXNxOBbNDER_26jAuEmTJc,Phở Hoàn Vộc,Phở tái chần,37000,bát,Phở bò với thịt bò tươi chần tái mềm ngọt
ChIJQTXNxOBbNDER_26jAuEmTJc,Phở Hoàn Vộc,Phở nạm gầu giòn,42000,bát,Bánh phở mềm cùng nạm bò và gầu bò giòn sần sật
ChIJQTXNxOBbNDER_26jAuEmTJc,Phở Hoàn Vộc,Phở tái lăn đặc biệt,45000,bát,Phở bò xào tái lăn thơm mùi tỏi phi
ChIJQTXNxOBbNDER_26jAuEmTJc,Phở Hoàn Vộc,Trứng gà trần,10000,quả,Trứng trần nước phở béo ngậy
ChIJQTXNxOBbNDER_26jAuEmTJc,Phở Hoàn Vộc,Quẩy giòn,2000,chiếc,Quẩy giòn ăn kèm nước phở
ChIJiTDv0slbNDERshz2T81XdFs,Nhà Chung cafe,Cà phê đen đá pha phin,25000,ly,Cà phê đen truyền thống đậm đà
ChIJiTDv0slbNDERshz2T81XdFs,Nhà Chung cafe,Cà phê sữa đá,28000,ly,Cà phê sữa pha phin béo ngậy
ChIJiTDv0slbNDERshz2T81XdFs,Nhà Chung cafe,Bạc xỉu cốt dừa,27000,ly,Nhiều sữa béo ngậy vị dừa hòa quyện chút cà phê
ChIJiTDv0slbNDERshz2T81XdFs,Nhà Chung cafe,Trà đào cam sả,40000,ly,Trà đào thơm mát kết hợp lát đào cam tươi sả thơm
ChIJiTDv0slbNDERshz2T81XdFs,Nhà Chung cafe,Trà sữa trân châu truyền thống,35000,ly,Trà sữa đậm trà kèm trân châu đen dai giòn
ChIJiTDv0slbNDERshz2T81XdFs,Nhà Chung cafe,Sinh tố bơ sáp,37000,ly,Sinh tố bơ sáp tươi ngon xay sữa đặc ngậy béo
ChIJiTDv0slbNDERshz2T81XdFs,Nhà Chung cafe,Nước ép cam nguyên chất,33000,ly,Ép cam sành tự nhiên nhiều vitamin C
ChIJbTzvh1BbNDERsRh8dzH49P0,Bún Bò Huế Ngự Bình,"Bún bò Huế đầy đủ (Thịt bò, chả cua, tiết, mọc)",38000,bát,"Bún bò Huế chuẩn vị nước dùng thơm mùi sả, ruốc heo"
ChIJbTzvh1BbNDERsRh8dzH49P0,Bún Bò Huế Ngự Bình,Bún bò Huế đặc biệt (Thêm giò heo),45000,bát,Bún bò Huế tô lớn thêm chân giò heo béo ngậy
ChIJbTzvh1BbNDERsRh8dzH49P0,Bún Bò Huế Ngự Bình,Bún bò Huế tái chín,35000,bát,Bún bò với thịt bò tái chần và nạm bò chín
ChIJbTzvh1BbNDERsRh8dzH49P0,Bún Bò Huế Ngự Bình,Quẩy nóng,2000,chiếc,Quẩy giòn ăn kèm bún bò
ChIJbTzvh1BbNDERsRh8dzH49P0,Bún Bò Huế Ngự Bình,Giò tai heo thêm,13000,chiếc,Giò tai giòn sần sật gọi thêm
ChIJbTzvh1BbNDERsRh8dzH49P0,Bún Bò Huế Ngự Bình,Trà đá,8000,cốc,Trà đá mát lạnh giải nhiệt
ChIJrxGnrV9bNDERDU4f5yb20dI,Sữa 559,Cà phê đen đá pha phin,19000,ly,Cà phê đen truyền thống đậm đà
ChIJrxGnrV9bNDERDU4f5yb20dI,Sữa 559,Cà phê sữa đá,25000,ly,Cà phê sữa pha phin béo ngậy
ChIJrxGnrV9bNDERDU4f5yb20dI,Sữa 559,Bạc xỉu cốt dừa,33000,ly,Nhiều sữa béo ngậy vị dừa hòa quyện chút cà phê
ChIJrxGnrV9bNDERDU4f5yb20dI,Sữa 559,Trà đào cam sả,33000,ly,Trà đào thơm mát kết hợp lát đào cam tươi sả thơm
ChIJrxGnrV9bNDERDU4f5yb20dI,Sữa 559,Trà sữa trân châu truyền thống,35000,ly,Trà sữa đậm trà kèm trân châu đen dai giòn
ChIJrxGnrV9bNDERDU4f5yb20dI,Sữa 559,Sinh tố bơ sáp,35000,ly,Sinh tố bơ sáp tươi ngon xay sữa đặc ngậy béo
ChIJrxGnrV9bNDERDU4f5yb20dI,Sữa 559,Nước ép cam nguyên chất,27000,ly,Ép cam sành tự nhiên nhiều vitamin C
ChIJsbtj40pZNDERS--N3C51zCI,Ohio BBQ & Hotpot,Lẩu cua đồng sườn sụn bắp bò,340000,nồi,"Nồi lẩu riêu cua đồng nguyên chất siêu nhiều gạch, kèm bắp bò sườn sụn"
ChIJsbtj40pZNDERS--N3C51zCI,Ohio BBQ & Hotpot,Lẩu Thái hải sản chua cay,419000,nồi,"Nước lẩu Tomyum chua cay nhúng tôm, mực, ngao, nấm"
ChIJsbtj40pZNDERS--N3C51zCI,Ohio BBQ & Hotpot,Set nướng BBQ thập cẩm bò ba chỉ,279000,set,"Bắp bò, ba chỉ heo cuộn nấm kim châm tẩm sốt BBQ nướng xèo xèo"
ChIJsbtj40pZNDERS--N3C51zCI,Ohio BBQ & Hotpot,Ba chỉ bò Mỹ nhúng thêm,80000,đĩa,Thịt ba chỉ bò Mỹ thái mỏng cuốn nấm
ChIJsbtj40pZNDERS--N3C51zCI,Ohio BBQ & Hotpot,Sườn sụn non heo thêm,75000,đĩa,Sườn non giòn sần sật nhúng lẩu
ChIJsbtj40pZNDERS--N3C51zCI,Ohio BBQ & Hotpot,Rau nấm tổng hợp nhúng lẩu,30000,đĩa,"Nấm kim châm, cải thảo, rau muống tươi"
ChIJBy-9KZxbNDERLSJdMfS-wC8,Fuca Hidden Coffee,Cà phê đen đá pha phin,22000,ly,Cà phê đen truyền thống đậm đà
ChIJBy-9KZxbNDERLSJdMfS-wC8,Fuca Hidden Coffee,Cà phê sữa đá,28000,ly,Cà phê sữa pha phin béo ngậy
ChIJBy-9KZxbNDERLSJdMfS-wC8,Fuca Hidden Coffee,Bạc xỉu cốt dừa,33000,ly,Nhiều sữa béo ngậy vị dừa hòa quyện chút cà phê
ChIJBy-9KZxbNDERLSJdMfS-wC8,Fuca Hidden Coffee,Trà đào cam sả,37000,ly,Trà đào thơm mát kết hợp lát đào cam tươi sả thơm
ChIJBy-9KZxbNDERLSJdMfS-wC8,Fuca Hidden Coffee,Trà sữa trân châu truyền thống,30000,ly,Trà sữa đậm trà kèm trân châu đen dai giòn
ChIJBy-9KZxbNDERLSJdMfS-wC8,Fuca Hidden Coffee,Sinh tố bơ sáp,30000,ly,Sinh tố bơ sáp tươi ngon xay sữa đặc ngậy béo
ChIJBy-9KZxbNDERLSJdMfS-wC8,Fuca Hidden Coffee,Nước ép cam nguyên chất,33000,ly,Ép cam sành tự nhiên nhiều vitamin C
ChIJO6NAf3dbNDERTHl3dEBzAmo,Nhà Hàng Lâm Sơn Trang,Gà ri hấp lá chanh (Cả con),230000,con,Gà ri đồi nuôi thả tự nhiên dai ngọt da vàng giòn
ChIJO6NAf3dbNDERTHl3dEBzAmo,Nhà Hàng Lâm Sơn Trang,Gà ri nướng mật ong (Cả con),240000,con,Gà ri nướng mật ong thơm phức vàng óng
ChIJO6NAf3dbNDERTHl3dEBzAmo,Nhà Hàng Lâm Sơn Trang,Gà rang muối tỏi,150000,đĩa,Gà ta chặt miếng rang muối đậm đà sần sật
ChIJO6NAf3dbNDERTHl3dEBzAmo,Nhà Hàng Lâm Sơn Trang,Lẩu gà ri thuốc bắc,330000,nồi,Nồi lẩu gà ri thuốc bắc bổ dưỡng kèm rau nấm
ChIJO6NAf3dbNDERTHl3dEBzAmo,Nhà Hàng Lâm Sơn Trang,Xôi chim câu hành phi,82000,đĩa,Xôi nếp dẻo thơm ăn kèm thịt chim câu băm nhỏ
ChIJO6NAf3dbNDERTHl3dEBzAmo,Nhà Hàng Lâm Sơn Trang,Lòng mề gà xào mướp giá,65000,đĩa,Lòng mề gà ri giòn xào mướp hương thơm phức
ChIJk5Kqa_RbNDERuXPQu4wdXGw,Chihiro - Drink & Food,Mì cay Seoul hải sản cấp độ 0-7,45000,tô,"Mì ramen Hàn Quốc tôm, mực, chả viên nước dùng kim chi cay chua kích thích"
ChIJk5Kqa_RbNDERuXPQu4wdXGw,Chihiro - Drink & Food,Mì cay bò Mỹ cấp độ 0-7,43000,tô,Mì cay Hàn Quốc nhúng bắp bò Mỹ tươi
ChIJk5Kqa_RbNDERuXPQu4wdXGw,Chihiro - Drink & Food,Kimbap chiên xù giòn tan,37000,cuộn,Cơm cuộn rong biển tẩm bột chiên xù chấm sốt mayonnaise
ChIJk5Kqa_RbNDERuXPQu4wdXGw,Chihiro - Drink & Food,Tokbokki truyền thống phô mai sốt cay,30000,đĩa,"Bánh gạo Hàn Quốc xào cùng chả cá xiên, sốt tương ớt Gochujang và phô mai kéo sợi"
ChIJxcb3FwBbNDERIwu54fwyCFk,Mây Lang Thang Cafe,Cà phê đen đá pha phin,25000,ly,Cà phê đen truyền thống đậm đà
ChIJxcb3FwBbNDERIwu54fwyCFk,Mây Lang Thang Cafe,Cà phê sữa đá,22000,ly,Cà phê sữa pha phin béo ngậy
ChIJxcb3FwBbNDERIwu54fwyCFk,Mây Lang Thang Cafe,Bạc xỉu cốt dừa,33000,ly,Nhiều sữa béo ngậy vị dừa hòa quyện chút cà phê
ChIJxcb3FwBbNDERIwu54fwyCFk,Mây Lang Thang Cafe,Trà đào cam sả,37000,ly,Trà đào thơm mát kết hợp lát đào cam tươi sả thơm
ChIJxcb3FwBbNDERIwu54fwyCFk,Mây Lang Thang Cafe,Trà sữa trân châu truyền thống,35000,ly,Trà sữa đậm trà kèm trân châu đen dai giòn
ChIJxcb3FwBbNDERIwu54fwyCFk,Mây Lang Thang Cafe,Sinh tố bơ sáp,33000,ly,Sinh tố bơ sáp tươi ngon xay sữa đặc ngậy béo
ChIJxcb3FwBbNDERIwu54fwyCFk,Mây Lang Thang Cafe,Nước ép cam nguyên chất,27000,ly,Ép cam sành tự nhiên nhiều vitamin C
ChIJ5xkVxPFbNDERSXhXMftf7PY,Bún Chả Năm Hoài,"Bún đậu mắm tôm đầy đủ (Đậu, thịt chân giò, nem chua rán, chả cốm)",50000,suất,Mẹt bún đậu đầy đủ nguyên liệu tươi ngon kèm rau thơm kinh giới
ChIJ5xkVxPFbNDERSXhXMftf7PY,Bún Chả Năm Hoài,Bún đậu thường (Đậu chiên giòn),22000,suất,Bún đậu chay đơn giản với đậu phụ rán giòn
ChIJ5xkVxPFbNDERSXhXMftf7PY,Bún Chả Năm Hoài,Bún chả Hà Nội truyền thống,35000,suất,Chả miếng và chả viên nướng than hoa thơm phức trong bát nước chấm chua ngọt
ChIJ5xkVxPFbNDERSXhXMftf7PY,Bún Chả Năm Hoài,Nem cua bể chiên giòn,15000,chiếc,Nem cua bể giòn rụm nhiều nhân
ChIJ5xkVxPFbNDERSXhXMftf7PY,Bún Chả Năm Hoài,Nước sấu đá ngầm chua ngọt,12000,cốc,Đồ uống giải nhiệt cực hợp vị bún đậu
ChIJ45tN5QxbNDERKK0_gbG-CfA,Tuyết Trọng Restaurant,Cá kho tộ miền Tây đậm vị,85000,tộ,Cá trắm đen kho tộ sánh quyện nước hàng dừa
ChIJ45tN5QxbNDERKK0_gbG-CfA,Tuyết Trọng Restaurant,Thịt ba chỉ rang cháy cạnh,80000,đĩa,Thịt ba chỉ ba chỉ giòn rưới mỡ hành
ChIJ45tN5QxbNDERKK0_gbG-CfA,Tuyết Trọng Restaurant,Sườn non xào chua ngọt,82000,đĩa,Sườn non xào cùng dứa và ớt chuông sốt chua cay
ChIJ45tN5QxbNDERKK0_gbG-CfA,Tuyết Trọng Restaurant,Rau muống luộc dầm sấu / xào tỏi,27000,đĩa,Rau muống tươi xanh luộc chấm nước mắm chanh ớt
ChIJ45tN5QxbNDERKK0_gbG-CfA,Tuyết Trọng Restaurant,Canh riêu cua đồng cà pháo,40000,bát,Canh cua đồng mát lạnh ăn kèm cà pháo giòn tan
ChIJ45tN5QxbNDERKK0_gbG-CfA,Tuyết Trọng Restaurant,Cơm trắng gạo tám thơm,12000,niêu,Niêu cơm gạo tám dẻo thơm
ChIJT3KQYfxbNDER0LOmPOknGag,Mixue Phú Cát,Kem tươi ốc quế sữa dừa / vani Mixue,10000,chiếc,Kem tươi thơm ngon ngậy béo ốc quế giòn tan
ChIJT3KQYfxbNDER0LOmPOknGag,Mixue Phú Cát,Trà sữa ba anh em thạch pudding trân châu,30000,ly,Trà sữa đậm vị kèm full topping dồi dào
ChIJT3KQYfxbNDER0LOmPOknGag,Mixue Phú Cát,Dương chi cam lộ xoài bưởi trân châu,37000,ly,"Sinh tố xoài, bưởi hồng cùng thạch dừa thạch đào thơm ngon mát lạnh"
ChIJT3KQYfxbNDER0LOmPOknGag,Mixue Phú Cát,Trà đào tứ kỳ xuân hạt đào miếng,28000,ly,Trà ô long thanh vị kết hợp thạch đào giòn ngọt
ChIJZ2rtVXFFNDERDanPMQAVbkk,Nhà Hàng Hồ Câu Đỗ Hiệp,Cá kho tộ miền Tây đậm vị,83000,tộ,Cá trắm đen kho tộ sánh quyện nước hàng dừa
ChIJZ2rtVXFFNDERDanPMQAVbkk,Nhà Hàng Hồ Câu Đỗ Hiệp,Thịt ba chỉ rang cháy cạnh,75000,đĩa,Thịt ba chỉ ba chỉ giòn rưới mỡ hành
ChIJZ2rtVXFFNDERDanPMQAVbkk,Nhà Hàng Hồ Câu Đỗ Hiệp,Sườn non xào chua ngọt,80000,đĩa,Sườn non xào cùng dứa và ớt chuông sốt chua cay
ChIJZ2rtVXFFNDERDanPMQAVbkk,Nhà Hàng Hồ Câu Đỗ Hiệp,Rau muống luộc dầm sấu / xào tỏi,30000,đĩa,Rau muống tươi xanh luộc chấm nước mắm chanh ớt
ChIJZ2rtVXFFNDERDanPMQAVbkk,Nhà Hàng Hồ Câu Đỗ Hiệp,Canh riêu cua đồng cà pháo,50000,bát,Canh cua đồng mát lạnh ăn kèm cà pháo giòn tan
ChIJZ2rtVXFFNDERDanPMQAVbkk,Nhà Hàng Hồ Câu Đỗ Hiệp,Cơm trắng gạo tám thơm,15000,niêu,Niêu cơm gạo tám dẻo thơm
ChIJAeuDI0lcNDERDEeeakqgo_M,Phở Bò Thủy Toàn,Phở chín bò ta,30000,bát,Nước dùng phở bò ninh xương ống ngọt lịm kèm thịt chín thái mỏng
ChIJAeuDI0lcNDERDEeeakqgo_M,Phở Bò Thủy Toàn,Phở tái chần,33000,bát,Phở bò với thịt bò tươi chần tái mềm ngọt
ChIJAeuDI0lcNDERDEeeakqgo_M,Phở Bò Thủy Toàn,Phở nạm gầu giòn,35000,bát,Bánh phở mềm cùng nạm bò và gầu bò giòn sần sật
ChIJAeuDI0lcNDERDEeeakqgo_M,Phở Bò Thủy Toàn,Phở tái lăn đặc biệt,50000,bát,Phở bò xào tái lăn thơm mùi tỏi phi
ChIJAeuDI0lcNDERDEeeakqgo_M,Phở Bò Thủy Toàn,Trứng gà trần,13000,quả,Trứng trần nước phở béo ngậy
ChIJAeuDI0lcNDERDEeeakqgo_M,Phở Bò Thủy Toàn,Quẩy giòn,8000,chiếc,Quẩy giòn ăn kèm nước phở
ChIJT0qrpKtZNDEREZ-rlqiI1gY,Bún Cá Đạo Thủy,Bún cá cay Hải Phòng giòn rụm,33000,bát,"Cá chiên giòn, chả cá thu thơm ngon nước dùng dọc mùng chua cay"
ChIJT0qrpKtZNDEREZ-rlqiI1gY,Bún Cá Đạo Thủy,Bún riêu cua bắp bò giò tai,45000,bát,"Bún nước với riêu cua đồng xịn kèm bắp bò tươi, giò tai heo sần sật"
ChIJT0qrpKtZNDEREZ-rlqiI1gY,Bún Cá Đạo Thủy,Bún sườn mọc dọc mùng hành hoa,30000,bát,Bún sườn non mềm nhừ kèm mọc thịt giòn dẻo
ChIJT0qrpKtZNDEREZ-rlqiI1gY,Bún Cá Đạo Thủy,Trà đá mát lạnh,8000,cốc,Trà đá mát uống kèm bún nóng
ChIJy3QmB0RbNDERbQUQ2PjR020,Nhà Hàng Thanh Thuý,Gà ri hấp lá chanh (Cả con),240000,con,Gà ri đồi nuôi thả tự nhiên dai ngọt da vàng giòn
ChIJy3QmB0RbNDERbQUQ2PjR020,Nhà Hàng Thanh Thuý,Gà ri nướng mật ong (Cả con),230000,con,Gà ri nướng mật ong thơm phức vàng óng
ChIJy3QmB0RbNDERbQUQ2PjR020,Nhà Hàng Thanh Thuý,Gà rang muối tỏi,150000,đĩa,Gà ta chặt miếng rang muối đậm đà sần sật
ChIJy3QmB0RbNDERbQUQ2PjR020,Nhà Hàng Thanh Thuý,Lẩu gà ri thuốc bắc,330000,nồi,Nồi lẩu gà ri thuốc bắc bổ dưỡng kèm rau nấm
ChIJy3QmB0RbNDERbQUQ2PjR020,Nhà Hàng Thanh Thuý,Xôi chim câu hành phi,78000,đĩa,Xôi nếp dẻo thơm ăn kèm thịt chim câu băm nhỏ
ChIJy3QmB0RbNDERbQUQ2PjR020,Nhà Hàng Thanh Thuý,Lòng mề gà xào mướp giá,68000,đĩa,Lòng mề gà ri giòn xào mướp hương thơm phức
ChIJR5zQEnpaNDER4t0PXs2iDP4,Nhà Sàn Ao Quê,Cá kho tộ miền Tây đậm vị,85000,tộ,Cá trắm đen kho tộ sánh quyện nước hàng dừa
ChIJR5zQEnpaNDER4t0PXs2iDP4,Nhà Sàn Ao Quê,Thịt ba chỉ rang cháy cạnh,70000,đĩa,Thịt ba chỉ ba chỉ giòn rưới mỡ hành
ChIJR5zQEnpaNDER4t0PXs2iDP4,Nhà Sàn Ao Quê,Sườn non xào chua ngọt,80000,đĩa,Sườn non xào cùng dứa và ớt chuông sốt chua cay
ChIJR5zQEnpaNDER4t0PXs2iDP4,Nhà Sàn Ao Quê,Rau muống luộc dầm sấu / xào tỏi,27000,đĩa,Rau muống tươi xanh luộc chấm nước mắm chanh ớt
ChIJR5zQEnpaNDER4t0PXs2iDP4,Nhà Sàn Ao Quê,Canh riêu cua đồng cà pháo,50000,bát,Canh cua đồng mát lạnh ăn kèm cà pháo giòn tan
ChIJR5zQEnpaNDER4t0PXs2iDP4,Nhà Sàn Ao Quê,Cơm trắng gạo tám thơm,15000,niêu,Niêu cơm gạo tám dẻo thơm
ChIJ53IFtWRbNDERMcEuZ2CEqUQ,Cơm Thu Thủy,Cơm rang dưa bò,43000,đĩa,Cơm rang hạt giòn tơi xào cùng cải dưa chua và thịt bò tươi mềm
ChIJ53IFtWRbNDERMcEuZ2CEqUQ,Cơm Thu Thủy,Cơm rang thập cẩm giòn,33000,đĩa,Cơm rang lạp xưởng ngô ngọt đậu hà lan rưới trứng vàng
ChIJ53IFtWRbNDERMcEuZ2CEqUQ,Cơm Thu Thủy,Cơm thố xá xíu nóng hổi,45000,thố,"Cơm nấu niêu thố đất tạo lớp cháy giòn nhẹ, phủ thịt xá xíu đậm sốt"
ChIJ53IFtWRbNDERMcEuZ2CEqUQ,Cơm Thu Thủy,Suất cơm bình dân tự chọn (3 món mặn + rau),30000,suất,Cơm suất bình dân đầy đặn sạch sẽ cho sinh viên và người đi làm
ChIJ53IFtWRbNDERMcEuZ2CEqUQ,Cơm Thu Thủy,Cơm tấm sườn bì chả Sài Gòn,45000,đĩa,Cơm tấm ăn kèm sườn nướng mặn ngọt chả trứng bì heo thính và nước mắm chua cay
ChIJ2_mo_IZZNDERv0u3edGz0n8,Cafe Anh Hìu,Cà phê đen đá pha phin,22000,ly,Cà phê đen truyền thống đậm đà
ChIJ2_mo_IZZNDERv0u3edGz0n8,Cafe Anh Hìu,Cà phê sữa đá,28000,ly,Cà phê sữa pha phin béo ngậy
ChIJ2_mo_IZZNDERv0u3edGz0n8,Cafe Anh Hìu,Bạc xỉu cốt dừa,33000,ly,Nhiều sữa béo ngậy vị dừa hòa quyện chút cà phê
ChIJ2_mo_IZZNDERv0u3edGz0n8,Cafe Anh Hìu,Trà đào cam sả,30000,ly,Trà đào thơm mát kết hợp lát đào cam tươi sả thơm
ChIJ2_mo_IZZNDERv0u3edGz0n8,Cafe Anh Hìu,Trà sữa trân châu truyền thống,40000,ly,Trà sữa đậm trà kèm trân châu đen dai giòn
ChIJ2_mo_IZZNDERv0u3edGz0n8,Cafe Anh Hìu,Sinh tố bơ sáp,33000,ly,Sinh tố bơ sáp tươi ngon xay sữa đặc ngậy béo
ChIJ2_mo_IZZNDERv0u3edGz0n8,Cafe Anh Hìu,Nước ép cam nguyên chất,30000,ly,Ép cam sành tự nhiên nhiều vitamin C
ChIJyaga7a1bNDERBWc8jjjMMoc,Bánh Gato Thành Phát,"Đĩa hoa quả thập cẩm lớn (Dưa hấu, ổi, xoài, nho)",170000,đĩa,Hoa quả tươi ngon cắt lát đẹp mắt
ChIJyaga7a1bNDERBWc8jjjMMoc,Bánh Gato Thành Phát,Khô mực nướng cồn,170000,con,Mực khô Vân Đồn nướng cồn xé tay
ChIJyaga7a1bNDERBWc8jjjMMoc,Bánh Gato Thành Phát,Thịt bò khô xé sợi vắt chanh,75000,đĩa,Bò khô sợi cay cay ngọt ngọt
ChIJyaga7a1bNDERBWc8jjjMMoc,Bánh Gato Thành Phát,Khoai tây chiên lắc phô mai,47000,đĩa,Khoai tây chiên giòn tan phủ bột phô mai
ChIJyaga7a1bNDERBWc8jjjMMoc,Bánh Gato Thành Phát,Hạt hướng dương sạch,17000,đĩa,Hạt hướng dương rang thơm
ChIJyaga7a1bNDERBWc8jjjMMoc,Bánh Gato Thành Phát,Bia Heineken lon,25000,lon,Bia ngoại ướp lạnh sẵn
ChIJyaga7a1bNDERBWc8jjjMMoc,Bánh Gato Thành Phát,Bia Hà Nội lon,21000,lon,Bia nội truyền thống
ChIJyaga7a1bNDERBWc8jjjMMoc,Bánh Gato Thành Phát,Nước ngọt Coca-Cola / Sting,12000,lon,Nước ngọt các loại phục vụ lạnh
ChIJhew77uhbNDERiRsYusfDfKA,Cafe Minh Đức,Cà phê đen đá pha phin,19000,ly,Cà phê đen truyền thống đậm đà
ChIJhew77uhbNDERiRsYusfDfKA,Cafe Minh Đức,Cà phê sữa đá,25000,ly,Cà phê sữa pha phin béo ngậy
ChIJhew77uhbNDERiRsYusfDfKA,Cafe Minh Đức,Bạc xỉu cốt dừa,33000,ly,Nhiều sữa béo ngậy vị dừa hòa quyện chút cà phê
ChIJhew77uhbNDERiRsYusfDfKA,Cafe Minh Đức,Trà đào cam sả,37000,ly,Trà đào thơm mát kết hợp lát đào cam tươi sả thơm
ChIJhew77uhbNDERiRsYusfDfKA,Cafe Minh Đức,Trà sữa trân châu truyền thống,40000,ly,Trà sữa đậm trà kèm trân châu đen dai giòn
ChIJhew77uhbNDERiRsYusfDfKA,Cafe Minh Đức,Sinh tố bơ sáp,30000,ly,Sinh tố bơ sáp tươi ngon xay sữa đặc ngậy béo
ChIJhew77uhbNDERiRsYusfDfKA,Cafe Minh Đức,Nước ép cam nguyên chất,33000,ly,Ép cam sành tự nhiên nhiều vitamin C
ChIJw0fdcQBbNDERmgLWRTadOV8,Mỳ cay seoul deli 7 cấp độ,Mì cay Seoul hải sản cấp độ 0-7,47000,tô,"Mì ramen Hàn Quốc tôm, mực, chả viên nước dùng kim chi cay chua kích thích"
ChIJw0fdcQBbNDERmgLWRTadOV8,Mỳ cay seoul deli 7 cấp độ,Mì cay bò Mỹ cấp độ 0-7,43000,tô,Mì cay Hàn Quốc nhúng bắp bò Mỹ tươi
ChIJw0fdcQBbNDERmgLWRTadOV8,Mỳ cay seoul deli 7 cấp độ,Kimbap chiên xù giòn tan,40000,cuộn,Cơm cuộn rong biển tẩm bột chiên xù chấm sốt mayonnaise
ChIJw0fdcQBbNDERmgLWRTadOV8,Mỳ cay seoul deli 7 cấp độ,Tokbokki truyền thống phô mai sốt cay,35000,đĩa,"Bánh gạo Hàn Quốc xào cùng chả cá xiên, sốt tương ớt Gochujang và phô mai kéo sợi"
ChIJ5Qk3JUlbNDERTcYmf1MgwzE,Pizza Fat,Gà rán giòn rụm tiêu cay (1 miếng),35000,miếng,Thịt gà tươi tẩm bột chiên vàng giòn da ngoài mọng nước bên trong
ChIJ5Qk3JUlbNDERTcYmf1MgwzE,Pizza Fat,Burger bò phô mai xá xíu đặc biệt,43000,chiếc,"Burger kẹp bò băm nướng lò, phô mai lát béo ngậy, sốt đặc biệt"
ChIJ5Qk3JUlbNDERTcYmf1MgwzE,Pizza Fat,Pizza xúc xích xông khói phô mai (Size 20cm),100000,chiếc,Đế pizza nướng giòn rưới đẫm phô mai Mozzarella nhập khẩu
ChIJ5Qk3JUlbNDERTcYmf1MgwzE,Pizza Fat,Khoai tây chiên giòn cọng lớn,28000,đĩa,Khoai tây vàng giòn tơi xốp ăn kèm sốt cà chua
ChIJteoiDOlbNDERuPJg6VauBKw,Ẩm Thực Thái Linh Gà Cá,Gà ri hấp lá chanh (Cả con),210000,con,Gà ri đồi nuôi thả tự nhiên dai ngọt da vàng giòn
ChIJteoiDOlbNDERuPJg6VauBKw,Ẩm Thực Thái Linh Gà Cá,Gà ri nướng mật ong (Cả con),260000,con,Gà ri nướng mật ong thơm phức vàng óng
ChIJteoiDOlbNDERuPJg6VauBKw,Ẩm Thực Thái Linh Gà Cá,Gà rang muối tỏi,150000,đĩa,Gà ta chặt miếng rang muối đậm đà sần sật
ChIJteoiDOlbNDERuPJg6VauBKw,Ẩm Thực Thái Linh Gà Cá,Lẩu gà ri thuốc bắc,370000,nồi,Nồi lẩu gà ri thuốc bắc bổ dưỡng kèm rau nấm
ChIJteoiDOlbNDERuPJg6VauBKw,Ẩm Thực Thái Linh Gà Cá,Xôi chim câu hành phi,82000,đĩa,Xôi nếp dẻo thơm ăn kèm thịt chim câu băm nhỏ
ChIJteoiDOlbNDERuPJg6VauBKw,Ẩm Thực Thái Linh Gà Cá,Lòng mề gà xào mướp giá,75000,đĩa,Lòng mề gà ri giòn xào mướp hương thơm phức
ChIJHYgROgBbNDERS9-86VBGjq0,Nhà Hàng Đức Dê Tươi,Thịt trâu xào lá lốt,110000,đĩa,Thịt trâu tươi mềm ngọt xào lá lốt thơm lừng
ChIJHYgROgBbNDERS9-86VBGjq0,Nhà Hàng Đức Dê Tươi,Thịt trâu nhúng mẻ chua cay,140000,đĩa,Thịt trâu nhúng nước dùng mẻ chua thanh nhẹ
ChIJHYgROgBbNDERS9-86VBGjq0,Nhà Hàng Đức Dê Tươi,Dê tái chanh chấm tương gừng,140000,đĩa,Thịt dê núi hấp tái trộn vừng sả lá chanh
ChIJHYgROgBbNDERS9-86VBGjq0,Nhà Hàng Đức Dê Tươi,Dê né bản gang,180000,đĩa,Dê xào nóng hổi trên bản gang kèm đậu bắp
ChIJHYgROgBbNDERS9-86VBGjq0,Nhà Hàng Đức Dê Tươi,Lẩu dê núi nhúng mẻ,419000,nồi,Nồi lẩu dê núi ré thơm ngon kèm rau nhúng đặc sản
ChIJHYgROgBbNDERS9-86VBGjq0,Nhà Hàng Đức Dê Tươi,Cơm cháy sốt dê,75000,đĩa,Cơm cháy giòn tan rưới nước sốt dê đậm vị
ChIJ1WGgXBpbNDERy7BekdVbTRo,Nhà Hàng Duy Anh,Cá kho tộ miền Tây đậm vị,85000,tộ,Cá trắm đen kho tộ sánh quyện nước hàng dừa
ChIJ1WGgXBpbNDERy7BekdVbTRo,Nhà Hàng Duy Anh,Thịt ba chỉ rang cháy cạnh,77000,đĩa,Thịt ba chỉ ba chỉ giòn rưới mỡ hành
ChIJ1WGgXBpbNDERy7BekdVbTRo,Nhà Hàng Duy Anh,Sườn non xào chua ngọt,85000,đĩa,Sườn non xào cùng dứa và ớt chuông sốt chua cay
ChIJ1WGgXBpbNDERy7BekdVbTRo,Nhà Hàng Duy Anh,Rau muống luộc dầm sấu / xào tỏi,33000,đĩa,Rau muống tươi xanh luộc chấm nước mắm chanh ớt
ChIJ1WGgXBpbNDERy7BekdVbTRo,Nhà Hàng Duy Anh,Canh riêu cua đồng cà pháo,47000,bát,Canh cua đồng mát lạnh ăn kèm cà pháo giòn tan
ChIJ1WGgXBpbNDERy7BekdVbTRo,Nhà Hàng Duy Anh,Cơm trắng gạo tám thơm,18000,niêu,Niêu cơm gạo tám dẻo thơm
ChIJi1eENgBbNDER9XP7e61RyWU,Deuseyo,Mì cay Seoul hải sản cấp độ 0-7,45000,tô,"Mì ramen Hàn Quốc tôm, mực, chả viên nước dùng kim chi cay chua kích thích"
ChIJi1eENgBbNDER9XP7e61RyWU,Deuseyo,Mì cay bò Mỹ cấp độ 0-7,40000,tô,Mì cay Hàn Quốc nhúng bắp bò Mỹ tươi
ChIJi1eENgBbNDER9XP7e61RyWU,Deuseyo,Kimbap chiên xù giòn tan,30000,cuộn,Cơm cuộn rong biển tẩm bột chiên xù chấm sốt mayonnaise
ChIJi1eENgBbNDER9XP7e61RyWU,Deuseyo,Tokbokki truyền thống phô mai sốt cay,37000,đĩa,"Bánh gạo Hàn Quốc xào cùng chả cá xiên, sốt tương ớt Gochujang và phô mai kéo sợi"
ChIJq7_teQBbNDERSk4lHk4PzHA,MukZone Cafe & Camping,Cà phê đen đá pha phin,25000,ly,Cà phê đen truyền thống đậm đà
ChIJq7_teQBbNDERSk4lHk4PzHA,MukZone Cafe & Camping,Cà phê sữa đá,25000,ly,Cà phê sữa pha phin béo ngậy
ChIJq7_teQBbNDERSk4lHk4PzHA,MukZone Cafe & Camping,Bạc xỉu cốt dừa,27000,ly,Nhiều sữa béo ngậy vị dừa hòa quyện chút cà phê
ChIJq7_teQBbNDERSk4lHk4PzHA,MukZone Cafe & Camping,Trà đào cam sả,37000,ly,Trà đào thơm mát kết hợp lát đào cam tươi sả thơm
ChIJq7_teQBbNDERSk4lHk4PzHA,MukZone Cafe & Camping,Trà sữa trân châu truyền thống,40000,ly,Trà sữa đậm trà kèm trân châu đen dai giòn
ChIJq7_teQBbNDERSk4lHk4PzHA,MukZone Cafe & Camping,Sinh tố bơ sáp,35000,ly,Sinh tố bơ sáp tươi ngon xay sữa đặc ngậy béo
ChIJq7_teQBbNDERSk4lHk4PzHA,MukZone Cafe & Camping,Nước ép cam nguyên chất,27000,ly,Ép cam sành tự nhiên nhiều vitamin C
ChIJO19H3ThbNDERPIbU20Yn3wQ,Lang Thang Cà Phê - Hòa Lạc,Cà phê đen đá pha phin,19000,ly,Cà phê đen truyền thống đậm đà
ChIJO19H3ThbNDERPIbU20Yn3wQ,Lang Thang Cà Phê - Hòa Lạc,Cà phê sữa đá,22000,ly,Cà phê sữa pha phin béo ngậy
ChIJO19H3ThbNDERPIbU20Yn3wQ,Lang Thang Cà Phê - Hòa Lạc,Bạc xỉu cốt dừa,27000,ly,Nhiều sữa béo ngậy vị dừa hòa quyện chút cà phê
ChIJO19H3ThbNDERPIbU20Yn3wQ,Lang Thang Cà Phê - Hòa Lạc,Trà đào cam sả,40000,ly,Trà đào thơm mát kết hợp lát đào cam tươi sả thơm
ChIJO19H3ThbNDERPIbU20Yn3wQ,Lang Thang Cà Phê - Hòa Lạc,Trà sữa trân châu truyền thống,40000,ly,Trà sữa đậm trà kèm trân châu đen dai giòn
ChIJO19H3ThbNDERPIbU20Yn3wQ,Lang Thang Cà Phê - Hòa Lạc,Sinh tố bơ sáp,33000,ly,Sinh tố bơ sáp tươi ngon xay sữa đặc ngậy béo
ChIJO19H3ThbNDERPIbU20Yn3wQ,Lang Thang Cà Phê - Hòa Lạc,Nước ép cam nguyên chất,30000,ly,Ép cam sành tự nhiên nhiều vitamin C
ChIJqy8rBx9bNDERlFLhCaQJXNw,Cơm Thố Anh Nguyễn Hoà Lạc,Cơm rang dưa bò,43000,đĩa,Cơm rang hạt giòn tơi xào cùng cải dưa chua và thịt bò tươi mềm
ChIJqy8rBx9bNDERlFLhCaQJXNw,Cơm Thố Anh Nguyễn Hoà Lạc,Cơm rang thập cẩm giòn,30000,đĩa,Cơm rang lạp xưởng ngô ngọt đậu hà lan rưới trứng vàng
ChIJqy8rBx9bNDERlFLhCaQJXNw,Cơm Thố Anh Nguyễn Hoà Lạc,Cơm thố xá xíu nóng hổi,35000,thố,"Cơm nấu niêu thố đất tạo lớp cháy giòn nhẹ, phủ thịt xá xíu đậm sốt"
ChIJqy8rBx9bNDERlFLhCaQJXNw,Cơm Thố Anh Nguyễn Hoà Lạc,Suất cơm bình dân tự chọn (3 món mặn + rau),27000,suất,Cơm suất bình dân đầy đặn sạch sẽ cho sinh viên và người đi làm
ChIJqy8rBx9bNDERlFLhCaQJXNw,Cơm Thố Anh Nguyễn Hoà Lạc,Cơm tấm sườn bì chả Sài Gòn,38000,đĩa,Cơm tấm ăn kèm sườn nướng mặn ngọt chả trứng bì heo thính và nước mắm chua cay
ChIJjf4hqp1eNDERrIsV9IQaVCc,Hòa Thuận Quán Ẩm Thực Tây Bắc,Cá kho tộ miền Tây đậm vị,85000,tộ,Cá trắm đen kho tộ sánh quyện nước hàng dừa
ChIJjf4hqp1eNDERrIsV9IQaVCc,Hòa Thuận Quán Ẩm Thực Tây Bắc,Thịt ba chỉ rang cháy cạnh,77000,đĩa,Thịt ba chỉ ba chỉ giòn rưới mỡ hành
ChIJjf4hqp1eNDERrIsV9IQaVCc,Hòa Thuận Quán Ẩm Thực Tây Bắc,Sườn non xào chua ngọt,78000,đĩa,Sườn non xào cùng dứa và ớt chuông sốt chua cay
ChIJjf4hqp1eNDERrIsV9IQaVCc,Hòa Thuận Quán Ẩm Thực Tây Bắc,Rau muống luộc dầm sấu / xào tỏi,27000,đĩa,Rau muống tươi xanh luộc chấm nước mắm chanh ớt
ChIJjf4hqp1eNDERrIsV9IQaVCc,Hòa Thuận Quán Ẩm Thực Tây Bắc,Canh riêu cua đồng cà pháo,40000,bát,Canh cua đồng mát lạnh ăn kèm cà pháo giòn tan
ChIJjf4hqp1eNDERrIsV9IQaVCc,Hòa Thuận Quán Ẩm Thực Tây Bắc,Cơm trắng gạo tám thơm,12000,niêu,Niêu cơm gạo tám dẻo thơm
ChIJLXTaz5lbNDERiT2n-g-RImg,Nhà Hàng Huy Cường,Cá kho tộ miền Tây đậm vị,80000,tộ,Cá trắm đen kho tộ sánh quyện nước hàng dừa
ChIJLXTaz5lbNDERiT2n-g-RImg,Nhà Hàng Huy Cường,Thịt ba chỉ rang cháy cạnh,80000,đĩa,Thịt ba chỉ ba chỉ giòn rưới mỡ hành
ChIJLXTaz5lbNDERiT2n-g-RImg,Nhà Hàng Huy Cường,Sườn non xào chua ngọt,75000,đĩa,Sườn non xào cùng dứa và ớt chuông sốt chua cay
ChIJLXTaz5lbNDERiT2n-g-RImg,Nhà Hàng Huy Cường,Rau muống luộc dầm sấu / xào tỏi,30000,đĩa,Rau muống tươi xanh luộc chấm nước mắm chanh ớt
ChIJLXTaz5lbNDERiT2n-g-RImg,Nhà Hàng Huy Cường,Canh riêu cua đồng cà pháo,40000,bát,Canh cua đồng mát lạnh ăn kèm cà pháo giòn tan
ChIJLXTaz5lbNDERiT2n-g-RImg,Nhà Hàng Huy Cường,Cơm trắng gạo tám thơm,15000,niêu,Niêu cơm gạo tám dẻo thơm
ChIJy1k8MwBbNDERrbnE5kfdIV0,Bếp 1996 cs2,Cá kho tộ miền Tây đậm vị,80000,tộ,Cá trắm đen kho tộ sánh quyện nước hàng dừa
ChIJy1k8MwBbNDERrbnE5kfdIV0,Bếp 1996 cs2,Thịt ba chỉ rang cháy cạnh,77000,đĩa,Thịt ba chỉ ba chỉ giòn rưới mỡ hành
ChIJy1k8MwBbNDERrbnE5kfdIV0,Bếp 1996 cs2,Sườn non xào chua ngọt,82000,đĩa,Sườn non xào cùng dứa và ớt chuông sốt chua cay
ChIJy1k8MwBbNDERrbnE5kfdIV0,Bếp 1996 cs2,Rau muống luộc dầm sấu / xào tỏi,30000,đĩa,Rau muống tươi xanh luộc chấm nước mắm chanh ớt
ChIJy1k8MwBbNDERrbnE5kfdIV0,Bếp 1996 cs2,Canh riêu cua đồng cà pháo,40000,bát,Canh cua đồng mát lạnh ăn kèm cà pháo giòn tan
ChIJy1k8MwBbNDERrbnE5kfdIV0,Bếp 1996 cs2,Cơm trắng gạo tám thơm,12000,niêu,Niêu cơm gạo tám dẻo thơm
ChIJOQy8BINZNDERRlspIBuMkPU,Canh Cá rô Dung Thuận,Bún cá cay Hải Phòng giòn rụm,37000,bát,"Cá chiên giòn, chả cá thu thơm ngon nước dùng dọc mùng chua cay"
ChIJOQy8BINZNDERRlspIBuMkPU,Canh Cá rô Dung Thuận,Bún riêu cua bắp bò giò tai,38000,bát,"Bún nước với riêu cua đồng xịn kèm bắp bò tươi, giò tai heo sần sật"
ChIJOQy8BINZNDERRlspIBuMkPU,Canh Cá rô Dung Thuận,Bún sườn mọc dọc mùng hành hoa,35000,bát,Bún sườn non mềm nhừ kèm mọc thịt giòn dẻo
ChIJOQy8BINZNDERRlspIBuMkPU,Canh Cá rô Dung Thuận,Trà đá mát lạnh,5000,cốc,Trà đá mát uống kèm bún nóng
ChIJvdvYZwBbNDERg8p_hFpZ-Oo,Vườn Bia Panorama,Bia hơi Hà Nội mát lạnh,9000,cốc,Bia hơi tươi rói rót trực tiếp từ vòi bom lạnh
ChIJvdvYZwBbNDERg8p_hFpZ-Oo,Vườn Bia Panorama,Đậu phụ lướt ván nóng giòn,33000,đĩa,Đậu hũ non chiên lướt ván ngoài vàng giòn trong mịn mượt như thạch
ChIJvdvYZwBbNDERg8p_hFpZ-Oo,Vườn Bia Panorama,Đĩa lạc rang muối / lạc luộc mộc mạc,18000,đĩa,Đồ nhắm bia truyền thống
ChIJvdvYZwBbNDERg8p_hFpZ-Oo,Vườn Bia Panorama,Nộm tai heo đu đủ xanh chua ngọt,67000,đĩa,Tai heo giòn sần sật trộn đu đủ bào sợi nước nộm chua ngọt sảng khoái
ChIJvdvYZwBbNDERg8p_hFpZ-Oo,Vườn Bia Panorama,Sụn gà chiên mắm rang muối,93000,đĩa,Sụn gà ta giòn sần sật tẩm ướp chiên xóc muối ớt tỏi
ChIJx5qc3GRZNDERbmdOG23SBD0,Pizza fat',Gà rán giòn rụm tiêu cay (1 miếng),35000,miếng,Thịt gà tươi tẩm bột chiên vàng giòn da ngoài mọng nước bên trong
ChIJx5qc3GRZNDERbmdOG23SBD0,Pizza fat',Burger bò phô mai xá xíu đặc biệt,40000,chiếc,"Burger kẹp bò băm nướng lò, phô mai lát béo ngậy, sốt đặc biệt"
ChIJx5qc3GRZNDERbmdOG23SBD0,Pizza fat',Pizza xúc xích xông khói phô mai (Size 20cm),110000,chiếc,Đế pizza nướng giòn rưới đẫm phô mai Mozzarella nhập khẩu
ChIJx5qc3GRZNDERbmdOG23SBD0,Pizza fat',Khoai tây chiên giòn cọng lớn,22000,đĩa,Khoai tây vàng giòn tơi xốp ăn kèm sốt cà chua
ChIJTwvNjxZaNDER3M28jn3cW8c,Nhà Hàng Sông Quê,Cá kho tộ miền Tây đậm vị,83000,tộ,Cá trắm đen kho tộ sánh quyện nước hàng dừa
ChIJTwvNjxZaNDER3M28jn3cW8c,Nhà Hàng Sông Quê,Thịt ba chỉ rang cháy cạnh,73000,đĩa,Thịt ba chỉ ba chỉ giòn rưới mỡ hành
ChIJTwvNjxZaNDER3M28jn3cW8c,Nhà Hàng Sông Quê,Sườn non xào chua ngọt,82000,đĩa,Sườn non xào cùng dứa và ớt chuông sốt chua cay
ChIJTwvNjxZaNDER3M28jn3cW8c,Nhà Hàng Sông Quê,Rau muống luộc dầm sấu / xào tỏi,27000,đĩa,Rau muống tươi xanh luộc chấm nước mắm chanh ớt
ChIJTwvNjxZaNDER3M28jn3cW8c,Nhà Hàng Sông Quê,Canh riêu cua đồng cà pháo,47000,bát,Canh cua đồng mát lạnh ăn kèm cà pháo giòn tan
ChIJTwvNjxZaNDER3M28jn3cW8c,Nhà Hàng Sông Quê,Cơm trắng gạo tám thơm,15000,niêu,Niêu cơm gạo tám dẻo thơm
ChIJaV3SX1JZNDERyqbYgr4DJ64,Jolie Cafe,Cà phê đen đá pha phin,19000,ly,Cà phê đen truyền thống đậm đà
ChIJaV3SX1JZNDERyqbYgr4DJ64,Jolie Cafe,Cà phê sữa đá,25000,ly,Cà phê sữa pha phin béo ngậy
ChIJaV3SX1JZNDERyqbYgr4DJ64,Jolie Cafe,Bạc xỉu cốt dừa,27000,ly,Nhiều sữa béo ngậy vị dừa hòa quyện chút cà phê
ChIJaV3SX1JZNDERyqbYgr4DJ64,Jolie Cafe,Trà đào cam sả,33000,ly,Trà đào thơm mát kết hợp lát đào cam tươi sả thơm
ChIJaV3SX1JZNDERyqbYgr4DJ64,Jolie Cafe,Trà sữa trân châu truyền thống,33000,ly,Trà sữa đậm trà kèm trân châu đen dai giòn
ChIJaV3SX1JZNDERyqbYgr4DJ64,Jolie Cafe,Sinh tố bơ sáp,40000,ly,Sinh tố bơ sáp tươi ngon xay sữa đặc ngậy béo
ChIJaV3SX1JZNDERyqbYgr4DJ64,Jolie Cafe,Nước ép cam nguyên chất,33000,ly,Ép cam sành tự nhiên nhiều vitamin C
ChIJm6pyf5BbNDER-ymTqyq0eag,Cơm Thu Hằng,Cơm rang dưa bò,47000,đĩa,Cơm rang hạt giòn tơi xào cùng cải dưa chua và thịt bò tươi mềm
ChIJm6pyf5BbNDER-ymTqyq0eag,Cơm Thu Hằng,Cơm rang thập cẩm giòn,37000,đĩa,Cơm rang lạp xưởng ngô ngọt đậu hà lan rưới trứng vàng
ChIJm6pyf5BbNDER-ymTqyq0eag,Cơm Thu Hằng,Cơm thố xá xíu nóng hổi,40000,thố,"Cơm nấu niêu thố đất tạo lớp cháy giòn nhẹ, phủ thịt xá xíu đậm sốt"
ChIJm6pyf5BbNDER-ymTqyq0eag,Cơm Thu Hằng,Suất cơm bình dân tự chọn (3 món mặn + rau),33000,suất,Cơm suất bình dân đầy đặn sạch sẽ cho sinh viên và người đi làm
ChIJm6pyf5BbNDER-ymTqyq0eag,Cơm Thu Hằng,Cơm tấm sườn bì chả Sài Gòn,40000,đĩa,Cơm tấm ăn kèm sườn nướng mặn ngọt chả trứng bì heo thính và nước mắm chua cay
ChIJ3_pnIUNbNDERMHeogH3Sqmw,Highlands Coffee FV3 FPT Hoa Lac,Cà phê đen đá pha phin,22000,ly,Cà phê đen truyền thống đậm đà
ChIJ3_pnIUNbNDERMHeogH3Sqmw,Highlands Coffee FV3 FPT Hoa Lac,Cà phê sữa đá,22000,ly,Cà phê sữa pha phin béo ngậy
ChIJ3_pnIUNbNDERMHeogH3Sqmw,Highlands Coffee FV3 FPT Hoa Lac,Bạc xỉu cốt dừa,30000,ly,Nhiều sữa béo ngậy vị dừa hòa quyện chút cà phê
ChIJ3_pnIUNbNDERMHeogH3Sqmw,Highlands Coffee FV3 FPT Hoa Lac,Trà đào cam sả,40000,ly,Trà đào thơm mát kết hợp lát đào cam tươi sả thơm
ChIJ3_pnIUNbNDERMHeogH3Sqmw,Highlands Coffee FV3 FPT Hoa Lac,Trà sữa trân châu truyền thống,37000,ly,Trà sữa đậm trà kèm trân châu đen dai giòn
ChIJ3_pnIUNbNDERMHeogH3Sqmw,Highlands Coffee FV3 FPT Hoa Lac,Sinh tố bơ sáp,35000,ly,Sinh tố bơ sáp tươi ngon xay sữa đặc ngậy béo
ChIJ3_pnIUNbNDERMHeogH3Sqmw,Highlands Coffee FV3 FPT Hoa Lac,Nước ép cam nguyên chất,30000,ly,Ép cam sành tự nhiên nhiều vitamin C
ChIJ2yjwNylbNDERyZaC9Pfdtss,Black Rose Coffee Audio,Cà phê đen đá pha phin,22000,ly,Cà phê đen truyền thống đậm đà
ChIJ2yjwNylbNDERyZaC9Pfdtss,Black Rose Coffee Audio,Cà phê sữa đá,22000,ly,Cà phê sữa pha phin béo ngậy
ChIJ2yjwNylbNDERyZaC9Pfdtss,Black Rose Coffee Audio,Bạc xỉu cốt dừa,27000,ly,Nhiều sữa béo ngậy vị dừa hòa quyện chút cà phê
ChIJ2yjwNylbNDERyZaC9Pfdtss,Black Rose Coffee Audio,Trà đào cam sả,33000,ly,Trà đào thơm mát kết hợp lát đào cam tươi sả thơm
ChIJ2yjwNylbNDERyZaC9Pfdtss,Black Rose Coffee Audio,Trà sữa trân châu truyền thống,35000,ly,Trà sữa đậm trà kèm trân châu đen dai giòn
ChIJ2yjwNylbNDERyZaC9Pfdtss,Black Rose Coffee Audio,Sinh tố bơ sáp,37000,ly,Sinh tố bơ sáp tươi ngon xay sữa đặc ngậy béo
ChIJ2yjwNylbNDERyZaC9Pfdtss,Black Rose Coffee Audio,Nước ép cam nguyên chất,33000,ly,Ép cam sành tự nhiên nhiều vitamin C
ChIJY1LH5plbNDERiv3TWq22j5o,Home Cafe Chill Out Place,Cà phê đen đá pha phin,22000,ly,Cà phê đen truyền thống đậm đà
ChIJY1LH5plbNDERiv3TWq22j5o,Home Cafe Chill Out Place,Cà phê sữa đá,22000,ly,Cà phê sữa pha phin béo ngậy
ChIJY1LH5plbNDERiv3TWq22j5o,Home Cafe Chill Out Place,Bạc xỉu cốt dừa,27000,ly,Nhiều sữa béo ngậy vị dừa hòa quyện chút cà phê
ChIJY1LH5plbNDERiv3TWq22j5o,Home Cafe Chill Out Place,Trà đào cam sả,37000,ly,Trà đào thơm mát kết hợp lát đào cam tươi sả thơm
ChIJY1LH5plbNDERiv3TWq22j5o,Home Cafe Chill Out Place,Trà sữa trân châu truyền thống,40000,ly,Trà sữa đậm trà kèm trân châu đen dai giòn
ChIJY1LH5plbNDERiv3TWq22j5o,Home Cafe Chill Out Place,Sinh tố bơ sáp,35000,ly,Sinh tố bơ sáp tươi ngon xay sữa đặc ngậy béo
ChIJY1LH5plbNDERiv3TWq22j5o,Home Cafe Chill Out Place,Nước ép cam nguyên chất,33000,ly,Ép cam sành tự nhiên nhiều vitamin C
ChIJ247QHL1bNDERrf5PRUbvitg,Mây Coffee,Cà phê đen đá pha phin,22000,ly,Cà phê đen truyền thống đậm đà
ChIJ247QHL1bNDERrf5PRUbvitg,Mây Coffee,Cà phê sữa đá,25000,ly,Cà phê sữa pha phin béo ngậy
ChIJ247QHL1bNDERrf5PRUbvitg,Mây Coffee,Bạc xỉu cốt dừa,33000,ly,Nhiều sữa béo ngậy vị dừa hòa quyện chút cà phê
ChIJ247QHL1bNDERrf5PRUbvitg,Mây Coffee,Trà đào cam sả,40000,ly,Trà đào thơm mát kết hợp lát đào cam tươi sả thơm
ChIJ247QHL1bNDERrf5PRUbvitg,Mây Coffee,Trà sữa trân châu truyền thống,40000,ly,Trà sữa đậm trà kèm trân châu đen dai giòn
ChIJ247QHL1bNDERrf5PRUbvitg,Mây Coffee,Sinh tố bơ sáp,33000,ly,Sinh tố bơ sáp tươi ngon xay sữa đặc ngậy béo
ChIJ247QHL1bNDERrf5PRUbvitg,Mây Coffee,Nước ép cam nguyên chất,33000,ly,Ép cam sành tự nhiên nhiều vitamin C
ChIJX_BlZgBbNDERDUm1Hoks38s,Xíu Coffee&Date,Cà phê đen đá pha phin,22000,ly,Cà phê đen truyền thống đậm đà
ChIJX_BlZgBbNDERDUm1Hoks38s,Xíu Coffee&Date,Cà phê sữa đá,25000,ly,Cà phê sữa pha phin béo ngậy
ChIJX_BlZgBbNDERDUm1Hoks38s,Xíu Coffee&Date,Bạc xỉu cốt dừa,33000,ly,Nhiều sữa béo ngậy vị dừa hòa quyện chút cà phê
ChIJX_BlZgBbNDERDUm1Hoks38s,Xíu Coffee&Date,Trà đào cam sả,40000,ly,Trà đào thơm mát kết hợp lát đào cam tươi sả thơm
ChIJX_BlZgBbNDERDUm1Hoks38s,Xíu Coffee&Date,Trà sữa trân châu truyền thống,30000,ly,Trà sữa đậm trà kèm trân châu đen dai giòn
ChIJX_BlZgBbNDERDUm1Hoks38s,Xíu Coffee&Date,Sinh tố bơ sáp,30000,ly,Sinh tố bơ sáp tươi ngon xay sữa đặc ngậy béo
ChIJX_BlZgBbNDERDUm1Hoks38s,Xíu Coffee&Date,Nước ép cam nguyên chất,30000,ly,Ép cam sành tự nhiên nhiều vitamin C
ChIJQ6oEpPJbNDERFio1HWcOy68,Nhà Hàng Thanh Xuân,Cá kho tộ miền Tây đậm vị,83000,tộ,Cá trắm đen kho tộ sánh quyện nước hàng dừa
ChIJQ6oEpPJbNDERFio1HWcOy68,Nhà Hàng Thanh Xuân,Thịt ba chỉ rang cháy cạnh,73000,đĩa,Thịt ba chỉ ba chỉ giòn rưới mỡ hành
ChIJQ6oEpPJbNDERFio1HWcOy68,Nhà Hàng Thanh Xuân,Sườn non xào chua ngọt,82000,đĩa,Sườn non xào cùng dứa và ớt chuông sốt chua cay
ChIJQ6oEpPJbNDERFio1HWcOy68,Nhà Hàng Thanh Xuân,Rau muống luộc dầm sấu / xào tỏi,27000,đĩa,Rau muống tươi xanh luộc chấm nước mắm chanh ớt
ChIJQ6oEpPJbNDERFio1HWcOy68,Nhà Hàng Thanh Xuân,Canh riêu cua đồng cà pháo,40000,bát,Canh cua đồng mát lạnh ăn kèm cà pháo giòn tan
ChIJQ6oEpPJbNDERFio1HWcOy68,Nhà Hàng Thanh Xuân,Cơm trắng gạo tám thơm,12000,niêu,Niêu cơm gạo tám dẻo thơm
ChIJ2V87OwBbNDERea7m-dwT2v0,Ramen Ten,Cá kho tộ miền Tây đậm vị,87000,tộ,Cá trắm đen kho tộ sánh quyện nước hàng dừa
ChIJ2V87OwBbNDERea7m-dwT2v0,Ramen Ten,Thịt ba chỉ rang cháy cạnh,80000,đĩa,Thịt ba chỉ ba chỉ giòn rưới mỡ hành
ChIJ2V87OwBbNDERea7m-dwT2v0,Ramen Ten,Sườn non xào chua ngọt,85000,đĩa,Sườn non xào cùng dứa và ớt chuông sốt chua cay
ChIJ2V87OwBbNDERea7m-dwT2v0,Ramen Ten,Rau muống luộc dầm sấu / xào tỏi,27000,đĩa,Rau muống tươi xanh luộc chấm nước mắm chanh ớt
ChIJ2V87OwBbNDERea7m-dwT2v0,Ramen Ten,Canh riêu cua đồng cà pháo,43000,bát,Canh cua đồng mát lạnh ăn kèm cà pháo giòn tan
ChIJ2V87OwBbNDERea7m-dwT2v0,Ramen Ten,Cơm trắng gạo tám thơm,15000,niêu,Niêu cơm gạo tám dẻo thơm
ChIJ70rKbwBbNDER781j3wwZUZE,Ngọt Coffee,Cà phê đen đá pha phin,25000,ly,Cà phê đen truyền thống đậm đà
ChIJ70rKbwBbNDER781j3wwZUZE,Ngọt Coffee,Cà phê sữa đá,22000,ly,Cà phê sữa pha phin béo ngậy
ChIJ70rKbwBbNDER781j3wwZUZE,Ngọt Coffee,Bạc xỉu cốt dừa,33000,ly,Nhiều sữa béo ngậy vị dừa hòa quyện chút cà phê
ChIJ70rKbwBbNDER781j3wwZUZE,Ngọt Coffee,Trà đào cam sả,37000,ly,Trà đào thơm mát kết hợp lát đào cam tươi sả thơm
ChIJ70rKbwBbNDER781j3wwZUZE,Ngọt Coffee,Trà sữa trân châu truyền thống,40000,ly,Trà sữa đậm trà kèm trân châu đen dai giòn
ChIJ70rKbwBbNDER781j3wwZUZE,Ngọt Coffee,Sinh tố bơ sáp,33000,ly,Sinh tố bơ sáp tươi ngon xay sữa đặc ngậy béo
ChIJ70rKbwBbNDER781j3wwZUZE,Ngọt Coffee,Nước ép cam nguyên chất,27000,ly,Ép cam sành tự nhiên nhiều vitamin C
ChIJA1K-_0lbNDERsIAWQC-QL-0,Gà ri Mạnh Cường,Gà ri hấp lá chanh (Cả con),250000,con,Gà ri đồi nuôi thả tự nhiên dai ngọt da vàng giòn
ChIJA1K-_0lbNDERsIAWQC-QL-0,Gà ri Mạnh Cường,Gà ri nướng mật ong (Cả con),260000,con,Gà ri nướng mật ong thơm phức vàng óng
ChIJA1K-_0lbNDERsIAWQC-QL-0,Gà ri Mạnh Cường,Gà rang muối tỏi,130000,đĩa,Gà ta chặt miếng rang muối đậm đà sần sật
ChIJA1K-_0lbNDERsIAWQC-QL-0,Gà ri Mạnh Cường,Lẩu gà ri thuốc bắc,360000,nồi,Nồi lẩu gà ri thuốc bắc bổ dưỡng kèm rau nấm
ChIJA1K-_0lbNDERsIAWQC-QL-0,Gà ri Mạnh Cường,Xôi chim câu hành phi,80000,đĩa,Xôi nếp dẻo thơm ăn kèm thịt chim câu băm nhỏ
ChIJA1K-_0lbNDERsIAWQC-QL-0,Gà ri Mạnh Cường,Lòng mề gà xào mướp giá,68000,đĩa,Lòng mề gà ri giòn xào mướp hương thơm phức
ChIJ2RaSeBJbNDERTrfHd_B985c,Nhà Hàng Nam Cường 1,Cá kho tộ miền Tây đậm vị,90000,tộ,Cá trắm đen kho tộ sánh quyện nước hàng dừa
ChIJ2RaSeBJbNDERTrfHd_B985c,Nhà Hàng Nam Cường 1,Thịt ba chỉ rang cháy cạnh,70000,đĩa,Thịt ba chỉ ba chỉ giòn rưới mỡ hành
ChIJ2RaSeBJbNDERTrfHd_B985c,Nhà Hàng Nam Cường 1,Sườn non xào chua ngọt,75000,đĩa,Sườn non xào cùng dứa và ớt chuông sốt chua cay
ChIJ2RaSeBJbNDERTrfHd_B985c,Nhà Hàng Nam Cường 1,Rau muống luộc dầm sấu / xào tỏi,30000,đĩa,Rau muống tươi xanh luộc chấm nước mắm chanh ớt
ChIJ2RaSeBJbNDERTrfHd_B985c,Nhà Hàng Nam Cường 1,Canh riêu cua đồng cà pháo,43000,bát,Canh cua đồng mát lạnh ăn kèm cà pháo giòn tan
ChIJ2RaSeBJbNDERTrfHd_B985c,Nhà Hàng Nam Cường 1,Cơm trắng gạo tám thơm,18000,niêu,Niêu cơm gạo tám dẻo thơm
ChIJI_uGCY5bNDER6WFYDbc0AhI,Phở Phú Hưng,Phở chín bò ta,30000,bát,Nước dùng phở bò ninh xương ống ngọt lịm kèm thịt chín thái mỏng
ChIJI_uGCY5bNDER6WFYDbc0AhI,Phở Phú Hưng,Phở tái chần,37000,bát,Phở bò với thịt bò tươi chần tái mềm ngọt
ChIJI_uGCY5bNDER6WFYDbc0AhI,Phở Phú Hưng,Phở nạm gầu giòn,35000,bát,Bánh phở mềm cùng nạm bò và gầu bò giòn sần sật
ChIJI_uGCY5bNDER6WFYDbc0AhI,Phở Phú Hưng,Phở tái lăn đặc biệt,47000,bát,Phở bò xào tái lăn thơm mùi tỏi phi
ChIJI_uGCY5bNDER6WFYDbc0AhI,Phở Phú Hưng,Trứng gà trần,7000,quả,Trứng trần nước phở béo ngậy
ChIJI_uGCY5bNDER6WFYDbc0AhI,Phở Phú Hưng,Quẩy giòn,5000,chiếc,Quẩy giòn ăn kèm nước phở
ChIJ21WpJh9dNDERn44jE132eQw,Phở Bò Hữu Nghĩa,Phở chín bò ta,40000,bát,Nước dùng phở bò ninh xương ống ngọt lịm kèm thịt chín thái mỏng
ChIJ21WpJh9dNDERn44jE132eQw,Phở Bò Hữu Nghĩa,Phở tái chần,30000,bát,Phở bò với thịt bò tươi chần tái mềm ngọt
ChIJ21WpJh9dNDERn44jE132eQw,Phở Bò Hữu Nghĩa,Phở nạm gầu giòn,35000,bát,Bánh phở mềm cùng nạm bò và gầu bò giòn sần sật
ChIJ21WpJh9dNDERn44jE132eQw,Phở Bò Hữu Nghĩa,Phở tái lăn đặc biệt,43000,bát,Phở bò xào tái lăn thơm mùi tỏi phi
ChIJ21WpJh9dNDERn44jE132eQw,Phở Bò Hữu Nghĩa,Trứng gà trần,13000,quả,Trứng trần nước phở béo ngậy
ChIJ21WpJh9dNDERn44jE132eQw,Phở Bò Hữu Nghĩa,Quẩy giòn,8000,chiếc,Quẩy giòn ăn kèm nước phở
ChIJibwgHhZbNDERJ4qil0Zfeoo,Quán Cây Sung,Cá kho tộ miền Tây đậm vị,83000,tộ,Cá trắm đen kho tộ sánh quyện nước hàng dừa
ChIJibwgHhZbNDERJ4qil0Zfeoo,Quán Cây Sung,Thịt ba chỉ rang cháy cạnh,70000,đĩa,Thịt ba chỉ ba chỉ giòn rưới mỡ hành
ChIJibwgHhZbNDERJ4qil0Zfeoo,Quán Cây Sung,Sườn non xào chua ngọt,85000,đĩa,Sườn non xào cùng dứa và ớt chuông sốt chua cay
ChIJibwgHhZbNDERJ4qil0Zfeoo,Quán Cây Sung,Rau muống luộc dầm sấu / xào tỏi,27000,đĩa,Rau muống tươi xanh luộc chấm nước mắm chanh ớt
ChIJibwgHhZbNDERJ4qil0Zfeoo,Quán Cây Sung,Canh riêu cua đồng cà pháo,45000,bát,Canh cua đồng mát lạnh ăn kèm cà pháo giòn tan
ChIJibwgHhZbNDERJ4qil0Zfeoo,Quán Cây Sung,Cơm trắng gạo tám thơm,18000,niêu,Niêu cơm gạo tám dẻo thơm
ChIJfVxHu4FbNDERnTDxwrivh1U,Hola Sun Cafe Vườn (Hoà lạc),Cà phê đen đá pha phin,25000,ly,Cà phê đen truyền thống đậm đà
ChIJfVxHu4FbNDERnTDxwrivh1U,Hola Sun Cafe Vườn (Hoà lạc),Cà phê sữa đá,25000,ly,Cà phê sữa pha phin béo ngậy
ChIJfVxHu4FbNDERnTDxwrivh1U,Hola Sun Cafe Vườn (Hoà lạc),Bạc xỉu cốt dừa,27000,ly,Nhiều sữa béo ngậy vị dừa hòa quyện chút cà phê
ChIJfVxHu4FbNDERnTDxwrivh1U,Hola Sun Cafe Vườn (Hoà lạc),Trà đào cam sả,37000,ly,Trà đào thơm mát kết hợp lát đào cam tươi sả thơm
ChIJfVxHu4FbNDERnTDxwrivh1U,Hola Sun Cafe Vườn (Hoà lạc),Trà sữa trân châu truyền thống,30000,ly,Trà sữa đậm trà kèm trân châu đen dai giòn
ChIJfVxHu4FbNDERnTDxwrivh1U,Hola Sun Cafe Vườn (Hoà lạc),Sinh tố bơ sáp,37000,ly,Sinh tố bơ sáp tươi ngon xay sữa đặc ngậy béo
ChIJfVxHu4FbNDERnTDxwrivh1U,Hola Sun Cafe Vườn (Hoà lạc),Nước ép cam nguyên chất,33000,ly,Ép cam sành tự nhiên nhiều vitamin C
ChIJ21NGT7NdNDERrTDfRry-vLs,Lam Restaurant,Cá kho tộ miền Tây đậm vị,80000,tộ,Cá trắm đen kho tộ sánh quyện nước hàng dừa
ChIJ21NGT7NdNDERrTDfRry-vLs,Lam Restaurant,Thịt ba chỉ rang cháy cạnh,70000,đĩa,Thịt ba chỉ ba chỉ giòn rưới mỡ hành
ChIJ21NGT7NdNDERrTDfRry-vLs,Lam Restaurant,Sườn non xào chua ngọt,82000,đĩa,Sườn non xào cùng dứa và ớt chuông sốt chua cay
ChIJ21NGT7NdNDERrTDfRry-vLs,Lam Restaurant,Rau muống luộc dầm sấu / xào tỏi,33000,đĩa,Rau muống tươi xanh luộc chấm nước mắm chanh ớt
ChIJ21NGT7NdNDERrTDfRry-vLs,Lam Restaurant,Canh riêu cua đồng cà pháo,50000,bát,Canh cua đồng mát lạnh ăn kèm cà pháo giòn tan
ChIJ21NGT7NdNDERrTDfRry-vLs,Lam Restaurant,Cơm trắng gạo tám thơm,15000,niêu,Niêu cơm gạo tám dẻo thơm
ChIJn8yfJJJbNDERjqdNY5ZWWHg,Chè Ngon Jolly,Kem tươi ốc quế sữa dừa / vani Mixue,7000,chiếc,Kem tươi thơm ngon ngậy béo ốc quế giòn tan
ChIJn8yfJJJbNDERjqdNY5ZWWHg,Chè Ngon Jolly,Trà sữa ba anh em thạch pudding trân châu,30000,ly,Trà sữa đậm vị kèm full topping dồi dào
ChIJn8yfJJJbNDERjqdNY5ZWWHg,Chè Ngon Jolly,Dương chi cam lộ xoài bưởi trân châu,33000,ly,"Sinh tố xoài, bưởi hồng cùng thạch dừa thạch đào thơm ngon mát lạnh"
ChIJn8yfJJJbNDERjqdNY5ZWWHg,Chè Ngon Jolly,Trà đào tứ kỳ xuân hạt đào miếng,22000,ly,Trà ô long thanh vị kết hợp thạch đào giòn ngọt
ChIJd-eANFtbNDER3JG_m9Zhrqs,Bún Chả Nem Hùng Anh,"Bún đậu mắm tôm đầy đủ (Đậu, thịt chân giò, nem chua rán, chả cốm)",47000,suất,Mẹt bún đậu đầy đủ nguyên liệu tươi ngon kèm rau thơm kinh giới
ChIJd-eANFtbNDER3JG_m9Zhrqs,Bún Chả Nem Hùng Anh,Bún đậu thường (Đậu chiên giòn),22000,suất,Bún đậu chay đơn giản với đậu phụ rán giòn
ChIJd-eANFtbNDER3JG_m9Zhrqs,Bún Chả Nem Hùng Anh,Bún chả Hà Nội truyền thống,40000,suất,Chả miếng và chả viên nướng than hoa thơm phức trong bát nước chấm chua ngọt
ChIJd-eANFtbNDER3JG_m9Zhrqs,Bún Chả Nem Hùng Anh,Nem cua bể chiên giòn,15000,chiếc,Nem cua bể giòn rụm nhiều nhân
ChIJd-eANFtbNDER3JG_m9Zhrqs,Bún Chả Nem Hùng Anh,Nước sấu đá ngầm chua ngọt,12000,cốc,Đồ uống giải nhiệt cực hợp vị bún đậu
ChIJVwMY9w9aNDERcx6gU2LTDiQ,Tây Phương Quán,Cá kho tộ miền Tây đậm vị,87000,tộ,Cá trắm đen kho tộ sánh quyện nước hàng dừa
ChIJVwMY9w9aNDERcx6gU2LTDiQ,Tây Phương Quán,Thịt ba chỉ rang cháy cạnh,73000,đĩa,Thịt ba chỉ ba chỉ giòn rưới mỡ hành
ChIJVwMY9w9aNDERcx6gU2LTDiQ,Tây Phương Quán,Sườn non xào chua ngọt,82000,đĩa,Sườn non xào cùng dứa và ớt chuông sốt chua cay
ChIJVwMY9w9aNDERcx6gU2LTDiQ,Tây Phương Quán,Rau muống luộc dầm sấu / xào tỏi,30000,đĩa,Rau muống tươi xanh luộc chấm nước mắm chanh ớt
ChIJVwMY9w9aNDERcx6gU2LTDiQ,Tây Phương Quán,Canh riêu cua đồng cà pháo,47000,bát,Canh cua đồng mát lạnh ăn kèm cà pháo giòn tan
ChIJVwMY9w9aNDERcx6gU2LTDiQ,Tây Phương Quán,Cơm trắng gạo tám thơm,18000,niêu,Niêu cơm gạo tám dẻo thơm
ChIJUxdgYvxbNDERx-afBtmOFqE,Nhà Hàng Hùng Râu,Cá kho tộ miền Tây đậm vị,87000,tộ,Cá trắm đen kho tộ sánh quyện nước hàng dừa
ChIJUxdgYvxbNDERx-afBtmOFqE,Nhà Hàng Hùng Râu,Thịt ba chỉ rang cháy cạnh,77000,đĩa,Thịt ba chỉ ba chỉ giòn rưới mỡ hành
ChIJUxdgYvxbNDERx-afBtmOFqE,Nhà Hàng Hùng Râu,Sườn non xào chua ngọt,75000,đĩa,Sườn non xào cùng dứa và ớt chuông sốt chua cay
ChIJUxdgYvxbNDERx-afBtmOFqE,Nhà Hàng Hùng Râu,Rau muống luộc dầm sấu / xào tỏi,33000,đĩa,Rau muống tươi xanh luộc chấm nước mắm chanh ớt
ChIJUxdgYvxbNDERx-afBtmOFqE,Nhà Hàng Hùng Râu,Canh riêu cua đồng cà pháo,40000,bát,Canh cua đồng mát lạnh ăn kèm cà pháo giòn tan
ChIJUxdgYvxbNDERx-afBtmOFqE,Nhà Hàng Hùng Râu,Cơm trắng gạo tám thơm,15000,niêu,Niêu cơm gạo tám dẻo thơm
ChIJTZinv-lbNDERxSZbjbT79js,Quán Tổ Chim,Cá kho tộ miền Tây đậm vị,90000,tộ,Cá trắm đen kho tộ sánh quyện nước hàng dừa
ChIJTZinv-lbNDERxSZbjbT79js,Quán Tổ Chim,Thịt ba chỉ rang cháy cạnh,80000,đĩa,Thịt ba chỉ ba chỉ giòn rưới mỡ hành
ChIJTZinv-lbNDERxSZbjbT79js,Quán Tổ Chim,Sườn non xào chua ngọt,80000,đĩa,Sườn non xào cùng dứa và ớt chuông sốt chua cay
ChIJTZinv-lbNDERxSZbjbT79js,Quán Tổ Chim,Rau muống luộc dầm sấu / xào tỏi,33000,đĩa,Rau muống tươi xanh luộc chấm nước mắm chanh ớt
ChIJTZinv-lbNDERxSZbjbT79js,Quán Tổ Chim,Canh riêu cua đồng cà pháo,43000,bát,Canh cua đồng mát lạnh ăn kèm cà pháo giòn tan
ChIJTZinv-lbNDERxSZbjbT79js,Quán Tổ Chim,Cơm trắng gạo tám thơm,12000,niêu,Niêu cơm gạo tám dẻo thơm
ChIJC5hAhppbNDERMKynnnJP2M8,Buk Bbq & Hotpot,Lẩu cua đồng sườn sụn bắp bò,330000,nồi,"Nồi lẩu riêu cua đồng nguyên chất siêu nhiều gạch, kèm bắp bò sườn sụn"
ChIJC5hAhppbNDERMKynnnJP2M8,Buk Bbq & Hotpot,Lẩu Thái hải sản chua cay,419000,nồi,"Nước lẩu Tomyum chua cay nhúng tôm, mực, ngao, nấm"
ChIJC5hAhppbNDERMKynnnJP2M8,Buk Bbq & Hotpot,Set nướng BBQ thập cẩm bò ba chỉ,289000,set,"Bắp bò, ba chỉ heo cuộn nấm kim châm tẩm sốt BBQ nướng xèo xèo"
ChIJC5hAhppbNDERMKynnnJP2M8,Buk Bbq & Hotpot,Ba chỉ bò Mỹ nhúng thêm,80000,đĩa,Thịt ba chỉ bò Mỹ thái mỏng cuốn nấm
ChIJC5hAhppbNDERMKynnnJP2M8,Buk Bbq & Hotpot,Sườn sụn non heo thêm,80000,đĩa,Sườn non giòn sần sật nhúng lẩu
ChIJC5hAhppbNDERMKynnnJP2M8,Buk Bbq & Hotpot,Rau nấm tổng hợp nhúng lẩu,30000,đĩa,"Nấm kim châm, cải thảo, rau muống tươi"
ChIJPyFj8qBRNDERRDnm1VaOaCE,Muội Coffee & Tea,Cà phê đen đá pha phin,22000,ly,Cà phê đen truyền thống đậm đà
ChIJPyFj8qBRNDERRDnm1VaOaCE,Muội Coffee & Tea,Cà phê sữa đá,28000,ly,Cà phê sữa pha phin béo ngậy
ChIJPyFj8qBRNDERRDnm1VaOaCE,Muội Coffee & Tea,Bạc xỉu cốt dừa,33000,ly,Nhiều sữa béo ngậy vị dừa hòa quyện chút cà phê
ChIJPyFj8qBRNDERRDnm1VaOaCE,Muội Coffee & Tea,Trà đào cam sả,30000,ly,Trà đào thơm mát kết hợp lát đào cam tươi sả thơm
ChIJPyFj8qBRNDERRDnm1VaOaCE,Muội Coffee & Tea,Trà sữa trân châu truyền thống,35000,ly,Trà sữa đậm trà kèm trân châu đen dai giòn
ChIJPyFj8qBRNDERRDnm1VaOaCE,Muội Coffee & Tea,Sinh tố bơ sáp,40000,ly,Sinh tố bơ sáp tươi ngon xay sữa đặc ngậy béo
ChIJPyFj8qBRNDERRDnm1VaOaCE,Muội Coffee & Tea,Nước ép cam nguyên chất,27000,ly,Ép cam sành tự nhiên nhiều vitamin C
ChIJg8QNYgBbNDERLEXykX7C-PE,Thềm Cafe,Cà phê đen đá pha phin,25000,ly,Cà phê đen truyền thống đậm đà
ChIJg8QNYgBbNDERLEXykX7C-PE,Thềm Cafe,Cà phê sữa đá,25000,ly,Cà phê sữa pha phin béo ngậy
ChIJg8QNYgBbNDERLEXykX7C-PE,Thềm Cafe,Bạc xỉu cốt dừa,30000,ly,Nhiều sữa béo ngậy vị dừa hòa quyện chút cà phê
ChIJg8QNYgBbNDERLEXykX7C-PE,Thềm Cafe,Trà đào cam sả,40000,ly,Trà đào thơm mát kết hợp lát đào cam tươi sả thơm
ChIJg8QNYgBbNDERLEXykX7C-PE,Thềm Cafe,Trà sữa trân châu truyền thống,30000,ly,Trà sữa đậm trà kèm trân châu đen dai giòn
ChIJg8QNYgBbNDERLEXykX7C-PE,Thềm Cafe,Sinh tố bơ sáp,33000,ly,Sinh tố bơ sáp tươi ngon xay sữa đặc ngậy béo
ChIJg8QNYgBbNDERLEXykX7C-PE,Thềm Cafe,Nước ép cam nguyên chất,33000,ly,Ép cam sành tự nhiên nhiều vitamin C
ChIJAaL7_GlbNDERk8kScBxGkkI,Mỳ Cay Seoul Hàn Quốc,Ốc luộc sả lá chanh truyền thống,45000,bát,Ốc vặn/ốc nhồi mít luộc thơm mùi sả chấm nước mắm gừng cay ngọt đặc sản
ChIJAaL7_GlbNDERk8kScBxGkkI,Mỳ Cay Seoul Hàn Quốc,Ốc móng tay xào bơ tỏi thơm lừng,75000,đĩa,Ốc móng tay tươi ngọt sốt bơ tỏi sánh béo chấm bánh mì tuyệt đỉnh
ChIJAaL7_GlbNDERk8kScBxGkkI,Mỳ Cay Seoul Hàn Quốc,Nem chua rán giòn rụm (10 cái),50000,đĩa,Nem chua rán nóng hổi chấm tương ớt cay nồng
ChIJAaL7_GlbNDERk8kScBxGkkI,Mỳ Cay Seoul Hàn Quốc,Khoai tây chiên lắc bột phô mai,40000,đĩa,Món khai vị ăn vặt khoái khẩu
ChIJAaL7_GlbNDERk8kScBxGkkI,Mỳ Cay Seoul Hàn Quốc,Trà quất mật ong khổng lồ,15000,cốc,Trà quất mát chua ngọt cực đã khát
ChIJ-b8u2r1ZNDERcmSjgsuhv_Y,Cổ Đông Quán Trâu,Thịt trâu xào lá lốt,140000,đĩa,Thịt trâu tươi mềm ngọt xào lá lốt thơm lừng
ChIJ-b8u2r1ZNDERcmSjgsuhv_Y,Cổ Đông Quán Trâu,Thịt trâu nhúng mẻ chua cay,170000,đĩa,Thịt trâu nhúng nước dùng mẻ chua thanh nhẹ
ChIJ-b8u2r1ZNDERcmSjgsuhv_Y,Cổ Đông Quán Trâu,Dê tái chanh chấm tương gừng,170000,đĩa,Thịt dê núi hấp tái trộn vừng sả lá chanh
ChIJ-b8u2r1ZNDERcmSjgsuhv_Y,Cổ Đông Quán Trâu,Dê né bản gang,170000,đĩa,Dê xào nóng hổi trên bản gang kèm đậu bắp
ChIJ-b8u2r1ZNDERcmSjgsuhv_Y,Cổ Đông Quán Trâu,Lẩu dê núi nhúng mẻ,399000,nồi,Nồi lẩu dê núi ré thơm ngon kèm rau nhúng đặc sản
ChIJ-b8u2r1ZNDERcmSjgsuhv_Y,Cổ Đông Quán Trâu,Cơm cháy sốt dê,65000,đĩa,Cơm cháy giòn tan rưới nước sốt dê đậm vị
ChIJzdcuH0ZbNDER7ueyzv-Q1nI,Gà Ri Ngọc Đăng,Gà ri hấp lá chanh (Cả con),220000,con,Gà ri đồi nuôi thả tự nhiên dai ngọt da vàng giòn
ChIJzdcuH0ZbNDER7ueyzv-Q1nI,Gà Ri Ngọc Đăng,Gà ri nướng mật ong (Cả con),230000,con,Gà ri nướng mật ong thơm phức vàng óng
ChIJzdcuH0ZbNDER7ueyzv-Q1nI,Gà Ri Ngọc Đăng,Gà rang muối tỏi,150000,đĩa,Gà ta chặt miếng rang muối đậm đà sần sật
ChIJzdcuH0ZbNDER7ueyzv-Q1nI,Gà Ri Ngọc Đăng,Lẩu gà ri thuốc bắc,370000,nồi,Nồi lẩu gà ri thuốc bắc bổ dưỡng kèm rau nấm
ChIJzdcuH0ZbNDER7ueyzv-Q1nI,Gà Ri Ngọc Đăng,Xôi chim câu hành phi,78000,đĩa,Xôi nếp dẻo thơm ăn kèm thịt chim câu băm nhỏ
ChIJzdcuH0ZbNDER7ueyzv-Q1nI,Gà Ri Ngọc Đăng,Lòng mề gà xào mướp giá,75000,đĩa,Lòng mề gà ri giòn xào mướp hương thơm phức
ChIJTal7h8VbNDERz4d3aifgDXA,Gà Mái Ghẹ - Gửi Trọn Hương Vị Đồng Quê,Gà ri hấp lá chanh (Cả con),250000,con,Gà ri đồi nuôi thả tự nhiên dai ngọt da vàng giòn
ChIJTal7h8VbNDERz4d3aifgDXA,Gà Mái Ghẹ - Gửi Trọn Hương Vị Đồng Quê,Gà ri nướng mật ong (Cả con),240000,con,Gà ri nướng mật ong thơm phức vàng óng
ChIJTal7h8VbNDERz4d3aifgDXA,Gà Mái Ghẹ - Gửi Trọn Hương Vị Đồng Quê,Gà rang muối tỏi,120000,đĩa,Gà ta chặt miếng rang muối đậm đà sần sật
ChIJTal7h8VbNDERz4d3aifgDXA,Gà Mái Ghẹ - Gửi Trọn Hương Vị Đồng Quê,Lẩu gà ri thuốc bắc,330000,nồi,Nồi lẩu gà ri thuốc bắc bổ dưỡng kèm rau nấm
ChIJTal7h8VbNDERz4d3aifgDXA,Gà Mái Ghẹ - Gửi Trọn Hương Vị Đồng Quê,Xôi chim câu hành phi,75000,đĩa,Xôi nếp dẻo thơm ăn kèm thịt chim câu băm nhỏ
ChIJTal7h8VbNDERz4d3aifgDXA,Gà Mái Ghẹ - Gửi Trọn Hương Vị Đồng Quê,Lòng mề gà xào mướp giá,68000,đĩa,Lòng mề gà ri giòn xào mướp hương thơm phức
ChIJwZ0bom9bNDER8mvZsORDO3c,Mơ Coffee,Cà phê đen đá pha phin,25000,ly,Cà phê đen truyền thống đậm đà
ChIJwZ0bom9bNDER8mvZsORDO3c,Mơ Coffee,Cà phê sữa đá,28000,ly,Cà phê sữa pha phin béo ngậy
ChIJwZ0bom9bNDER8mvZsORDO3c,Mơ Coffee,Bạc xỉu cốt dừa,33000,ly,Nhiều sữa béo ngậy vị dừa hòa quyện chút cà phê
ChIJwZ0bom9bNDER8mvZsORDO3c,Mơ Coffee,Trà đào cam sả,37000,ly,Trà đào thơm mát kết hợp lát đào cam tươi sả thơm
ChIJwZ0bom9bNDER8mvZsORDO3c,Mơ Coffee,Trà sữa trân châu truyền thống,40000,ly,Trà sữa đậm trà kèm trân châu đen dai giòn
ChIJwZ0bom9bNDER8mvZsORDO3c,Mơ Coffee,Sinh tố bơ sáp,37000,ly,Sinh tố bơ sáp tươi ngon xay sữa đặc ngậy béo
ChIJwZ0bom9bNDER8mvZsORDO3c,Mơ Coffee,Nước ép cam nguyên chất,33000,ly,Ép cam sành tự nhiên nhiều vitamin C
ChIJB9Zdm5dbNDERumxr6yV-RUM,Nhà Hàng Thanh Dũng,Cá kho tộ miền Tây đậm vị,90000,tộ,Cá trắm đen kho tộ sánh quyện nước hàng dừa
ChIJB9Zdm5dbNDERumxr6yV-RUM,Nhà Hàng Thanh Dũng,Thịt ba chỉ rang cháy cạnh,70000,đĩa,Thịt ba chỉ ba chỉ giòn rưới mỡ hành
ChIJB9Zdm5dbNDERumxr6yV-RUM,Nhà Hàng Thanh Dũng,Sườn non xào chua ngọt,80000,đĩa,Sườn non xào cùng dứa và ớt chuông sốt chua cay
ChIJB9Zdm5dbNDERumxr6yV-RUM,Nhà Hàng Thanh Dũng,Rau muống luộc dầm sấu / xào tỏi,27000,đĩa,Rau muống tươi xanh luộc chấm nước mắm chanh ớt
ChIJB9Zdm5dbNDERumxr6yV-RUM,Nhà Hàng Thanh Dũng,Canh riêu cua đồng cà pháo,50000,bát,Canh cua đồng mát lạnh ăn kèm cà pháo giòn tan
ChIJB9Zdm5dbNDERumxr6yV-RUM,Nhà Hàng Thanh Dũng,Cơm trắng gạo tám thơm,12000,niêu,Niêu cơm gạo tám dẻo thơm
ChIJjdRxIgBZNDERLF-q-5EZlXQ,MIXUE THẠCH THẤT - 396 Đồng Cam,Kem tươi ốc quế sữa dừa / vani Mixue,10000,chiếc,Kem tươi thơm ngon ngậy béo ốc quế giòn tan
ChIJjdRxIgBZNDERLF-q-5EZlXQ,MIXUE THẠCH THẤT - 396 Đồng Cam,Trà sữa ba anh em thạch pudding trân châu,33000,ly,Trà sữa đậm vị kèm full topping dồi dào
ChIJjdRxIgBZNDERLF-q-5EZlXQ,MIXUE THẠCH THẤT - 396 Đồng Cam,Dương chi cam lộ xoài bưởi trân châu,30000,ly,"Sinh tố xoài, bưởi hồng cùng thạch dừa thạch đào thơm ngon mát lạnh"
ChIJjdRxIgBZNDERLF-q-5EZlXQ,MIXUE THẠCH THẤT - 396 Đồng Cam,Trà đào tứ kỳ xuân hạt đào miếng,22000,ly,Trà ô long thanh vị kết hợp thạch đào giòn ngọt
ChIJWzBz2aJFNDERoRQ4cxRHTe4,Nhà Hàng Về Bản Em,Cá kho tộ miền Tây đậm vị,87000,tộ,Cá trắm đen kho tộ sánh quyện nước hàng dừa
ChIJWzBz2aJFNDERoRQ4cxRHTe4,Nhà Hàng Về Bản Em,Thịt ba chỉ rang cháy cạnh,77000,đĩa,Thịt ba chỉ ba chỉ giòn rưới mỡ hành
ChIJWzBz2aJFNDERoRQ4cxRHTe4,Nhà Hàng Về Bản Em,Sườn non xào chua ngọt,80000,đĩa,Sườn non xào cùng dứa và ớt chuông sốt chua cay
ChIJWzBz2aJFNDERoRQ4cxRHTe4,Nhà Hàng Về Bản Em,Rau muống luộc dầm sấu / xào tỏi,30000,đĩa,Rau muống tươi xanh luộc chấm nước mắm chanh ớt
ChIJWzBz2aJFNDERoRQ4cxRHTe4,Nhà Hàng Về Bản Em,Canh riêu cua đồng cà pháo,40000,bát,Canh cua đồng mát lạnh ăn kèm cà pháo giòn tan
ChIJWzBz2aJFNDERoRQ4cxRHTe4,Nhà Hàng Về Bản Em,Cơm trắng gạo tám thơm,12000,niêu,Niêu cơm gạo tám dẻo thơm
ChIJecNITFtbNDERjvjA_AZcYsQ,Bún Đậu 1966,"Bún đậu mắm tôm đầy đủ (Đậu, thịt chân giò, nem chua rán, chả cốm)",50000,suất,Mẹt bún đậu đầy đủ nguyên liệu tươi ngon kèm rau thơm kinh giới
ChIJecNITFtbNDERjvjA_AZcYsQ,Bún Đậu 1966,Bún đậu thường (Đậu chiên giòn),28000,suất,Bún đậu chay đơn giản với đậu phụ rán giòn
ChIJecNITFtbNDERjvjA_AZcYsQ,Bún Đậu 1966,Bún chả Hà Nội truyền thống,45000,suất,Chả miếng và chả viên nướng than hoa thơm phức trong bát nước chấm chua ngọt
ChIJecNITFtbNDERjvjA_AZcYsQ,Bún Đậu 1966,Nem cua bể chiên giòn,18000,chiếc,Nem cua bể giòn rụm nhiều nhân
ChIJecNITFtbNDERjvjA_AZcYsQ,Bún Đậu 1966,Nước sấu đá ngầm chua ngọt,12000,cốc,Đồ uống giải nhiệt cực hợp vị bún đậu
ChIJGVWRTc9bNDERFEaO5cmd-Ls,Mì Cay SEOUL Thạch Hòa,Mì cay Seoul hải sản cấp độ 0-7,43000,tô,"Mì ramen Hàn Quốc tôm, mực, chả viên nước dùng kim chi cay chua kích thích"
ChIJGVWRTc9bNDERFEaO5cmd-Ls,Mì Cay SEOUL Thạch Hòa,Mì cay bò Mỹ cấp độ 0-7,40000,tô,Mì cay Hàn Quốc nhúng bắp bò Mỹ tươi
ChIJGVWRTc9bNDERFEaO5cmd-Ls,Mì Cay SEOUL Thạch Hòa,Kimbap chiên xù giòn tan,37000,cuộn,Cơm cuộn rong biển tẩm bột chiên xù chấm sốt mayonnaise
ChIJGVWRTc9bNDERFEaO5cmd-Ls,Mì Cay SEOUL Thạch Hòa,Tokbokki truyền thống phô mai sốt cay,40000,đĩa,"Bánh gạo Hàn Quốc xào cùng chả cá xiên, sốt tương ớt Gochujang và phô mai kéo sợi"
ChIJMTO69ABbNDERCwFqQQaO9rU,Nhà Hàng Na Lá Cọ,Cá kho tộ miền Tây đậm vị,90000,tộ,Cá trắm đen kho tộ sánh quyện nước hàng dừa
ChIJMTO69ABbNDERCwFqQQaO9rU,Nhà Hàng Na Lá Cọ,Thịt ba chỉ rang cháy cạnh,80000,đĩa,Thịt ba chỉ ba chỉ giòn rưới mỡ hành
ChIJMTO69ABbNDERCwFqQQaO9rU,Nhà Hàng Na Lá Cọ,Sườn non xào chua ngọt,85000,đĩa,Sườn non xào cùng dứa và ớt chuông sốt chua cay
ChIJMTO69ABbNDERCwFqQQaO9rU,Nhà Hàng Na Lá Cọ,Rau muống luộc dầm sấu / xào tỏi,27000,đĩa,Rau muống tươi xanh luộc chấm nước mắm chanh ớt
ChIJMTO69ABbNDERCwFqQQaO9rU,Nhà Hàng Na Lá Cọ,Canh riêu cua đồng cà pháo,43000,bát,Canh cua đồng mát lạnh ăn kèm cà pháo giòn tan
ChIJMTO69ABbNDERCwFqQQaO9rU,Nhà Hàng Na Lá Cọ,Cơm trắng gạo tám thơm,12000,niêu,Niêu cơm gạo tám dẻo thơm
ChIJw3w69xBbNDERbBabmbiIHn4,Quang Vinh Quán Cơm,Cơm rang dưa bò,50000,đĩa,Cơm rang hạt giòn tơi xào cùng cải dưa chua và thịt bò tươi mềm
ChIJw3w69xBbNDERbBabmbiIHn4,Quang Vinh Quán Cơm,Cơm rang thập cẩm giòn,37000,đĩa,Cơm rang lạp xưởng ngô ngọt đậu hà lan rưới trứng vàng
ChIJw3w69xBbNDERbBabmbiIHn4,Quang Vinh Quán Cơm,Cơm thố xá xíu nóng hổi,45000,thố,"Cơm nấu niêu thố đất tạo lớp cháy giòn nhẹ, phủ thịt xá xíu đậm sốt"
ChIJw3w69xBbNDERbBabmbiIHn4,Quang Vinh Quán Cơm,Suất cơm bình dân tự chọn (3 món mặn + rau),27000,suất,Cơm suất bình dân đầy đặn sạch sẽ cho sinh viên và người đi làm
ChIJw3w69xBbNDERbBabmbiIHn4,Quang Vinh Quán Cơm,Cơm tấm sườn bì chả Sài Gòn,40000,đĩa,Cơm tấm ăn kèm sườn nướng mặn ngọt chả trứng bì heo thính và nước mắm chua cay
ChIJJxydaJ9bNDERcuQU3mlteLo,Nga Toản,Phở chín bò ta,35000,bát,Nước dùng phở bò ninh xương ống ngọt lịm kèm thịt chín thái mỏng
ChIJJxydaJ9bNDERcuQU3mlteLo,Nga Toản,Phở tái chần,35000,bát,Phở bò với thịt bò tươi chần tái mềm ngọt
ChIJJxydaJ9bNDERcuQU3mlteLo,Nga Toản,Phở nạm gầu giòn,38000,bát,Bánh phở mềm cùng nạm bò và gầu bò giòn sần sật
ChIJJxydaJ9bNDERcuQU3mlteLo,Nga Toản,Phở tái lăn đặc biệt,43000,bát,Phở bò xào tái lăn thơm mùi tỏi phi
ChIJJxydaJ9bNDERcuQU3mlteLo,Nga Toản,Trứng gà trần,7000,quả,Trứng trần nước phở béo ngậy
ChIJJxydaJ9bNDERcuQU3mlteLo,Nga Toản,Quẩy giòn,8000,chiếc,Quẩy giòn ăn kèm nước phở
ChIJZa42vnNbNDERL7p1U1bs9fI,Bình Giang Quán,Cá kho tộ miền Tây đậm vị,85000,tộ,Cá trắm đen kho tộ sánh quyện nước hàng dừa
ChIJZa42vnNbNDERL7p1U1bs9fI,Bình Giang Quán,Thịt ba chỉ rang cháy cạnh,80000,đĩa,Thịt ba chỉ ba chỉ giòn rưới mỡ hành
ChIJZa42vnNbNDERL7p1U1bs9fI,Bình Giang Quán,Sườn non xào chua ngọt,78000,đĩa,Sườn non xào cùng dứa và ớt chuông sốt chua cay
ChIJZa42vnNbNDERL7p1U1bs9fI,Bình Giang Quán,Rau muống luộc dầm sấu / xào tỏi,33000,đĩa,Rau muống tươi xanh luộc chấm nước mắm chanh ớt
ChIJZa42vnNbNDERL7p1U1bs9fI,Bình Giang Quán,Canh riêu cua đồng cà pháo,40000,bát,Canh cua đồng mát lạnh ăn kèm cà pháo giòn tan
ChIJZa42vnNbNDERL7p1U1bs9fI,Bình Giang Quán,Cơm trắng gạo tám thơm,15000,niêu,Niêu cơm gạo tám dẻo thơm
ChIJW3HcIKhbNDERg9SetG4bAvc,Nhà Hàng Tuấn Trâu,Thịt trâu xào lá lốt,130000,đĩa,Thịt trâu tươi mềm ngọt xào lá lốt thơm lừng
ChIJW3HcIKhbNDERg9SetG4bAvc,Nhà Hàng Tuấn Trâu,Thịt trâu nhúng mẻ chua cay,140000,đĩa,Thịt trâu nhúng nước dùng mẻ chua thanh nhẹ
ChIJW3HcIKhbNDERg9SetG4bAvc,Nhà Hàng Tuấn Trâu,Dê tái chanh chấm tương gừng,150000,đĩa,Thịt dê núi hấp tái trộn vừng sả lá chanh
ChIJW3HcIKhbNDERg9SetG4bAvc,Nhà Hàng Tuấn Trâu,Dê né bản gang,180000,đĩa,Dê xào nóng hổi trên bản gang kèm đậu bắp
ChIJW3HcIKhbNDERg9SetG4bAvc,Nhà Hàng Tuấn Trâu,Lẩu dê núi nhúng mẻ,419000,nồi,Nồi lẩu dê núi ré thơm ngon kèm rau nhúng đặc sản
ChIJW3HcIKhbNDERg9SetG4bAvc,Nhà Hàng Tuấn Trâu,Cơm cháy sốt dê,65000,đĩa,Cơm cháy giòn tan rưới nước sốt dê đậm vị
ChIJJ2hiRwBbNDERk4M-9irleAw,Nhà Chung Cafe 2,Cà phê đen đá pha phin,22000,ly,Cà phê đen truyền thống đậm đà
ChIJJ2hiRwBbNDERk4M-9irleAw,Nhà Chung Cafe 2,Cà phê sữa đá,22000,ly,Cà phê sữa pha phin béo ngậy
ChIJJ2hiRwBbNDERk4M-9irleAw,Nhà Chung Cafe 2,Bạc xỉu cốt dừa,27000,ly,Nhiều sữa béo ngậy vị dừa hòa quyện chút cà phê
ChIJJ2hiRwBbNDERk4M-9irleAw,Nhà Chung Cafe 2,Trà đào cam sả,35000,ly,Trà đào thơm mát kết hợp lát đào cam tươi sả thơm
ChIJJ2hiRwBbNDERk4M-9irleAw,Nhà Chung Cafe 2,Trà sữa trân châu truyền thống,35000,ly,Trà sữa đậm trà kèm trân châu đen dai giòn
ChIJJ2hiRwBbNDERk4M-9irleAw,Nhà Chung Cafe 2,Sinh tố bơ sáp,33000,ly,Sinh tố bơ sáp tươi ngon xay sữa đặc ngậy béo
ChIJJ2hiRwBbNDERk4M-9irleAw,Nhà Chung Cafe 2,Nước ép cam nguyên chất,27000,ly,Ép cam sành tự nhiên nhiều vitamin C
ChIJfTORIu9bNDER2IlSPvO-11g,Nướng Ven Hồ Hà Quý,Lẩu cua đồng sườn sụn bắp bò,350000,nồi,"Nồi lẩu riêu cua đồng nguyên chất siêu nhiều gạch, kèm bắp bò sườn sụn"
ChIJfTORIu9bNDER2IlSPvO-11g,Nướng Ven Hồ Hà Quý,Lẩu Thái hải sản chua cay,399000,nồi,"Nước lẩu Tomyum chua cay nhúng tôm, mực, ngao, nấm"
ChIJfTORIu9bNDER2IlSPvO-11g,Nướng Ven Hồ Hà Quý,Set nướng BBQ thập cẩm bò ba chỉ,319000,set,"Bắp bò, ba chỉ heo cuộn nấm kim châm tẩm sốt BBQ nướng xèo xèo"
ChIJfTORIu9bNDER2IlSPvO-11g,Nướng Ven Hồ Hà Quý,Ba chỉ bò Mỹ nhúng thêm,82000,đĩa,Thịt ba chỉ bò Mỹ thái mỏng cuốn nấm
ChIJfTORIu9bNDER2IlSPvO-11g,Nướng Ven Hồ Hà Quý,Sườn sụn non heo thêm,80000,đĩa,Sườn non giòn sần sật nhúng lẩu
ChIJfTORIu9bNDER2IlSPvO-11g,Nướng Ven Hồ Hà Quý,Rau nấm tổng hợp nhúng lẩu,27000,đĩa,"Nấm kim châm, cải thảo, rau muống tươi"
ChIJwbQpFWZbNDERW1A4GuxaRi8,Bún Đậu Sơn béo,"Bún đậu mắm tôm đầy đủ (Đậu, thịt chân giò, nem chua rán, chả cốm)",50000,suất,Mẹt bún đậu đầy đủ nguyên liệu tươi ngon kèm rau thơm kinh giới
ChIJwbQpFWZbNDERW1A4GuxaRi8,Bún Đậu Sơn béo,Bún đậu thường (Đậu chiên giòn),28000,suất,Bún đậu chay đơn giản với đậu phụ rán giòn
ChIJwbQpFWZbNDERW1A4GuxaRi8,Bún Đậu Sơn béo,Bún chả Hà Nội truyền thống,38000,suất,Chả miếng và chả viên nướng than hoa thơm phức trong bát nước chấm chua ngọt
ChIJwbQpFWZbNDERW1A4GuxaRi8,Bún Đậu Sơn béo,Nem cua bể chiên giòn,15000,chiếc,Nem cua bể giòn rụm nhiều nhân
ChIJwbQpFWZbNDERW1A4GuxaRi8,Bún Đậu Sơn béo,Nước sấu đá ngầm chua ngọt,12000,cốc,Đồ uống giải nhiệt cực hợp vị bún đậu
ChIJS5m0LwlbNDERZ02OmeaOUn8,Nhà Hàng Phú Vinh,Cá kho tộ miền Tây đậm vị,90000,tộ,Cá trắm đen kho tộ sánh quyện nước hàng dừa
ChIJS5m0LwlbNDERZ02OmeaOUn8,Nhà Hàng Phú Vinh,Thịt ba chỉ rang cháy cạnh,80000,đĩa,Thịt ba chỉ ba chỉ giòn rưới mỡ hành
ChIJS5m0LwlbNDERZ02OmeaOUn8,Nhà Hàng Phú Vinh,Sườn non xào chua ngọt,80000,đĩa,Sườn non xào cùng dứa và ớt chuông sốt chua cay
ChIJS5m0LwlbNDERZ02OmeaOUn8,Nhà Hàng Phú Vinh,Rau muống luộc dầm sấu / xào tỏi,27000,đĩa,Rau muống tươi xanh luộc chấm nước mắm chanh ớt
ChIJS5m0LwlbNDERZ02OmeaOUn8,Nhà Hàng Phú Vinh,Canh riêu cua đồng cà pháo,45000,bát,Canh cua đồng mát lạnh ăn kèm cà pháo giòn tan
ChIJS5m0LwlbNDERZ02OmeaOUn8,Nhà Hàng Phú Vinh,Cơm trắng gạo tám thơm,12000,niêu,Niêu cơm gạo tám dẻo thơm
ChIJtwiW-99ZNDER4s68GCSjoT0,Venus 88 Coffee,Cà phê đen đá pha phin,19000,ly,Cà phê đen truyền thống đậm đà
ChIJtwiW-99ZNDER4s68GCSjoT0,Venus 88 Coffee,Cà phê sữa đá,28000,ly,Cà phê sữa pha phin béo ngậy
ChIJtwiW-99ZNDER4s68GCSjoT0,Venus 88 Coffee,Bạc xỉu cốt dừa,30000,ly,Nhiều sữa béo ngậy vị dừa hòa quyện chút cà phê
ChIJtwiW-99ZNDER4s68GCSjoT0,Venus 88 Coffee,Trà đào cam sả,35000,ly,Trà đào thơm mát kết hợp lát đào cam tươi sả thơm
ChIJtwiW-99ZNDER4s68GCSjoT0,Venus 88 Coffee,Trà sữa trân châu truyền thống,30000,ly,Trà sữa đậm trà kèm trân châu đen dai giòn
ChIJtwiW-99ZNDER4s68GCSjoT0,Venus 88 Coffee,Sinh tố bơ sáp,33000,ly,Sinh tố bơ sáp tươi ngon xay sữa đặc ngậy béo
ChIJtwiW-99ZNDER4s68GCSjoT0,Venus 88 Coffee,Nước ép cam nguyên chất,33000,ly,Ép cam sành tự nhiên nhiều vitamin C
ChIJ-8SysvZZNDER2EhyAErbwKA,Cafe Du Miên Bi a,Cà phê đen đá pha phin,22000,ly,Cà phê đen truyền thống đậm đà
ChIJ-8SysvZZNDER2EhyAErbwKA,Cafe Du Miên Bi a,Cà phê sữa đá,28000,ly,Cà phê sữa pha phin béo ngậy
ChIJ-8SysvZZNDER2EhyAErbwKA,Cafe Du Miên Bi a,Bạc xỉu cốt dừa,33000,ly,Nhiều sữa béo ngậy vị dừa hòa quyện chút cà phê
ChIJ-8SysvZZNDER2EhyAErbwKA,Cafe Du Miên Bi a,Trà đào cam sả,37000,ly,Trà đào thơm mát kết hợp lát đào cam tươi sả thơm
ChIJ-8SysvZZNDER2EhyAErbwKA,Cafe Du Miên Bi a,Trà sữa trân châu truyền thống,33000,ly,Trà sữa đậm trà kèm trân châu đen dai giòn
ChIJ-8SysvZZNDER2EhyAErbwKA,Cafe Du Miên Bi a,Sinh tố bơ sáp,35000,ly,Sinh tố bơ sáp tươi ngon xay sữa đặc ngậy béo
ChIJ-8SysvZZNDER2EhyAErbwKA,Cafe Du Miên Bi a,Nước ép cam nguyên chất,33000,ly,Ép cam sành tự nhiên nhiều vitamin C
ChIJ7bIg7_xbNDER0JiAJVkhpt0,Young Food&Drink,Cà phê đen đá pha phin,19000,ly,Cà phê đen truyền thống đậm đà
ChIJ7bIg7_xbNDER0JiAJVkhpt0,Young Food&Drink,Cà phê sữa đá,25000,ly,Cà phê sữa pha phin béo ngậy
ChIJ7bIg7_xbNDER0JiAJVkhpt0,Young Food&Drink,Bạc xỉu cốt dừa,27000,ly,Nhiều sữa béo ngậy vị dừa hòa quyện chút cà phê
ChIJ7bIg7_xbNDER0JiAJVkhpt0,Young Food&Drink,Trà đào cam sả,30000,ly,Trà đào thơm mát kết hợp lát đào cam tươi sả thơm
ChIJ7bIg7_xbNDER0JiAJVkhpt0,Young Food&Drink,Trà sữa trân châu truyền thống,40000,ly,Trà sữa đậm trà kèm trân châu đen dai giòn
ChIJ7bIg7_xbNDER0JiAJVkhpt0,Young Food&Drink,Sinh tố bơ sáp,37000,ly,Sinh tố bơ sáp tươi ngon xay sữa đặc ngậy béo
ChIJ7bIg7_xbNDER0JiAJVkhpt0,Young Food&Drink,Nước ép cam nguyên chất,27000,ly,Ép cam sành tự nhiên nhiều vitamin C
ChIJa0CLQgBbNDERglPO9MrQl9o,Sun Food - Ăn vặt 24h,Ốc luộc sả lá chanh truyền thống,38000,bát,Ốc vặn/ốc nhồi mít luộc thơm mùi sả chấm nước mắm gừng cay ngọt đặc sản
ChIJa0CLQgBbNDERglPO9MrQl9o,Sun Food - Ăn vặt 24h,Ốc móng tay xào bơ tỏi thơm lừng,68000,đĩa,Ốc móng tay tươi ngọt sốt bơ tỏi sánh béo chấm bánh mì tuyệt đỉnh
ChIJa0CLQgBbNDERglPO9MrQl9o,Sun Food - Ăn vặt 24h,Nem chua rán giòn rụm (10 cái),50000,đĩa,Nem chua rán nóng hổi chấm tương ớt cay nồng
ChIJa0CLQgBbNDERglPO9MrQl9o,Sun Food - Ăn vặt 24h,Khoai tây chiên lắc bột phô mai,30000,đĩa,Món khai vị ăn vặt khoái khẩu
ChIJa0CLQgBbNDERglPO9MrQl9o,Sun Food - Ăn vặt 24h,Trà quất mật ong khổng lồ,12000,cốc,Trà quất mát chua ngọt cực đã khát
ChIJX497GgBbNDERQSBWesGo78k,Khu Dịch Vụ AURORA Service Area,Cá kho tộ miền Tây đậm vị,87000,tộ,Cá trắm đen kho tộ sánh quyện nước hàng dừa
ChIJX497GgBbNDERQSBWesGo78k,Khu Dịch Vụ AURORA Service Area,Thịt ba chỉ rang cháy cạnh,75000,đĩa,Thịt ba chỉ ba chỉ giòn rưới mỡ hành
ChIJX497GgBbNDERQSBWesGo78k,Khu Dịch Vụ AURORA Service Area,Sườn non xào chua ngọt,82000,đĩa,Sườn non xào cùng dứa và ớt chuông sốt chua cay
ChIJX497GgBbNDERQSBWesGo78k,Khu Dịch Vụ AURORA Service Area,Rau muống luộc dầm sấu / xào tỏi,27000,đĩa,Rau muống tươi xanh luộc chấm nước mắm chanh ớt
ChIJX497GgBbNDERQSBWesGo78k,Khu Dịch Vụ AURORA Service Area,Canh riêu cua đồng cà pháo,43000,bát,Canh cua đồng mát lạnh ăn kèm cà pháo giòn tan
ChIJX497GgBbNDERQSBWesGo78k,Khu Dịch Vụ AURORA Service Area,Cơm trắng gạo tám thơm,12000,niêu,Niêu cơm gạo tám dẻo thơm
ChIJ4TSep3taNDER3jL-oPyOJyI,Nhà Hàng Chiến Hong Kong,Cá kho tộ miền Tây đậm vị,85000,tộ,Cá trắm đen kho tộ sánh quyện nước hàng dừa
ChIJ4TSep3taNDER3jL-oPyOJyI,Nhà Hàng Chiến Hong Kong,Thịt ba chỉ rang cháy cạnh,77000,đĩa,Thịt ba chỉ ba chỉ giòn rưới mỡ hành
ChIJ4TSep3taNDER3jL-oPyOJyI,Nhà Hàng Chiến Hong Kong,Sườn non xào chua ngọt,75000,đĩa,Sườn non xào cùng dứa và ớt chuông sốt chua cay
ChIJ4TSep3taNDER3jL-oPyOJyI,Nhà Hàng Chiến Hong Kong,Rau muống luộc dầm sấu / xào tỏi,33000,đĩa,Rau muống tươi xanh luộc chấm nước mắm chanh ớt
ChIJ4TSep3taNDER3jL-oPyOJyI,Nhà Hàng Chiến Hong Kong,Canh riêu cua đồng cà pháo,45000,bát,Canh cua đồng mát lạnh ăn kèm cà pháo giòn tan
ChIJ4TSep3taNDER3jL-oPyOJyI,Nhà Hàng Chiến Hong Kong,Cơm trắng gạo tám thơm,15000,niêu,Niêu cơm gạo tám dẻo thơm
ChIJUdaBfxlbNDERnHpo5VmEWnw,Góc Phố Quán,Cá kho tộ miền Tây đậm vị,87000,tộ,Cá trắm đen kho tộ sánh quyện nước hàng dừa
ChIJUdaBfxlbNDERnHpo5VmEWnw,Góc Phố Quán,Thịt ba chỉ rang cháy cạnh,70000,đĩa,Thịt ba chỉ ba chỉ giòn rưới mỡ hành
ChIJUdaBfxlbNDERnHpo5VmEWnw,Góc Phố Quán,Sườn non xào chua ngọt,78000,đĩa,Sườn non xào cùng dứa và ớt chuông sốt chua cay
ChIJUdaBfxlbNDERnHpo5VmEWnw,Góc Phố Quán,Rau muống luộc dầm sấu / xào tỏi,27000,đĩa,Rau muống tươi xanh luộc chấm nước mắm chanh ớt
ChIJUdaBfxlbNDERnHpo5VmEWnw,Góc Phố Quán,Canh riêu cua đồng cà pháo,45000,bát,Canh cua đồng mát lạnh ăn kèm cà pháo giòn tan
ChIJUdaBfxlbNDERnHpo5VmEWnw,Góc Phố Quán,Cơm trắng gạo tám thơm,15000,niêu,Niêu cơm gạo tám dẻo thơm
ChIJV7e0NRFaNDER_-xiipPEhW0,Nhà Hàng Gia Hân,Cá kho tộ miền Tây đậm vị,83000,tộ,Cá trắm đen kho tộ sánh quyện nước hàng dừa
ChIJV7e0NRFaNDER_-xiipPEhW0,Nhà Hàng Gia Hân,Thịt ba chỉ rang cháy cạnh,80000,đĩa,Thịt ba chỉ ba chỉ giòn rưới mỡ hành
ChIJV7e0NRFaNDER_-xiipPEhW0,Nhà Hàng Gia Hân,Sườn non xào chua ngọt,78000,đĩa,Sườn non xào cùng dứa và ớt chuông sốt chua cay
ChIJV7e0NRFaNDER_-xiipPEhW0,Nhà Hàng Gia Hân,Rau muống luộc dầm sấu / xào tỏi,27000,đĩa,Rau muống tươi xanh luộc chấm nước mắm chanh ớt
ChIJV7e0NRFaNDER_-xiipPEhW0,Nhà Hàng Gia Hân,Canh riêu cua đồng cà pháo,45000,bát,Canh cua đồng mát lạnh ăn kèm cà pháo giòn tan
ChIJV7e0NRFaNDER_-xiipPEhW0,Nhà Hàng Gia Hân,Cơm trắng gạo tám thơm,18000,niêu,Niêu cơm gạo tám dẻo thơm
ChIJhzsIQABbNDERJ_muMVWCfNY,Cơm Thố Bách Khoa,Cơm rang dưa bò,50000,đĩa,Cơm rang hạt giòn tơi xào cùng cải dưa chua và thịt bò tươi mềm
ChIJhzsIQABbNDERJ_muMVWCfNY,Cơm Thố Bách Khoa,Cơm rang thập cẩm giòn,30000,đĩa,Cơm rang lạp xưởng ngô ngọt đậu hà lan rưới trứng vàng
ChIJhzsIQABbNDERJ_muMVWCfNY,Cơm Thố Bách Khoa,Cơm thố xá xíu nóng hổi,35000,thố,"Cơm nấu niêu thố đất tạo lớp cháy giòn nhẹ, phủ thịt xá xíu đậm sốt"
ChIJhzsIQABbNDERJ_muMVWCfNY,Cơm Thố Bách Khoa,Suất cơm bình dân tự chọn (3 món mặn + rau),33000,suất,Cơm suất bình dân đầy đặn sạch sẽ cho sinh viên và người đi làm
ChIJhzsIQABbNDERJ_muMVWCfNY,Cơm Thố Bách Khoa,Cơm tấm sườn bì chả Sài Gòn,45000,đĩa,Cơm tấm ăn kèm sườn nướng mặn ngọt chả trứng bì heo thính và nước mắm chua cay
ChIJw0vkVwBbNDERgsd3QXtK--k,Hoà Lạc Quán,Cá kho tộ miền Tây đậm vị,83000,tộ,Cá trắm đen kho tộ sánh quyện nước hàng dừa
ChIJw0vkVwBbNDERgsd3QXtK--k,Hoà Lạc Quán,Thịt ba chỉ rang cháy cạnh,73000,đĩa,Thịt ba chỉ ba chỉ giòn rưới mỡ hành
ChIJw0vkVwBbNDERgsd3QXtK--k,Hoà Lạc Quán,Sườn non xào chua ngọt,80000,đĩa,Sườn non xào cùng dứa và ớt chuông sốt chua cay
ChIJw0vkVwBbNDERgsd3QXtK--k,Hoà Lạc Quán,Rau muống luộc dầm sấu / xào tỏi,27000,đĩa,Rau muống tươi xanh luộc chấm nước mắm chanh ớt
ChIJw0vkVwBbNDERgsd3QXtK--k,Hoà Lạc Quán,Canh riêu cua đồng cà pháo,43000,bát,Canh cua đồng mát lạnh ăn kèm cà pháo giòn tan
ChIJw0vkVwBbNDERgsd3QXtK--k,Hoà Lạc Quán,Cơm trắng gạo tám thơm,18000,niêu,Niêu cơm gạo tám dẻo thơm
ChIJux3JsslbNDERMDT_j9os_ZU,Gà Rán Five Star Tân Xã,Gà ri hấp lá chanh (Cả con),210000,con,Gà ri đồi nuôi thả tự nhiên dai ngọt da vàng giòn
ChIJux3JsslbNDERMDT_j9os_ZU,Gà Rán Five Star Tân Xã,Gà ri nướng mật ong (Cả con),240000,con,Gà ri nướng mật ong thơm phức vàng óng
ChIJux3JsslbNDERMDT_j9os_ZU,Gà Rán Five Star Tân Xã,Gà rang muối tỏi,150000,đĩa,Gà ta chặt miếng rang muối đậm đà sần sật
ChIJux3JsslbNDERMDT_j9os_ZU,Gà Rán Five Star Tân Xã,Lẩu gà ri thuốc bắc,340000,nồi,Nồi lẩu gà ri thuốc bắc bổ dưỡng kèm rau nấm
ChIJux3JsslbNDERMDT_j9os_ZU,Gà Rán Five Star Tân Xã,Xôi chim câu hành phi,80000,đĩa,Xôi nếp dẻo thơm ăn kèm thịt chim câu băm nhỏ
ChIJux3JsslbNDERMDT_j9os_ZU,Gà Rán Five Star Tân Xã,Lòng mề gà xào mướp giá,72000,đĩa,Lòng mề gà ri giòn xào mướp hương thơm phức
ChIJ0-uFJWNbNDER6mww_kRPA6k,Khu du lịch sinh thái đồi thông Quang Huy,Cá kho tộ miền Tây đậm vị,80000,tộ,Cá trắm đen kho tộ sánh quyện nước hàng dừa
ChIJ0-uFJWNbNDER6mww_kRPA6k,Khu du lịch sinh thái đồi thông Quang Huy,Thịt ba chỉ rang cháy cạnh,70000,đĩa,Thịt ba chỉ ba chỉ giòn rưới mỡ hành
ChIJ0-uFJWNbNDER6mww_kRPA6k,Khu du lịch sinh thái đồi thông Quang Huy,Sườn non xào chua ngọt,80000,đĩa,Sườn non xào cùng dứa và ớt chuông sốt chua cay
ChIJ0-uFJWNbNDER6mww_kRPA6k,Khu du lịch sinh thái đồi thông Quang Huy,Rau muống luộc dầm sấu / xào tỏi,33000,đĩa,Rau muống tươi xanh luộc chấm nước mắm chanh ớt
ChIJ0-uFJWNbNDER6mww_kRPA6k,Khu du lịch sinh thái đồi thông Quang Huy,Canh riêu cua đồng cà pháo,50000,bát,Canh cua đồng mát lạnh ăn kèm cà pháo giòn tan
ChIJ0-uFJWNbNDER6mww_kRPA6k,Khu du lịch sinh thái đồi thông Quang Huy,Cơm trắng gạo tám thơm,18000,niêu,Niêu cơm gạo tám dẻo thơm
ChIJUxRpx6NbNDERaJB1C9yMp70,"Xóm Thái, cs Hòa Lạc - Ẩm Thực Thái",Cá kho tộ miền Tây đậm vị,85000,tộ,Cá trắm đen kho tộ sánh quyện nước hàng dừa
ChIJUxRpx6NbNDERaJB1C9yMp70,"Xóm Thái, cs Hòa Lạc - Ẩm Thực Thái",Thịt ba chỉ rang cháy cạnh,75000,đĩa,Thịt ba chỉ ba chỉ giòn rưới mỡ hành
ChIJUxRpx6NbNDERaJB1C9yMp70,"Xóm Thái, cs Hòa Lạc - Ẩm Thực Thái",Sườn non xào chua ngọt,78000,đĩa,Sườn non xào cùng dứa và ớt chuông sốt chua cay
ChIJUxRpx6NbNDERaJB1C9yMp70,"Xóm Thái, cs Hòa Lạc - Ẩm Thực Thái",Rau muống luộc dầm sấu / xào tỏi,33000,đĩa,Rau muống tươi xanh luộc chấm nước mắm chanh ớt
ChIJUxRpx6NbNDERaJB1C9yMp70,"Xóm Thái, cs Hòa Lạc - Ẩm Thực Thái",Canh riêu cua đồng cà pháo,47000,bát,Canh cua đồng mát lạnh ăn kèm cà pháo giòn tan
ChIJUxRpx6NbNDERaJB1C9yMp70,"Xóm Thái, cs Hòa Lạc - Ẩm Thực Thái",Cơm trắng gạo tám thơm,12000,niêu,Niêu cơm gạo tám dẻo thơm
ChIJK2AAP5dbNDERsQ-PtvW4jpY,Nhà Hàng Trâu Tươi 2HS,Thịt trâu xào lá lốt,120000,đĩa,Thịt trâu tươi mềm ngọt xào lá lốt thơm lừng
ChIJK2AAP5dbNDERsQ-PtvW4jpY,Nhà Hàng Trâu Tươi 2HS,Thịt trâu nhúng mẻ chua cay,130000,đĩa,Thịt trâu nhúng nước dùng mẻ chua thanh nhẹ
ChIJK2AAP5dbNDERsQ-PtvW4jpY,Nhà Hàng Trâu Tươi 2HS,Dê tái chanh chấm tương gừng,170000,đĩa,Thịt dê núi hấp tái trộn vừng sả lá chanh
ChIJK2AAP5dbNDERsQ-PtvW4jpY,Nhà Hàng Trâu Tươi 2HS,Dê né bản gang,160000,đĩa,Dê xào nóng hổi trên bản gang kèm đậu bắp
ChIJK2AAP5dbNDERsQ-PtvW4jpY,Nhà Hàng Trâu Tươi 2HS,Lẩu dê núi nhúng mẻ,379000,nồi,Nồi lẩu dê núi ré thơm ngon kèm rau nhúng đặc sản
ChIJK2AAP5dbNDERsQ-PtvW4jpY,Nhà Hàng Trâu Tươi 2HS,Cơm cháy sốt dê,68000,đĩa,Cơm cháy giòn tan rưới nước sốt dê đậm vị
ChIJW8ybGPhaNDERHEHRr9WmNj4,Nhà Hàng Dốc Tiên,Ốc luộc sả lá chanh truyền thống,38000,bát,Ốc vặn/ốc nhồi mít luộc thơm mùi sả chấm nước mắm gừng cay ngọt đặc sản
ChIJW8ybGPhaNDERHEHRr9WmNj4,Nhà Hàng Dốc Tiên,Ốc móng tay xào bơ tỏi thơm lừng,65000,đĩa,Ốc móng tay tươi ngọt sốt bơ tỏi sánh béo chấm bánh mì tuyệt đỉnh
ChIJW8ybGPhaNDERHEHRr9WmNj4,Nhà Hàng Dốc Tiên,Nem chua rán giòn rụm (10 cái),45000,đĩa,Nem chua rán nóng hổi chấm tương ớt cay nồng
ChIJW8ybGPhaNDERHEHRr9WmNj4,Nhà Hàng Dốc Tiên,Khoai tây chiên lắc bột phô mai,30000,đĩa,Món khai vị ăn vặt khoái khẩu
ChIJW8ybGPhaNDERHEHRr9WmNj4,Nhà Hàng Dốc Tiên,Trà quất mật ong khổng lồ,15000,cốc,Trà quất mát chua ngọt cực đã khát
ChIJBRDkFT9bNDERkhBYjyTUkm0,Trà Đá BĐS Đồng Trúc,Cà phê đen đá pha phin,19000,ly,Cà phê đen truyền thống đậm đà
ChIJBRDkFT9bNDERkhBYjyTUkm0,Trà Đá BĐS Đồng Trúc,Cà phê sữa đá,28000,ly,Cà phê sữa pha phin béo ngậy
ChIJBRDkFT9bNDERkhBYjyTUkm0,Trà Đá BĐS Đồng Trúc,Bạc xỉu cốt dừa,30000,ly,Nhiều sữa béo ngậy vị dừa hòa quyện chút cà phê
ChIJBRDkFT9bNDERkhBYjyTUkm0,Trà Đá BĐS Đồng Trúc,Trà đào cam sả,30000,ly,Trà đào thơm mát kết hợp lát đào cam tươi sả thơm
ChIJBRDkFT9bNDERkhBYjyTUkm0,Trà Đá BĐS Đồng Trúc,Trà sữa trân châu truyền thống,30000,ly,Trà sữa đậm trà kèm trân châu đen dai giòn
ChIJBRDkFT9bNDERkhBYjyTUkm0,Trà Đá BĐS Đồng Trúc,Sinh tố bơ sáp,30000,ly,Sinh tố bơ sáp tươi ngon xay sữa đặc ngậy béo
ChIJBRDkFT9bNDERkhBYjyTUkm0,Trà Đá BĐS Đồng Trúc,Nước ép cam nguyên chất,30000,ly,Ép cam sành tự nhiên nhiều vitamin C
ChIJ-b5ocfRbNDER_nbt3R13PTY,Highlands Coffee Dai Hoc FPT HN,Cà phê đen đá pha phin,22000,ly,Cà phê đen truyền thống đậm đà
ChIJ-b5ocfRbNDER_nbt3R13PTY,Highlands Coffee Dai Hoc FPT HN,Cà phê sữa đá,25000,ly,Cà phê sữa pha phin béo ngậy
ChIJ-b5ocfRbNDER_nbt3R13PTY,Highlands Coffee Dai Hoc FPT HN,Bạc xỉu cốt dừa,27000,ly,Nhiều sữa béo ngậy vị dừa hòa quyện chút cà phê
ChIJ-b5ocfRbNDER_nbt3R13PTY,Highlands Coffee Dai Hoc FPT HN,Trà đào cam sả,30000,ly,Trà đào thơm mát kết hợp lát đào cam tươi sả thơm
ChIJ-b5ocfRbNDER_nbt3R13PTY,Highlands Coffee Dai Hoc FPT HN,Trà sữa trân châu truyền thống,33000,ly,Trà sữa đậm trà kèm trân châu đen dai giòn
ChIJ-b5ocfRbNDER_nbt3R13PTY,Highlands Coffee Dai Hoc FPT HN,Sinh tố bơ sáp,35000,ly,Sinh tố bơ sáp tươi ngon xay sữa đặc ngậy béo
ChIJ-b5ocfRbNDER_nbt3R13PTY,Highlands Coffee Dai Hoc FPT HN,Nước ép cam nguyên chất,33000,ly,Ép cam sành tự nhiên nhiều vitamin C
ChIJRStLRwBbNDERDzXZFIpV_ys,YAKI Buffet,Lẩu cua đồng sườn sụn bắp bò,360000,nồi,"Nồi lẩu riêu cua đồng nguyên chất siêu nhiều gạch, kèm bắp bò sườn sụn"
ChIJRStLRwBbNDERDzXZFIpV_ys,YAKI Buffet,Lẩu Thái hải sản chua cay,409000,nồi,"Nước lẩu Tomyum chua cay nhúng tôm, mực, ngao, nấm"
ChIJRStLRwBbNDERDzXZFIpV_ys,YAKI Buffet,Set nướng BBQ thập cẩm bò ba chỉ,289000,set,"Bắp bò, ba chỉ heo cuộn nấm kim châm tẩm sốt BBQ nướng xèo xèo"
ChIJRStLRwBbNDERDzXZFIpV_ys,YAKI Buffet,Ba chỉ bò Mỹ nhúng thêm,78000,đĩa,Thịt ba chỉ bò Mỹ thái mỏng cuốn nấm
ChIJRStLRwBbNDERDzXZFIpV_ys,YAKI Buffet,Sườn sụn non heo thêm,75000,đĩa,Sườn non giòn sần sật nhúng lẩu
ChIJRStLRwBbNDERDzXZFIpV_ys,YAKI Buffet,Rau nấm tổng hợp nhúng lẩu,33000,đĩa,"Nấm kim châm, cải thảo, rau muống tươi"
ChIJp05nUXZbNDER5qi2_6wZ1N0,Phở Bò Chí Hiếu,Phở chín bò ta,30000,bát,Nước dùng phở bò ninh xương ống ngọt lịm kèm thịt chín thái mỏng
ChIJp05nUXZbNDER5qi2_6wZ1N0,Phở Bò Chí Hiếu,Phở tái chần,40000,bát,Phở bò với thịt bò tươi chần tái mềm ngọt
ChIJp05nUXZbNDER5qi2_6wZ1N0,Phở Bò Chí Hiếu,Phở nạm gầu giòn,42000,bát,Bánh phở mềm cùng nạm bò và gầu bò giòn sần sật
ChIJp05nUXZbNDER5qi2_6wZ1N0,Phở Bò Chí Hiếu,Phở tái lăn đặc biệt,45000,bát,Phở bò xào tái lăn thơm mùi tỏi phi
ChIJp05nUXZbNDER5qi2_6wZ1N0,Phở Bò Chí Hiếu,Trứng gà trần,10000,quả,Trứng trần nước phở béo ngậy
ChIJp05nUXZbNDER5qi2_6wZ1N0,Phở Bò Chí Hiếu,Quẩy giòn,2000,chiếc,Quẩy giòn ăn kèm nước phở
ChIJb2cIKdlZNDERWiJjmK6D604,Nhất Thuỷ Quán,Cá kho tộ miền Tây đậm vị,90000,tộ,Cá trắm đen kho tộ sánh quyện nước hàng dừa
ChIJb2cIKdlZNDERWiJjmK6D604,Nhất Thuỷ Quán,Thịt ba chỉ rang cháy cạnh,70000,đĩa,Thịt ba chỉ ba chỉ giòn rưới mỡ hành
ChIJb2cIKdlZNDERWiJjmK6D604,Nhất Thuỷ Quán,Sườn non xào chua ngọt,85000,đĩa,Sườn non xào cùng dứa và ớt chuông sốt chua cay
ChIJb2cIKdlZNDERWiJjmK6D604,Nhất Thuỷ Quán,Rau muống luộc dầm sấu / xào tỏi,27000,đĩa,Rau muống tươi xanh luộc chấm nước mắm chanh ớt
ChIJb2cIKdlZNDERWiJjmK6D604,Nhất Thuỷ Quán,Canh riêu cua đồng cà pháo,47000,bát,Canh cua đồng mát lạnh ăn kèm cà pháo giòn tan
ChIJb2cIKdlZNDERWiJjmK6D604,Nhất Thuỷ Quán,Cơm trắng gạo tám thơm,18000,niêu,Niêu cơm gạo tám dẻo thơm
ChIJ_xinXQBbNDER6XVdDnMAKw8,Bánh tráng Mon,Gà rán giòn rụm tiêu cay (1 miếng),40000,miếng,Thịt gà tươi tẩm bột chiên vàng giòn da ngoài mọng nước bên trong
ChIJ_xinXQBbNDER6XVdDnMAKw8,Bánh tráng Mon,Burger bò phô mai xá xíu đặc biệt,50000,chiếc,"Burger kẹp bò băm nướng lò, phô mai lát béo ngậy, sốt đặc biệt"
ChIJ_xinXQBbNDER6XVdDnMAKw8,Bánh tráng Mon,Pizza xúc xích xông khói phô mai (Size 20cm),100000,chiếc,Đế pizza nướng giòn rưới đẫm phô mai Mozzarella nhập khẩu
ChIJ_xinXQBbNDER6XVdDnMAKw8,Bánh tráng Mon,Khoai tây chiên giòn cọng lớn,25000,đĩa,Khoai tây vàng giòn tơi xốp ăn kèm sốt cà chua
ChIJ9bCavsdZNDERny5HDcFTzHg,Chu Coffee,Cà phê đen đá pha phin,25000,ly,Cà phê đen truyền thống đậm đà
ChIJ9bCavsdZNDERny5HDcFTzHg,Chu Coffee,Cà phê sữa đá,22000,ly,Cà phê sữa pha phin béo ngậy
ChIJ9bCavsdZNDERny5HDcFTzHg,Chu Coffee,Bạc xỉu cốt dừa,27000,ly,Nhiều sữa béo ngậy vị dừa hòa quyện chút cà phê
ChIJ9bCavsdZNDERny5HDcFTzHg,Chu Coffee,Trà đào cam sả,37000,ly,Trà đào thơm mát kết hợp lát đào cam tươi sả thơm
ChIJ9bCavsdZNDERny5HDcFTzHg,Chu Coffee,Trà sữa trân châu truyền thống,40000,ly,Trà sữa đậm trà kèm trân châu đen dai giòn
ChIJ9bCavsdZNDERny5HDcFTzHg,Chu Coffee,Sinh tố bơ sáp,35000,ly,Sinh tố bơ sáp tươi ngon xay sữa đặc ngậy béo
ChIJ9bCavsdZNDERny5HDcFTzHg,Chu Coffee,Nước ép cam nguyên chất,33000,ly,Ép cam sành tự nhiên nhiều vitamin C
ChIJjfjnGdtbNDERN5hEmIS-QWA,Xôi Quê,Xôi xéo ruốc hành phi,17000,đĩa,Xôi xéo thơm nếp dẻo mỡ hành phi
ChIJjfjnGdtbNDERN5hEmIS-QWA,Xôi Quê,Bánh mì pate trứng giò,22000,cái,"Bánh mì giòn kẹp pate nhà làm, trứng ốp la, giò lụa"
ChIJjfjnGdtbNDERN5hEmIS-QWA,Xôi Quê,Sữa đậu nành nóng,10000,cốc,Sữa đậu nành nguyên chất
ChIJjfjnGdtbNDERN5hEmIS-QWA,Xôi Quê,Trà đá,3000,cốc,Trà giải khát sáng sớm
ChIJ6zp0QRJbNDER3AJ4q6Ug1mI,Bún Chả Nhất,"Bún đậu mắm tôm đầy đủ (Đậu, thịt chân giò, nem chua rán, chả cốm)",45000,suất,Mẹt bún đậu đầy đủ nguyên liệu tươi ngon kèm rau thơm kinh giới
ChIJ6zp0QRJbNDER3AJ4q6Ug1mI,Bún Chả Nhất,Bún đậu thường (Đậu chiên giòn),28000,suất,Bún đậu chay đơn giản với đậu phụ rán giòn
ChIJ6zp0QRJbNDER3AJ4q6Ug1mI,Bún Chả Nhất,Bún chả Hà Nội truyền thống,38000,suất,Chả miếng và chả viên nướng than hoa thơm phức trong bát nước chấm chua ngọt
ChIJ6zp0QRJbNDER3AJ4q6Ug1mI,Bún Chả Nhất,Nem cua bể chiên giòn,12000,chiếc,Nem cua bể giòn rụm nhiều nhân
ChIJ6zp0QRJbNDER3AJ4q6Ug1mI,Bún Chả Nhất,Nước sấu đá ngầm chua ngọt,15000,cốc,Đồ uống giải nhiệt cực hợp vị bún đậu
ChIJZ29YfRtbNDERRpcp1JaeDoc,Nhà Hàng Vườn Xanh 1,Cá kho tộ miền Tây đậm vị,90000,tộ,Cá trắm đen kho tộ sánh quyện nước hàng dừa
ChIJZ29YfRtbNDERRpcp1JaeDoc,Nhà Hàng Vườn Xanh 1,Thịt ba chỉ rang cháy cạnh,75000,đĩa,Thịt ba chỉ ba chỉ giòn rưới mỡ hành
ChIJZ29YfRtbNDERRpcp1JaeDoc,Nhà Hàng Vườn Xanh 1,Sườn non xào chua ngọt,78000,đĩa,Sườn non xào cùng dứa và ớt chuông sốt chua cay
ChIJZ29YfRtbNDERRpcp1JaeDoc,Nhà Hàng Vườn Xanh 1,Rau muống luộc dầm sấu / xào tỏi,30000,đĩa,Rau muống tươi xanh luộc chấm nước mắm chanh ớt
ChIJZ29YfRtbNDERRpcp1JaeDoc,Nhà Hàng Vườn Xanh 1,Canh riêu cua đồng cà pháo,50000,bát,Canh cua đồng mát lạnh ăn kèm cà pháo giòn tan
ChIJZ29YfRtbNDERRpcp1JaeDoc,Nhà Hàng Vườn Xanh 1,Cơm trắng gạo tám thơm,12000,niêu,Niêu cơm gạo tám dẻo thơm
ChIJ_1gtuJJbNDERjpgld2bv5T0,Bánh Cuốn Thanh Đức,Bánh cuốn thịt băm mộc nhĩ tráng nóng,30000,đĩa,Bánh tráng tươi tại chỗ ăn nóng kèm hành phi thơm giòn tự làm
ChIJ_1gtuJJbNDERjpgld2bv5T0,Bánh Cuốn Thanh Đức,Bánh cuốn trứng lòng đào đặc biệt,30000,đĩa,Bánh cuốn tráng ôm trọn lòng đỏ trứng gà ta lòng đào béo ngậy
ChIJ_1gtuJJbNDERjpgld2bv5T0,Bánh Cuốn Thanh Đức,Chả quế rán ăn kèm,10000,đĩa,Chả quế thơm ngọt ăn kèm nước mắm bánh cuốn
ChIJI6t9yPZZNDERFfQalg-3nko,TocoToco,Cà phê đen đá pha phin,19000,ly,Cà phê đen truyền thống đậm đà
ChIJI6t9yPZZNDERFfQalg-3nko,TocoToco,Cà phê sữa đá,25000,ly,Cà phê sữa pha phin béo ngậy
ChIJI6t9yPZZNDERFfQalg-3nko,TocoToco,Bạc xỉu cốt dừa,30000,ly,Nhiều sữa béo ngậy vị dừa hòa quyện chút cà phê
ChIJI6t9yPZZNDERFfQalg-3nko,TocoToco,Trà đào cam sả,30000,ly,Trà đào thơm mát kết hợp lát đào cam tươi sả thơm
ChIJI6t9yPZZNDERFfQalg-3nko,TocoToco,Trà sữa trân châu truyền thống,33000,ly,Trà sữa đậm trà kèm trân châu đen dai giòn
ChIJI6t9yPZZNDERFfQalg-3nko,TocoToco,Sinh tố bơ sáp,30000,ly,Sinh tố bơ sáp tươi ngon xay sữa đặc ngậy béo
ChIJI6t9yPZZNDERFfQalg-3nko,TocoToco,Nước ép cam nguyên chất,33000,ly,Ép cam sành tự nhiên nhiều vitamin C
ChIJvTcO4WVaNDERx7GAikkCK28,Cafe Đàm Đồng Trúc,Cà phê đen đá pha phin,25000,ly,Cà phê đen truyền thống đậm đà
ChIJvTcO4WVaNDERx7GAikkCK28,Cafe Đàm Đồng Trúc,Cà phê sữa đá,22000,ly,Cà phê sữa pha phin béo ngậy
ChIJvTcO4WVaNDERx7GAikkCK28,Cafe Đàm Đồng Trúc,Bạc xỉu cốt dừa,33000,ly,Nhiều sữa béo ngậy vị dừa hòa quyện chút cà phê
ChIJvTcO4WVaNDERx7GAikkCK28,Cafe Đàm Đồng Trúc,Trà đào cam sả,33000,ly,Trà đào thơm mát kết hợp lát đào cam tươi sả thơm
ChIJvTcO4WVaNDERx7GAikkCK28,Cafe Đàm Đồng Trúc,Trà sữa trân châu truyền thống,40000,ly,Trà sữa đậm trà kèm trân châu đen dai giòn
ChIJvTcO4WVaNDERx7GAikkCK28,Cafe Đàm Đồng Trúc,Sinh tố bơ sáp,35000,ly,Sinh tố bơ sáp tươi ngon xay sữa đặc ngậy béo
ChIJvTcO4WVaNDERx7GAikkCK28,Cafe Đàm Đồng Trúc,Nước ép cam nguyên chất,30000,ly,Ép cam sành tự nhiên nhiều vitamin C
ChIJW3usDwBbNDERcqz6pmeOmqs,Lemon House Bắc Phú Cát,Cà phê đen đá pha phin,25000,ly,Cà phê đen truyền thống đậm đà
ChIJW3usDwBbNDERcqz6pmeOmqs,Lemon House Bắc Phú Cát,Cà phê sữa đá,25000,ly,Cà phê sữa pha phin béo ngậy
ChIJW3usDwBbNDERcqz6pmeOmqs,Lemon House Bắc Phú Cát,Bạc xỉu cốt dừa,30000,ly,Nhiều sữa béo ngậy vị dừa hòa quyện chút cà phê
ChIJW3usDwBbNDERcqz6pmeOmqs,Lemon House Bắc Phú Cát,Trà đào cam sả,40000,ly,Trà đào thơm mát kết hợp lát đào cam tươi sả thơm
ChIJW3usDwBbNDERcqz6pmeOmqs,Lemon House Bắc Phú Cát,Trà sữa trân châu truyền thống,33000,ly,Trà sữa đậm trà kèm trân châu đen dai giòn
ChIJW3usDwBbNDERcqz6pmeOmqs,Lemon House Bắc Phú Cát,Sinh tố bơ sáp,37000,ly,Sinh tố bơ sáp tươi ngon xay sữa đặc ngậy béo
ChIJW3usDwBbNDERcqz6pmeOmqs,Lemon House Bắc Phú Cát,Nước ép cam nguyên chất,27000,ly,Ép cam sành tự nhiên nhiều vitamin C
ChIJMe_URABbNDERASAIIIGoV34,HaBi Streets Cuisine,Cá kho tộ miền Tây đậm vị,83000,tộ,Cá trắm đen kho tộ sánh quyện nước hàng dừa
ChIJMe_URABbNDERASAIIIGoV34,HaBi Streets Cuisine,Thịt ba chỉ rang cháy cạnh,80000,đĩa,Thịt ba chỉ ba chỉ giòn rưới mỡ hành
ChIJMe_URABbNDERASAIIIGoV34,HaBi Streets Cuisine,Sườn non xào chua ngọt,75000,đĩa,Sườn non xào cùng dứa và ớt chuông sốt chua cay
ChIJMe_URABbNDERASAIIIGoV34,HaBi Streets Cuisine,Rau muống luộc dầm sấu / xào tỏi,27000,đĩa,Rau muống tươi xanh luộc chấm nước mắm chanh ớt
ChIJMe_URABbNDERASAIIIGoV34,HaBi Streets Cuisine,Canh riêu cua đồng cà pháo,40000,bát,Canh cua đồng mát lạnh ăn kèm cà pháo giòn tan
ChIJMe_URABbNDERASAIIIGoV34,HaBi Streets Cuisine,Cơm trắng gạo tám thơm,15000,niêu,Niêu cơm gạo tám dẻo thơm
ChIJvxWwfrlbNDERFYNGAz62eVY,Bánh Cuốn Nam Kều,Bánh cuốn thịt băm mộc nhĩ tráng nóng,33000,đĩa,Bánh tráng tươi tại chỗ ăn nóng kèm hành phi thơm giòn tự làm
ChIJvxWwfrlbNDERFYNGAz62eVY,Bánh Cuốn Nam Kều,Bánh cuốn trứng lòng đào đặc biệt,37000,đĩa,Bánh cuốn tráng ôm trọn lòng đỏ trứng gà ta lòng đào béo ngậy
ChIJvxWwfrlbNDERFYNGAz62eVY,Bánh Cuốn Nam Kều,Chả quế rán ăn kèm,10000,đĩa,Chả quế thơm ngọt ăn kèm nước mắm bánh cuốn
ChIJ5UDAv1BbNDERWmOadSE_vGQ,Bia Hơi Tiến Nhị,Bia hơi Hà Nội mát lạnh,9000,cốc,Bia hơi tươi rói rót trực tiếp từ vòi bom lạnh
ChIJ5UDAv1BbNDERWmOadSE_vGQ,Bia Hơi Tiến Nhị,Đậu phụ lướt ván nóng giòn,27000,đĩa,Đậu hũ non chiên lướt ván ngoài vàng giòn trong mịn mượt như thạch
ChIJ5UDAv1BbNDERWmOadSE_vGQ,Bia Hơi Tiến Nhị,Đĩa lạc rang muối / lạc luộc mộc mạc,12000,đĩa,Đồ nhắm bia truyền thống
ChIJ5UDAv1BbNDERWmOadSE_vGQ,Bia Hơi Tiến Nhị,Nộm tai heo đu đủ xanh chua ngọt,70000,đĩa,Tai heo giòn sần sật trộn đu đủ bào sợi nước nộm chua ngọt sảng khoái
ChIJ5UDAv1BbNDERWmOadSE_vGQ,Bia Hơi Tiến Nhị,Sụn gà chiên mắm rang muối,90000,đĩa,Sụn gà ta giòn sần sật tẩm ướp chiên xóc muối ớt tỏi
ChIJ9zSnNEFbNDEReJy158HTiTE,Nhà Hàng Duy Nghĩa,Cá kho tộ miền Tây đậm vị,87000,tộ,Cá trắm đen kho tộ sánh quyện nước hàng dừa
ChIJ9zSnNEFbNDEReJy158HTiTE,Nhà Hàng Duy Nghĩa,Thịt ba chỉ rang cháy cạnh,70000,đĩa,Thịt ba chỉ ba chỉ giòn rưới mỡ hành
ChIJ9zSnNEFbNDEReJy158HTiTE,Nhà Hàng Duy Nghĩa,Sườn non xào chua ngọt,82000,đĩa,Sườn non xào cùng dứa và ớt chuông sốt chua cay
ChIJ9zSnNEFbNDEReJy158HTiTE,Nhà Hàng Duy Nghĩa,Rau muống luộc dầm sấu / xào tỏi,27000,đĩa,Rau muống tươi xanh luộc chấm nước mắm chanh ớt
ChIJ9zSnNEFbNDEReJy158HTiTE,Nhà Hàng Duy Nghĩa,Canh riêu cua đồng cà pháo,47000,bát,Canh cua đồng mát lạnh ăn kèm cà pháo giòn tan
ChIJ9zSnNEFbNDEReJy158HTiTE,Nhà Hàng Duy Nghĩa,Cơm trắng gạo tám thơm,12000,niêu,Niêu cơm gạo tám dẻo thơm
ChIJ10ol6GZbNDERnSmgvxdtO0k,Mốc Tea & Coffee,Cà phê đen đá pha phin,19000,ly,Cà phê đen truyền thống đậm đà
ChIJ10ol6GZbNDERnSmgvxdtO0k,Mốc Tea & Coffee,Cà phê sữa đá,22000,ly,Cà phê sữa pha phin béo ngậy
ChIJ10ol6GZbNDERnSmgvxdtO0k,Mốc Tea & Coffee,Bạc xỉu cốt dừa,30000,ly,Nhiều sữa béo ngậy vị dừa hòa quyện chút cà phê
ChIJ10ol6GZbNDERnSmgvxdtO0k,Mốc Tea & Coffee,Trà đào cam sả,37000,ly,Trà đào thơm mát kết hợp lát đào cam tươi sả thơm
ChIJ10ol6GZbNDERnSmgvxdtO0k,Mốc Tea & Coffee,Trà sữa trân châu truyền thống,30000,ly,Trà sữa đậm trà kèm trân châu đen dai giòn
ChIJ10ol6GZbNDERnSmgvxdtO0k,Mốc Tea & Coffee,Sinh tố bơ sáp,33000,ly,Sinh tố bơ sáp tươi ngon xay sữa đặc ngậy béo
ChIJ10ol6GZbNDERnSmgvxdtO0k,Mốc Tea & Coffee,Nước ép cam nguyên chất,33000,ly,Ép cam sành tự nhiên nhiều vitamin C
ChIJdfZ_sV9bNDER6naCGcDXwK0,Nhà Hàng 666,Cá kho tộ miền Tây đậm vị,85000,tộ,Cá trắm đen kho tộ sánh quyện nước hàng dừa
ChIJdfZ_sV9bNDER6naCGcDXwK0,Nhà Hàng 666,Thịt ba chỉ rang cháy cạnh,70000,đĩa,Thịt ba chỉ ba chỉ giòn rưới mỡ hành
ChIJdfZ_sV9bNDER6naCGcDXwK0,Nhà Hàng 666,Sườn non xào chua ngọt,80000,đĩa,Sườn non xào cùng dứa và ớt chuông sốt chua cay
ChIJdfZ_sV9bNDER6naCGcDXwK0,Nhà Hàng 666,Rau muống luộc dầm sấu / xào tỏi,33000,đĩa,Rau muống tươi xanh luộc chấm nước mắm chanh ớt
ChIJdfZ_sV9bNDER6naCGcDXwK0,Nhà Hàng 666,Canh riêu cua đồng cà pháo,45000,bát,Canh cua đồng mát lạnh ăn kèm cà pháo giòn tan
ChIJdfZ_sV9bNDER6naCGcDXwK0,Nhà Hàng 666,Cơm trắng gạo tám thơm,12000,niêu,Niêu cơm gạo tám dẻo thơm
ChIJX6jz915bNDERVqDt80JWN7g,VNU - LIC Cafeteria,Cà phê đen đá pha phin,22000,ly,Cà phê đen truyền thống đậm đà
ChIJX6jz915bNDERVqDt80JWN7g,VNU - LIC Cafeteria,Cà phê sữa đá,22000,ly,Cà phê sữa pha phin béo ngậy
ChIJX6jz915bNDERVqDt80JWN7g,VNU - LIC Cafeteria,Bạc xỉu cốt dừa,27000,ly,Nhiều sữa béo ngậy vị dừa hòa quyện chút cà phê
ChIJX6jz915bNDERVqDt80JWN7g,VNU - LIC Cafeteria,Trà đào cam sả,33000,ly,Trà đào thơm mát kết hợp lát đào cam tươi sả thơm
ChIJX6jz915bNDERVqDt80JWN7g,VNU - LIC Cafeteria,Trà sữa trân châu truyền thống,37000,ly,Trà sữa đậm trà kèm trân châu đen dai giòn
ChIJX6jz915bNDERVqDt80JWN7g,VNU - LIC Cafeteria,Sinh tố bơ sáp,37000,ly,Sinh tố bơ sáp tươi ngon xay sữa đặc ngậy béo
ChIJX6jz915bNDERVqDt80JWN7g,VNU - LIC Cafeteria,Nước ép cam nguyên chất,33000,ly,Ép cam sành tự nhiên nhiều vitamin C
ChIJqQNmd1pbNDERyrzTy4YKJyI,Ốc Bống ( Địa chỉ duy nhất ),Ốc luộc sả lá chanh truyền thống,35000,bát,Ốc vặn/ốc nhồi mít luộc thơm mùi sả chấm nước mắm gừng cay ngọt đặc sản
ChIJqQNmd1pbNDERyrzTy4YKJyI,Ốc Bống ( Địa chỉ duy nhất ),Ốc móng tay xào bơ tỏi thơm lừng,65000,đĩa,Ốc móng tay tươi ngọt sốt bơ tỏi sánh béo chấm bánh mì tuyệt đỉnh
ChIJqQNmd1pbNDERyrzTy4YKJyI,Ốc Bống ( Địa chỉ duy nhất ),Nem chua rán giòn rụm (10 cái),52000,đĩa,Nem chua rán nóng hổi chấm tương ớt cay nồng
ChIJqQNmd1pbNDERyrzTy4YKJyI,Ốc Bống ( Địa chỉ duy nhất ),Khoai tây chiên lắc bột phô mai,37000,đĩa,Món khai vị ăn vặt khoái khẩu
ChIJqQNmd1pbNDERyrzTy4YKJyI,Ốc Bống ( Địa chỉ duy nhất ),Trà quất mật ong khổng lồ,18000,cốc,Trà quất mát chua ngọt cực đã khát
ChIJVcCXdC1bNDERzIIStdLdri0,Nhà hàng Gà Ri Hiền Hân,Gà ri hấp lá chanh (Cả con),240000,con,Gà ri đồi nuôi thả tự nhiên dai ngọt da vàng giòn
ChIJVcCXdC1bNDERzIIStdLdri0,Nhà hàng Gà Ri Hiền Hân,Gà ri nướng mật ong (Cả con),240000,con,Gà ri nướng mật ong thơm phức vàng óng
ChIJVcCXdC1bNDERzIIStdLdri0,Nhà hàng Gà Ri Hiền Hân,Gà rang muối tỏi,140000,đĩa,Gà ta chặt miếng rang muối đậm đà sần sật
ChIJVcCXdC1bNDERzIIStdLdri0,Nhà hàng Gà Ri Hiền Hân,Lẩu gà ri thuốc bắc,360000,nồi,Nồi lẩu gà ri thuốc bắc bổ dưỡng kèm rau nấm
ChIJVcCXdC1bNDERzIIStdLdri0,Nhà hàng Gà Ri Hiền Hân,Xôi chim câu hành phi,75000,đĩa,Xôi nếp dẻo thơm ăn kèm thịt chim câu băm nhỏ
ChIJVcCXdC1bNDERzIIStdLdri0,Nhà hàng Gà Ri Hiền Hân,Lòng mề gà xào mướp giá,68000,đĩa,Lòng mề gà ri giòn xào mướp hương thơm phức
ChIJl7uGQ1-rNTER8ETImCd4G-s,Cây Sung Quán,Cá kho tộ miền Tây đậm vị,87000,tộ,Cá trắm đen kho tộ sánh quyện nước hàng dừa
ChIJl7uGQ1-rNTER8ETImCd4G-s,Cây Sung Quán,Thịt ba chỉ rang cháy cạnh,70000,đĩa,Thịt ba chỉ ba chỉ giòn rưới mỡ hành
ChIJl7uGQ1-rNTER8ETImCd4G-s,Cây Sung Quán,Sườn non xào chua ngọt,78000,đĩa,Sườn non xào cùng dứa và ớt chuông sốt chua cay
ChIJl7uGQ1-rNTER8ETImCd4G-s,Cây Sung Quán,Rau muống luộc dầm sấu / xào tỏi,30000,đĩa,Rau muống tươi xanh luộc chấm nước mắm chanh ớt
ChIJl7uGQ1-rNTER8ETImCd4G-s,Cây Sung Quán,Canh riêu cua đồng cà pháo,47000,bát,Canh cua đồng mát lạnh ăn kèm cà pháo giòn tan
ChIJl7uGQ1-rNTER8ETImCd4G-s,Cây Sung Quán,Cơm trắng gạo tám thơm,12000,niêu,Niêu cơm gạo tám dẻo thơm
ChIJXyi3PfVbNDERsSslPx1ozGI,Phở Bò Cơm Rang Meo Meo 975,Phở chín bò ta,33000,bát,Nước dùng phở bò ninh xương ống ngọt lịm kèm thịt chín thái mỏng
ChIJXyi3PfVbNDERsSslPx1ozGI,Phở Bò Cơm Rang Meo Meo 975,Phở tái chần,30000,bát,Phở bò với thịt bò tươi chần tái mềm ngọt
ChIJXyi3PfVbNDERsSslPx1ozGI,Phở Bò Cơm Rang Meo Meo 975,Phở nạm gầu giòn,38000,bát,Bánh phở mềm cùng nạm bò và gầu bò giòn sần sật
ChIJXyi3PfVbNDERsSslPx1ozGI,Phở Bò Cơm Rang Meo Meo 975,Phở tái lăn đặc biệt,43000,bát,Phở bò xào tái lăn thơm mùi tỏi phi
ChIJXyi3PfVbNDERsSslPx1ozGI,Phở Bò Cơm Rang Meo Meo 975,Trứng gà trần,13000,quả,Trứng trần nước phở béo ngậy
ChIJXyi3PfVbNDERsSslPx1ozGI,Phở Bò Cơm Rang Meo Meo 975,Quẩy giòn,8000,chiếc,Quẩy giòn ăn kèm nước phở
ChIJfy1yj_pbNDERUMJyG0tycbA,Gà Rán Bonkon 03,Gà ri hấp lá chanh (Cả con),230000,con,Gà ri đồi nuôi thả tự nhiên dai ngọt da vàng giòn
ChIJfy1yj_pbNDERUMJyG0tycbA,Gà Rán Bonkon 03,Gà ri nướng mật ong (Cả con),230000,con,Gà ri nướng mật ong thơm phức vàng óng
ChIJfy1yj_pbNDERUMJyG0tycbA,Gà Rán Bonkon 03,Gà rang muối tỏi,130000,đĩa,Gà ta chặt miếng rang muối đậm đà sần sật
ChIJfy1yj_pbNDERUMJyG0tycbA,Gà Rán Bonkon 03,Lẩu gà ri thuốc bắc,350000,nồi,Nồi lẩu gà ri thuốc bắc bổ dưỡng kèm rau nấm
ChIJfy1yj_pbNDERUMJyG0tycbA,Gà Rán Bonkon 03,Xôi chim câu hành phi,80000,đĩa,Xôi nếp dẻo thơm ăn kèm thịt chim câu băm nhỏ
ChIJfy1yj_pbNDERUMJyG0tycbA,Gà Rán Bonkon 03,Lòng mề gà xào mướp giá,75000,đĩa,Lòng mề gà ri giòn xào mướp hương thơm phức
ChIJRQJb_G9ZNDERsV0Ewr0JqSg,Nhà Hàng Minh Đạt,Cá kho tộ miền Tây đậm vị,87000,tộ,Cá trắm đen kho tộ sánh quyện nước hàng dừa
ChIJRQJb_G9ZNDERsV0Ewr0JqSg,Nhà Hàng Minh Đạt,Thịt ba chỉ rang cháy cạnh,80000,đĩa,Thịt ba chỉ ba chỉ giòn rưới mỡ hành
ChIJRQJb_G9ZNDERsV0Ewr0JqSg,Nhà Hàng Minh Đạt,Sườn non xào chua ngọt,80000,đĩa,Sườn non xào cùng dứa và ớt chuông sốt chua cay
ChIJRQJb_G9ZNDERsV0Ewr0JqSg,Nhà Hàng Minh Đạt,Rau muống luộc dầm sấu / xào tỏi,27000,đĩa,Rau muống tươi xanh luộc chấm nước mắm chanh ớt
ChIJRQJb_G9ZNDERsV0Ewr0JqSg,Nhà Hàng Minh Đạt,Canh riêu cua đồng cà pháo,40000,bát,Canh cua đồng mát lạnh ăn kèm cà pháo giòn tan
ChIJRQJb_G9ZNDERsV0Ewr0JqSg,Nhà Hàng Minh Đạt,Cơm trắng gạo tám thơm,12000,niêu,Niêu cơm gạo tám dẻo thơm
ChIJRejSN5BbNDERN82sYiS5tZk,The Broker Coffee,Cà phê đen đá pha phin,22000,ly,Cà phê đen truyền thống đậm đà
ChIJRejSN5BbNDERN82sYiS5tZk,The Broker Coffee,Cà phê sữa đá,28000,ly,Cà phê sữa pha phin béo ngậy
ChIJRejSN5BbNDERN82sYiS5tZk,The Broker Coffee,Bạc xỉu cốt dừa,30000,ly,Nhiều sữa béo ngậy vị dừa hòa quyện chút cà phê
ChIJRejSN5BbNDERN82sYiS5tZk,The Broker Coffee,Trà đào cam sả,35000,ly,Trà đào thơm mát kết hợp lát đào cam tươi sả thơm
ChIJRejSN5BbNDERN82sYiS5tZk,The Broker Coffee,Trà sữa trân châu truyền thống,33000,ly,Trà sữa đậm trà kèm trân châu đen dai giòn
ChIJRejSN5BbNDERN82sYiS5tZk,The Broker Coffee,Sinh tố bơ sáp,30000,ly,Sinh tố bơ sáp tươi ngon xay sữa đặc ngậy béo
ChIJRejSN5BbNDERN82sYiS5tZk,The Broker Coffee,Nước ép cam nguyên chất,27000,ly,Ép cam sành tự nhiên nhiều vitamin C
ChIJo7uTG-dbNDERGCTF3O1o6a8,Cafe Yến,Cà phê đen đá pha phin,22000,ly,Cà phê đen truyền thống đậm đà
ChIJo7uTG-dbNDERGCTF3O1o6a8,Cafe Yến,Cà phê sữa đá,25000,ly,Cà phê sữa pha phin béo ngậy
ChIJo7uTG-dbNDERGCTF3O1o6a8,Cafe Yến,Bạc xỉu cốt dừa,27000,ly,Nhiều sữa béo ngậy vị dừa hòa quyện chút cà phê
ChIJo7uTG-dbNDERGCTF3O1o6a8,Cafe Yến,Trà đào cam sả,33000,ly,Trà đào thơm mát kết hợp lát đào cam tươi sả thơm
ChIJo7uTG-dbNDERGCTF3O1o6a8,Cafe Yến,Trà sữa trân châu truyền thống,40000,ly,Trà sữa đậm trà kèm trân châu đen dai giòn
ChIJo7uTG-dbNDERGCTF3O1o6a8,Cafe Yến,Sinh tố bơ sáp,33000,ly,Sinh tố bơ sáp tươi ngon xay sữa đặc ngậy béo
ChIJo7uTG-dbNDERGCTF3O1o6a8,Cafe Yến,Nước ép cam nguyên chất,30000,ly,Ép cam sành tự nhiên nhiều vitamin C
ChIJVYTIRpFZNDERsryU2XHG5u0,Cơm Xe Tải Cây Mít,Cơm rang dưa bò,43000,đĩa,Cơm rang hạt giòn tơi xào cùng cải dưa chua và thịt bò tươi mềm
ChIJVYTIRpFZNDERsryU2XHG5u0,Cơm Xe Tải Cây Mít,Cơm rang thập cẩm giòn,37000,đĩa,Cơm rang lạp xưởng ngô ngọt đậu hà lan rưới trứng vàng
ChIJVYTIRpFZNDERsryU2XHG5u0,Cơm Xe Tải Cây Mít,Cơm thố xá xíu nóng hổi,38000,thố,"Cơm nấu niêu thố đất tạo lớp cháy giòn nhẹ, phủ thịt xá xíu đậm sốt"
ChIJVYTIRpFZNDERsryU2XHG5u0,Cơm Xe Tải Cây Mít,Suất cơm bình dân tự chọn (3 món mặn + rau),33000,suất,Cơm suất bình dân đầy đặn sạch sẽ cho sinh viên và người đi làm
ChIJVYTIRpFZNDERsryU2XHG5u0,Cơm Xe Tải Cây Mít,Cơm tấm sườn bì chả Sài Gòn,35000,đĩa,Cơm tấm ăn kèm sườn nướng mặn ngọt chả trứng bì heo thính và nước mắm chua cay
ChIJ0cXjz79bNDER2axzlhlk7nw,Nhà Hàng Dê Sơn Dương Thạch Hòa,Thịt trâu xào lá lốt,150000,đĩa,Thịt trâu tươi mềm ngọt xào lá lốt thơm lừng
ChIJ0cXjz79bNDER2axzlhlk7nw,Nhà Hàng Dê Sơn Dương Thạch Hòa,Thịt trâu nhúng mẻ chua cay,130000,đĩa,Thịt trâu nhúng nước dùng mẻ chua thanh nhẹ
ChIJ0cXjz79bNDER2axzlhlk7nw,Nhà Hàng Dê Sơn Dương Thạch Hòa,Dê tái chanh chấm tương gừng,150000,đĩa,Thịt dê núi hấp tái trộn vừng sả lá chanh
ChIJ0cXjz79bNDER2axzlhlk7nw,Nhà Hàng Dê Sơn Dương Thạch Hòa,Dê né bản gang,170000,đĩa,Dê xào nóng hổi trên bản gang kèm đậu bắp
ChIJ0cXjz79bNDER2axzlhlk7nw,Nhà Hàng Dê Sơn Dương Thạch Hòa,Lẩu dê núi nhúng mẻ,399000,nồi,Nồi lẩu dê núi ré thơm ngon kèm rau nhúng đặc sản
ChIJ0cXjz79bNDER2axzlhlk7nw,Nhà Hàng Dê Sơn Dương Thạch Hòa,Cơm cháy sốt dê,75000,đĩa,Cơm cháy giòn tan rưới nước sốt dê đậm vị
ChIJvTreDApbNDERWhP4eze4qLk,Phở Thúy Mùi 351,Phở chín bò ta,40000,bát,Nước dùng phở bò ninh xương ống ngọt lịm kèm thịt chín thái mỏng
ChIJvTreDApbNDERWhP4eze4qLk,Phở Thúy Mùi 351,Phở tái chần,30000,bát,Phở bò với thịt bò tươi chần tái mềm ngọt
ChIJvTreDApbNDERWhP4eze4qLk,Phở Thúy Mùi 351,Phở nạm gầu giòn,38000,bát,Bánh phở mềm cùng nạm bò và gầu bò giòn sần sật
ChIJvTreDApbNDERWhP4eze4qLk,Phở Thúy Mùi 351,Phở tái lăn đặc biệt,40000,bát,Phở bò xào tái lăn thơm mùi tỏi phi
ChIJvTreDApbNDERWhP4eze4qLk,Phở Thúy Mùi 351,Trứng gà trần,10000,quả,Trứng trần nước phở béo ngậy
ChIJvTreDApbNDERWhP4eze4qLk,Phở Thúy Mùi 351,Quẩy giòn,2000,chiếc,Quẩy giòn ăn kèm nước phở
ChIJKUzecgBbNDERvysep4ntmio,Phê đây,Cà phê đen đá pha phin,25000,ly,Cà phê đen truyền thống đậm đà
ChIJKUzecgBbNDERvysep4ntmio,Phê đây,Cà phê sữa đá,25000,ly,Cà phê sữa pha phin béo ngậy
ChIJKUzecgBbNDERvysep4ntmio,Phê đây,Bạc xỉu cốt dừa,30000,ly,Nhiều sữa béo ngậy vị dừa hòa quyện chút cà phê
ChIJKUzecgBbNDERvysep4ntmio,Phê đây,Trà đào cam sả,30000,ly,Trà đào thơm mát kết hợp lát đào cam tươi sả thơm
ChIJKUzecgBbNDERvysep4ntmio,Phê đây,Trà sữa trân châu truyền thống,35000,ly,Trà sữa đậm trà kèm trân châu đen dai giòn
ChIJKUzecgBbNDERvysep4ntmio,Phê đây,Sinh tố bơ sáp,35000,ly,Sinh tố bơ sáp tươi ngon xay sữa đặc ngậy béo
ChIJKUzecgBbNDERvysep4ntmio,Phê đây,Nước ép cam nguyên chất,27000,ly,Ép cam sành tự nhiên nhiều vitamin C
ChIJzfwgKmhbNDERuYVQzpwYUC8,Phở Bò Phan Thị,Phở chín bò ta,35000,bát,Nước dùng phở bò ninh xương ống ngọt lịm kèm thịt chín thái mỏng
ChIJzfwgKmhbNDERuYVQzpwYUC8,Phở Bò Phan Thị,Phở tái chần,33000,bát,Phở bò với thịt bò tươi chần tái mềm ngọt
ChIJzfwgKmhbNDERuYVQzpwYUC8,Phở Bò Phan Thị,Phở nạm gầu giòn,42000,bát,Bánh phở mềm cùng nạm bò và gầu bò giòn sần sật
ChIJzfwgKmhbNDERuYVQzpwYUC8,Phở Bò Phan Thị,Phở tái lăn đặc biệt,43000,bát,Phở bò xào tái lăn thơm mùi tỏi phi
ChIJzfwgKmhbNDERuYVQzpwYUC8,Phở Bò Phan Thị,Trứng gà trần,7000,quả,Trứng trần nước phở béo ngậy
ChIJzfwgKmhbNDERuYVQzpwYUC8,Phở Bò Phan Thị,Quẩy giòn,8000,chiếc,Quẩy giòn ăn kèm nước phở
ChIJ9T3_ZN6tNTER4tFvkFcq2LA,Lẩu Bò Đức Béo,Thịt trâu xào lá lốt,140000,đĩa,Thịt trâu tươi mềm ngọt xào lá lốt thơm lừng
ChIJ9T3_ZN6tNTER4tFvkFcq2LA,Lẩu Bò Đức Béo,Thịt trâu nhúng mẻ chua cay,150000,đĩa,Thịt trâu nhúng nước dùng mẻ chua thanh nhẹ
ChIJ9T3_ZN6tNTER4tFvkFcq2LA,Lẩu Bò Đức Béo,Dê tái chanh chấm tương gừng,160000,đĩa,Thịt dê núi hấp tái trộn vừng sả lá chanh
ChIJ9T3_ZN6tNTER4tFvkFcq2LA,Lẩu Bò Đức Béo,Dê né bản gang,170000,đĩa,Dê xào nóng hổi trên bản gang kèm đậu bắp
ChIJ9T3_ZN6tNTER4tFvkFcq2LA,Lẩu Bò Đức Béo,Lẩu dê núi nhúng mẻ,419000,nồi,Nồi lẩu dê núi ré thơm ngon kèm rau nhúng đặc sản
ChIJ9T3_ZN6tNTER4tFvkFcq2LA,Lẩu Bò Đức Béo,Cơm cháy sốt dê,68000,đĩa,Cơm cháy giòn tan rưới nước sốt dê đậm vị
ChIJaU5Mr2tZNDEROzOQJlTebQM,Nhà Hàng Thập Phương,Cá kho tộ miền Tây đậm vị,90000,tộ,Cá trắm đen kho tộ sánh quyện nước hàng dừa
ChIJaU5Mr2tZNDEROzOQJlTebQM,Nhà Hàng Thập Phương,Thịt ba chỉ rang cháy cạnh,80000,đĩa,Thịt ba chỉ ba chỉ giòn rưới mỡ hành
ChIJaU5Mr2tZNDEROzOQJlTebQM,Nhà Hàng Thập Phương,Sườn non xào chua ngọt,80000,đĩa,Sườn non xào cùng dứa và ớt chuông sốt chua cay
ChIJaU5Mr2tZNDEROzOQJlTebQM,Nhà Hàng Thập Phương,Rau muống luộc dầm sấu / xào tỏi,30000,đĩa,Rau muống tươi xanh luộc chấm nước mắm chanh ớt
ChIJaU5Mr2tZNDEROzOQJlTebQM,Nhà Hàng Thập Phương,Canh riêu cua đồng cà pháo,50000,bát,Canh cua đồng mát lạnh ăn kèm cà pháo giòn tan
ChIJaU5Mr2tZNDEROzOQJlTebQM,Nhà Hàng Thập Phương,Cơm trắng gạo tám thơm,18000,niêu,Niêu cơm gạo tám dẻo thơm
ChIJ2Y20cPJbNDERtVlRmRWsfOE,Canteen HOLA,Cá kho tộ miền Tây đậm vị,85000,tộ,Cá trắm đen kho tộ sánh quyện nước hàng dừa
ChIJ2Y20cPJbNDERtVlRmRWsfOE,Canteen HOLA,Thịt ba chỉ rang cháy cạnh,70000,đĩa,Thịt ba chỉ ba chỉ giòn rưới mỡ hành
ChIJ2Y20cPJbNDERtVlRmRWsfOE,Canteen HOLA,Sườn non xào chua ngọt,80000,đĩa,Sườn non xào cùng dứa và ớt chuông sốt chua cay
ChIJ2Y20cPJbNDERtVlRmRWsfOE,Canteen HOLA,Rau muống luộc dầm sấu / xào tỏi,27000,đĩa,Rau muống tươi xanh luộc chấm nước mắm chanh ớt
ChIJ2Y20cPJbNDERtVlRmRWsfOE,Canteen HOLA,Canh riêu cua đồng cà pháo,45000,bát,Canh cua đồng mát lạnh ăn kèm cà pháo giòn tan
ChIJ2Y20cPJbNDERtVlRmRWsfOE,Canteen HOLA,Cơm trắng gạo tám thơm,12000,niêu,Niêu cơm gạo tám dẻo thơm
ChIJFwmFHgBbNDERDN0v2ofB0zI,Heemang Chicken Tân Xã,Mì cay Seoul hải sản cấp độ 0-7,40000,tô,"Mì ramen Hàn Quốc tôm, mực, chả viên nước dùng kim chi cay chua kích thích"
ChIJFwmFHgBbNDERDN0v2ofB0zI,Heemang Chicken Tân Xã,Mì cay bò Mỹ cấp độ 0-7,50000,tô,Mì cay Hàn Quốc nhúng bắp bò Mỹ tươi
ChIJFwmFHgBbNDERDN0v2ofB0zI,Heemang Chicken Tân Xã,Kimbap chiên xù giòn tan,30000,cuộn,Cơm cuộn rong biển tẩm bột chiên xù chấm sốt mayonnaise
ChIJFwmFHgBbNDERDN0v2ofB0zI,Heemang Chicken Tân Xã,Tokbokki truyền thống phô mai sốt cay,30000,đĩa,"Bánh gạo Hàn Quốc xào cùng chả cá xiên, sốt tương ớt Gochujang và phô mai kéo sợi"
ChIJA9QdMxpbNDER7gpk1pra184,Bún Đậu Đồng Mô 3,"Bún đậu mắm tôm đầy đủ (Đậu, thịt chân giò, nem chua rán, chả cốm)",50000,suất,Mẹt bún đậu đầy đủ nguyên liệu tươi ngon kèm rau thơm kinh giới
ChIJA9QdMxpbNDER7gpk1pra184,Bún Đậu Đồng Mô 3,Bún đậu thường (Đậu chiên giòn),28000,suất,Bún đậu chay đơn giản với đậu phụ rán giòn
ChIJA9QdMxpbNDER7gpk1pra184,Bún Đậu Đồng Mô 3,Bún chả Hà Nội truyền thống,40000,suất,Chả miếng và chả viên nướng than hoa thơm phức trong bát nước chấm chua ngọt
ChIJA9QdMxpbNDER7gpk1pra184,Bún Đậu Đồng Mô 3,Nem cua bể chiên giòn,12000,chiếc,Nem cua bể giòn rụm nhiều nhân
ChIJA9QdMxpbNDER7gpk1pra184,Bún Đậu Đồng Mô 3,Nước sấu đá ngầm chua ngọt,15000,cốc,Đồ uống giải nhiệt cực hợp vị bún đậu
ChIJze8rZgBbNDER5vq3PlbfUOU,House Of Fuca Cafe,Cà phê đen đá pha phin,22000,ly,Cà phê đen truyền thống đậm đà
ChIJze8rZgBbNDER5vq3PlbfUOU,House Of Fuca Cafe,Cà phê sữa đá,25000,ly,Cà phê sữa pha phin béo ngậy
ChIJze8rZgBbNDER5vq3PlbfUOU,House Of Fuca Cafe,Bạc xỉu cốt dừa,27000,ly,Nhiều sữa béo ngậy vị dừa hòa quyện chút cà phê
ChIJze8rZgBbNDER5vq3PlbfUOU,House Of Fuca Cafe,Trà đào cam sả,35000,ly,Trà đào thơm mát kết hợp lát đào cam tươi sả thơm
ChIJze8rZgBbNDER5vq3PlbfUOU,House Of Fuca Cafe,Trà sữa trân châu truyền thống,33000,ly,Trà sữa đậm trà kèm trân châu đen dai giòn
ChIJze8rZgBbNDER5vq3PlbfUOU,House Of Fuca Cafe,Sinh tố bơ sáp,35000,ly,Sinh tố bơ sáp tươi ngon xay sữa đặc ngậy béo
ChIJze8rZgBbNDER5vq3PlbfUOU,House Of Fuca Cafe,Nước ép cam nguyên chất,27000,ly,Ép cam sành tự nhiên nhiều vitamin C
ChIJIWYAmbtZNDERSXzLy27mO64,Gà Rán Five Star,Gà ri hấp lá chanh (Cả con),210000,con,Gà ri đồi nuôi thả tự nhiên dai ngọt da vàng giòn
ChIJIWYAmbtZNDERSXzLy27mO64,Gà Rán Five Star,Gà ri nướng mật ong (Cả con),230000,con,Gà ri nướng mật ong thơm phức vàng óng
ChIJIWYAmbtZNDERSXzLy27mO64,Gà Rán Five Star,Gà rang muối tỏi,110000,đĩa,Gà ta chặt miếng rang muối đậm đà sần sật
ChIJIWYAmbtZNDERSXzLy27mO64,Gà Rán Five Star,Lẩu gà ri thuốc bắc,350000,nồi,Nồi lẩu gà ri thuốc bắc bổ dưỡng kèm rau nấm
ChIJIWYAmbtZNDERSXzLy27mO64,Gà Rán Five Star,Xôi chim câu hành phi,85000,đĩa,Xôi nếp dẻo thơm ăn kèm thịt chim câu băm nhỏ
ChIJIWYAmbtZNDERSXzLy27mO64,Gà Rán Five Star,Lòng mề gà xào mướp giá,75000,đĩa,Lòng mề gà ri giòn xào mướp hương thơm phức
ChIJuZcicn5bNDERLuMXKjKBaRQ,Miền Trung Quán,Cá kho tộ miền Tây đậm vị,90000,tộ,Cá trắm đen kho tộ sánh quyện nước hàng dừa
ChIJuZcicn5bNDERLuMXKjKBaRQ,Miền Trung Quán,Thịt ba chỉ rang cháy cạnh,70000,đĩa,Thịt ba chỉ ba chỉ giòn rưới mỡ hành
ChIJuZcicn5bNDERLuMXKjKBaRQ,Miền Trung Quán,Sườn non xào chua ngọt,80000,đĩa,Sườn non xào cùng dứa và ớt chuông sốt chua cay
ChIJuZcicn5bNDERLuMXKjKBaRQ,Miền Trung Quán,Rau muống luộc dầm sấu / xào tỏi,33000,đĩa,Rau muống tươi xanh luộc chấm nước mắm chanh ớt
ChIJuZcicn5bNDERLuMXKjKBaRQ,Miền Trung Quán,Canh riêu cua đồng cà pháo,50000,bát,Canh cua đồng mát lạnh ăn kèm cà pháo giòn tan
ChIJuZcicn5bNDERLuMXKjKBaRQ,Miền Trung Quán,Cơm trắng gạo tám thơm,12000,niêu,Niêu cơm gạo tám dẻo thơm
ChIJ_Rg9uHdbNDERKPqMMYK01UE,Phở Ngân Ninh,Phở chín bò ta,35000,bát,Nước dùng phở bò ninh xương ống ngọt lịm kèm thịt chín thái mỏng
ChIJ_Rg9uHdbNDERKPqMMYK01UE,Phở Ngân Ninh,Phở tái chần,30000,bát,Phở bò với thịt bò tươi chần tái mềm ngọt
ChIJ_Rg9uHdbNDERKPqMMYK01UE,Phở Ngân Ninh,Phở nạm gầu giòn,42000,bát,Bánh phở mềm cùng nạm bò và gầu bò giòn sần sật
ChIJ_Rg9uHdbNDERKPqMMYK01UE,Phở Ngân Ninh,Phở tái lăn đặc biệt,45000,bát,Phở bò xào tái lăn thơm mùi tỏi phi
ChIJ_Rg9uHdbNDERKPqMMYK01UE,Phở Ngân Ninh,Trứng gà trần,13000,quả,Trứng trần nước phở béo ngậy
ChIJ_Rg9uHdbNDERKPqMMYK01UE,Phở Ngân Ninh,Quẩy giòn,8000,chiếc,Quẩy giòn ăn kèm nước phở
ChIJn_mnEtBZNDER5lQc7xFVbu4,Morri Coffee,Cà phê đen đá pha phin,22000,ly,Cà phê đen truyền thống đậm đà
ChIJn_mnEtBZNDER5lQc7xFVbu4,Morri Coffee,Cà phê sữa đá,22000,ly,Cà phê sữa pha phin béo ngậy
ChIJn_mnEtBZNDER5lQc7xFVbu4,Morri Coffee,Bạc xỉu cốt dừa,33000,ly,Nhiều sữa béo ngậy vị dừa hòa quyện chút cà phê
ChIJn_mnEtBZNDER5lQc7xFVbu4,Morri Coffee,Trà đào cam sả,33000,ly,Trà đào thơm mát kết hợp lát đào cam tươi sả thơm
ChIJn_mnEtBZNDER5lQc7xFVbu4,Morri Coffee,Trà sữa trân châu truyền thống,40000,ly,Trà sữa đậm trà kèm trân châu đen dai giòn
ChIJn_mnEtBZNDER5lQc7xFVbu4,Morri Coffee,Sinh tố bơ sáp,30000,ly,Sinh tố bơ sáp tươi ngon xay sữa đặc ngậy béo
ChIJn_mnEtBZNDER5lQc7xFVbu4,Morri Coffee,Nước ép cam nguyên chất,27000,ly,Ép cam sành tự nhiên nhiều vitamin C
ChIJ28IdPABbNDER4MuWJmGPQGo,HL Garden Coffee n' Chill,Cà phê đen đá pha phin,25000,ly,Cà phê đen truyền thống đậm đà
ChIJ28IdPABbNDER4MuWJmGPQGo,HL Garden Coffee n' Chill,Cà phê sữa đá,25000,ly,Cà phê sữa pha phin béo ngậy
ChIJ28IdPABbNDER4MuWJmGPQGo,HL Garden Coffee n' Chill,Bạc xỉu cốt dừa,33000,ly,Nhiều sữa béo ngậy vị dừa hòa quyện chút cà phê
ChIJ28IdPABbNDER4MuWJmGPQGo,HL Garden Coffee n' Chill,Trà đào cam sả,35000,ly,Trà đào thơm mát kết hợp lát đào cam tươi sả thơm
ChIJ28IdPABbNDER4MuWJmGPQGo,HL Garden Coffee n' Chill,Trà sữa trân châu truyền thống,40000,ly,Trà sữa đậm trà kèm trân châu đen dai giòn
ChIJ28IdPABbNDER4MuWJmGPQGo,HL Garden Coffee n' Chill,Sinh tố bơ sáp,40000,ly,Sinh tố bơ sáp tươi ngon xay sữa đặc ngậy béo
ChIJ28IdPABbNDER4MuWJmGPQGo,HL Garden Coffee n' Chill,Nước ép cam nguyên chất,30000,ly,Ép cam sành tự nhiên nhiều vitamin C
ChIJMbTuErpUNDERn_YpZunfXeQ,Nguyên Đăng Quán,Cá kho tộ miền Tây đậm vị,87000,tộ,Cá trắm đen kho tộ sánh quyện nước hàng dừa
ChIJMbTuErpUNDERn_YpZunfXeQ,Nguyên Đăng Quán,Thịt ba chỉ rang cháy cạnh,80000,đĩa,Thịt ba chỉ ba chỉ giòn rưới mỡ hành
ChIJMbTuErpUNDERn_YpZunfXeQ,Nguyên Đăng Quán,Sườn non xào chua ngọt,75000,đĩa,Sườn non xào cùng dứa và ớt chuông sốt chua cay
ChIJMbTuErpUNDERn_YpZunfXeQ,Nguyên Đăng Quán,Rau muống luộc dầm sấu / xào tỏi,27000,đĩa,Rau muống tươi xanh luộc chấm nước mắm chanh ớt
ChIJMbTuErpUNDERn_YpZunfXeQ,Nguyên Đăng Quán,Canh riêu cua đồng cà pháo,45000,bát,Canh cua đồng mát lạnh ăn kèm cà pháo giòn tan
ChIJMbTuErpUNDERn_YpZunfXeQ,Nguyên Đăng Quán,Cơm trắng gạo tám thơm,12000,niêu,Niêu cơm gạo tám dẻo thơm
ChIJhZVOZT5bNDERjdqhNWPYdSQ,Nhà Hàng Vua Cá,Cá kho tộ miền Tây đậm vị,83000,tộ,Cá trắm đen kho tộ sánh quyện nước hàng dừa
ChIJhZVOZT5bNDERjdqhNWPYdSQ,Nhà Hàng Vua Cá,Thịt ba chỉ rang cháy cạnh,77000,đĩa,Thịt ba chỉ ba chỉ giòn rưới mỡ hành
ChIJhZVOZT5bNDERjdqhNWPYdSQ,Nhà Hàng Vua Cá,Sườn non xào chua ngọt,85000,đĩa,Sườn non xào cùng dứa và ớt chuông sốt chua cay
ChIJhZVOZT5bNDERjdqhNWPYdSQ,Nhà Hàng Vua Cá,Rau muống luộc dầm sấu / xào tỏi,27000,đĩa,Rau muống tươi xanh luộc chấm nước mắm chanh ớt
ChIJhZVOZT5bNDERjdqhNWPYdSQ,Nhà Hàng Vua Cá,Canh riêu cua đồng cà pháo,43000,bát,Canh cua đồng mát lạnh ăn kèm cà pháo giòn tan
ChIJhZVOZT5bNDERjdqhNWPYdSQ,Nhà Hàng Vua Cá,Cơm trắng gạo tám thơm,18000,niêu,Niêu cơm gạo tám dẻo thơm
ChIJSxK7JohbNDERx_tngzMUnBY,Quán lòng Hạ Bằng,Cá kho tộ miền Tây đậm vị,90000,tộ,Cá trắm đen kho tộ sánh quyện nước hàng dừa
ChIJSxK7JohbNDERx_tngzMUnBY,Quán lòng Hạ Bằng,Thịt ba chỉ rang cháy cạnh,77000,đĩa,Thịt ba chỉ ba chỉ giòn rưới mỡ hành
ChIJSxK7JohbNDERx_tngzMUnBY,Quán lòng Hạ Bằng,Sườn non xào chua ngọt,78000,đĩa,Sườn non xào cùng dứa và ớt chuông sốt chua cay
ChIJSxK7JohbNDERx_tngzMUnBY,Quán lòng Hạ Bằng,Rau muống luộc dầm sấu / xào tỏi,33000,đĩa,Rau muống tươi xanh luộc chấm nước mắm chanh ớt
ChIJSxK7JohbNDERx_tngzMUnBY,Quán lòng Hạ Bằng,Canh riêu cua đồng cà pháo,43000,bát,Canh cua đồng mát lạnh ăn kèm cà pháo giòn tan
ChIJSxK7JohbNDERx_tngzMUnBY,Quán lòng Hạ Bằng,Cơm trắng gạo tám thơm,12000,niêu,Niêu cơm gạo tám dẻo thơm
ChIJL65-BQVbNDERP27tefgocNI,Nhà Hàng Hương Thịnh,Cá kho tộ miền Tây đậm vị,83000,tộ,Cá trắm đen kho tộ sánh quyện nước hàng dừa
ChIJL65-BQVbNDERP27tefgocNI,Nhà Hàng Hương Thịnh,Thịt ba chỉ rang cháy cạnh,70000,đĩa,Thịt ba chỉ ba chỉ giòn rưới mỡ hành
ChIJL65-BQVbNDERP27tefgocNI,Nhà Hàng Hương Thịnh,Sườn non xào chua ngọt,82000,đĩa,Sườn non xào cùng dứa và ớt chuông sốt chua cay
ChIJL65-BQVbNDERP27tefgocNI,Nhà Hàng Hương Thịnh,Rau muống luộc dầm sấu / xào tỏi,30000,đĩa,Rau muống tươi xanh luộc chấm nước mắm chanh ớt
ChIJL65-BQVbNDERP27tefgocNI,Nhà Hàng Hương Thịnh,Canh riêu cua đồng cà pháo,43000,bát,Canh cua đồng mát lạnh ăn kèm cà pháo giòn tan
ChIJL65-BQVbNDERP27tefgocNI,Nhà Hàng Hương Thịnh,Cơm trắng gạo tám thơm,18000,niêu,Niêu cơm gạo tám dẻo thơm
ChIJKbXhxpZbNDERah6WMjXNsGc,Quán Chú Béo,Cá kho tộ miền Tây đậm vị,90000,tộ,Cá trắm đen kho tộ sánh quyện nước hàng dừa
ChIJKbXhxpZbNDERah6WMjXNsGc,Quán Chú Béo,Thịt ba chỉ rang cháy cạnh,70000,đĩa,Thịt ba chỉ ba chỉ giòn rưới mỡ hành
ChIJKbXhxpZbNDERah6WMjXNsGc,Quán Chú Béo,Sườn non xào chua ngọt,82000,đĩa,Sườn non xào cùng dứa và ớt chuông sốt chua cay
ChIJKbXhxpZbNDERah6WMjXNsGc,Quán Chú Béo,Rau muống luộc dầm sấu / xào tỏi,27000,đĩa,Rau muống tươi xanh luộc chấm nước mắm chanh ớt
ChIJKbXhxpZbNDERah6WMjXNsGc,Quán Chú Béo,Canh riêu cua đồng cà pháo,47000,bát,Canh cua đồng mát lạnh ăn kèm cà pháo giòn tan
ChIJKbXhxpZbNDERah6WMjXNsGc,Quán Chú Béo,Cơm trắng gạo tám thơm,12000,niêu,Niêu cơm gạo tám dẻo thơm
ChIJSQdIFmFbNDERX-DkSRV7Xow,Sài Gòn Cafe Trà Chanh,Cà phê đen đá pha phin,25000,ly,Cà phê đen truyền thống đậm đà
ChIJSQdIFmFbNDERX-DkSRV7Xow,Sài Gòn Cafe Trà Chanh,Cà phê sữa đá,22000,ly,Cà phê sữa pha phin béo ngậy
ChIJSQdIFmFbNDERX-DkSRV7Xow,Sài Gòn Cafe Trà Chanh,Bạc xỉu cốt dừa,33000,ly,Nhiều sữa béo ngậy vị dừa hòa quyện chút cà phê
ChIJSQdIFmFbNDERX-DkSRV7Xow,Sài Gòn Cafe Trà Chanh,Trà đào cam sả,33000,ly,Trà đào thơm mát kết hợp lát đào cam tươi sả thơm
ChIJSQdIFmFbNDERX-DkSRV7Xow,Sài Gòn Cafe Trà Chanh,Trà sữa trân châu truyền thống,35000,ly,Trà sữa đậm trà kèm trân châu đen dai giòn
ChIJSQdIFmFbNDERX-DkSRV7Xow,Sài Gòn Cafe Trà Chanh,Sinh tố bơ sáp,30000,ly,Sinh tố bơ sáp tươi ngon xay sữa đặc ngậy béo
ChIJSQdIFmFbNDERX-DkSRV7Xow,Sài Gòn Cafe Trà Chanh,Nước ép cam nguyên chất,30000,ly,Ép cam sành tự nhiên nhiều vitamin C
ChIJVwlbafJbNDERvU3tregNaFg,Osaka Coffee hoà lạc,Cà phê đen đá pha phin,25000,ly,Cà phê đen truyền thống đậm đà
ChIJVwlbafJbNDERvU3tregNaFg,Osaka Coffee hoà lạc,Cà phê sữa đá,22000,ly,Cà phê sữa pha phin béo ngậy
ChIJVwlbafJbNDERvU3tregNaFg,Osaka Coffee hoà lạc,Bạc xỉu cốt dừa,27000,ly,Nhiều sữa béo ngậy vị dừa hòa quyện chút cà phê
ChIJVwlbafJbNDERvU3tregNaFg,Osaka Coffee hoà lạc,Trà đào cam sả,40000,ly,Trà đào thơm mát kết hợp lát đào cam tươi sả thơm
ChIJVwlbafJbNDERvU3tregNaFg,Osaka Coffee hoà lạc,Trà sữa trân châu truyền thống,40000,ly,Trà sữa đậm trà kèm trân châu đen dai giòn
ChIJVwlbafJbNDERvU3tregNaFg,Osaka Coffee hoà lạc,Sinh tố bơ sáp,40000,ly,Sinh tố bơ sáp tươi ngon xay sữa đặc ngậy béo
ChIJVwlbafJbNDERvU3tregNaFg,Osaka Coffee hoà lạc,Nước ép cam nguyên chất,33000,ly,Ép cam sành tự nhiên nhiều vitamin C
ChIJTy2d5CpZNDERZFPGKVADs0I,Nhà Hàng Hải Sản Hải Phương,Cá kho tộ miền Tây đậm vị,87000,tộ,Cá trắm đen kho tộ sánh quyện nước hàng dừa
ChIJTy2d5CpZNDERZFPGKVADs0I,Nhà Hàng Hải Sản Hải Phương,Thịt ba chỉ rang cháy cạnh,80000,đĩa,Thịt ba chỉ ba chỉ giòn rưới mỡ hành
ChIJTy2d5CpZNDERZFPGKVADs0I,Nhà Hàng Hải Sản Hải Phương,Sườn non xào chua ngọt,80000,đĩa,Sườn non xào cùng dứa và ớt chuông sốt chua cay
ChIJTy2d5CpZNDERZFPGKVADs0I,Nhà Hàng Hải Sản Hải Phương,Rau muống luộc dầm sấu / xào tỏi,33000,đĩa,Rau muống tươi xanh luộc chấm nước mắm chanh ớt
ChIJTy2d5CpZNDERZFPGKVADs0I,Nhà Hàng Hải Sản Hải Phương,Canh riêu cua đồng cà pháo,45000,bát,Canh cua đồng mát lạnh ăn kèm cà pháo giòn tan
ChIJTy2d5CpZNDERZFPGKVADs0I,Nhà Hàng Hải Sản Hải Phương,Cơm trắng gạo tám thơm,15000,niêu,Niêu cơm gạo tám dẻo thơm
ChIJL4rgDqxbNDERN82akdq4EnA,Ghiền BBQ,Lẩu cua đồng sườn sụn bắp bò,360000,nồi,"Nồi lẩu riêu cua đồng nguyên chất siêu nhiều gạch, kèm bắp bò sườn sụn"
ChIJL4rgDqxbNDERN82akdq4EnA,Ghiền BBQ,Lẩu Thái hải sản chua cay,399000,nồi,"Nước lẩu Tomyum chua cay nhúng tôm, mực, ngao, nấm"
ChIJL4rgDqxbNDERN82akdq4EnA,Ghiền BBQ,Set nướng BBQ thập cẩm bò ba chỉ,309000,set,"Bắp bò, ba chỉ heo cuộn nấm kim châm tẩm sốt BBQ nướng xèo xèo"
ChIJL4rgDqxbNDERN82akdq4EnA,Ghiền BBQ,Ba chỉ bò Mỹ nhúng thêm,75000,đĩa,Thịt ba chỉ bò Mỹ thái mỏng cuốn nấm
ChIJL4rgDqxbNDERN82akdq4EnA,Ghiền BBQ,Sườn sụn non heo thêm,75000,đĩa,Sườn non giòn sần sật nhúng lẩu
ChIJL4rgDqxbNDERN82akdq4EnA,Ghiền BBQ,Rau nấm tổng hợp nhúng lẩu,27000,đĩa,"Nấm kim châm, cải thảo, rau muống tươi"
ChIJQcqgwpZbNDERqdDkIT5HefE,Cơm Nguyễn Tuấn,Cơm rang dưa bò,50000,đĩa,Cơm rang hạt giòn tơi xào cùng cải dưa chua và thịt bò tươi mềm
ChIJQcqgwpZbNDERqdDkIT5HefE,Cơm Nguyễn Tuấn,Cơm rang thập cẩm giòn,30000,đĩa,Cơm rang lạp xưởng ngô ngọt đậu hà lan rưới trứng vàng
ChIJQcqgwpZbNDERqdDkIT5HefE,Cơm Nguyễn Tuấn,Cơm thố xá xíu nóng hổi,35000,thố,"Cơm nấu niêu thố đất tạo lớp cháy giòn nhẹ, phủ thịt xá xíu đậm sốt"
ChIJQcqgwpZbNDERqdDkIT5HefE,Cơm Nguyễn Tuấn,Suất cơm bình dân tự chọn (3 món mặn + rau),30000,suất,Cơm suất bình dân đầy đặn sạch sẽ cho sinh viên và người đi làm
ChIJQcqgwpZbNDERqdDkIT5HefE,Cơm Nguyễn Tuấn,Cơm tấm sườn bì chả Sài Gòn,38000,đĩa,Cơm tấm ăn kèm sườn nướng mặn ngọt chả trứng bì heo thính và nước mắm chua cay
ChIJd3uUfXZbNDERStRucLjwWi0,Gangsta Nướng Chảo Gang,Lẩu cua đồng sườn sụn bắp bò,360000,nồi,"Nồi lẩu riêu cua đồng nguyên chất siêu nhiều gạch, kèm bắp bò sườn sụn"
ChIJd3uUfXZbNDERStRucLjwWi0,Gangsta Nướng Chảo Gang,Lẩu Thái hải sản chua cay,379000,nồi,"Nước lẩu Tomyum chua cay nhúng tôm, mực, ngao, nấm"
ChIJd3uUfXZbNDERStRucLjwWi0,Gangsta Nướng Chảo Gang,Set nướng BBQ thập cẩm bò ba chỉ,279000,set,"Bắp bò, ba chỉ heo cuộn nấm kim châm tẩm sốt BBQ nướng xèo xèo"
ChIJd3uUfXZbNDERStRucLjwWi0,Gangsta Nướng Chảo Gang,Ba chỉ bò Mỹ nhúng thêm,78000,đĩa,Thịt ba chỉ bò Mỹ thái mỏng cuốn nấm
ChIJd3uUfXZbNDERStRucLjwWi0,Gangsta Nướng Chảo Gang,Sườn sụn non heo thêm,70000,đĩa,Sườn non giòn sần sật nhúng lẩu
ChIJd3uUfXZbNDERStRucLjwWi0,Gangsta Nướng Chảo Gang,Rau nấm tổng hợp nhúng lẩu,30000,đĩa,"Nấm kim châm, cải thảo, rau muống tươi"
ChIJF6qydgBdNDERCvLMWgCZoPQ,Nhà Hàng Phú Cường,Cá kho tộ miền Tây đậm vị,83000,tộ,Cá trắm đen kho tộ sánh quyện nước hàng dừa
ChIJF6qydgBdNDERCvLMWgCZoPQ,Nhà Hàng Phú Cường,Thịt ba chỉ rang cháy cạnh,75000,đĩa,Thịt ba chỉ ba chỉ giòn rưới mỡ hành
ChIJF6qydgBdNDERCvLMWgCZoPQ,Nhà Hàng Phú Cường,Sườn non xào chua ngọt,78000,đĩa,Sườn non xào cùng dứa và ớt chuông sốt chua cay
ChIJF6qydgBdNDERCvLMWgCZoPQ,Nhà Hàng Phú Cường,Rau muống luộc dầm sấu / xào tỏi,30000,đĩa,Rau muống tươi xanh luộc chấm nước mắm chanh ớt
ChIJF6qydgBdNDERCvLMWgCZoPQ,Nhà Hàng Phú Cường,Canh riêu cua đồng cà pháo,47000,bát,Canh cua đồng mát lạnh ăn kèm cà pháo giòn tan
ChIJF6qydgBdNDERCvLMWgCZoPQ,Nhà Hàng Phú Cường,Cơm trắng gạo tám thơm,15000,niêu,Niêu cơm gạo tám dẻo thơm
ChIJtz0AOxdbNDERtL9zzfMEF28,Nhà Hàng Lẩu Trâu Sơn Hải,Thịt trâu xào lá lốt,140000,đĩa,Thịt trâu tươi mềm ngọt xào lá lốt thơm lừng
ChIJtz0AOxdbNDERtL9zzfMEF28,Nhà Hàng Lẩu Trâu Sơn Hải,Thịt trâu nhúng mẻ chua cay,140000,đĩa,Thịt trâu nhúng nước dùng mẻ chua thanh nhẹ
ChIJtz0AOxdbNDERtL9zzfMEF28,Nhà Hàng Lẩu Trâu Sơn Hải,Dê tái chanh chấm tương gừng,140000,đĩa,Thịt dê núi hấp tái trộn vừng sả lá chanh
ChIJtz0AOxdbNDERtL9zzfMEF28,Nhà Hàng Lẩu Trâu Sơn Hải,Dê né bản gang,150000,đĩa,Dê xào nóng hổi trên bản gang kèm đậu bắp
ChIJtz0AOxdbNDERtL9zzfMEF28,Nhà Hàng Lẩu Trâu Sơn Hải,Lẩu dê núi nhúng mẻ,409000,nồi,Nồi lẩu dê núi ré thơm ngon kèm rau nhúng đặc sản
ChIJtz0AOxdbNDERtL9zzfMEF28,Nhà Hàng Lẩu Trâu Sơn Hải,Cơm cháy sốt dê,72000,đĩa,Cơm cháy giòn tan rưới nước sốt dê đậm vị
ChIJ7xBwXXBbNDERceXz7JzEn-c,Ẩm Thực Đồng Quê,Cá kho tộ miền Tây đậm vị,87000,tộ,Cá trắm đen kho tộ sánh quyện nước hàng dừa
ChIJ7xBwXXBbNDERceXz7JzEn-c,Ẩm Thực Đồng Quê,Thịt ba chỉ rang cháy cạnh,73000,đĩa,Thịt ba chỉ ba chỉ giòn rưới mỡ hành
ChIJ7xBwXXBbNDERceXz7JzEn-c,Ẩm Thực Đồng Quê,Sườn non xào chua ngọt,82000,đĩa,Sườn non xào cùng dứa và ớt chuông sốt chua cay
ChIJ7xBwXXBbNDERceXz7JzEn-c,Ẩm Thực Đồng Quê,Rau muống luộc dầm sấu / xào tỏi,30000,đĩa,Rau muống tươi xanh luộc chấm nước mắm chanh ớt
ChIJ7xBwXXBbNDERceXz7JzEn-c,Ẩm Thực Đồng Quê,Canh riêu cua đồng cà pháo,50000,bát,Canh cua đồng mát lạnh ăn kèm cà pháo giòn tan
ChIJ7xBwXXBbNDERceXz7JzEn-c,Ẩm Thực Đồng Quê,Cơm trắng gạo tám thơm,18000,niêu,Niêu cơm gạo tám dẻo thơm
ChIJozWt2klaNDER-irKieKTcKo,Lẩu chó Vinh Bính,Lẩu cua đồng sườn sụn bắp bò,370000,nồi,"Nồi lẩu riêu cua đồng nguyên chất siêu nhiều gạch, kèm bắp bò sườn sụn"
ChIJozWt2klaNDER-irKieKTcKo,Lẩu chó Vinh Bính,Lẩu Thái hải sản chua cay,379000,nồi,"Nước lẩu Tomyum chua cay nhúng tôm, mực, ngao, nấm"
ChIJozWt2klaNDER-irKieKTcKo,Lẩu chó Vinh Bính,Set nướng BBQ thập cẩm bò ba chỉ,299000,set,"Bắp bò, ba chỉ heo cuộn nấm kim châm tẩm sốt BBQ nướng xèo xèo"
ChIJozWt2klaNDER-irKieKTcKo,Lẩu chó Vinh Bính,Ba chỉ bò Mỹ nhúng thêm,80000,đĩa,Thịt ba chỉ bò Mỹ thái mỏng cuốn nấm
ChIJozWt2klaNDER-irKieKTcKo,Lẩu chó Vinh Bính,Sườn sụn non heo thêm,73000,đĩa,Sườn non giòn sần sật nhúng lẩu
ChIJozWt2klaNDER-irKieKTcKo,Lẩu chó Vinh Bính,Rau nấm tổng hợp nhúng lẩu,33000,đĩa,"Nấm kim châm, cải thảo, rau muống tươi"
ChIJ7fOQNvZbNDERXBREa5JXDbo,Tiệm Nhà Thương,Cà phê đen đá pha phin,22000,ly,Cà phê đen truyền thống đậm đà
ChIJ7fOQNvZbNDERXBREa5JXDbo,Tiệm Nhà Thương,Cà phê sữa đá,25000,ly,Cà phê sữa pha phin béo ngậy
ChIJ7fOQNvZbNDERXBREa5JXDbo,Tiệm Nhà Thương,Bạc xỉu cốt dừa,27000,ly,Nhiều sữa béo ngậy vị dừa hòa quyện chút cà phê
ChIJ7fOQNvZbNDERXBREa5JXDbo,Tiệm Nhà Thương,Trà đào cam sả,33000,ly,Trà đào thơm mát kết hợp lát đào cam tươi sả thơm
ChIJ7fOQNvZbNDERXBREa5JXDbo,Tiệm Nhà Thương,Trà sữa trân châu truyền thống,40000,ly,Trà sữa đậm trà kèm trân châu đen dai giòn
ChIJ7fOQNvZbNDERXBREa5JXDbo,Tiệm Nhà Thương,Sinh tố bơ sáp,33000,ly,Sinh tố bơ sáp tươi ngon xay sữa đặc ngậy béo
ChIJ7fOQNvZbNDERXBREa5JXDbo,Tiệm Nhà Thương,Nước ép cam nguyên chất,33000,ly,Ép cam sành tự nhiên nhiều vitamin C
ChIJxaIua8dbNDERMDnc0aXEcg8,Quán Vịt Vân Hiền,Cá kho tộ miền Tây đậm vị,80000,tộ,Cá trắm đen kho tộ sánh quyện nước hàng dừa
ChIJxaIua8dbNDERMDnc0aXEcg8,Quán Vịt Vân Hiền,Thịt ba chỉ rang cháy cạnh,73000,đĩa,Thịt ba chỉ ba chỉ giòn rưới mỡ hành
ChIJxaIua8dbNDERMDnc0aXEcg8,Quán Vịt Vân Hiền,Sườn non xào chua ngọt,78000,đĩa,Sườn non xào cùng dứa và ớt chuông sốt chua cay
ChIJxaIua8dbNDERMDnc0aXEcg8,Quán Vịt Vân Hiền,Rau muống luộc dầm sấu / xào tỏi,33000,đĩa,Rau muống tươi xanh luộc chấm nước mắm chanh ớt
ChIJxaIua8dbNDERMDnc0aXEcg8,Quán Vịt Vân Hiền,Canh riêu cua đồng cà pháo,50000,bát,Canh cua đồng mát lạnh ăn kèm cà pháo giòn tan
ChIJxaIua8dbNDERMDnc0aXEcg8,Quán Vịt Vân Hiền,Cơm trắng gạo tám thơm,18000,niêu,Niêu cơm gạo tám dẻo thơm
ChIJsSHzQDpbNDER3QqvgnlSwYE,Nhà Sàn Cá Lăng Anh Dũng,Cá kho tộ miền Tây đậm vị,90000,tộ,Cá trắm đen kho tộ sánh quyện nước hàng dừa
ChIJsSHzQDpbNDER3QqvgnlSwYE,Nhà Sàn Cá Lăng Anh Dũng,Thịt ba chỉ rang cháy cạnh,80000,đĩa,Thịt ba chỉ ba chỉ giòn rưới mỡ hành
ChIJsSHzQDpbNDER3QqvgnlSwYE,Nhà Sàn Cá Lăng Anh Dũng,Sườn non xào chua ngọt,82000,đĩa,Sườn non xào cùng dứa và ớt chuông sốt chua cay
ChIJsSHzQDpbNDER3QqvgnlSwYE,Nhà Sàn Cá Lăng Anh Dũng,Rau muống luộc dầm sấu / xào tỏi,27000,đĩa,Rau muống tươi xanh luộc chấm nước mắm chanh ớt
ChIJsSHzQDpbNDER3QqvgnlSwYE,Nhà Sàn Cá Lăng Anh Dũng,Canh riêu cua đồng cà pháo,47000,bát,Canh cua đồng mát lạnh ăn kèm cà pháo giòn tan
ChIJsSHzQDpbNDER3QqvgnlSwYE,Nhà Sàn Cá Lăng Anh Dũng,Cơm trắng gạo tám thơm,15000,niêu,Niêu cơm gạo tám dẻo thơm
ChIJex6l_P5bNDERrKgu36UvtRU,Vườn Ẩm Thực Tuấn Thoan,Cá kho tộ miền Tây đậm vị,83000,tộ,Cá trắm đen kho tộ sánh quyện nước hàng dừa
ChIJex6l_P5bNDERrKgu36UvtRU,Vườn Ẩm Thực Tuấn Thoan,Thịt ba chỉ rang cháy cạnh,77000,đĩa,Thịt ba chỉ ba chỉ giòn rưới mỡ hành
ChIJex6l_P5bNDERrKgu36UvtRU,Vườn Ẩm Thực Tuấn Thoan,Sườn non xào chua ngọt,80000,đĩa,Sườn non xào cùng dứa và ớt chuông sốt chua cay
ChIJex6l_P5bNDERrKgu36UvtRU,Vườn Ẩm Thực Tuấn Thoan,Rau muống luộc dầm sấu / xào tỏi,27000,đĩa,Rau muống tươi xanh luộc chấm nước mắm chanh ớt
ChIJex6l_P5bNDERrKgu36UvtRU,Vườn Ẩm Thực Tuấn Thoan,Canh riêu cua đồng cà pháo,50000,bát,Canh cua đồng mát lạnh ăn kèm cà pháo giòn tan
ChIJex6l_P5bNDERrKgu36UvtRU,Vườn Ẩm Thực Tuấn Thoan,Cơm trắng gạo tám thơm,15000,niêu,Niêu cơm gạo tám dẻo thơm
ChIJmdYnPwJbNDERklqjc5FAASo,ToTa Coffee,Cà phê đen đá pha phin,25000,ly,Cà phê đen truyền thống đậm đà
ChIJmdYnPwJbNDERklqjc5FAASo,ToTa Coffee,Cà phê sữa đá,25000,ly,Cà phê sữa pha phin béo ngậy
ChIJmdYnPwJbNDERklqjc5FAASo,ToTa Coffee,Bạc xỉu cốt dừa,27000,ly,Nhiều sữa béo ngậy vị dừa hòa quyện chút cà phê
ChIJmdYnPwJbNDERklqjc5FAASo,ToTa Coffee,Trà đào cam sả,37000,ly,Trà đào thơm mát kết hợp lát đào cam tươi sả thơm
ChIJmdYnPwJbNDERklqjc5FAASo,ToTa Coffee,Trà sữa trân châu truyền thống,37000,ly,Trà sữa đậm trà kèm trân châu đen dai giòn
ChIJmdYnPwJbNDERklqjc5FAASo,ToTa Coffee,Sinh tố bơ sáp,33000,ly,Sinh tố bơ sáp tươi ngon xay sữa đặc ngậy béo
ChIJmdYnPwJbNDERklqjc5FAASo,ToTa Coffee,Nước ép cam nguyên chất,27000,ly,Ép cam sành tự nhiên nhiều vitamin C
ChIJEYiITwBbNDER3WtawC8TXHs,England Coffee,Cà phê đen đá pha phin,22000,ly,Cà phê đen truyền thống đậm đà
ChIJEYiITwBbNDER3WtawC8TXHs,England Coffee,Cà phê sữa đá,22000,ly,Cà phê sữa pha phin béo ngậy
ChIJEYiITwBbNDER3WtawC8TXHs,England Coffee,Bạc xỉu cốt dừa,30000,ly,Nhiều sữa béo ngậy vị dừa hòa quyện chút cà phê
ChIJEYiITwBbNDER3WtawC8TXHs,England Coffee,Trà đào cam sả,33000,ly,Trà đào thơm mát kết hợp lát đào cam tươi sả thơm
ChIJEYiITwBbNDER3WtawC8TXHs,England Coffee,Trà sữa trân châu truyền thống,35000,ly,Trà sữa đậm trà kèm trân châu đen dai giòn
ChIJEYiITwBbNDER3WtawC8TXHs,England Coffee,Sinh tố bơ sáp,40000,ly,Sinh tố bơ sáp tươi ngon xay sữa đặc ngậy béo
ChIJEYiITwBbNDER3WtawC8TXHs,England Coffee,Nước ép cam nguyên chất,27000,ly,Ép cam sành tự nhiên nhiều vitamin C
ChIJ6QhXa15bNDERlv3Yk27NFMI,Karaoke Minh Dũng,"Đĩa hoa quả thập cẩm lớn (Dưa hấu, ổi, xoài, nho)",140000,đĩa,Hoa quả tươi ngon cắt lát đẹp mắt
ChIJ6QhXa15bNDERlv3Yk27NFMI,Karaoke Minh Dũng,Khô mực nướng cồn,190000,con,Mực khô Vân Đồn nướng cồn xé tay
ChIJ6QhXa15bNDERlv3Yk27NFMI,Karaoke Minh Dũng,Thịt bò khô xé sợi vắt chanh,85000,đĩa,Bò khô sợi cay cay ngọt ngọt
ChIJ6QhXa15bNDERlv3Yk27NFMI,Karaoke Minh Dũng,Khoai tây chiên lắc phô mai,43000,đĩa,Khoai tây chiên giòn tan phủ bột phô mai
ChIJ6QhXa15bNDERlv3Yk27NFMI,Karaoke Minh Dũng,Hạt hướng dương sạch,20000,đĩa,Hạt hướng dương rang thơm
ChIJ6QhXa15bNDERlv3Yk27NFMI,Karaoke Minh Dũng,Bia Heineken lon,22000,lon,Bia ngoại ướp lạnh sẵn
ChIJ6QhXa15bNDERlv3Yk27NFMI,Karaoke Minh Dũng,Bia Hà Nội lon,21000,lon,Bia nội truyền thống
ChIJ6QhXa15bNDERlv3Yk27NFMI,Karaoke Minh Dũng,Nước ngọt Coca-Cola / Sting,15000,lon,Nước ngọt các loại phục vụ lạnh
ChIJK_7gTgBbNDERHfCYyiBoq3M,An Coffee,Cà phê đen đá pha phin,22000,ly,Cà phê đen truyền thống đậm đà
ChIJK_7gTgBbNDERHfCYyiBoq3M,An Coffee,Cà phê sữa đá,25000,ly,Cà phê sữa pha phin béo ngậy
ChIJK_7gTgBbNDERHfCYyiBoq3M,An Coffee,Bạc xỉu cốt dừa,27000,ly,Nhiều sữa béo ngậy vị dừa hòa quyện chút cà phê
ChIJK_7gTgBbNDERHfCYyiBoq3M,An Coffee,Trà đào cam sả,37000,ly,Trà đào thơm mát kết hợp lát đào cam tươi sả thơm
ChIJK_7gTgBbNDERHfCYyiBoq3M,An Coffee,Trà sữa trân châu truyền thống,33000,ly,Trà sữa đậm trà kèm trân châu đen dai giòn
ChIJK_7gTgBbNDERHfCYyiBoq3M,An Coffee,Sinh tố bơ sáp,33000,ly,Sinh tố bơ sáp tươi ngon xay sữa đặc ngậy béo
ChIJK_7gTgBbNDERHfCYyiBoq3M,An Coffee,Nước ép cam nguyên chất,33000,ly,Ép cam sành tự nhiên nhiều vitamin C
ChIJHSwPCwBbNDERKiETjf0Az4A,Chu Choa,Lẩu cua đồng sườn sụn bắp bò,370000,nồi,"Nồi lẩu riêu cua đồng nguyên chất siêu nhiều gạch, kèm bắp bò sườn sụn"
ChIJHSwPCwBbNDERKiETjf0Az4A,Chu Choa,Lẩu Thái hải sản chua cay,379000,nồi,"Nước lẩu Tomyum chua cay nhúng tôm, mực, ngao, nấm"
ChIJHSwPCwBbNDERKiETjf0Az4A,Chu Choa,Set nướng BBQ thập cẩm bò ba chỉ,319000,set,"Bắp bò, ba chỉ heo cuộn nấm kim châm tẩm sốt BBQ nướng xèo xèo"
ChIJHSwPCwBbNDERKiETjf0Az4A,Chu Choa,Ba chỉ bò Mỹ nhúng thêm,80000,đĩa,Thịt ba chỉ bò Mỹ thái mỏng cuốn nấm
ChIJHSwPCwBbNDERKiETjf0Az4A,Chu Choa,Sườn sụn non heo thêm,80000,đĩa,Sườn non giòn sần sật nhúng lẩu
ChIJHSwPCwBbNDERKiETjf0Az4A,Chu Choa,Rau nấm tổng hợp nhúng lẩu,30000,đĩa,"Nấm kim châm, cải thảo, rau muống tươi"
ChIJW3aVu05bNDERFfxsKl_po70,Mỳ cay Hola,Cá kho tộ miền Tây đậm vị,85000,tộ,Cá trắm đen kho tộ sánh quyện nước hàng dừa
ChIJW3aVu05bNDERFfxsKl_po70,Mỳ cay Hola,Thịt ba chỉ rang cháy cạnh,80000,đĩa,Thịt ba chỉ ba chỉ giòn rưới mỡ hành
ChIJW3aVu05bNDERFfxsKl_po70,Mỳ cay Hola,Sườn non xào chua ngọt,82000,đĩa,Sườn non xào cùng dứa và ớt chuông sốt chua cay
ChIJW3aVu05bNDERFfxsKl_po70,Mỳ cay Hola,Rau muống luộc dầm sấu / xào tỏi,33000,đĩa,Rau muống tươi xanh luộc chấm nước mắm chanh ớt
ChIJW3aVu05bNDERFfxsKl_po70,Mỳ cay Hola,Canh riêu cua đồng cà pháo,47000,bát,Canh cua đồng mát lạnh ăn kèm cà pháo giòn tan
ChIJW3aVu05bNDERFfxsKl_po70,Mỳ cay Hola,Cơm trắng gạo tám thơm,12000,niêu,Niêu cơm gạo tám dẻo thơm
ChIJtc9jJQBbNDERnw4YCfugYoI,Gà Tươi Mạnh Hoạch,Gà ri hấp lá chanh (Cả con),210000,con,Gà ri đồi nuôi thả tự nhiên dai ngọt da vàng giòn
ChIJtc9jJQBbNDERnw4YCfugYoI,Gà Tươi Mạnh Hoạch,Gà ri nướng mật ong (Cả con),260000,con,Gà ri nướng mật ong thơm phức vàng óng
ChIJtc9jJQBbNDERnw4YCfugYoI,Gà Tươi Mạnh Hoạch,Gà rang muối tỏi,130000,đĩa,Gà ta chặt miếng rang muối đậm đà sần sật
ChIJtc9jJQBbNDERnw4YCfugYoI,Gà Tươi Mạnh Hoạch,Lẩu gà ri thuốc bắc,340000,nồi,Nồi lẩu gà ri thuốc bắc bổ dưỡng kèm rau nấm
ChIJtc9jJQBbNDERnw4YCfugYoI,Gà Tươi Mạnh Hoạch,Xôi chim câu hành phi,85000,đĩa,Xôi nếp dẻo thơm ăn kèm thịt chim câu băm nhỏ
ChIJtc9jJQBbNDERnw4YCfugYoI,Gà Tươi Mạnh Hoạch,Lòng mề gà xào mướp giá,68000,đĩa,Lòng mề gà ri giòn xào mướp hương thơm phức
ChIJ7UDKZABbNDERAkwqWIIAz0k,Bún Bảy Cường,Xôi xéo ruốc hành phi,23000,đĩa,Xôi xéo thơm nếp dẻo mỡ hành phi
ChIJ7UDKZABbNDERAkwqWIIAz0k,Bún Bảy Cường,Bánh mì pate trứng giò,22000,cái,"Bánh mì giòn kẹp pate nhà làm, trứng ốp la, giò lụa"
ChIJ7UDKZABbNDERAkwqWIIAz0k,Bún Bảy Cường,Sữa đậu nành nóng,7000,cốc,Sữa đậu nành nguyên chất
ChIJ7UDKZABbNDERAkwqWIIAz0k,Bún Bảy Cường,Trà đá,3000,cốc,Trà giải khát sáng sớm
ChIJU3mZ5zlbNDERzpGMWg5zcgo,Mộc Coffee & Tea,Cà phê đen đá pha phin,25000,ly,Cà phê đen truyền thống đậm đà
ChIJU3mZ5zlbNDERzpGMWg5zcgo,Mộc Coffee & Tea,Cà phê sữa đá,22000,ly,Cà phê sữa pha phin béo ngậy
ChIJU3mZ5zlbNDERzpGMWg5zcgo,Mộc Coffee & Tea,Bạc xỉu cốt dừa,33000,ly,Nhiều sữa béo ngậy vị dừa hòa quyện chút cà phê
ChIJU3mZ5zlbNDERzpGMWg5zcgo,Mộc Coffee & Tea,Trà đào cam sả,30000,ly,Trà đào thơm mát kết hợp lát đào cam tươi sả thơm
ChIJU3mZ5zlbNDERzpGMWg5zcgo,Mộc Coffee & Tea,Trà sữa trân châu truyền thống,35000,ly,Trà sữa đậm trà kèm trân châu đen dai giòn
ChIJU3mZ5zlbNDERzpGMWg5zcgo,Mộc Coffee & Tea,Sinh tố bơ sáp,35000,ly,Sinh tố bơ sáp tươi ngon xay sữa đặc ngậy béo
ChIJU3mZ5zlbNDERzpGMWg5zcgo,Mộc Coffee & Tea,Nước ép cam nguyên chất,27000,ly,Ép cam sành tự nhiên nhiều vitamin C
ChIJF4ricM1bNDERV6sFjagPli0,Hùng Béo Quán,Cá kho tộ miền Tây đậm vị,85000,tộ,Cá trắm đen kho tộ sánh quyện nước hàng dừa
ChIJF4ricM1bNDERV6sFjagPli0,Hùng Béo Quán,Thịt ba chỉ rang cháy cạnh,75000,đĩa,Thịt ba chỉ ba chỉ giòn rưới mỡ hành
ChIJF4ricM1bNDERV6sFjagPli0,Hùng Béo Quán,Sườn non xào chua ngọt,85000,đĩa,Sườn non xào cùng dứa và ớt chuông sốt chua cay
ChIJF4ricM1bNDERV6sFjagPli0,Hùng Béo Quán,Rau muống luộc dầm sấu / xào tỏi,33000,đĩa,Rau muống tươi xanh luộc chấm nước mắm chanh ớt
ChIJF4ricM1bNDERV6sFjagPli0,Hùng Béo Quán,Canh riêu cua đồng cà pháo,47000,bát,Canh cua đồng mát lạnh ăn kèm cà pháo giòn tan
ChIJF4ricM1bNDERV6sFjagPli0,Hùng Béo Quán,Cơm trắng gạo tám thơm,15000,niêu,Niêu cơm gạo tám dẻo thơm
ChIJuWbi88hbNDER22nlw1M1TQA,Music Cafe Điểm Hẹn,Cà phê đen đá pha phin,25000,ly,Cà phê đen truyền thống đậm đà
ChIJuWbi88hbNDER22nlw1M1TQA,Music Cafe Điểm Hẹn,Cà phê sữa đá,22000,ly,Cà phê sữa pha phin béo ngậy
ChIJuWbi88hbNDER22nlw1M1TQA,Music Cafe Điểm Hẹn,Bạc xỉu cốt dừa,30000,ly,Nhiều sữa béo ngậy vị dừa hòa quyện chút cà phê
ChIJuWbi88hbNDER22nlw1M1TQA,Music Cafe Điểm Hẹn,Trà đào cam sả,30000,ly,Trà đào thơm mát kết hợp lát đào cam tươi sả thơm
ChIJuWbi88hbNDER22nlw1M1TQA,Music Cafe Điểm Hẹn,Trà sữa trân châu truyền thống,35000,ly,Trà sữa đậm trà kèm trân châu đen dai giòn
ChIJuWbi88hbNDER22nlw1M1TQA,Music Cafe Điểm Hẹn,Sinh tố bơ sáp,37000,ly,Sinh tố bơ sáp tươi ngon xay sữa đặc ngậy béo
ChIJuWbi88hbNDER22nlw1M1TQA,Music Cafe Điểm Hẹn,Nước ép cam nguyên chất,30000,ly,Ép cam sành tự nhiên nhiều vitamin C
ChIJOxLZewBbNDERRirOjlGe5fI,Chill Base Cafe,Cà phê đen đá pha phin,22000,ly,Cà phê đen truyền thống đậm đà
ChIJOxLZewBbNDERRirOjlGe5fI,Chill Base Cafe,Cà phê sữa đá,25000,ly,Cà phê sữa pha phin béo ngậy
ChIJOxLZewBbNDERRirOjlGe5fI,Chill Base Cafe,Bạc xỉu cốt dừa,30000,ly,Nhiều sữa béo ngậy vị dừa hòa quyện chút cà phê
ChIJOxLZewBbNDERRirOjlGe5fI,Chill Base Cafe,Trà đào cam sả,35000,ly,Trà đào thơm mát kết hợp lát đào cam tươi sả thơm
ChIJOxLZewBbNDERRirOjlGe5fI,Chill Base Cafe,Trà sữa trân châu truyền thống,37000,ly,Trà sữa đậm trà kèm trân châu đen dai giòn
ChIJOxLZewBbNDERRirOjlGe5fI,Chill Base Cafe,Sinh tố bơ sáp,33000,ly,Sinh tố bơ sáp tươi ngon xay sữa đặc ngậy béo
ChIJOxLZewBbNDERRirOjlGe5fI,Chill Base Cafe,Nước ép cam nguyên chất,27000,ly,Ép cam sành tự nhiên nhiều vitamin C
ChIJMygyAQBbNDERL3_yQb944a0,LaBoong,Cà phê đen đá pha phin,25000,ly,Cà phê đen truyền thống đậm đà
ChIJMygyAQBbNDERL3_yQb944a0,LaBoong,Cà phê sữa đá,22000,ly,Cà phê sữa pha phin béo ngậy
ChIJMygyAQBbNDERL3_yQb944a0,LaBoong,Bạc xỉu cốt dừa,33000,ly,Nhiều sữa béo ngậy vị dừa hòa quyện chút cà phê
ChIJMygyAQBbNDERL3_yQb944a0,LaBoong,Trà đào cam sả,40000,ly,Trà đào thơm mát kết hợp lát đào cam tươi sả thơm
ChIJMygyAQBbNDERL3_yQb944a0,LaBoong,Trà sữa trân châu truyền thống,30000,ly,Trà sữa đậm trà kèm trân châu đen dai giòn
ChIJMygyAQBbNDERL3_yQb944a0,LaBoong,Sinh tố bơ sáp,40000,ly,Sinh tố bơ sáp tươi ngon xay sữa đặc ngậy béo
ChIJMygyAQBbNDERL3_yQb944a0,LaBoong,Nước ép cam nguyên chất,30000,ly,Ép cam sành tự nhiên nhiều vitamin C
ChIJz8LXUgBbNDERrNejePkR78s,Dohalive Organic Coffee,Cà phê đen đá pha phin,19000,ly,Cà phê đen truyền thống đậm đà
ChIJz8LXUgBbNDERrNejePkR78s,Dohalive Organic Coffee,Cà phê sữa đá,25000,ly,Cà phê sữa pha phin béo ngậy
ChIJz8LXUgBbNDERrNejePkR78s,Dohalive Organic Coffee,Bạc xỉu cốt dừa,30000,ly,Nhiều sữa béo ngậy vị dừa hòa quyện chút cà phê
ChIJz8LXUgBbNDERrNejePkR78s,Dohalive Organic Coffee,Trà đào cam sả,30000,ly,Trà đào thơm mát kết hợp lát đào cam tươi sả thơm
ChIJz8LXUgBbNDERrNejePkR78s,Dohalive Organic Coffee,Trà sữa trân châu truyền thống,33000,ly,Trà sữa đậm trà kèm trân châu đen dai giòn
ChIJz8LXUgBbNDERrNejePkR78s,Dohalive Organic Coffee,Sinh tố bơ sáp,37000,ly,Sinh tố bơ sáp tươi ngon xay sữa đặc ngậy béo
ChIJz8LXUgBbNDERrNejePkR78s,Dohalive Organic Coffee,Nước ép cam nguyên chất,30000,ly,Ép cam sành tự nhiên nhiều vitamin C
ChIJK2fwyupbNDEROo3ndpYaHBU,Silas de 2004 Cafe,Cà phê đen đá pha phin,22000,ly,Cà phê đen truyền thống đậm đà
ChIJK2fwyupbNDEROo3ndpYaHBU,Silas de 2004 Cafe,Cà phê sữa đá,25000,ly,Cà phê sữa pha phin béo ngậy
ChIJK2fwyupbNDEROo3ndpYaHBU,Silas de 2004 Cafe,Bạc xỉu cốt dừa,27000,ly,Nhiều sữa béo ngậy vị dừa hòa quyện chút cà phê
ChIJK2fwyupbNDEROo3ndpYaHBU,Silas de 2004 Cafe,Trà đào cam sả,37000,ly,Trà đào thơm mát kết hợp lát đào cam tươi sả thơm
ChIJK2fwyupbNDEROo3ndpYaHBU,Silas de 2004 Cafe,Trà sữa trân châu truyền thống,37000,ly,Trà sữa đậm trà kèm trân châu đen dai giòn
ChIJK2fwyupbNDEROo3ndpYaHBU,Silas de 2004 Cafe,Sinh tố bơ sáp,30000,ly,Sinh tố bơ sáp tươi ngon xay sữa đặc ngậy béo
ChIJK2fwyupbNDEROo3ndpYaHBU,Silas de 2004 Cafe,Nước ép cam nguyên chất,27000,ly,Ép cam sành tự nhiên nhiều vitamin C
ChIJ9SpkDgBZNDERQb-eKJ_lmCw,Ăn Đêm Mai Dũng,Gà rán giòn rụm tiêu cay (1 miếng),37000,miếng,Thịt gà tươi tẩm bột chiên vàng giòn da ngoài mọng nước bên trong
ChIJ9SpkDgBZNDERQb-eKJ_lmCw,Ăn Đêm Mai Dũng,Burger bò phô mai xá xíu đặc biệt,47000,chiếc,"Burger kẹp bò băm nướng lò, phô mai lát béo ngậy, sốt đặc biệt"
ChIJ9SpkDgBZNDERQb-eKJ_lmCw,Ăn Đêm Mai Dũng,Pizza xúc xích xông khói phô mai (Size 20cm),130000,chiếc,Đế pizza nướng giòn rưới đẫm phô mai Mozzarella nhập khẩu
ChIJ9SpkDgBZNDERQb-eKJ_lmCw,Ăn Đêm Mai Dũng,Khoai tây chiên giòn cọng lớn,22000,đĩa,Khoai tây vàng giòn tơi xốp ăn kèm sốt cà chua
ChIJ5d5VYFhbNDERJqtYs521ask,Cơm Nhất Linh,Cơm rang dưa bò,43000,đĩa,Cơm rang hạt giòn tơi xào cùng cải dưa chua và thịt bò tươi mềm
ChIJ5d5VYFhbNDERJqtYs521ask,Cơm Nhất Linh,Cơm rang thập cẩm giòn,37000,đĩa,Cơm rang lạp xưởng ngô ngọt đậu hà lan rưới trứng vàng
ChIJ5d5VYFhbNDERJqtYs521ask,Cơm Nhất Linh,Cơm thố xá xíu nóng hổi,35000,thố,"Cơm nấu niêu thố đất tạo lớp cháy giòn nhẹ, phủ thịt xá xíu đậm sốt"
ChIJ5d5VYFhbNDERJqtYs521ask,Cơm Nhất Linh,Suất cơm bình dân tự chọn (3 món mặn + rau),33000,suất,Cơm suất bình dân đầy đặn sạch sẽ cho sinh viên và người đi làm
ChIJ5d5VYFhbNDERJqtYs521ask,Cơm Nhất Linh,Cơm tấm sườn bì chả Sài Gòn,40000,đĩa,Cơm tấm ăn kèm sườn nướng mặn ngọt chả trứng bì heo thính và nước mắm chua cay
ChIJNTnWKgBbNDER_rky0_aB5So,Bún đậu Đồng Mô 2,"Bún đậu mắm tôm đầy đủ (Đậu, thịt chân giò, nem chua rán, chả cốm)",43000,suất,Mẹt bún đậu đầy đủ nguyên liệu tươi ngon kèm rau thơm kinh giới
ChIJNTnWKgBbNDER_rky0_aB5So,Bún đậu Đồng Mô 2,Bún đậu thường (Đậu chiên giòn),22000,suất,Bún đậu chay đơn giản với đậu phụ rán giòn
ChIJNTnWKgBbNDER_rky0_aB5So,Bún đậu Đồng Mô 2,Bún chả Hà Nội truyền thống,38000,suất,Chả miếng và chả viên nướng than hoa thơm phức trong bát nước chấm chua ngọt
ChIJNTnWKgBbNDER_rky0_aB5So,Bún đậu Đồng Mô 2,Nem cua bể chiên giòn,15000,chiếc,Nem cua bể giòn rụm nhiều nhân
ChIJNTnWKgBbNDER_rky0_aB5So,Bún đậu Đồng Mô 2,Nước sấu đá ngầm chua ngọt,15000,cốc,Đồ uống giải nhiệt cực hợp vị bún đậu
ChIJy_k8yIxdNDERZcapPAY-gZA,Bún Chả Sơn Hiền,"Bún đậu mắm tôm đầy đủ (Đậu, thịt chân giò, nem chua rán, chả cốm)",45000,suất,Mẹt bún đậu đầy đủ nguyên liệu tươi ngon kèm rau thơm kinh giới
ChIJy_k8yIxdNDERZcapPAY-gZA,Bún Chả Sơn Hiền,Bún đậu thường (Đậu chiên giòn),28000,suất,Bún đậu chay đơn giản với đậu phụ rán giòn
ChIJy_k8yIxdNDERZcapPAY-gZA,Bún Chả Sơn Hiền,Bún chả Hà Nội truyền thống,45000,suất,Chả miếng và chả viên nướng than hoa thơm phức trong bát nước chấm chua ngọt
ChIJy_k8yIxdNDERZcapPAY-gZA,Bún Chả Sơn Hiền,Nem cua bể chiên giòn,15000,chiếc,Nem cua bể giòn rụm nhiều nhân
ChIJy_k8yIxdNDERZcapPAY-gZA,Bún Chả Sơn Hiền,Nước sấu đá ngầm chua ngọt,12000,cốc,Đồ uống giải nhiệt cực hợp vị bún đậu
ChIJZQACMwBbNDERzG27AglWSIc,CƠM TẤM 998,Cơm rang dưa bò,47000,đĩa,Cơm rang hạt giòn tơi xào cùng cải dưa chua và thịt bò tươi mềm
ChIJZQACMwBbNDERzG27AglWSIc,CƠM TẤM 998,Cơm rang thập cẩm giòn,40000,đĩa,Cơm rang lạp xưởng ngô ngọt đậu hà lan rưới trứng vàng
ChIJZQACMwBbNDERzG27AglWSIc,CƠM TẤM 998,Cơm thố xá xíu nóng hổi,38000,thố,"Cơm nấu niêu thố đất tạo lớp cháy giòn nhẹ, phủ thịt xá xíu đậm sốt"
ChIJZQACMwBbNDERzG27AglWSIc,CƠM TẤM 998,Suất cơm bình dân tự chọn (3 món mặn + rau),27000,suất,Cơm suất bình dân đầy đặn sạch sẽ cho sinh viên và người đi làm
ChIJZQACMwBbNDERzG27AglWSIc,CƠM TẤM 998,Cơm tấm sườn bì chả Sài Gòn,35000,đĩa,Cơm tấm ăn kèm sườn nướng mặn ngọt chả trứng bì heo thính và nước mắm chua cay
ChIJ-Xr7WwBbNDERohYovvVkMFA,Nhà Hàng Xuân Thủy,Cá kho tộ miền Tây đậm vị,85000,tộ,Cá trắm đen kho tộ sánh quyện nước hàng dừa
ChIJ-Xr7WwBbNDERohYovvVkMFA,Nhà Hàng Xuân Thủy,Thịt ba chỉ rang cháy cạnh,80000,đĩa,Thịt ba chỉ ba chỉ giòn rưới mỡ hành
ChIJ-Xr7WwBbNDERohYovvVkMFA,Nhà Hàng Xuân Thủy,Sườn non xào chua ngọt,75000,đĩa,Sườn non xào cùng dứa và ớt chuông sốt chua cay
ChIJ-Xr7WwBbNDERohYovvVkMFA,Nhà Hàng Xuân Thủy,Rau muống luộc dầm sấu / xào tỏi,30000,đĩa,Rau muống tươi xanh luộc chấm nước mắm chanh ớt
ChIJ-Xr7WwBbNDERohYovvVkMFA,Nhà Hàng Xuân Thủy,Canh riêu cua đồng cà pháo,43000,bát,Canh cua đồng mát lạnh ăn kèm cà pháo giòn tan
ChIJ-Xr7WwBbNDERohYovvVkMFA,Nhà Hàng Xuân Thủy,Cơm trắng gạo tám thơm,18000,niêu,Niêu cơm gạo tám dẻo thơm
ChIJo5PdOABbNDERHaVyZ3AeGzw,Hẻm Cafe,Cà phê đen đá pha phin,22000,ly,Cà phê đen truyền thống đậm đà
ChIJo5PdOABbNDERHaVyZ3AeGzw,Hẻm Cafe,Cà phê sữa đá,28000,ly,Cà phê sữa pha phin béo ngậy
ChIJo5PdOABbNDERHaVyZ3AeGzw,Hẻm Cafe,Bạc xỉu cốt dừa,33000,ly,Nhiều sữa béo ngậy vị dừa hòa quyện chút cà phê
ChIJo5PdOABbNDERHaVyZ3AeGzw,Hẻm Cafe,Trà đào cam sả,35000,ly,Trà đào thơm mát kết hợp lát đào cam tươi sả thơm
ChIJo5PdOABbNDERHaVyZ3AeGzw,Hẻm Cafe,Trà sữa trân châu truyền thống,35000,ly,Trà sữa đậm trà kèm trân châu đen dai giòn
ChIJo5PdOABbNDERHaVyZ3AeGzw,Hẻm Cafe,Sinh tố bơ sáp,30000,ly,Sinh tố bơ sáp tươi ngon xay sữa đặc ngậy béo
ChIJo5PdOABbNDERHaVyZ3AeGzw,Hẻm Cafe,Nước ép cam nguyên chất,33000,ly,Ép cam sành tự nhiên nhiều vitamin C
ChIJPbrazNJbNDERK9-UUdGFFB0,Bún Phở Hường Béo,Phở chín bò ta,35000,bát,Nước dùng phở bò ninh xương ống ngọt lịm kèm thịt chín thái mỏng
ChIJPbrazNJbNDERK9-UUdGFFB0,Bún Phở Hường Béo,Phở tái chần,30000,bát,Phở bò với thịt bò tươi chần tái mềm ngọt
ChIJPbrazNJbNDERK9-UUdGFFB0,Bún Phở Hường Béo,Phở nạm gầu giòn,45000,bát,Bánh phở mềm cùng nạm bò và gầu bò giòn sần sật
ChIJPbrazNJbNDERK9-UUdGFFB0,Bún Phở Hường Béo,Phở tái lăn đặc biệt,45000,bát,Phở bò xào tái lăn thơm mùi tỏi phi
ChIJPbrazNJbNDERK9-UUdGFFB0,Bún Phở Hường Béo,Trứng gà trần,7000,quả,Trứng trần nước phở béo ngậy
ChIJPbrazNJbNDERK9-UUdGFFB0,Bún Phở Hường Béo,Quẩy giòn,8000,chiếc,Quẩy giòn ăn kèm nước phở
ChIJu2ValuRbNDERtGfR_ORxAD8,Quán Lẩu Quang Ích 68,Lẩu cua đồng sườn sụn bắp bò,330000,nồi,"Nồi lẩu riêu cua đồng nguyên chất siêu nhiều gạch, kèm bắp bò sườn sụn"
ChIJu2ValuRbNDERtGfR_ORxAD8,Quán Lẩu Quang Ích 68,Lẩu Thái hải sản chua cay,399000,nồi,"Nước lẩu Tomyum chua cay nhúng tôm, mực, ngao, nấm"
ChIJu2ValuRbNDERtGfR_ORxAD8,Quán Lẩu Quang Ích 68,Set nướng BBQ thập cẩm bò ba chỉ,289000,set,"Bắp bò, ba chỉ heo cuộn nấm kim châm tẩm sốt BBQ nướng xèo xèo"
ChIJu2ValuRbNDERtGfR_ORxAD8,Quán Lẩu Quang Ích 68,Ba chỉ bò Mỹ nhúng thêm,85000,đĩa,Thịt ba chỉ bò Mỹ thái mỏng cuốn nấm
ChIJu2ValuRbNDERtGfR_ORxAD8,Quán Lẩu Quang Ích 68,Sườn sụn non heo thêm,70000,đĩa,Sườn non giòn sần sật nhúng lẩu
ChIJu2ValuRbNDERtGfR_ORxAD8,Quán Lẩu Quang Ích 68,Rau nấm tổng hợp nhúng lẩu,27000,đĩa,"Nấm kim châm, cải thảo, rau muống tươi"
ChIJJyYbkxhbNDERazweooC6f-M,Quán Dê Tứ Hải Trâu 97,Thịt trâu xào lá lốt,110000,đĩa,Thịt trâu tươi mềm ngọt xào lá lốt thơm lừng
ChIJJyYbkxhbNDERazweooC6f-M,Quán Dê Tứ Hải Trâu 97,Thịt trâu nhúng mẻ chua cay,130000,đĩa,Thịt trâu nhúng nước dùng mẻ chua thanh nhẹ
ChIJJyYbkxhbNDERazweooC6f-M,Quán Dê Tứ Hải Trâu 97,Dê tái chanh chấm tương gừng,170000,đĩa,Thịt dê núi hấp tái trộn vừng sả lá chanh
ChIJJyYbkxhbNDERazweooC6f-M,Quán Dê Tứ Hải Trâu 97,Dê né bản gang,180000,đĩa,Dê xào nóng hổi trên bản gang kèm đậu bắp
ChIJJyYbkxhbNDERazweooC6f-M,Quán Dê Tứ Hải Trâu 97,Lẩu dê núi nhúng mẻ,409000,nồi,Nồi lẩu dê núi ré thơm ngon kèm rau nhúng đặc sản
ChIJJyYbkxhbNDERazweooC6f-M,Quán Dê Tứ Hải Trâu 97,Cơm cháy sốt dê,65000,đĩa,Cơm cháy giòn tan rưới nước sốt dê đậm vị
ChIJnfq9w_JZNDERuwOBcUS_fxk,Pizza Minh Quyền,Gà rán giòn rụm tiêu cay (1 miếng),33000,miếng,Thịt gà tươi tẩm bột chiên vàng giòn da ngoài mọng nước bên trong
ChIJnfq9w_JZNDERuwOBcUS_fxk,Pizza Minh Quyền,Burger bò phô mai xá xíu đặc biệt,43000,chiếc,"Burger kẹp bò băm nướng lò, phô mai lát béo ngậy, sốt đặc biệt"
ChIJnfq9w_JZNDERuwOBcUS_fxk,Pizza Minh Quyền,Pizza xúc xích xông khói phô mai (Size 20cm),140000,chiếc,Đế pizza nướng giòn rưới đẫm phô mai Mozzarella nhập khẩu
ChIJnfq9w_JZNDERuwOBcUS_fxk,Pizza Minh Quyền,Khoai tây chiên giòn cọng lớn,22000,đĩa,Khoai tây vàng giòn tơi xốp ăn kèm sốt cà chua
ChIJZyLnJwBbNDEReDkVZSk9yT8,Gà rán Hàn Quốc,Gà ri hấp lá chanh (Cả con),250000,con,Gà ri đồi nuôi thả tự nhiên dai ngọt da vàng giòn
ChIJZyLnJwBbNDEReDkVZSk9yT8,Gà rán Hàn Quốc,Gà ri nướng mật ong (Cả con),230000,con,Gà ri nướng mật ong thơm phức vàng óng
ChIJZyLnJwBbNDEReDkVZSk9yT8,Gà rán Hàn Quốc,Gà rang muối tỏi,140000,đĩa,Gà ta chặt miếng rang muối đậm đà sần sật
ChIJZyLnJwBbNDEReDkVZSk9yT8,Gà rán Hàn Quốc,Lẩu gà ri thuốc bắc,370000,nồi,Nồi lẩu gà ri thuốc bắc bổ dưỡng kèm rau nấm
ChIJZyLnJwBbNDEReDkVZSk9yT8,Gà rán Hàn Quốc,Xôi chim câu hành phi,85000,đĩa,Xôi nếp dẻo thơm ăn kèm thịt chim câu băm nhỏ
ChIJZyLnJwBbNDEReDkVZSk9yT8,Gà rán Hàn Quốc,Lòng mề gà xào mướp giá,65000,đĩa,Lòng mề gà ri giòn xào mướp hương thơm phức
ChIJx9qdEABbNDERGKKj7FdKwqk,CK Coffee,Cà phê đen đá pha phin,19000,ly,Cà phê đen truyền thống đậm đà
ChIJx9qdEABbNDERGKKj7FdKwqk,CK Coffee,Cà phê sữa đá,28000,ly,Cà phê sữa pha phin béo ngậy
ChIJx9qdEABbNDERGKKj7FdKwqk,CK Coffee,Bạc xỉu cốt dừa,30000,ly,Nhiều sữa béo ngậy vị dừa hòa quyện chút cà phê
ChIJx9qdEABbNDERGKKj7FdKwqk,CK Coffee,Trà đào cam sả,30000,ly,Trà đào thơm mát kết hợp lát đào cam tươi sả thơm
ChIJx9qdEABbNDERGKKj7FdKwqk,CK Coffee,Trà sữa trân châu truyền thống,40000,ly,Trà sữa đậm trà kèm trân châu đen dai giòn
ChIJx9qdEABbNDERGKKj7FdKwqk,CK Coffee,Sinh tố bơ sáp,35000,ly,Sinh tố bơ sáp tươi ngon xay sữa đặc ngậy béo
ChIJx9qdEABbNDERGKKj7FdKwqk,CK Coffee,Nước ép cam nguyên chất,30000,ly,Ép cam sành tự nhiên nhiều vitamin C
ChIJ9Zw5WgBbNDERoMdBJYjhFFw,Nhà Hàng Gà Ri Thanh Tuấn,Gà ri hấp lá chanh (Cả con),250000,con,Gà ri đồi nuôi thả tự nhiên dai ngọt da vàng giòn
ChIJ9Zw5WgBbNDERoMdBJYjhFFw,Nhà Hàng Gà Ri Thanh Tuấn,Gà ri nướng mật ong (Cả con),250000,con,Gà ri nướng mật ong thơm phức vàng óng
ChIJ9Zw5WgBbNDERoMdBJYjhFFw,Nhà Hàng Gà Ri Thanh Tuấn,Gà rang muối tỏi,150000,đĩa,Gà ta chặt miếng rang muối đậm đà sần sật
ChIJ9Zw5WgBbNDERoMdBJYjhFFw,Nhà Hàng Gà Ri Thanh Tuấn,Lẩu gà ri thuốc bắc,340000,nồi,Nồi lẩu gà ri thuốc bắc bổ dưỡng kèm rau nấm
ChIJ9Zw5WgBbNDERoMdBJYjhFFw,Nhà Hàng Gà Ri Thanh Tuấn,Xôi chim câu hành phi,85000,đĩa,Xôi nếp dẻo thơm ăn kèm thịt chim câu băm nhỏ
ChIJ9Zw5WgBbNDERoMdBJYjhFFw,Nhà Hàng Gà Ri Thanh Tuấn,Lòng mề gà xào mướp giá,68000,đĩa,Lòng mề gà ri giòn xào mướp hương thơm phức
ChIJ8TkdA2pbNDERT-O29GX4XAI,Ốc Huyền,Ốc luộc sả lá chanh truyền thống,40000,bát,Ốc vặn/ốc nhồi mít luộc thơm mùi sả chấm nước mắm gừng cay ngọt đặc sản
ChIJ8TkdA2pbNDERT-O29GX4XAI,Ốc Huyền,Ốc móng tay xào bơ tỏi thơm lừng,65000,đĩa,Ốc móng tay tươi ngọt sốt bơ tỏi sánh béo chấm bánh mì tuyệt đỉnh
ChIJ8TkdA2pbNDERT-O29GX4XAI,Ốc Huyền,Nem chua rán giòn rụm (10 cái),48000,đĩa,Nem chua rán nóng hổi chấm tương ớt cay nồng
ChIJ8TkdA2pbNDERT-O29GX4XAI,Ốc Huyền,Khoai tây chiên lắc bột phô mai,35000,đĩa,Món khai vị ăn vặt khoái khẩu
ChIJ8TkdA2pbNDERT-O29GX4XAI,Ốc Huyền,Trà quất mật ong khổng lồ,18000,cốc,Trà quất mát chua ngọt cực đã khát
ChIJ-XGWfQBdNDER8IYkEkJ30p4,Nhà Hàng Ngọc Trai Tiến Xuân,Cá kho tộ miền Tây đậm vị,85000,tộ,Cá trắm đen kho tộ sánh quyện nước hàng dừa
ChIJ-XGWfQBdNDER8IYkEkJ30p4,Nhà Hàng Ngọc Trai Tiến Xuân,Thịt ba chỉ rang cháy cạnh,70000,đĩa,Thịt ba chỉ ba chỉ giòn rưới mỡ hành
ChIJ-XGWfQBdNDER8IYkEkJ30p4,Nhà Hàng Ngọc Trai Tiến Xuân,Sườn non xào chua ngọt,75000,đĩa,Sườn non xào cùng dứa và ớt chuông sốt chua cay
ChIJ-XGWfQBdNDER8IYkEkJ30p4,Nhà Hàng Ngọc Trai Tiến Xuân,Rau muống luộc dầm sấu / xào tỏi,27000,đĩa,Rau muống tươi xanh luộc chấm nước mắm chanh ớt
ChIJ-XGWfQBdNDER8IYkEkJ30p4,Nhà Hàng Ngọc Trai Tiến Xuân,Canh riêu cua đồng cà pháo,50000,bát,Canh cua đồng mát lạnh ăn kèm cà pháo giòn tan
ChIJ-XGWfQBdNDER8IYkEkJ30p4,Nhà Hàng Ngọc Trai Tiến Xuân,Cơm trắng gạo tám thơm,18000,niêu,Niêu cơm gạo tám dẻo thơm
ChIJhY2b85yrNTERmxgNmeJY9S4,Nhà Hàng Hưng Gia,Cá kho tộ miền Tây đậm vị,90000,tộ,Cá trắm đen kho tộ sánh quyện nước hàng dừa
ChIJhY2b85yrNTERmxgNmeJY9S4,Nhà Hàng Hưng Gia,Thịt ba chỉ rang cháy cạnh,70000,đĩa,Thịt ba chỉ ba chỉ giòn rưới mỡ hành
ChIJhY2b85yrNTERmxgNmeJY9S4,Nhà Hàng Hưng Gia,Sườn non xào chua ngọt,78000,đĩa,Sườn non xào cùng dứa và ớt chuông sốt chua cay
ChIJhY2b85yrNTERmxgNmeJY9S4,Nhà Hàng Hưng Gia,Rau muống luộc dầm sấu / xào tỏi,30000,đĩa,Rau muống tươi xanh luộc chấm nước mắm chanh ớt
ChIJhY2b85yrNTERmxgNmeJY9S4,Nhà Hàng Hưng Gia,Canh riêu cua đồng cà pháo,50000,bát,Canh cua đồng mát lạnh ăn kèm cà pháo giòn tan
ChIJhY2b85yrNTERmxgNmeJY9S4,Nhà Hàng Hưng Gia,Cơm trắng gạo tám thơm,15000,niêu,Niêu cơm gạo tám dẻo thơm
ChIJt8-AdQBbNDER9GvG2g2p0Ok,Nhà hàng Sơn Trang C5,Cá kho tộ miền Tây đậm vị,90000,tộ,Cá trắm đen kho tộ sánh quyện nước hàng dừa
ChIJt8-AdQBbNDER9GvG2g2p0Ok,Nhà hàng Sơn Trang C5,Thịt ba chỉ rang cháy cạnh,77000,đĩa,Thịt ba chỉ ba chỉ giòn rưới mỡ hành
ChIJt8-AdQBbNDER9GvG2g2p0Ok,Nhà hàng Sơn Trang C5,Sườn non xào chua ngọt,80000,đĩa,Sườn non xào cùng dứa và ớt chuông sốt chua cay
ChIJt8-AdQBbNDER9GvG2g2p0Ok,Nhà hàng Sơn Trang C5,Rau muống luộc dầm sấu / xào tỏi,30000,đĩa,Rau muống tươi xanh luộc chấm nước mắm chanh ớt
ChIJt8-AdQBbNDER9GvG2g2p0Ok,Nhà hàng Sơn Trang C5,Canh riêu cua đồng cà pháo,40000,bát,Canh cua đồng mát lạnh ăn kèm cà pháo giòn tan
ChIJt8-AdQBbNDER9GvG2g2p0Ok,Nhà hàng Sơn Trang C5,Cơm trắng gạo tám thơm,12000,niêu,Niêu cơm gạo tám dẻo thơm
ChIJq6qqqjb-NDERgRNVEZ0yyoo,Quán Bia Giang Nam,Bia hơi Hà Nội mát lạnh,12000,cốc,Bia hơi tươi rói rót trực tiếp từ vòi bom lạnh
ChIJq6qqqjb-NDERgRNVEZ0yyoo,Quán Bia Giang Nam,Đậu phụ lướt ván nóng giòn,27000,đĩa,Đậu hũ non chiên lướt ván ngoài vàng giòn trong mịn mượt như thạch
ChIJq6qqqjb-NDERgRNVEZ0yyoo,Quán Bia Giang Nam,Đĩa lạc rang muối / lạc luộc mộc mạc,12000,đĩa,Đồ nhắm bia truyền thống
ChIJq6qqqjb-NDERgRNVEZ0yyoo,Quán Bia Giang Nam,Nộm tai heo đu đủ xanh chua ngọt,63000,đĩa,Tai heo giòn sần sật trộn đu đủ bào sợi nước nộm chua ngọt sảng khoái
ChIJq6qqqjb-NDERgRNVEZ0yyoo,Quán Bia Giang Nam,Sụn gà chiên mắm rang muối,93000,đĩa,Sụn gà ta giòn sần sật tẩm ướp chiên xóc muối ớt tỏi
ChIJk59SU8BUNDERh0chqvVq-os,Yên Quý Quán,Cá kho tộ miền Tây đậm vị,90000,tộ,Cá trắm đen kho tộ sánh quyện nước hàng dừa
ChIJk59SU8BUNDERh0chqvVq-os,Yên Quý Quán,Thịt ba chỉ rang cháy cạnh,80000,đĩa,Thịt ba chỉ ba chỉ giòn rưới mỡ hành
ChIJk59SU8BUNDERh0chqvVq-os,Yên Quý Quán,Sườn non xào chua ngọt,80000,đĩa,Sườn non xào cùng dứa và ớt chuông sốt chua cay
ChIJk59SU8BUNDERh0chqvVq-os,Yên Quý Quán,Rau muống luộc dầm sấu / xào tỏi,27000,đĩa,Rau muống tươi xanh luộc chấm nước mắm chanh ớt
ChIJk59SU8BUNDERh0chqvVq-os,Yên Quý Quán,Canh riêu cua đồng cà pháo,43000,bát,Canh cua đồng mát lạnh ăn kèm cà pháo giòn tan
ChIJk59SU8BUNDERh0chqvVq-os,Yên Quý Quán,Cơm trắng gạo tám thơm,12000,niêu,Niêu cơm gạo tám dẻo thơm
ChIJl2GoEABbNDERqTn0g-WOiBE,Cơm Tấm Chính Lan 1998,Cơm rang dưa bò,40000,đĩa,Cơm rang hạt giòn tơi xào cùng cải dưa chua và thịt bò tươi mềm
ChIJl2GoEABbNDERqTn0g-WOiBE,Cơm Tấm Chính Lan 1998,Cơm rang thập cẩm giòn,35000,đĩa,Cơm rang lạp xưởng ngô ngọt đậu hà lan rưới trứng vàng
ChIJl2GoEABbNDERqTn0g-WOiBE,Cơm Tấm Chính Lan 1998,Cơm thố xá xíu nóng hổi,42000,thố,"Cơm nấu niêu thố đất tạo lớp cháy giòn nhẹ, phủ thịt xá xíu đậm sốt"
ChIJl2GoEABbNDERqTn0g-WOiBE,Cơm Tấm Chính Lan 1998,Suất cơm bình dân tự chọn (3 món mặn + rau),33000,suất,Cơm suất bình dân đầy đặn sạch sẽ cho sinh viên và người đi làm
ChIJl2GoEABbNDERqTn0g-WOiBE,Cơm Tấm Chính Lan 1998,Cơm tấm sườn bì chả Sài Gòn,45000,đĩa,Cơm tấm ăn kèm sườn nướng mặn ngọt chả trứng bì heo thính và nước mắm chua cay
ChIJ9UscbwBbNDERtspc3OSU0FY,Nhà hàng Gà Tươi Phạm Xá 6789,Gà ri hấp lá chanh (Cả con),240000,con,Gà ri đồi nuôi thả tự nhiên dai ngọt da vàng giòn
ChIJ9UscbwBbNDERtspc3OSU0FY,Nhà hàng Gà Tươi Phạm Xá 6789,Gà ri nướng mật ong (Cả con),260000,con,Gà ri nướng mật ong thơm phức vàng óng
ChIJ9UscbwBbNDERtspc3OSU0FY,Nhà hàng Gà Tươi Phạm Xá 6789,Gà rang muối tỏi,140000,đĩa,Gà ta chặt miếng rang muối đậm đà sần sật
ChIJ9UscbwBbNDERtspc3OSU0FY,Nhà hàng Gà Tươi Phạm Xá 6789,Lẩu gà ri thuốc bắc,350000,nồi,Nồi lẩu gà ri thuốc bắc bổ dưỡng kèm rau nấm
ChIJ9UscbwBbNDERtspc3OSU0FY,Nhà hàng Gà Tươi Phạm Xá 6789,Xôi chim câu hành phi,85000,đĩa,Xôi nếp dẻo thơm ăn kèm thịt chim câu băm nhỏ
ChIJ9UscbwBbNDERtspc3OSU0FY,Nhà hàng Gà Tươi Phạm Xá 6789,Lòng mề gà xào mướp giá,65000,đĩa,Lòng mề gà ri giòn xào mướp hương thơm phức
ChIJo9djM1BbNDER4XoJX3y3N10,Đặc sản Lòng ngon,Xôi xéo ruốc hành phi,23000,đĩa,Xôi xéo thơm nếp dẻo mỡ hành phi
ChIJo9djM1BbNDER4XoJX3y3N10,Đặc sản Lòng ngon,Bánh mì pate trứng giò,25000,cái,"Bánh mì giòn kẹp pate nhà làm, trứng ốp la, giò lụa"
ChIJo9djM1BbNDER4XoJX3y3N10,Đặc sản Lòng ngon,Sữa đậu nành nóng,13000,cốc,Sữa đậu nành nguyên chất
ChIJo9djM1BbNDER4XoJX3y3N10,Đặc sản Lòng ngon,Trà đá,3000,cốc,Trà giải khát sáng sớm
ChIJA6qFUFhbNDER1wP0yHTW7Jw,Bún Chả Thuỷ Tiên,"Bún đậu mắm tôm đầy đủ (Đậu, thịt chân giò, nem chua rán, chả cốm)",45000,suất,Mẹt bún đậu đầy đủ nguyên liệu tươi ngon kèm rau thơm kinh giới
ChIJA6qFUFhbNDER1wP0yHTW7Jw,Bún Chả Thuỷ Tiên,Bún đậu thường (Đậu chiên giòn),22000,suất,Bún đậu chay đơn giản với đậu phụ rán giòn
ChIJA6qFUFhbNDER1wP0yHTW7Jw,Bún Chả Thuỷ Tiên,Bún chả Hà Nội truyền thống,35000,suất,Chả miếng và chả viên nướng than hoa thơm phức trong bát nước chấm chua ngọt
ChIJA6qFUFhbNDER1wP0yHTW7Jw,Bún Chả Thuỷ Tiên,Nem cua bể chiên giòn,12000,chiếc,Nem cua bể giòn rụm nhiều nhân
ChIJA6qFUFhbNDER1wP0yHTW7Jw,Bún Chả Thuỷ Tiên,Nước sấu đá ngầm chua ngọt,12000,cốc,Đồ uống giải nhiệt cực hợp vị bún đậu
ChIJid--b0NaNDERLcNhtljOaDo,Nhà Hàng Cây Mít,Cá kho tộ miền Tây đậm vị,83000,tộ,Cá trắm đen kho tộ sánh quyện nước hàng dừa
ChIJid--b0NaNDERLcNhtljOaDo,Nhà Hàng Cây Mít,Thịt ba chỉ rang cháy cạnh,70000,đĩa,Thịt ba chỉ ba chỉ giòn rưới mỡ hành
ChIJid--b0NaNDERLcNhtljOaDo,Nhà Hàng Cây Mít,Sườn non xào chua ngọt,85000,đĩa,Sườn non xào cùng dứa và ớt chuông sốt chua cay
ChIJid--b0NaNDERLcNhtljOaDo,Nhà Hàng Cây Mít,Rau muống luộc dầm sấu / xào tỏi,33000,đĩa,Rau muống tươi xanh luộc chấm nước mắm chanh ớt
ChIJid--b0NaNDERLcNhtljOaDo,Nhà Hàng Cây Mít,Canh riêu cua đồng cà pháo,40000,bát,Canh cua đồng mát lạnh ăn kèm cà pháo giòn tan
ChIJid--b0NaNDERLcNhtljOaDo,Nhà Hàng Cây Mít,Cơm trắng gạo tám thơm,18000,niêu,Niêu cơm gạo tám dẻo thơm
ChIJu8VLA2KpNTER2Qv383gSPhc,Bê chao Tây Bắc,Cá kho tộ miền Tây đậm vị,85000,tộ,Cá trắm đen kho tộ sánh quyện nước hàng dừa
ChIJu8VLA2KpNTER2Qv383gSPhc,Bê chao Tây Bắc,Thịt ba chỉ rang cháy cạnh,77000,đĩa,Thịt ba chỉ ba chỉ giòn rưới mỡ hành
ChIJu8VLA2KpNTER2Qv383gSPhc,Bê chao Tây Bắc,Sườn non xào chua ngọt,80000,đĩa,Sườn non xào cùng dứa và ớt chuông sốt chua cay
ChIJu8VLA2KpNTER2Qv383gSPhc,Bê chao Tây Bắc,Rau muống luộc dầm sấu / xào tỏi,27000,đĩa,Rau muống tươi xanh luộc chấm nước mắm chanh ớt
ChIJu8VLA2KpNTER2Qv383gSPhc,Bê chao Tây Bắc,Canh riêu cua đồng cà pháo,45000,bát,Canh cua đồng mát lạnh ăn kèm cà pháo giòn tan
ChIJu8VLA2KpNTER2Qv383gSPhc,Bê chao Tây Bắc,Cơm trắng gạo tám thơm,15000,niêu,Niêu cơm gạo tám dẻo thơm
ChIJj8WLS8ZbNDER-dR68M6T2rw,Quán Quen Bia Lẩu,Lẩu cua đồng sườn sụn bắp bò,370000,nồi,"Nồi lẩu riêu cua đồng nguyên chất siêu nhiều gạch, kèm bắp bò sườn sụn"
ChIJj8WLS8ZbNDER-dR68M6T2rw,Quán Quen Bia Lẩu,Lẩu Thái hải sản chua cay,419000,nồi,"Nước lẩu Tomyum chua cay nhúng tôm, mực, ngao, nấm"
ChIJj8WLS8ZbNDER-dR68M6T2rw,Quán Quen Bia Lẩu,Set nướng BBQ thập cẩm bò ba chỉ,289000,set,"Bắp bò, ba chỉ heo cuộn nấm kim châm tẩm sốt BBQ nướng xèo xèo"
ChIJj8WLS8ZbNDER-dR68M6T2rw,Quán Quen Bia Lẩu,Ba chỉ bò Mỹ nhúng thêm,80000,đĩa,Thịt ba chỉ bò Mỹ thái mỏng cuốn nấm
ChIJj8WLS8ZbNDER-dR68M6T2rw,Quán Quen Bia Lẩu,Sườn sụn non heo thêm,80000,đĩa,Sườn non giòn sần sật nhúng lẩu
ChIJj8WLS8ZbNDER-dR68M6T2rw,Quán Quen Bia Lẩu,Rau nấm tổng hợp nhúng lẩu,27000,đĩa,"Nấm kim châm, cải thảo, rau muống tươi"
ChIJd5pORXZbNDERnCyI80Yv-bM,Karaoke Đại Dương Massage,"Đĩa hoa quả thập cẩm lớn (Dưa hấu, ổi, xoài, nho)",150000,đĩa,Hoa quả tươi ngon cắt lát đẹp mắt
ChIJd5pORXZbNDERnCyI80Yv-bM,Karaoke Đại Dương Massage,Khô mực nướng cồn,170000,con,Mực khô Vân Đồn nướng cồn xé tay
ChIJd5pORXZbNDERnCyI80Yv-bM,Karaoke Đại Dương Massage,Thịt bò khô xé sợi vắt chanh,75000,đĩa,Bò khô sợi cay cay ngọt ngọt
ChIJd5pORXZbNDERnCyI80Yv-bM,Karaoke Đại Dương Massage,Khoai tây chiên lắc phô mai,50000,đĩa,Khoai tây chiên giòn tan phủ bột phô mai
ChIJd5pORXZbNDERnCyI80Yv-bM,Karaoke Đại Dương Massage,Hạt hướng dương sạch,23000,đĩa,Hạt hướng dương rang thơm
ChIJd5pORXZbNDERnCyI80Yv-bM,Karaoke Đại Dương Massage,Bia Heineken lon,22000,lon,Bia ngoại ướp lạnh sẵn
ChIJd5pORXZbNDERnCyI80Yv-bM,Karaoke Đại Dương Massage,Bia Hà Nội lon,18000,lon,Bia nội truyền thống
ChIJd5pORXZbNDERnCyI80Yv-bM,Karaoke Đại Dương Massage,Nước ngọt Coca-Cola / Sting,15000,lon,Nước ngọt các loại phục vụ lạnh
ChIJXTpebgBbNDERbSRmINRkjKA,Twitter Beans FPT Education,Cà phê đen đá pha phin,25000,ly,Cà phê đen truyền thống đậm đà
ChIJXTpebgBbNDERbSRmINRkjKA,Twitter Beans FPT Education,Cà phê sữa đá,25000,ly,Cà phê sữa pha phin béo ngậy
ChIJXTpebgBbNDERbSRmINRkjKA,Twitter Beans FPT Education,Bạc xỉu cốt dừa,30000,ly,Nhiều sữa béo ngậy vị dừa hòa quyện chút cà phê
ChIJXTpebgBbNDERbSRmINRkjKA,Twitter Beans FPT Education,Trà đào cam sả,37000,ly,Trà đào thơm mát kết hợp lát đào cam tươi sả thơm
ChIJXTpebgBbNDERbSRmINRkjKA,Twitter Beans FPT Education,Trà sữa trân châu truyền thống,35000,ly,Trà sữa đậm trà kèm trân châu đen dai giòn
ChIJXTpebgBbNDERbSRmINRkjKA,Twitter Beans FPT Education,Sinh tố bơ sáp,30000,ly,Sinh tố bơ sáp tươi ngon xay sữa đặc ngậy béo
ChIJXTpebgBbNDERbSRmINRkjKA,Twitter Beans FPT Education,Nước ép cam nguyên chất,30000,ly,Ép cam sành tự nhiên nhiều vitamin C
ChIJPUzi-zxZNDERgd62xgIed_c,Hồ Sen Quán,Cá kho tộ miền Tây đậm vị,85000,tộ,Cá trắm đen kho tộ sánh quyện nước hàng dừa
ChIJPUzi-zxZNDERgd62xgIed_c,Hồ Sen Quán,Thịt ba chỉ rang cháy cạnh,73000,đĩa,Thịt ba chỉ ba chỉ giòn rưới mỡ hành
ChIJPUzi-zxZNDERgd62xgIed_c,Hồ Sen Quán,Sườn non xào chua ngọt,78000,đĩa,Sườn non xào cùng dứa và ớt chuông sốt chua cay
ChIJPUzi-zxZNDERgd62xgIed_c,Hồ Sen Quán,Rau muống luộc dầm sấu / xào tỏi,30000,đĩa,Rau muống tươi xanh luộc chấm nước mắm chanh ớt
ChIJPUzi-zxZNDERgd62xgIed_c,Hồ Sen Quán,Canh riêu cua đồng cà pháo,47000,bát,Canh cua đồng mát lạnh ăn kèm cà pháo giòn tan
ChIJPUzi-zxZNDERgd62xgIed_c,Hồ Sen Quán,Cơm trắng gạo tám thơm,12000,niêu,Niêu cơm gạo tám dẻo thơm
ChIJU2Wr7BxbNDERZzWtsmCfemE,Nhà Hàng Thế giới Bò,Thịt trâu xào lá lốt,120000,đĩa,Thịt trâu tươi mềm ngọt xào lá lốt thơm lừng
ChIJU2Wr7BxbNDERZzWtsmCfemE,Nhà Hàng Thế giới Bò,Thịt trâu nhúng mẻ chua cay,150000,đĩa,Thịt trâu nhúng nước dùng mẻ chua thanh nhẹ
ChIJU2Wr7BxbNDERZzWtsmCfemE,Nhà Hàng Thế giới Bò,Dê tái chanh chấm tương gừng,140000,đĩa,Thịt dê núi hấp tái trộn vừng sả lá chanh
ChIJU2Wr7BxbNDERZzWtsmCfemE,Nhà Hàng Thế giới Bò,Dê né bản gang,150000,đĩa,Dê xào nóng hổi trên bản gang kèm đậu bắp
ChIJU2Wr7BxbNDERZzWtsmCfemE,Nhà Hàng Thế giới Bò,Lẩu dê núi nhúng mẻ,399000,nồi,Nồi lẩu dê núi ré thơm ngon kèm rau nhúng đặc sản
ChIJU2Wr7BxbNDERZzWtsmCfemE,Nhà Hàng Thế giới Bò,Cơm cháy sốt dê,68000,đĩa,Cơm cháy giòn tan rưới nước sốt dê đậm vị
ChIJD1cjYQBbNDERtzxN8bNKurs,Nướng Than Hoa Fuca,Lẩu cua đồng sườn sụn bắp bò,370000,nồi,"Nồi lẩu riêu cua đồng nguyên chất siêu nhiều gạch, kèm bắp bò sườn sụn"
ChIJD1cjYQBbNDERtzxN8bNKurs,Nướng Than Hoa Fuca,Lẩu Thái hải sản chua cay,379000,nồi,"Nước lẩu Tomyum chua cay nhúng tôm, mực, ngao, nấm"
ChIJD1cjYQBbNDERtzxN8bNKurs,Nướng Than Hoa Fuca,Set nướng BBQ thập cẩm bò ba chỉ,289000,set,"Bắp bò, ba chỉ heo cuộn nấm kim châm tẩm sốt BBQ nướng xèo xèo"
ChIJD1cjYQBbNDERtzxN8bNKurs,Nướng Than Hoa Fuca,Ba chỉ bò Mỹ nhúng thêm,78000,đĩa,Thịt ba chỉ bò Mỹ thái mỏng cuốn nấm
ChIJD1cjYQBbNDERtzxN8bNKurs,Nướng Than Hoa Fuca,Sườn sụn non heo thêm,77000,đĩa,Sườn non giòn sần sật nhúng lẩu
ChIJD1cjYQBbNDERtzxN8bNKurs,Nướng Than Hoa Fuca,Rau nấm tổng hợp nhúng lẩu,33000,đĩa,"Nấm kim châm, cải thảo, rau muống tươi"
ChIJq_WXtAZbNDERBaP7m0f-SSU,Phở Cồ Như Ý 179,Phở chín bò ta,40000,bát,Nước dùng phở bò ninh xương ống ngọt lịm kèm thịt chín thái mỏng
ChIJq_WXtAZbNDERBaP7m0f-SSU,Phở Cồ Như Ý 179,Phở tái chần,33000,bát,Phở bò với thịt bò tươi chần tái mềm ngọt
ChIJq_WXtAZbNDERBaP7m0f-SSU,Phở Cồ Như Ý 179,Phở nạm gầu giòn,45000,bát,Bánh phở mềm cùng nạm bò và gầu bò giòn sần sật
ChIJq_WXtAZbNDERBaP7m0f-SSU,Phở Cồ Như Ý 179,Phở tái lăn đặc biệt,43000,bát,Phở bò xào tái lăn thơm mùi tỏi phi
ChIJq_WXtAZbNDERBaP7m0f-SSU,Phở Cồ Như Ý 179,Trứng gà trần,13000,quả,Trứng trần nước phở béo ngậy
ChIJq_WXtAZbNDERBaP7m0f-SSU,Phở Cồ Như Ý 179,Quẩy giòn,5000,chiếc,Quẩy giòn ăn kèm nước phở
ChIJdciR4vJbNDERaxg_7PcYRws,Cơm Gà RuBy,Gà ri hấp lá chanh (Cả con),210000,con,Gà ri đồi nuôi thả tự nhiên dai ngọt da vàng giòn
ChIJdciR4vJbNDERaxg_7PcYRws,Cơm Gà RuBy,Gà ri nướng mật ong (Cả con),260000,con,Gà ri nướng mật ong thơm phức vàng óng
ChIJdciR4vJbNDERaxg_7PcYRws,Cơm Gà RuBy,Gà rang muối tỏi,150000,đĩa,Gà ta chặt miếng rang muối đậm đà sần sật
ChIJdciR4vJbNDERaxg_7PcYRws,Cơm Gà RuBy,Lẩu gà ri thuốc bắc,360000,nồi,Nồi lẩu gà ri thuốc bắc bổ dưỡng kèm rau nấm
ChIJdciR4vJbNDERaxg_7PcYRws,Cơm Gà RuBy,Xôi chim câu hành phi,75000,đĩa,Xôi nếp dẻo thơm ăn kèm thịt chim câu băm nhỏ
ChIJdciR4vJbNDERaxg_7PcYRws,Cơm Gà RuBy,Lòng mề gà xào mướp giá,75000,đĩa,Lòng mề gà ri giòn xào mướp hương thơm phức
ChIJEwR-SwBbNDERZLB5hKSDJLk,Bún Đậu Mắm Tôm - Thương Béo,"Bún đậu mắm tôm đầy đủ (Đậu, thịt chân giò, nem chua rán, chả cốm)",40000,suất,Mẹt bún đậu đầy đủ nguyên liệu tươi ngon kèm rau thơm kinh giới
ChIJEwR-SwBbNDERZLB5hKSDJLk,Bún Đậu Mắm Tôm - Thương Béo,Bún đậu thường (Đậu chiên giòn),25000,suất,Bún đậu chay đơn giản với đậu phụ rán giòn
ChIJEwR-SwBbNDERZLB5hKSDJLk,Bún Đậu Mắm Tôm - Thương Béo,Bún chả Hà Nội truyền thống,40000,suất,Chả miếng và chả viên nướng than hoa thơm phức trong bát nước chấm chua ngọt
ChIJEwR-SwBbNDERZLB5hKSDJLk,Bún Đậu Mắm Tôm - Thương Béo,Nem cua bể chiên giòn,18000,chiếc,Nem cua bể giòn rụm nhiều nhân
ChIJEwR-SwBbNDERZLB5hKSDJLk,Bún Đậu Mắm Tôm - Thương Béo,Nước sấu đá ngầm chua ngọt,12000,cốc,Đồ uống giải nhiệt cực hợp vị bún đậu
ChIJX-cLN95dNDER6MK6TDqdTQc,Nhà Hàng 16,Cá kho tộ miền Tây đậm vị,90000,tộ,Cá trắm đen kho tộ sánh quyện nước hàng dừa
ChIJX-cLN95dNDER6MK6TDqdTQc,Nhà Hàng 16,Thịt ba chỉ rang cháy cạnh,73000,đĩa,Thịt ba chỉ ba chỉ giòn rưới mỡ hành
ChIJX-cLN95dNDER6MK6TDqdTQc,Nhà Hàng 16,Sườn non xào chua ngọt,80000,đĩa,Sườn non xào cùng dứa và ớt chuông sốt chua cay
ChIJX-cLN95dNDER6MK6TDqdTQc,Nhà Hàng 16,Rau muống luộc dầm sấu / xào tỏi,33000,đĩa,Rau muống tươi xanh luộc chấm nước mắm chanh ớt
ChIJX-cLN95dNDER6MK6TDqdTQc,Nhà Hàng 16,Canh riêu cua đồng cà pháo,45000,bát,Canh cua đồng mát lạnh ăn kèm cà pháo giòn tan
ChIJX-cLN95dNDER6MK6TDqdTQc,Nhà Hàng 16,Cơm trắng gạo tám thơm,12000,niêu,Niêu cơm gạo tám dẻo thơm
ChIJpdhO_Z9ZNDERiN4dM-9S01E,Nhà Hàng Ba Văn,Cá kho tộ miền Tây đậm vị,85000,tộ,Cá trắm đen kho tộ sánh quyện nước hàng dừa
ChIJpdhO_Z9ZNDERiN4dM-9S01E,Nhà Hàng Ba Văn,Thịt ba chỉ rang cháy cạnh,75000,đĩa,Thịt ba chỉ ba chỉ giòn rưới mỡ hành
ChIJpdhO_Z9ZNDERiN4dM-9S01E,Nhà Hàng Ba Văn,Sườn non xào chua ngọt,78000,đĩa,Sườn non xào cùng dứa và ớt chuông sốt chua cay
ChIJpdhO_Z9ZNDERiN4dM-9S01E,Nhà Hàng Ba Văn,Rau muống luộc dầm sấu / xào tỏi,27000,đĩa,Rau muống tươi xanh luộc chấm nước mắm chanh ớt
ChIJpdhO_Z9ZNDERiN4dM-9S01E,Nhà Hàng Ba Văn,Canh riêu cua đồng cà pháo,40000,bát,Canh cua đồng mát lạnh ăn kèm cà pháo giòn tan
ChIJpdhO_Z9ZNDERiN4dM-9S01E,Nhà Hàng Ba Văn,Cơm trắng gạo tám thơm,18000,niêu,Niêu cơm gạo tám dẻo thơm
ChIJlYkj2blbNDER9Vuc6QuFdz4,Duy Tân Cafeteria,Cà phê đen đá pha phin,22000,ly,Cà phê đen truyền thống đậm đà
ChIJlYkj2blbNDER9Vuc6QuFdz4,Duy Tân Cafeteria,Cà phê sữa đá,25000,ly,Cà phê sữa pha phin béo ngậy
ChIJlYkj2blbNDER9Vuc6QuFdz4,Duy Tân Cafeteria,Bạc xỉu cốt dừa,27000,ly,Nhiều sữa béo ngậy vị dừa hòa quyện chút cà phê
ChIJlYkj2blbNDER9Vuc6QuFdz4,Duy Tân Cafeteria,Trà đào cam sả,37000,ly,Trà đào thơm mát kết hợp lát đào cam tươi sả thơm
ChIJlYkj2blbNDER9Vuc6QuFdz4,Duy Tân Cafeteria,Trà sữa trân châu truyền thống,40000,ly,Trà sữa đậm trà kèm trân châu đen dai giòn
ChIJlYkj2blbNDER9Vuc6QuFdz4,Duy Tân Cafeteria,Sinh tố bơ sáp,30000,ly,Sinh tố bơ sáp tươi ngon xay sữa đặc ngậy béo
ChIJlYkj2blbNDER9Vuc6QuFdz4,Duy Tân Cafeteria,Nước ép cam nguyên chất,27000,ly,Ép cam sành tự nhiên nhiều vitamin C
ChIJNzzWrYtZNDERemMWHHJZs6c,Yummy Coffee,Cà phê đen đá pha phin,25000,ly,Cà phê đen truyền thống đậm đà
ChIJNzzWrYtZNDERemMWHHJZs6c,Yummy Coffee,Cà phê sữa đá,25000,ly,Cà phê sữa pha phin béo ngậy
ChIJNzzWrYtZNDERemMWHHJZs6c,Yummy Coffee,Bạc xỉu cốt dừa,30000,ly,Nhiều sữa béo ngậy vị dừa hòa quyện chút cà phê
ChIJNzzWrYtZNDERemMWHHJZs6c,Yummy Coffee,Trà đào cam sả,33000,ly,Trà đào thơm mát kết hợp lát đào cam tươi sả thơm
ChIJNzzWrYtZNDERemMWHHJZs6c,Yummy Coffee,Trà sữa trân châu truyền thống,37000,ly,Trà sữa đậm trà kèm trân châu đen dai giòn
ChIJNzzWrYtZNDERemMWHHJZs6c,Yummy Coffee,Sinh tố bơ sáp,33000,ly,Sinh tố bơ sáp tươi ngon xay sữa đặc ngậy béo
ChIJNzzWrYtZNDERemMWHHJZs6c,Yummy Coffee,Nước ép cam nguyên chất,33000,ly,Ép cam sành tự nhiên nhiều vitamin C
ChIJ8STw2BZZNDERt9KY7tAQpQE,Hiền Lương Quán,Cá kho tộ miền Tây đậm vị,90000,tộ,Cá trắm đen kho tộ sánh quyện nước hàng dừa
ChIJ8STw2BZZNDERt9KY7tAQpQE,Hiền Lương Quán,Thịt ba chỉ rang cháy cạnh,73000,đĩa,Thịt ba chỉ ba chỉ giòn rưới mỡ hành
ChIJ8STw2BZZNDERt9KY7tAQpQE,Hiền Lương Quán,Sườn non xào chua ngọt,78000,đĩa,Sườn non xào cùng dứa và ớt chuông sốt chua cay
ChIJ8STw2BZZNDERt9KY7tAQpQE,Hiền Lương Quán,Rau muống luộc dầm sấu / xào tỏi,30000,đĩa,Rau muống tươi xanh luộc chấm nước mắm chanh ớt
ChIJ8STw2BZZNDERt9KY7tAQpQE,Hiền Lương Quán,Canh riêu cua đồng cà pháo,50000,bát,Canh cua đồng mát lạnh ăn kèm cà pháo giòn tan
ChIJ8STw2BZZNDERt9KY7tAQpQE,Hiền Lương Quán,Cơm trắng gạo tám thơm,18000,niêu,Niêu cơm gạo tám dẻo thơm
ChIJdcXxHq1bNDERcom-d4vb4To,Vạn Thanh Cafe,Cà phê đen đá pha phin,22000,ly,Cà phê đen truyền thống đậm đà
ChIJdcXxHq1bNDERcom-d4vb4To,Vạn Thanh Cafe,Cà phê sữa đá,22000,ly,Cà phê sữa pha phin béo ngậy
ChIJdcXxHq1bNDERcom-d4vb4To,Vạn Thanh Cafe,Bạc xỉu cốt dừa,30000,ly,Nhiều sữa béo ngậy vị dừa hòa quyện chút cà phê
ChIJdcXxHq1bNDERcom-d4vb4To,Vạn Thanh Cafe,Trà đào cam sả,37000,ly,Trà đào thơm mát kết hợp lát đào cam tươi sả thơm
ChIJdcXxHq1bNDERcom-d4vb4To,Vạn Thanh Cafe,Trà sữa trân châu truyền thống,30000,ly,Trà sữa đậm trà kèm trân châu đen dai giòn
ChIJdcXxHq1bNDERcom-d4vb4To,Vạn Thanh Cafe,Sinh tố bơ sáp,33000,ly,Sinh tố bơ sáp tươi ngon xay sữa đặc ngậy béo
ChIJdcXxHq1bNDERcom-d4vb4To,Vạn Thanh Cafe,Nước ép cam nguyên chất,30000,ly,Ép cam sành tự nhiên nhiều vitamin C
ChIJCehPVwBbNDERyCrqIdPI8ZE,Hotpot Hola,Cá kho tộ miền Tây đậm vị,87000,tộ,Cá trắm đen kho tộ sánh quyện nước hàng dừa
ChIJCehPVwBbNDERyCrqIdPI8ZE,Hotpot Hola,Thịt ba chỉ rang cháy cạnh,70000,đĩa,Thịt ba chỉ ba chỉ giòn rưới mỡ hành
ChIJCehPVwBbNDERyCrqIdPI8ZE,Hotpot Hola,Sườn non xào chua ngọt,82000,đĩa,Sườn non xào cùng dứa và ớt chuông sốt chua cay
ChIJCehPVwBbNDERyCrqIdPI8ZE,Hotpot Hola,Rau muống luộc dầm sấu / xào tỏi,33000,đĩa,Rau muống tươi xanh luộc chấm nước mắm chanh ớt
ChIJCehPVwBbNDERyCrqIdPI8ZE,Hotpot Hola,Canh riêu cua đồng cà pháo,40000,bát,Canh cua đồng mát lạnh ăn kèm cà pháo giòn tan
ChIJCehPVwBbNDERyCrqIdPI8ZE,Hotpot Hola,Cơm trắng gạo tám thơm,18000,niêu,Niêu cơm gạo tám dẻo thơm
ChIJ52STAQBbNDERlaWeOrJvdag,Vua Bún Riêu Cua_ Lẩu Ếch,Lẩu cua đồng sườn sụn bắp bò,340000,nồi,"Nồi lẩu riêu cua đồng nguyên chất siêu nhiều gạch, kèm bắp bò sườn sụn"
ChIJ52STAQBbNDERlaWeOrJvdag,Vua Bún Riêu Cua_ Lẩu Ếch,Lẩu Thái hải sản chua cay,409000,nồi,"Nước lẩu Tomyum chua cay nhúng tôm, mực, ngao, nấm"
ChIJ52STAQBbNDERlaWeOrJvdag,Vua Bún Riêu Cua_ Lẩu Ếch,Set nướng BBQ thập cẩm bò ba chỉ,309000,set,"Bắp bò, ba chỉ heo cuộn nấm kim châm tẩm sốt BBQ nướng xèo xèo"
ChIJ52STAQBbNDERlaWeOrJvdag,Vua Bún Riêu Cua_ Lẩu Ếch,Ba chỉ bò Mỹ nhúng thêm,82000,đĩa,Thịt ba chỉ bò Mỹ thái mỏng cuốn nấm
ChIJ52STAQBbNDERlaWeOrJvdag,Vua Bún Riêu Cua_ Lẩu Ếch,Sườn sụn non heo thêm,70000,đĩa,Sườn non giòn sần sật nhúng lẩu
ChIJ52STAQBbNDERlaWeOrJvdag,Vua Bún Riêu Cua_ Lẩu Ếch,Rau nấm tổng hợp nhúng lẩu,33000,đĩa,"Nấm kim châm, cải thảo, rau muống tươi"
ChIJa7Z0TABdNDERPpFUOJqSipk,"PHỞ BÒ, GÀ, BÚN CÁ HÒZÔTA tại Hoà Lạc",Phở chín bò ta,33000,bát,Nước dùng phở bò ninh xương ống ngọt lịm kèm thịt chín thái mỏng
ChIJa7Z0TABdNDERPpFUOJqSipk,"PHỞ BÒ, GÀ, BÚN CÁ HÒZÔTA tại Hoà Lạc",Phở tái chần,35000,bát,Phở bò với thịt bò tươi chần tái mềm ngọt
ChIJa7Z0TABdNDERPpFUOJqSipk,"PHỞ BÒ, GÀ, BÚN CÁ HÒZÔTA tại Hoà Lạc",Phở nạm gầu giòn,38000,bát,Bánh phở mềm cùng nạm bò và gầu bò giòn sần sật
ChIJa7Z0TABdNDERPpFUOJqSipk,"PHỞ BÒ, GÀ, BÚN CÁ HÒZÔTA tại Hoà Lạc",Phở tái lăn đặc biệt,40000,bát,Phở bò xào tái lăn thơm mùi tỏi phi
ChIJa7Z0TABdNDERPpFUOJqSipk,"PHỞ BÒ, GÀ, BÚN CÁ HÒZÔTA tại Hoà Lạc",Trứng gà trần,7000,quả,Trứng trần nước phở béo ngậy
ChIJa7Z0TABdNDERPpFUOJqSipk,"PHỞ BÒ, GÀ, BÚN CÁ HÒZÔTA tại Hoà Lạc",Quẩy giòn,2000,chiếc,Quẩy giòn ăn kèm nước phở
ChIJSR94RQBbNDERv8vxNfPuG84,Cơm Xe Tải Hồng Hải,Cơm rang dưa bò,45000,đĩa,Cơm rang hạt giòn tơi xào cùng cải dưa chua và thịt bò tươi mềm
ChIJSR94RQBbNDERv8vxNfPuG84,Cơm Xe Tải Hồng Hải,Cơm rang thập cẩm giòn,35000,đĩa,Cơm rang lạp xưởng ngô ngọt đậu hà lan rưới trứng vàng
ChIJSR94RQBbNDERv8vxNfPuG84,Cơm Xe Tải Hồng Hải,Cơm thố xá xíu nóng hổi,45000,thố,"Cơm nấu niêu thố đất tạo lớp cháy giòn nhẹ, phủ thịt xá xíu đậm sốt"
ChIJSR94RQBbNDERv8vxNfPuG84,Cơm Xe Tải Hồng Hải,Suất cơm bình dân tự chọn (3 món mặn + rau),30000,suất,Cơm suất bình dân đầy đặn sạch sẽ cho sinh viên và người đi làm
ChIJSR94RQBbNDERv8vxNfPuG84,Cơm Xe Tải Hồng Hải,Cơm tấm sườn bì chả Sài Gòn,38000,đĩa,Cơm tấm ăn kèm sườn nướng mặn ngọt chả trứng bì heo thính và nước mắm chua cay
ChIJu5AavnFbNDER7JhoS9GO-oo,Quán Cây Sung,Bia hơi Hà Nội mát lạnh,15000,cốc,Bia hơi tươi rói rót trực tiếp từ vòi bom lạnh
ChIJu5AavnFbNDER7JhoS9GO-oo,Quán Cây Sung,Đậu phụ lướt ván nóng giòn,27000,đĩa,Đậu hũ non chiên lướt ván ngoài vàng giòn trong mịn mượt như thạch
ChIJu5AavnFbNDER7JhoS9GO-oo,Quán Cây Sung,Đĩa lạc rang muối / lạc luộc mộc mạc,18000,đĩa,Đồ nhắm bia truyền thống
ChIJu5AavnFbNDER7JhoS9GO-oo,Quán Cây Sung,Nộm tai heo đu đủ xanh chua ngọt,63000,đĩa,Tai heo giòn sần sật trộn đu đủ bào sợi nước nộm chua ngọt sảng khoái
ChIJu5AavnFbNDER7JhoS9GO-oo,Quán Cây Sung,Sụn gà chiên mắm rang muối,90000,đĩa,Sụn gà ta giòn sần sật tẩm ướp chiên xóc muối ớt tỏi
ChIJsyin1QdbNDERYKcawkOozy0,T-One Quán,Bia hơi Hà Nội mát lạnh,9000,cốc,Bia hơi tươi rói rót trực tiếp từ vòi bom lạnh
ChIJsyin1QdbNDERYKcawkOozy0,T-One Quán,Đậu phụ lướt ván nóng giòn,33000,đĩa,Đậu hũ non chiên lướt ván ngoài vàng giòn trong mịn mượt như thạch
ChIJsyin1QdbNDERYKcawkOozy0,T-One Quán,Đĩa lạc rang muối / lạc luộc mộc mạc,18000,đĩa,Đồ nhắm bia truyền thống
ChIJsyin1QdbNDERYKcawkOozy0,T-One Quán,Nộm tai heo đu đủ xanh chua ngọt,65000,đĩa,Tai heo giòn sần sật trộn đu đủ bào sợi nước nộm chua ngọt sảng khoái
ChIJsyin1QdbNDERYKcawkOozy0,T-One Quán,Sụn gà chiên mắm rang muối,100000,đĩa,Sụn gà ta giòn sần sật tẩm ướp chiên xóc muối ớt tỏi
ChIJR2eZVyNbNDERRvr8CMD_LWQ,Bún Đậu Phố Xưa,"Bún đậu mắm tôm đầy đủ (Đậu, thịt chân giò, nem chua rán, chả cốm)",43000,suất,Mẹt bún đậu đầy đủ nguyên liệu tươi ngon kèm rau thơm kinh giới
ChIJR2eZVyNbNDERRvr8CMD_LWQ,Bún Đậu Phố Xưa,Bún đậu thường (Đậu chiên giòn),28000,suất,Bún đậu chay đơn giản với đậu phụ rán giòn
ChIJR2eZVyNbNDERRvr8CMD_LWQ,Bún Đậu Phố Xưa,Bún chả Hà Nội truyền thống,35000,suất,Chả miếng và chả viên nướng than hoa thơm phức trong bát nước chấm chua ngọt
ChIJR2eZVyNbNDERRvr8CMD_LWQ,Bún Đậu Phố Xưa,Nem cua bể chiên giòn,15000,chiếc,Nem cua bể giòn rụm nhiều nhân
ChIJR2eZVyNbNDERRvr8CMD_LWQ,Bún Đậu Phố Xưa,Nước sấu đá ngầm chua ngọt,12000,cốc,Đồ uống giải nhiệt cực hợp vị bún đậu
ChIJy76QWABbNDERhx5LkzNXfqM,Ốc Bốn Mùa,Ốc luộc sả lá chanh truyền thống,40000,bát,Ốc vặn/ốc nhồi mít luộc thơm mùi sả chấm nước mắm gừng cay ngọt đặc sản
ChIJy76QWABbNDERhx5LkzNXfqM,Ốc Bốn Mùa,Ốc móng tay xào bơ tỏi thơm lừng,70000,đĩa,Ốc móng tay tươi ngọt sốt bơ tỏi sánh béo chấm bánh mì tuyệt đỉnh
ChIJy76QWABbNDERhx5LkzNXfqM,Ốc Bốn Mùa,Nem chua rán giòn rụm (10 cái),55000,đĩa,Nem chua rán nóng hổi chấm tương ớt cay nồng
ChIJy76QWABbNDERhx5LkzNXfqM,Ốc Bốn Mùa,Khoai tây chiên lắc bột phô mai,37000,đĩa,Món khai vị ăn vặt khoái khẩu
ChIJy76QWABbNDERhx5LkzNXfqM,Ốc Bốn Mùa,Trà quất mật ong khổng lồ,18000,cốc,Trà quất mát chua ngọt cực đã khát
ChIJAYJuCQBbNDERQZ5DnJk7q8E,Bún Bò Huế Tú Anh,"Bún bò Huế đầy đủ (Thịt bò, chả cua, tiết, mọc)",42000,bát,"Bún bò Huế chuẩn vị nước dùng thơm mùi sả, ruốc heo"
ChIJAYJuCQBbNDERQZ5DnJk7q8E,Bún Bò Huế Tú Anh,Bún bò Huế đặc biệt (Thêm giò heo),50000,bát,Bún bò Huế tô lớn thêm chân giò heo béo ngậy
ChIJAYJuCQBbNDERQZ5DnJk7q8E,Bún Bò Huế Tú Anh,Bún bò Huế tái chín,37000,bát,Bún bò với thịt bò tái chần và nạm bò chín
ChIJAYJuCQBbNDERQZ5DnJk7q8E,Bún Bò Huế Tú Anh,Quẩy nóng,8000,chiếc,Quẩy giòn ăn kèm bún bò
ChIJAYJuCQBbNDERQZ5DnJk7q8E,Bún Bò Huế Tú Anh,Giò tai heo thêm,7000,chiếc,Giò tai giòn sần sật gọi thêm
ChIJAYJuCQBbNDERQZ5DnJk7q8E,Bún Bò Huế Tú Anh,Trà đá,5000,cốc,Trà đá mát lạnh giải nhiệt
ChIJKcf3RAhbNDERUG2UnnSBnSw,Nguyễn Nhung Cafe,Cà phê đen đá pha phin,22000,ly,Cà phê đen truyền thống đậm đà
ChIJKcf3RAhbNDERUG2UnnSBnSw,Nguyễn Nhung Cafe,Cà phê sữa đá,25000,ly,Cà phê sữa pha phin béo ngậy
ChIJKcf3RAhbNDERUG2UnnSBnSw,Nguyễn Nhung Cafe,Bạc xỉu cốt dừa,30000,ly,Nhiều sữa béo ngậy vị dừa hòa quyện chút cà phê
ChIJKcf3RAhbNDERUG2UnnSBnSw,Nguyễn Nhung Cafe,Trà đào cam sả,35000,ly,Trà đào thơm mát kết hợp lát đào cam tươi sả thơm
ChIJKcf3RAhbNDERUG2UnnSBnSw,Nguyễn Nhung Cafe,Trà sữa trân châu truyền thống,37000,ly,Trà sữa đậm trà kèm trân châu đen dai giòn
ChIJKcf3RAhbNDERUG2UnnSBnSw,Nguyễn Nhung Cafe,Sinh tố bơ sáp,33000,ly,Sinh tố bơ sáp tươi ngon xay sữa đặc ngậy béo
ChIJKcf3RAhbNDERUG2UnnSBnSw,Nguyễn Nhung Cafe,Nước ép cam nguyên chất,33000,ly,Ép cam sành tự nhiên nhiều vitamin C
ChIJpYC0kdxbNDER9vMie5XH2aA,Nhà Hàng G7,Cá kho tộ miền Tây đậm vị,87000,tộ,Cá trắm đen kho tộ sánh quyện nước hàng dừa
ChIJpYC0kdxbNDER9vMie5XH2aA,Nhà Hàng G7,Thịt ba chỉ rang cháy cạnh,80000,đĩa,Thịt ba chỉ ba chỉ giòn rưới mỡ hành
ChIJpYC0kdxbNDER9vMie5XH2aA,Nhà Hàng G7,Sườn non xào chua ngọt,80000,đĩa,Sườn non xào cùng dứa và ớt chuông sốt chua cay
ChIJpYC0kdxbNDER9vMie5XH2aA,Nhà Hàng G7,Rau muống luộc dầm sấu / xào tỏi,33000,đĩa,Rau muống tươi xanh luộc chấm nước mắm chanh ớt
ChIJpYC0kdxbNDER9vMie5XH2aA,Nhà Hàng G7,Canh riêu cua đồng cà pháo,50000,bát,Canh cua đồng mát lạnh ăn kèm cà pháo giòn tan
ChIJpYC0kdxbNDER9vMie5XH2aA,Nhà Hàng G7,Cơm trắng gạo tám thơm,18000,niêu,Niêu cơm gạo tám dẻo thơm
ChIJ1VPeCQBbNDER5wKPz7C0TsI,Nhà hàng Sông Xanh,Cá kho tộ miền Tây đậm vị,80000,tộ,Cá trắm đen kho tộ sánh quyện nước hàng dừa
ChIJ1VPeCQBbNDER5wKPz7C0TsI,Nhà hàng Sông Xanh,Thịt ba chỉ rang cháy cạnh,77000,đĩa,Thịt ba chỉ ba chỉ giòn rưới mỡ hành
ChIJ1VPeCQBbNDER5wKPz7C0TsI,Nhà hàng Sông Xanh,Sườn non xào chua ngọt,75000,đĩa,Sườn non xào cùng dứa và ớt chuông sốt chua cay
ChIJ1VPeCQBbNDER5wKPz7C0TsI,Nhà hàng Sông Xanh,Rau muống luộc dầm sấu / xào tỏi,33000,đĩa,Rau muống tươi xanh luộc chấm nước mắm chanh ớt
ChIJ1VPeCQBbNDER5wKPz7C0TsI,Nhà hàng Sông Xanh,Canh riêu cua đồng cà pháo,45000,bát,Canh cua đồng mát lạnh ăn kèm cà pháo giòn tan
ChIJ1VPeCQBbNDER5wKPz7C0TsI,Nhà hàng Sông Xanh,Cơm trắng gạo tám thơm,12000,niêu,Niêu cơm gạo tám dẻo thơm
ChIJvboFizJaNDERNE5YuZxqUXQ,Phở Phúc Hậu,Phở chín bò ta,33000,bát,Nước dùng phở bò ninh xương ống ngọt lịm kèm thịt chín thái mỏng
ChIJvboFizJaNDERNE5YuZxqUXQ,Phở Phúc Hậu,Phở tái chần,37000,bát,Phở bò với thịt bò tươi chần tái mềm ngọt
ChIJvboFizJaNDERNE5YuZxqUXQ,Phở Phúc Hậu,Phở nạm gầu giòn,35000,bát,Bánh phở mềm cùng nạm bò và gầu bò giòn sần sật
ChIJvboFizJaNDERNE5YuZxqUXQ,Phở Phúc Hậu,Phở tái lăn đặc biệt,50000,bát,Phở bò xào tái lăn thơm mùi tỏi phi
ChIJvboFizJaNDERNE5YuZxqUXQ,Phở Phúc Hậu,Trứng gà trần,7000,quả,Trứng trần nước phở béo ngậy
ChIJvboFizJaNDERNE5YuZxqUXQ,Phở Phúc Hậu,Quẩy giòn,5000,chiếc,Quẩy giòn ăn kèm nước phở
ChIJFZkIfwBZNDER5vUR98o4IU0,Trang Âu Coffee,Cà phê đen đá pha phin,25000,ly,Cà phê đen truyền thống đậm đà
ChIJFZkIfwBZNDER5vUR98o4IU0,Trang Âu Coffee,Cà phê sữa đá,25000,ly,Cà phê sữa pha phin béo ngậy
ChIJFZkIfwBZNDER5vUR98o4IU0,Trang Âu Coffee,Bạc xỉu cốt dừa,33000,ly,Nhiều sữa béo ngậy vị dừa hòa quyện chút cà phê
ChIJFZkIfwBZNDER5vUR98o4IU0,Trang Âu Coffee,Trà đào cam sả,37000,ly,Trà đào thơm mát kết hợp lát đào cam tươi sả thơm
ChIJFZkIfwBZNDER5vUR98o4IU0,Trang Âu Coffee,Trà sữa trân châu truyền thống,40000,ly,Trà sữa đậm trà kèm trân châu đen dai giòn
ChIJFZkIfwBZNDER5vUR98o4IU0,Trang Âu Coffee,Sinh tố bơ sáp,37000,ly,Sinh tố bơ sáp tươi ngon xay sữa đặc ngậy béo
ChIJFZkIfwBZNDER5vUR98o4IU0,Trang Âu Coffee,Nước ép cam nguyên chất,30000,ly,Ép cam sành tự nhiên nhiều vitamin C
ChIJZyvZCaJbNDERBKQox_gzfL0,50°C Tea Cafe,Cà phê đen đá pha phin,19000,ly,Cà phê đen truyền thống đậm đà
ChIJZyvZCaJbNDERBKQox_gzfL0,50°C Tea Cafe,Cà phê sữa đá,25000,ly,Cà phê sữa pha phin béo ngậy
ChIJZyvZCaJbNDERBKQox_gzfL0,50°C Tea Cafe,Bạc xỉu cốt dừa,27000,ly,Nhiều sữa béo ngậy vị dừa hòa quyện chút cà phê
ChIJZyvZCaJbNDERBKQox_gzfL0,50°C Tea Cafe,Trà đào cam sả,30000,ly,Trà đào thơm mát kết hợp lát đào cam tươi sả thơm
ChIJZyvZCaJbNDERBKQox_gzfL0,50°C Tea Cafe,Trà sữa trân châu truyền thống,30000,ly,Trà sữa đậm trà kèm trân châu đen dai giòn
ChIJZyvZCaJbNDERBKQox_gzfL0,50°C Tea Cafe,Sinh tố bơ sáp,40000,ly,Sinh tố bơ sáp tươi ngon xay sữa đặc ngậy béo
ChIJZyvZCaJbNDERBKQox_gzfL0,50°C Tea Cafe,Nước ép cam nguyên chất,27000,ly,Ép cam sành tự nhiên nhiều vitamin C
ChIJF177BABRNDER8VM3b3P54lk,Dailycoffee,Cà phê đen đá pha phin,19000,ly,Cà phê đen truyền thống đậm đà
ChIJF177BABRNDER8VM3b3P54lk,Dailycoffee,Cà phê sữa đá,28000,ly,Cà phê sữa pha phin béo ngậy
ChIJF177BABRNDER8VM3b3P54lk,Dailycoffee,Bạc xỉu cốt dừa,30000,ly,Nhiều sữa béo ngậy vị dừa hòa quyện chút cà phê
ChIJF177BABRNDER8VM3b3P54lk,Dailycoffee,Trà đào cam sả,30000,ly,Trà đào thơm mát kết hợp lát đào cam tươi sả thơm
ChIJF177BABRNDER8VM3b3P54lk,Dailycoffee,Trà sữa trân châu truyền thống,40000,ly,Trà sữa đậm trà kèm trân châu đen dai giòn
ChIJF177BABRNDER8VM3b3P54lk,Dailycoffee,Sinh tố bơ sáp,37000,ly,Sinh tố bơ sáp tươi ngon xay sữa đặc ngậy béo
ChIJF177BABRNDER8VM3b3P54lk,Dailycoffee,Nước ép cam nguyên chất,30000,ly,Ép cam sành tự nhiên nhiều vitamin C
ChIJ3c5IeQBbNDERzNtfaURS6M0,La Cà Phê,Cà phê đen đá pha phin,25000,ly,Cà phê đen truyền thống đậm đà
ChIJ3c5IeQBbNDERzNtfaURS6M0,La Cà Phê,Cà phê sữa đá,22000,ly,Cà phê sữa pha phin béo ngậy
ChIJ3c5IeQBbNDERzNtfaURS6M0,La Cà Phê,Bạc xỉu cốt dừa,33000,ly,Nhiều sữa béo ngậy vị dừa hòa quyện chút cà phê
ChIJ3c5IeQBbNDERzNtfaURS6M0,La Cà Phê,Trà đào cam sả,35000,ly,Trà đào thơm mát kết hợp lát đào cam tươi sả thơm
ChIJ3c5IeQBbNDERzNtfaURS6M0,La Cà Phê,Trà sữa trân châu truyền thống,33000,ly,Trà sữa đậm trà kèm trân châu đen dai giòn
ChIJ3c5IeQBbNDERzNtfaURS6M0,La Cà Phê,Sinh tố bơ sáp,40000,ly,Sinh tố bơ sáp tươi ngon xay sữa đặc ngậy béo
ChIJ3c5IeQBbNDERzNtfaURS6M0,La Cà Phê,Nước ép cam nguyên chất,27000,ly,Ép cam sành tự nhiên nhiều vitamin C
ChIJWefqg59bNDERYhcu9O0If20,Cafe Châu Long,Cà phê đen đá pha phin,25000,ly,Cà phê đen truyền thống đậm đà
ChIJWefqg59bNDERYhcu9O0If20,Cafe Châu Long,Cà phê sữa đá,22000,ly,Cà phê sữa pha phin béo ngậy
ChIJWefqg59bNDERYhcu9O0If20,Cafe Châu Long,Bạc xỉu cốt dừa,30000,ly,Nhiều sữa béo ngậy vị dừa hòa quyện chút cà phê
ChIJWefqg59bNDERYhcu9O0If20,Cafe Châu Long,Trà đào cam sả,37000,ly,Trà đào thơm mát kết hợp lát đào cam tươi sả thơm
ChIJWefqg59bNDERYhcu9O0If20,Cafe Châu Long,Trà sữa trân châu truyền thống,37000,ly,Trà sữa đậm trà kèm trân châu đen dai giòn
ChIJWefqg59bNDERYhcu9O0If20,Cafe Châu Long,Sinh tố bơ sáp,40000,ly,Sinh tố bơ sáp tươi ngon xay sữa đặc ngậy béo
ChIJWefqg59bNDERYhcu9O0If20,Cafe Châu Long,Nước ép cam nguyên chất,27000,ly,Ép cam sành tự nhiên nhiều vitamin C
ChIJtUp0lmlbNDERGvmoZF3PKb8,Chói's Coffee & Tea,Cà phê đen đá pha phin,22000,ly,Cà phê đen truyền thống đậm đà
ChIJtUp0lmlbNDERGvmoZF3PKb8,Chói's Coffee & Tea,Cà phê sữa đá,28000,ly,Cà phê sữa pha phin béo ngậy
ChIJtUp0lmlbNDERGvmoZF3PKb8,Chói's Coffee & Tea,Bạc xỉu cốt dừa,30000,ly,Nhiều sữa béo ngậy vị dừa hòa quyện chút cà phê
ChIJtUp0lmlbNDERGvmoZF3PKb8,Chói's Coffee & Tea,Trà đào cam sả,33000,ly,Trà đào thơm mát kết hợp lát đào cam tươi sả thơm
ChIJtUp0lmlbNDERGvmoZF3PKb8,Chói's Coffee & Tea,Trà sữa trân châu truyền thống,40000,ly,Trà sữa đậm trà kèm trân châu đen dai giòn
ChIJtUp0lmlbNDERGvmoZF3PKb8,Chói's Coffee & Tea,Sinh tố bơ sáp,37000,ly,Sinh tố bơ sáp tươi ngon xay sữa đặc ngậy béo
ChIJtUp0lmlbNDERGvmoZF3PKb8,Chói's Coffee & Tea,Nước ép cam nguyên chất,30000,ly,Ép cam sành tự nhiên nhiều vitamin C
ChIJ81lYWABbNDERtlgh_-eNwWg,Nhà Hàng Vịt Tiến Hưng,Cá kho tộ miền Tây đậm vị,80000,tộ,Cá trắm đen kho tộ sánh quyện nước hàng dừa
ChIJ81lYWABbNDERtlgh_-eNwWg,Nhà Hàng Vịt Tiến Hưng,Thịt ba chỉ rang cháy cạnh,70000,đĩa,Thịt ba chỉ ba chỉ giòn rưới mỡ hành
ChIJ81lYWABbNDERtlgh_-eNwWg,Nhà Hàng Vịt Tiến Hưng,Sườn non xào chua ngọt,78000,đĩa,Sườn non xào cùng dứa và ớt chuông sốt chua cay
ChIJ81lYWABbNDERtlgh_-eNwWg,Nhà Hàng Vịt Tiến Hưng,Rau muống luộc dầm sấu / xào tỏi,33000,đĩa,Rau muống tươi xanh luộc chấm nước mắm chanh ớt
ChIJ81lYWABbNDERtlgh_-eNwWg,Nhà Hàng Vịt Tiến Hưng,Canh riêu cua đồng cà pháo,43000,bát,Canh cua đồng mát lạnh ăn kèm cà pháo giòn tan
ChIJ81lYWABbNDERtlgh_-eNwWg,Nhà Hàng Vịt Tiến Hưng,Cơm trắng gạo tám thơm,12000,niêu,Niêu cơm gạo tám dẻo thơm
ChIJn4MOuuxZNDERCr4fBPqNNWM,Cafe trà sữa Hồng Nhung,Cà phê đen đá pha phin,22000,ly,Cà phê đen truyền thống đậm đà
ChIJn4MOuuxZNDERCr4fBPqNNWM,Cafe trà sữa Hồng Nhung,Cà phê sữa đá,25000,ly,Cà phê sữa pha phin béo ngậy
ChIJn4MOuuxZNDERCr4fBPqNNWM,Cafe trà sữa Hồng Nhung,Bạc xỉu cốt dừa,30000,ly,Nhiều sữa béo ngậy vị dừa hòa quyện chút cà phê
ChIJn4MOuuxZNDERCr4fBPqNNWM,Cafe trà sữa Hồng Nhung,Trà đào cam sả,35000,ly,Trà đào thơm mát kết hợp lát đào cam tươi sả thơm
ChIJn4MOuuxZNDERCr4fBPqNNWM,Cafe trà sữa Hồng Nhung,Trà sữa trân châu truyền thống,37000,ly,Trà sữa đậm trà kèm trân châu đen dai giòn
ChIJn4MOuuxZNDERCr4fBPqNNWM,Cafe trà sữa Hồng Nhung,Sinh tố bơ sáp,35000,ly,Sinh tố bơ sáp tươi ngon xay sữa đặc ngậy béo
ChIJn4MOuuxZNDERCr4fBPqNNWM,Cafe trà sữa Hồng Nhung,Nước ép cam nguyên chất,33000,ly,Ép cam sành tự nhiên nhiều vitamin C
ChIJWxmOOT5ZNDERhXTRAqZjFXM,Nhà Hàng Huyền Trang,Lẩu cua đồng sườn sụn bắp bò,330000,nồi,"Nồi lẩu riêu cua đồng nguyên chất siêu nhiều gạch, kèm bắp bò sườn sụn"
ChIJWxmOOT5ZNDERhXTRAqZjFXM,Nhà Hàng Huyền Trang,Lẩu Thái hải sản chua cay,389000,nồi,"Nước lẩu Tomyum chua cay nhúng tôm, mực, ngao, nấm"
ChIJWxmOOT5ZNDERhXTRAqZjFXM,Nhà Hàng Huyền Trang,Set nướng BBQ thập cẩm bò ba chỉ,289000,set,"Bắp bò, ba chỉ heo cuộn nấm kim châm tẩm sốt BBQ nướng xèo xèo"
ChIJWxmOOT5ZNDERhXTRAqZjFXM,Nhà Hàng Huyền Trang,Ba chỉ bò Mỹ nhúng thêm,80000,đĩa,Thịt ba chỉ bò Mỹ thái mỏng cuốn nấm
ChIJWxmOOT5ZNDERhXTRAqZjFXM,Nhà Hàng Huyền Trang,Sườn sụn non heo thêm,73000,đĩa,Sườn non giòn sần sật nhúng lẩu
ChIJWxmOOT5ZNDERhXTRAqZjFXM,Nhà Hàng Huyền Trang,Rau nấm tổng hợp nhúng lẩu,27000,đĩa,"Nấm kim châm, cải thảo, rau muống tươi"
ChIJU7LuTwBbNDERcSQtXMvbik8,Lẩu Chất,Lẩu cua đồng sườn sụn bắp bò,340000,nồi,"Nồi lẩu riêu cua đồng nguyên chất siêu nhiều gạch, kèm bắp bò sườn sụn"
ChIJU7LuTwBbNDERcSQtXMvbik8,Lẩu Chất,Lẩu Thái hải sản chua cay,409000,nồi,"Nước lẩu Tomyum chua cay nhúng tôm, mực, ngao, nấm"
ChIJU7LuTwBbNDERcSQtXMvbik8,Lẩu Chất,Set nướng BBQ thập cẩm bò ba chỉ,299000,set,"Bắp bò, ba chỉ heo cuộn nấm kim châm tẩm sốt BBQ nướng xèo xèo"
ChIJU7LuTwBbNDERcSQtXMvbik8,Lẩu Chất,Ba chỉ bò Mỹ nhúng thêm,82000,đĩa,Thịt ba chỉ bò Mỹ thái mỏng cuốn nấm
ChIJU7LuTwBbNDERcSQtXMvbik8,Lẩu Chất,Sườn sụn non heo thêm,75000,đĩa,Sườn non giòn sần sật nhúng lẩu
ChIJU7LuTwBbNDERcSQtXMvbik8,Lẩu Chất,Rau nấm tổng hợp nhúng lẩu,33000,đĩa,"Nấm kim châm, cải thảo, rau muống tươi"
ChIJ-XmK80lbNDERPF6XpDn3Tok,Bún Bò Huế Đức Duy,"Bún bò Huế đầy đủ (Thịt bò, chả cua, tiết, mọc)",42000,bát,"Bún bò Huế chuẩn vị nước dùng thơm mùi sả, ruốc heo"
ChIJ-XmK80lbNDERPF6XpDn3Tok,Bún Bò Huế Đức Duy,Bún bò Huế đặc biệt (Thêm giò heo),48000,bát,Bún bò Huế tô lớn thêm chân giò heo béo ngậy
ChIJ-XmK80lbNDERPF6XpDn3Tok,Bún Bò Huế Đức Duy,Bún bò Huế tái chín,40000,bát,Bún bò với thịt bò tái chần và nạm bò chín
ChIJ-XmK80lbNDERPF6XpDn3Tok,Bún Bò Huế Đức Duy,Quẩy nóng,8000,chiếc,Quẩy giòn ăn kèm bún bò
ChIJ-XmK80lbNDERPF6XpDn3Tok,Bún Bò Huế Đức Duy,Giò tai heo thêm,13000,chiếc,Giò tai giòn sần sật gọi thêm
ChIJ-XmK80lbNDERPF6XpDn3Tok,Bún Bò Huế Đức Duy,Trà đá,5000,cốc,Trà đá mát lạnh giải nhiệt
ChIJcUENb3pbNDERNFqmmLsZkdc,Quán Mỳ U Hoa,Cá kho tộ miền Tây đậm vị,85000,tộ,Cá trắm đen kho tộ sánh quyện nước hàng dừa
ChIJcUENb3pbNDERNFqmmLsZkdc,Quán Mỳ U Hoa,Thịt ba chỉ rang cháy cạnh,73000,đĩa,Thịt ba chỉ ba chỉ giòn rưới mỡ hành
ChIJcUENb3pbNDERNFqmmLsZkdc,Quán Mỳ U Hoa,Sườn non xào chua ngọt,85000,đĩa,Sườn non xào cùng dứa và ớt chuông sốt chua cay
ChIJcUENb3pbNDERNFqmmLsZkdc,Quán Mỳ U Hoa,Rau muống luộc dầm sấu / xào tỏi,30000,đĩa,Rau muống tươi xanh luộc chấm nước mắm chanh ớt
ChIJcUENb3pbNDERNFqmmLsZkdc,Quán Mỳ U Hoa,Canh riêu cua đồng cà pháo,40000,bát,Canh cua đồng mát lạnh ăn kèm cà pháo giòn tan
ChIJcUENb3pbNDERNFqmmLsZkdc,Quán Mỳ U Hoa,Cơm trắng gạo tám thơm,12000,niêu,Niêu cơm gạo tám dẻo thơm
ChIJ4wYOKABbNDERgY5raGgM_EE,Dê Ngon Nguyễn Gia,Thịt trâu xào lá lốt,140000,đĩa,Thịt trâu tươi mềm ngọt xào lá lốt thơm lừng
ChIJ4wYOKABbNDERgY5raGgM_EE,Dê Ngon Nguyễn Gia,Thịt trâu nhúng mẻ chua cay,160000,đĩa,Thịt trâu nhúng nước dùng mẻ chua thanh nhẹ
ChIJ4wYOKABbNDERgY5raGgM_EE,Dê Ngon Nguyễn Gia,Dê tái chanh chấm tương gừng,140000,đĩa,Thịt dê núi hấp tái trộn vừng sả lá chanh
ChIJ4wYOKABbNDERgY5raGgM_EE,Dê Ngon Nguyễn Gia,Dê né bản gang,170000,đĩa,Dê xào nóng hổi trên bản gang kèm đậu bắp
ChIJ4wYOKABbNDERgY5raGgM_EE,Dê Ngon Nguyễn Gia,Lẩu dê núi nhúng mẻ,399000,nồi,Nồi lẩu dê núi ré thơm ngon kèm rau nhúng đặc sản
ChIJ4wYOKABbNDERgY5raGgM_EE,Dê Ngon Nguyễn Gia,Cơm cháy sốt dê,75000,đĩa,Cơm cháy giòn tan rưới nước sốt dê đậm vị
ChIJ3yDx2UlbNDERRDl1iwb-mBE,Quán Cháo Lòng Tiết Canh 371,Cháo lòng heo đầy đủ dồi sụn tiết luộc,30000,bát,Cháo lòng nấu gạo tẻ sánh ngọt cùng lòng non dồi sụn gan luộc
ChIJ3yDx2UlbNDERRDl1iwb-mBE,Quán Cháo Lòng Tiết Canh 371,Cháo sườn sụn nóng hổi hành hoa,37000,bát,Cháo bột sườn non sánh mịn giòn sần sật sườn sụn non
ChIJ3yDx2UlbNDERRDl1iwb-mBE,Quán Cháo Lòng Tiết Canh 371,Quẩy giòn ăn cháo,8000,đĩa,Quẩy ăn kèm cháo ngon tuyệt
ChIJQZIBZABbNDERR0fOq_RA1xQ,Nhà Hàng Quốc Gia,Ốc luộc sả lá chanh truyền thống,45000,bát,Ốc vặn/ốc nhồi mít luộc thơm mùi sả chấm nước mắm gừng cay ngọt đặc sản
ChIJQZIBZABbNDERR0fOq_RA1xQ,Nhà Hàng Quốc Gia,Ốc móng tay xào bơ tỏi thơm lừng,68000,đĩa,Ốc móng tay tươi ngọt sốt bơ tỏi sánh béo chấm bánh mì tuyệt đỉnh
ChIJQZIBZABbNDERR0fOq_RA1xQ,Nhà Hàng Quốc Gia,Nem chua rán giòn rụm (10 cái),50000,đĩa,Nem chua rán nóng hổi chấm tương ớt cay nồng
ChIJQZIBZABbNDERR0fOq_RA1xQ,Nhà Hàng Quốc Gia,Khoai tây chiên lắc bột phô mai,37000,đĩa,Món khai vị ăn vặt khoái khẩu
ChIJQZIBZABbNDERR0fOq_RA1xQ,Nhà Hàng Quốc Gia,Trà quất mật ong khổng lồ,15000,cốc,Trà quất mát chua ngọt cực đã khát
ChIJqxlmKACrNTER6PW2YGK5sHg,Tiệm Trà Lyna & PhotoBooth,Cà phê đen đá pha phin,25000,ly,Cà phê đen truyền thống đậm đà
ChIJqxlmKACrNTER6PW2YGK5sHg,Tiệm Trà Lyna & PhotoBooth,Cà phê sữa đá,22000,ly,Cà phê sữa pha phin béo ngậy
ChIJqxlmKACrNTER6PW2YGK5sHg,Tiệm Trà Lyna & PhotoBooth,Bạc xỉu cốt dừa,27000,ly,Nhiều sữa béo ngậy vị dừa hòa quyện chút cà phê
ChIJqxlmKACrNTER6PW2YGK5sHg,Tiệm Trà Lyna & PhotoBooth,Trà đào cam sả,35000,ly,Trà đào thơm mát kết hợp lát đào cam tươi sả thơm
ChIJqxlmKACrNTER6PW2YGK5sHg,Tiệm Trà Lyna & PhotoBooth,Trà sữa trân châu truyền thống,40000,ly,Trà sữa đậm trà kèm trân châu đen dai giòn
ChIJqxlmKACrNTER6PW2YGK5sHg,Tiệm Trà Lyna & PhotoBooth,Sinh tố bơ sáp,30000,ly,Sinh tố bơ sáp tươi ngon xay sữa đặc ngậy béo
ChIJqxlmKACrNTER6PW2YGK5sHg,Tiệm Trà Lyna & PhotoBooth,Nước ép cam nguyên chất,27000,ly,Ép cam sành tự nhiên nhiều vitamin C
ChIJBeXvFwBZNDERKoa49_EWixU,Toco toco,Kem tươi ốc quế sữa dừa / vani Mixue,10000,chiếc,Kem tươi thơm ngon ngậy béo ốc quế giòn tan
ChIJBeXvFwBZNDERKoa49_EWixU,Toco toco,Trà sữa ba anh em thạch pudding trân châu,30000,ly,Trà sữa đậm vị kèm full topping dồi dào
ChIJBeXvFwBZNDERKoa49_EWixU,Toco toco,Dương chi cam lộ xoài bưởi trân châu,37000,ly,"Sinh tố xoài, bưởi hồng cùng thạch dừa thạch đào thơm ngon mát lạnh"
ChIJBeXvFwBZNDERKoa49_EWixU,Toco toco,Trà đào tứ kỳ xuân hạt đào miếng,28000,ly,Trà ô long thanh vị kết hợp thạch đào giòn ngọt
ChIJ2c9oZ_tbNDERmflaGRs22S4,Quán Dê Tỉnh Hoa,Thịt trâu xào lá lốt,130000,đĩa,Thịt trâu tươi mềm ngọt xào lá lốt thơm lừng
ChIJ2c9oZ_tbNDERmflaGRs22S4,Quán Dê Tỉnh Hoa,Thịt trâu nhúng mẻ chua cay,170000,đĩa,Thịt trâu nhúng nước dùng mẻ chua thanh nhẹ
ChIJ2c9oZ_tbNDERmflaGRs22S4,Quán Dê Tỉnh Hoa,Dê tái chanh chấm tương gừng,140000,đĩa,Thịt dê núi hấp tái trộn vừng sả lá chanh
ChIJ2c9oZ_tbNDERmflaGRs22S4,Quán Dê Tỉnh Hoa,Dê né bản gang,140000,đĩa,Dê xào nóng hổi trên bản gang kèm đậu bắp
ChIJ2c9oZ_tbNDERmflaGRs22S4,Quán Dê Tỉnh Hoa,Lẩu dê núi nhúng mẻ,389000,nồi,Nồi lẩu dê núi ré thơm ngon kèm rau nhúng đặc sản
ChIJ2c9oZ_tbNDERmflaGRs22S4,Quán Dê Tỉnh Hoa,Cơm cháy sốt dê,68000,đĩa,Cơm cháy giòn tan rưới nước sốt dê đậm vị
ChIJh7CDTgBbNDERqB7NcALkxAk,Phở hiếu thảo,Phở chín bò ta,40000,bát,Nước dùng phở bò ninh xương ống ngọt lịm kèm thịt chín thái mỏng
ChIJh7CDTgBbNDERqB7NcALkxAk,Phở hiếu thảo,Phở tái chần,30000,bát,Phở bò với thịt bò tươi chần tái mềm ngọt
ChIJh7CDTgBbNDERqB7NcALkxAk,Phở hiếu thảo,Phở nạm gầu giòn,38000,bát,Bánh phở mềm cùng nạm bò và gầu bò giòn sần sật
ChIJh7CDTgBbNDERqB7NcALkxAk,Phở hiếu thảo,Phở tái lăn đặc biệt,50000,bát,Phở bò xào tái lăn thơm mùi tỏi phi
ChIJh7CDTgBbNDERqB7NcALkxAk,Phở hiếu thảo,Trứng gà trần,7000,quả,Trứng trần nước phở béo ngậy
ChIJh7CDTgBbNDERqB7NcALkxAk,Phở hiếu thảo,Quẩy giòn,5000,chiếc,Quẩy giòn ăn kèm nước phở
ChIJX13Lbr9bNDERb0qoDeD_MJ0,Quán Mèo Hải Lá,Cá kho tộ miền Tây đậm vị,80000,tộ,Cá trắm đen kho tộ sánh quyện nước hàng dừa
ChIJX13Lbr9bNDERb0qoDeD_MJ0,Quán Mèo Hải Lá,Thịt ba chỉ rang cháy cạnh,73000,đĩa,Thịt ba chỉ ba chỉ giòn rưới mỡ hành
ChIJX13Lbr9bNDERb0qoDeD_MJ0,Quán Mèo Hải Lá,Sườn non xào chua ngọt,75000,đĩa,Sườn non xào cùng dứa và ớt chuông sốt chua cay
ChIJX13Lbr9bNDERb0qoDeD_MJ0,Quán Mèo Hải Lá,Rau muống luộc dầm sấu / xào tỏi,27000,đĩa,Rau muống tươi xanh luộc chấm nước mắm chanh ớt
ChIJX13Lbr9bNDERb0qoDeD_MJ0,Quán Mèo Hải Lá,Canh riêu cua đồng cà pháo,40000,bát,Canh cua đồng mát lạnh ăn kèm cà pháo giòn tan
ChIJX13Lbr9bNDERb0qoDeD_MJ0,Quán Mèo Hải Lá,Cơm trắng gạo tám thơm,15000,niêu,Niêu cơm gạo tám dẻo thơm
ChIJQYRxD1tbNDERz8TdJMcygtE,Coffee An Nhiên Hoà Lạc,Cà phê đen đá pha phin,22000,ly,Cà phê đen truyền thống đậm đà
ChIJQYRxD1tbNDERz8TdJMcygtE,Coffee An Nhiên Hoà Lạc,Cà phê sữa đá,28000,ly,Cà phê sữa pha phin béo ngậy
ChIJQYRxD1tbNDERz8TdJMcygtE,Coffee An Nhiên Hoà Lạc,Bạc xỉu cốt dừa,27000,ly,Nhiều sữa béo ngậy vị dừa hòa quyện chút cà phê
ChIJQYRxD1tbNDERz8TdJMcygtE,Coffee An Nhiên Hoà Lạc,Trà đào cam sả,40000,ly,Trà đào thơm mát kết hợp lát đào cam tươi sả thơm
ChIJQYRxD1tbNDERz8TdJMcygtE,Coffee An Nhiên Hoà Lạc,Trà sữa trân châu truyền thống,35000,ly,Trà sữa đậm trà kèm trân châu đen dai giòn
ChIJQYRxD1tbNDERz8TdJMcygtE,Coffee An Nhiên Hoà Lạc,Sinh tố bơ sáp,30000,ly,Sinh tố bơ sáp tươi ngon xay sữa đặc ngậy béo
ChIJQYRxD1tbNDERz8TdJMcygtE,Coffee An Nhiên Hoà Lạc,Nước ép cam nguyên chất,30000,ly,Ép cam sành tự nhiên nhiều vitamin C
ChIJyy7K3-FbNDER_Zg8kgJ88QQ,Bún Phở Thanh Phương,Phở chín bò ta,33000,bát,Nước dùng phở bò ninh xương ống ngọt lịm kèm thịt chín thái mỏng
ChIJyy7K3-FbNDER_Zg8kgJ88QQ,Bún Phở Thanh Phương,Phở tái chần,33000,bát,Phở bò với thịt bò tươi chần tái mềm ngọt
ChIJyy7K3-FbNDER_Zg8kgJ88QQ,Bún Phở Thanh Phương,Phở nạm gầu giòn,35000,bát,Bánh phở mềm cùng nạm bò và gầu bò giòn sần sật
ChIJyy7K3-FbNDER_Zg8kgJ88QQ,Bún Phở Thanh Phương,Phở tái lăn đặc biệt,50000,bát,Phở bò xào tái lăn thơm mùi tỏi phi
ChIJyy7K3-FbNDER_Zg8kgJ88QQ,Bún Phở Thanh Phương,Trứng gà trần,13000,quả,Trứng trần nước phở béo ngậy
ChIJyy7K3-FbNDER_Zg8kgJ88QQ,Bún Phở Thanh Phương,Quẩy giòn,2000,chiếc,Quẩy giòn ăn kèm nước phở
ChIJ1UksbgBbNDER5Mh9QPi8C1I,King Bbq Buffet,Lẩu cua đồng sườn sụn bắp bò,330000,nồi,"Nồi lẩu riêu cua đồng nguyên chất siêu nhiều gạch, kèm bắp bò sườn sụn"
ChIJ1UksbgBbNDER5Mh9QPi8C1I,King Bbq Buffet,Lẩu Thái hải sản chua cay,399000,nồi,"Nước lẩu Tomyum chua cay nhúng tôm, mực, ngao, nấm"
ChIJ1UksbgBbNDER5Mh9QPi8C1I,King Bbq Buffet,Set nướng BBQ thập cẩm bò ba chỉ,309000,set,"Bắp bò, ba chỉ heo cuộn nấm kim châm tẩm sốt BBQ nướng xèo xèo"
ChIJ1UksbgBbNDER5Mh9QPi8C1I,King Bbq Buffet,Ba chỉ bò Mỹ nhúng thêm,75000,đĩa,Thịt ba chỉ bò Mỹ thái mỏng cuốn nấm
ChIJ1UksbgBbNDER5Mh9QPi8C1I,King Bbq Buffet,Sườn sụn non heo thêm,80000,đĩa,Sườn non giòn sần sật nhúng lẩu
ChIJ1UksbgBbNDER5Mh9QPi8C1I,King Bbq Buffet,Rau nấm tổng hợp nhúng lẩu,27000,đĩa,"Nấm kim châm, cải thảo, rau muống tươi"
ChIJu2l_OjVbNDERXBTsVOqPfCA,Pizza & Fastfood Tân Xã,Gà rán giòn rụm tiêu cay (1 miếng),35000,miếng,Thịt gà tươi tẩm bột chiên vàng giòn da ngoài mọng nước bên trong
ChIJu2l_OjVbNDERXBTsVOqPfCA,Pizza & Fastfood Tân Xã,Burger bò phô mai xá xíu đặc biệt,40000,chiếc,"Burger kẹp bò băm nướng lò, phô mai lát béo ngậy, sốt đặc biệt"
ChIJu2l_OjVbNDERXBTsVOqPfCA,Pizza & Fastfood Tân Xã,Pizza xúc xích xông khói phô mai (Size 20cm),110000,chiếc,Đế pizza nướng giòn rưới đẫm phô mai Mozzarella nhập khẩu
ChIJu2l_OjVbNDERXBTsVOqPfCA,Pizza & Fastfood Tân Xã,Khoai tây chiên giòn cọng lớn,28000,đĩa,Khoai tây vàng giòn tơi xốp ăn kèm sốt cà chua
ChIJZ73FdSFbNDERnxGSft1xWM4,Cafe Hát Cho Nhau Nghe,"Đĩa hoa quả thập cẩm lớn (Dưa hấu, ổi, xoài, nho)",140000,đĩa,Hoa quả tươi ngon cắt lát đẹp mắt
ChIJZ73FdSFbNDERnxGSft1xWM4,Cafe Hát Cho Nhau Nghe,Khô mực nướng cồn,200000,con,Mực khô Vân Đồn nướng cồn xé tay
ChIJZ73FdSFbNDERnxGSft1xWM4,Cafe Hát Cho Nhau Nghe,Thịt bò khô xé sợi vắt chanh,75000,đĩa,Bò khô sợi cay cay ngọt ngọt
ChIJZ73FdSFbNDERnxGSft1xWM4,Cafe Hát Cho Nhau Nghe,Khoai tây chiên lắc phô mai,43000,đĩa,Khoai tây chiên giòn tan phủ bột phô mai
ChIJZ73FdSFbNDERnxGSft1xWM4,Cafe Hát Cho Nhau Nghe,Hạt hướng dương sạch,17000,đĩa,Hạt hướng dương rang thơm
ChIJZ73FdSFbNDERnxGSft1xWM4,Cafe Hát Cho Nhau Nghe,Bia Heineken lon,22000,lon,Bia ngoại ướp lạnh sẵn
ChIJZ73FdSFbNDERnxGSft1xWM4,Cafe Hát Cho Nhau Nghe,Bia Hà Nội lon,18000,lon,Bia nội truyền thống
ChIJZ73FdSFbNDERnxGSft1xWM4,Cafe Hát Cho Nhau Nghe,Nước ngọt Coca-Cola / Sting,18000,lon,Nước ngọt các loại phục vụ lạnh
ChIJFe2qdoZbNDERpsjm7SFbrW0,Valley Restaurant,Cá kho tộ miền Tây đậm vị,85000,tộ,Cá trắm đen kho tộ sánh quyện nước hàng dừa
ChIJFe2qdoZbNDERpsjm7SFbrW0,Valley Restaurant,Thịt ba chỉ rang cháy cạnh,75000,đĩa,Thịt ba chỉ ba chỉ giòn rưới mỡ hành
ChIJFe2qdoZbNDERpsjm7SFbrW0,Valley Restaurant,Sườn non xào chua ngọt,75000,đĩa,Sườn non xào cùng dứa và ớt chuông sốt chua cay
ChIJFe2qdoZbNDERpsjm7SFbrW0,Valley Restaurant,Rau muống luộc dầm sấu / xào tỏi,27000,đĩa,Rau muống tươi xanh luộc chấm nước mắm chanh ớt
ChIJFe2qdoZbNDERpsjm7SFbrW0,Valley Restaurant,Canh riêu cua đồng cà pháo,43000,bát,Canh cua đồng mát lạnh ăn kèm cà pháo giòn tan
ChIJFe2qdoZbNDERpsjm7SFbrW0,Valley Restaurant,Cơm trắng gạo tám thơm,12000,niêu,Niêu cơm gạo tám dẻo thơm
ChIJNz87TwBbNDER-O1vlLUWoAM,Hằng Coffe,Cà phê đen đá pha phin,19000,ly,Cà phê đen truyền thống đậm đà
ChIJNz87TwBbNDER-O1vlLUWoAM,Hằng Coffe,Cà phê sữa đá,28000,ly,Cà phê sữa pha phin béo ngậy
ChIJNz87TwBbNDER-O1vlLUWoAM,Hằng Coffe,Bạc xỉu cốt dừa,33000,ly,Nhiều sữa béo ngậy vị dừa hòa quyện chút cà phê
ChIJNz87TwBbNDER-O1vlLUWoAM,Hằng Coffe,Trà đào cam sả,30000,ly,Trà đào thơm mát kết hợp lát đào cam tươi sả thơm
ChIJNz87TwBbNDER-O1vlLUWoAM,Hằng Coffe,Trà sữa trân châu truyền thống,33000,ly,Trà sữa đậm trà kèm trân châu đen dai giòn
ChIJNz87TwBbNDER-O1vlLUWoAM,Hằng Coffe,Sinh tố bơ sáp,40000,ly,Sinh tố bơ sáp tươi ngon xay sữa đặc ngậy béo
ChIJNz87TwBbNDER-O1vlLUWoAM,Hằng Coffe,Nước ép cam nguyên chất,33000,ly,Ép cam sành tự nhiên nhiều vitamin C
ChIJddJFGgBbNDERIhA-ZsupA0Y,Xingfu 4 Season Fruit Tea Hòa Lạc,Cà phê đen đá pha phin,19000,ly,Cà phê đen truyền thống đậm đà
ChIJddJFGgBbNDERIhA-ZsupA0Y,Xingfu 4 Season Fruit Tea Hòa Lạc,Cà phê sữa đá,22000,ly,Cà phê sữa pha phin béo ngậy
ChIJddJFGgBbNDERIhA-ZsupA0Y,Xingfu 4 Season Fruit Tea Hòa Lạc,Bạc xỉu cốt dừa,33000,ly,Nhiều sữa béo ngậy vị dừa hòa quyện chút cà phê
ChIJddJFGgBbNDERIhA-ZsupA0Y,Xingfu 4 Season Fruit Tea Hòa Lạc,Trà đào cam sả,35000,ly,Trà đào thơm mát kết hợp lát đào cam tươi sả thơm
ChIJddJFGgBbNDERIhA-ZsupA0Y,Xingfu 4 Season Fruit Tea Hòa Lạc,Trà sữa trân châu truyền thống,40000,ly,Trà sữa đậm trà kèm trân châu đen dai giòn
ChIJddJFGgBbNDERIhA-ZsupA0Y,Xingfu 4 Season Fruit Tea Hòa Lạc,Sinh tố bơ sáp,30000,ly,Sinh tố bơ sáp tươi ngon xay sữa đặc ngậy béo
ChIJddJFGgBbNDERIhA-ZsupA0Y,Xingfu 4 Season Fruit Tea Hòa Lạc,Nước ép cam nguyên chất,30000,ly,Ép cam sành tự nhiên nhiều vitamin C
ChIJ1eIfds9bNDERLIUEROlgGr8,Tiệm Linh Meo Nail Mi,Cà phê đen đá pha phin,25000,ly,Cà phê đen truyền thống đậm đà
ChIJ1eIfds9bNDERLIUEROlgGr8,Tiệm Linh Meo Nail Mi,Cà phê sữa đá,22000,ly,Cà phê sữa pha phin béo ngậy
ChIJ1eIfds9bNDERLIUEROlgGr8,Tiệm Linh Meo Nail Mi,Bạc xỉu cốt dừa,33000,ly,Nhiều sữa béo ngậy vị dừa hòa quyện chút cà phê
ChIJ1eIfds9bNDERLIUEROlgGr8,Tiệm Linh Meo Nail Mi,Trà đào cam sả,35000,ly,Trà đào thơm mát kết hợp lát đào cam tươi sả thơm
ChIJ1eIfds9bNDERLIUEROlgGr8,Tiệm Linh Meo Nail Mi,Trà sữa trân châu truyền thống,35000,ly,Trà sữa đậm trà kèm trân châu đen dai giòn
ChIJ1eIfds9bNDERLIUEROlgGr8,Tiệm Linh Meo Nail Mi,Sinh tố bơ sáp,30000,ly,Sinh tố bơ sáp tươi ngon xay sữa đặc ngậy béo
ChIJ1eIfds9bNDERLIUEROlgGr8,Tiệm Linh Meo Nail Mi,Nước ép cam nguyên chất,30000,ly,Ép cam sành tự nhiên nhiều vitamin C
ChIJu3nEtmlbNDER3j24Vp45eiw,Princess Tea & Coffee,Cà phê đen đá pha phin,19000,ly,Cà phê đen truyền thống đậm đà
ChIJu3nEtmlbNDER3j24Vp45eiw,Princess Tea & Coffee,Cà phê sữa đá,22000,ly,Cà phê sữa pha phin béo ngậy
ChIJu3nEtmlbNDER3j24Vp45eiw,Princess Tea & Coffee,Bạc xỉu cốt dừa,27000,ly,Nhiều sữa béo ngậy vị dừa hòa quyện chút cà phê
ChIJu3nEtmlbNDER3j24Vp45eiw,Princess Tea & Coffee,Trà đào cam sả,30000,ly,Trà đào thơm mát kết hợp lát đào cam tươi sả thơm
ChIJu3nEtmlbNDER3j24Vp45eiw,Princess Tea & Coffee,Trà sữa trân châu truyền thống,35000,ly,Trà sữa đậm trà kèm trân châu đen dai giòn
ChIJu3nEtmlbNDER3j24Vp45eiw,Princess Tea & Coffee,Sinh tố bơ sáp,40000,ly,Sinh tố bơ sáp tươi ngon xay sữa đặc ngậy béo
ChIJu3nEtmlbNDER3j24Vp45eiw,Princess Tea & Coffee,Nước ép cam nguyên chất,27000,ly,Ép cam sành tự nhiên nhiều vitamin C
ChIJAVgXakRbNDER4RCYnvTTYkk,Cà Phê Hoa Vinh,Cà phê đen đá pha phin,25000,ly,Cà phê đen truyền thống đậm đà
ChIJAVgXakRbNDER4RCYnvTTYkk,Cà Phê Hoa Vinh,Cà phê sữa đá,28000,ly,Cà phê sữa pha phin béo ngậy
ChIJAVgXakRbNDER4RCYnvTTYkk,Cà Phê Hoa Vinh,Bạc xỉu cốt dừa,30000,ly,Nhiều sữa béo ngậy vị dừa hòa quyện chút cà phê
ChIJAVgXakRbNDER4RCYnvTTYkk,Cà Phê Hoa Vinh,Trà đào cam sả,37000,ly,Trà đào thơm mát kết hợp lát đào cam tươi sả thơm
ChIJAVgXakRbNDER4RCYnvTTYkk,Cà Phê Hoa Vinh,Trà sữa trân châu truyền thống,35000,ly,Trà sữa đậm trà kèm trân châu đen dai giòn
ChIJAVgXakRbNDER4RCYnvTTYkk,Cà Phê Hoa Vinh,Sinh tố bơ sáp,37000,ly,Sinh tố bơ sáp tươi ngon xay sữa đặc ngậy béo
ChIJAVgXakRbNDER4RCYnvTTYkk,Cà Phê Hoa Vinh,Nước ép cam nguyên chất,27000,ly,Ép cam sành tự nhiên nhiều vitamin C
ChIJZYr-YCtbNDERUbz62MH775I,KaraokeHH+,"Đĩa hoa quả thập cẩm lớn (Dưa hấu, ổi, xoài, nho)",170000,đĩa,Hoa quả tươi ngon cắt lát đẹp mắt
ChIJZYr-YCtbNDERUbz62MH775I,KaraokeHH+,Khô mực nướng cồn,190000,con,Mực khô Vân Đồn nướng cồn xé tay
ChIJZYr-YCtbNDERUbz62MH775I,KaraokeHH+,Thịt bò khô xé sợi vắt chanh,80000,đĩa,Bò khô sợi cay cay ngọt ngọt
ChIJZYr-YCtbNDERUbz62MH775I,KaraokeHH+,Khoai tây chiên lắc phô mai,47000,đĩa,Khoai tây chiên giòn tan phủ bột phô mai
ChIJZYr-YCtbNDERUbz62MH775I,KaraokeHH+,Hạt hướng dương sạch,23000,đĩa,Hạt hướng dương rang thơm
ChIJZYr-YCtbNDERUbz62MH775I,KaraokeHH+,Bia Heineken lon,25000,lon,Bia ngoại ướp lạnh sẵn
ChIJZYr-YCtbNDERUbz62MH775I,KaraokeHH+,Bia Hà Nội lon,21000,lon,Bia nội truyền thống
ChIJZYr-YCtbNDERUbz62MH775I,KaraokeHH+,Nước ngọt Coca-Cola / Sting,18000,lon,Nước ngọt các loại phục vụ lạnh
ChIJUcPJHe9bNDER6xeE5zS5aIA,1995 Coffee & Tea,Cà phê đen đá pha phin,19000,ly,Cà phê đen truyền thống đậm đà
ChIJUcPJHe9bNDER6xeE5zS5aIA,1995 Coffee & Tea,Cà phê sữa đá,25000,ly,Cà phê sữa pha phin béo ngậy
ChIJUcPJHe9bNDER6xeE5zS5aIA,1995 Coffee & Tea,Bạc xỉu cốt dừa,30000,ly,Nhiều sữa béo ngậy vị dừa hòa quyện chút cà phê
ChIJUcPJHe9bNDER6xeE5zS5aIA,1995 Coffee & Tea,Trà đào cam sả,35000,ly,Trà đào thơm mát kết hợp lát đào cam tươi sả thơm
ChIJUcPJHe9bNDER6xeE5zS5aIA,1995 Coffee & Tea,Trà sữa trân châu truyền thống,30000,ly,Trà sữa đậm trà kèm trân châu đen dai giòn
ChIJUcPJHe9bNDER6xeE5zS5aIA,1995 Coffee & Tea,Sinh tố bơ sáp,40000,ly,Sinh tố bơ sáp tươi ngon xay sữa đặc ngậy béo
ChIJUcPJHe9bNDER6xeE5zS5aIA,1995 Coffee & Tea,Nước ép cam nguyên chất,27000,ly,Ép cam sành tự nhiên nhiều vitamin C
ChIJKUngL8pbNDERBaQIw7-WupM,Xôi Nam,Xôi xéo ruốc hành phi,20000,đĩa,Xôi xéo thơm nếp dẻo mỡ hành phi
ChIJKUngL8pbNDERBaQIw7-WupM,Xôi Nam,Bánh mì pate trứng giò,25000,cái,"Bánh mì giòn kẹp pate nhà làm, trứng ốp la, giò lụa"
ChIJKUngL8pbNDERBaQIw7-WupM,Xôi Nam,Sữa đậu nành nóng,7000,cốc,Sữa đậu nành nguyên chất
ChIJKUngL8pbNDERBaQIw7-WupM,Xôi Nam,Trà đá,6000,cốc,Trà giải khát sáng sớm
ChIJ5fGpH_hbNDEReWKBO9hIvho,Nhà Hàng Hồ Sen,Cá kho tộ miền Tây đậm vị,87000,tộ,Cá trắm đen kho tộ sánh quyện nước hàng dừa
ChIJ5fGpH_hbNDEReWKBO9hIvho,Nhà Hàng Hồ Sen,Thịt ba chỉ rang cháy cạnh,73000,đĩa,Thịt ba chỉ ba chỉ giòn rưới mỡ hành
ChIJ5fGpH_hbNDEReWKBO9hIvho,Nhà Hàng Hồ Sen,Sườn non xào chua ngọt,78000,đĩa,Sườn non xào cùng dứa và ớt chuông sốt chua cay
ChIJ5fGpH_hbNDEReWKBO9hIvho,Nhà Hàng Hồ Sen,Rau muống luộc dầm sấu / xào tỏi,30000,đĩa,Rau muống tươi xanh luộc chấm nước mắm chanh ớt
ChIJ5fGpH_hbNDEReWKBO9hIvho,Nhà Hàng Hồ Sen,Canh riêu cua đồng cà pháo,43000,bát,Canh cua đồng mát lạnh ăn kèm cà pháo giòn tan
ChIJ5fGpH_hbNDEReWKBO9hIvho,Nhà Hàng Hồ Sen,Cơm trắng gạo tám thơm,18000,niêu,Niêu cơm gạo tám dẻo thơm
ChIJR0GrHwBbNDERtPkop2rUPKo,Cơm Tấm 79,Cơm rang dưa bò,40000,đĩa,Cơm rang hạt giòn tơi xào cùng cải dưa chua và thịt bò tươi mềm
ChIJR0GrHwBbNDERtPkop2rUPKo,Cơm Tấm 79,Cơm rang thập cẩm giòn,33000,đĩa,Cơm rang lạp xưởng ngô ngọt đậu hà lan rưới trứng vàng
ChIJR0GrHwBbNDERtPkop2rUPKo,Cơm Tấm 79,Cơm thố xá xíu nóng hổi,38000,thố,"Cơm nấu niêu thố đất tạo lớp cháy giòn nhẹ, phủ thịt xá xíu đậm sốt"
ChIJR0GrHwBbNDERtPkop2rUPKo,Cơm Tấm 79,Suất cơm bình dân tự chọn (3 món mặn + rau),33000,suất,Cơm suất bình dân đầy đặn sạch sẽ cho sinh viên và người đi làm
ChIJR0GrHwBbNDERtPkop2rUPKo,Cơm Tấm 79,Cơm tấm sườn bì chả Sài Gòn,35000,đĩa,Cơm tấm ăn kèm sườn nướng mặn ngọt chả trứng bì heo thính và nước mắm chua cay
ChIJayLLOFpbNDERxaGb_TBbjCk,Phở Cồ Hòa Lạc,Phở chín bò ta,35000,bát,Nước dùng phở bò ninh xương ống ngọt lịm kèm thịt chín thái mỏng
ChIJayLLOFpbNDERxaGb_TBbjCk,Phở Cồ Hòa Lạc,Phở tái chần,35000,bát,Phở bò với thịt bò tươi chần tái mềm ngọt
ChIJayLLOFpbNDERxaGb_TBbjCk,Phở Cồ Hòa Lạc,Phở nạm gầu giòn,40000,bát,Bánh phở mềm cùng nạm bò và gầu bò giòn sần sật
ChIJayLLOFpbNDERxaGb_TBbjCk,Phở Cồ Hòa Lạc,Phở tái lăn đặc biệt,47000,bát,Phở bò xào tái lăn thơm mùi tỏi phi
ChIJayLLOFpbNDERxaGb_TBbjCk,Phở Cồ Hòa Lạc,Trứng gà trần,10000,quả,Trứng trần nước phở béo ngậy
ChIJayLLOFpbNDERxaGb_TBbjCk,Phở Cồ Hòa Lạc,Quẩy giòn,8000,chiếc,Quẩy giòn ăn kèm nước phở
ChIJyZtjwRVbNDERVwm55jYlP0o,Oanh Thân Lẩu Chó,Lẩu cua đồng sườn sụn bắp bò,370000,nồi,"Nồi lẩu riêu cua đồng nguyên chất siêu nhiều gạch, kèm bắp bò sườn sụn"
ChIJyZtjwRVbNDERVwm55jYlP0o,Oanh Thân Lẩu Chó,Lẩu Thái hải sản chua cay,379000,nồi,"Nước lẩu Tomyum chua cay nhúng tôm, mực, ngao, nấm"
ChIJyZtjwRVbNDERVwm55jYlP0o,Oanh Thân Lẩu Chó,Set nướng BBQ thập cẩm bò ba chỉ,319000,set,"Bắp bò, ba chỉ heo cuộn nấm kim châm tẩm sốt BBQ nướng xèo xèo"
ChIJyZtjwRVbNDERVwm55jYlP0o,Oanh Thân Lẩu Chó,Ba chỉ bò Mỹ nhúng thêm,78000,đĩa,Thịt ba chỉ bò Mỹ thái mỏng cuốn nấm
ChIJyZtjwRVbNDERVwm55jYlP0o,Oanh Thân Lẩu Chó,Sườn sụn non heo thêm,75000,đĩa,Sườn non giòn sần sật nhúng lẩu
ChIJyZtjwRVbNDERVwm55jYlP0o,Oanh Thân Lẩu Chó,Rau nấm tổng hợp nhúng lẩu,33000,đĩa,"Nấm kim châm, cải thảo, rau muống tươi"
ChIJe9xGTxlbNDERL9ysW8HaURE,Bún riêu cua bắp bò Thu Phương,Bún cá cay Hải Phòng giòn rụm,40000,bát,"Cá chiên giòn, chả cá thu thơm ngon nước dùng dọc mùng chua cay"
ChIJe9xGTxlbNDERL9ysW8HaURE,Bún riêu cua bắp bò Thu Phương,Bún riêu cua bắp bò giò tai,35000,bát,"Bún nước với riêu cua đồng xịn kèm bắp bò tươi, giò tai heo sần sật"
ChIJe9xGTxlbNDERL9ysW8HaURE,Bún riêu cua bắp bò Thu Phương,Bún sườn mọc dọc mùng hành hoa,37000,bát,Bún sườn non mềm nhừ kèm mọc thịt giòn dẻo
ChIJe9xGTxlbNDERL9ysW8HaURE,Bún riêu cua bắp bò Thu Phương,Trà đá mát lạnh,2000,cốc,Trà đá mát uống kèm bún nóng
ChIJ6-YQdgBdNDERTqFRxT9Oqa8,Phở Bò Khai Tâm,Phở chín bò ta,30000,bát,Nước dùng phở bò ninh xương ống ngọt lịm kèm thịt chín thái mỏng
ChIJ6-YQdgBdNDERTqFRxT9Oqa8,Phở Bò Khai Tâm,Phở tái chần,40000,bát,Phở bò với thịt bò tươi chần tái mềm ngọt
ChIJ6-YQdgBdNDERTqFRxT9Oqa8,Phở Bò Khai Tâm,Phở nạm gầu giòn,38000,bát,Bánh phở mềm cùng nạm bò và gầu bò giòn sần sật
ChIJ6-YQdgBdNDERTqFRxT9Oqa8,Phở Bò Khai Tâm,Phở tái lăn đặc biệt,47000,bát,Phở bò xào tái lăn thơm mùi tỏi phi
ChIJ6-YQdgBdNDERTqFRxT9Oqa8,Phở Bò Khai Tâm,Trứng gà trần,10000,quả,Trứng trần nước phở béo ngậy
ChIJ6-YQdgBdNDERTqFRxT9Oqa8,Phở Bò Khai Tâm,Quẩy giòn,8000,chiếc,Quẩy giòn ăn kèm nước phở
ChIJQVLiUcxbNDERbUNFKRSA3FY,Bún chả 194,"Bún đậu mắm tôm đầy đủ (Đậu, thịt chân giò, nem chua rán, chả cốm)",45000,suất,Mẹt bún đậu đầy đủ nguyên liệu tươi ngon kèm rau thơm kinh giới
ChIJQVLiUcxbNDERbUNFKRSA3FY,Bún chả 194,Bún đậu thường (Đậu chiên giòn),22000,suất,Bún đậu chay đơn giản với đậu phụ rán giòn
ChIJQVLiUcxbNDERbUNFKRSA3FY,Bún chả 194,Bún chả Hà Nội truyền thống,40000,suất,Chả miếng và chả viên nướng than hoa thơm phức trong bát nước chấm chua ngọt
ChIJQVLiUcxbNDERbUNFKRSA3FY,Bún chả 194,Nem cua bể chiên giòn,12000,chiếc,Nem cua bể giòn rụm nhiều nhân
ChIJQVLiUcxbNDERbUNFKRSA3FY,Bún chả 194,Nước sấu đá ngầm chua ngọt,18000,cốc,Đồ uống giải nhiệt cực hợp vị bún đậu
ChIJD3qAlOJbNDERRZfMRhMETwY,Tiệm Nướng Chảo gang,Lẩu cua đồng sườn sụn bắp bò,340000,nồi,"Nồi lẩu riêu cua đồng nguyên chất siêu nhiều gạch, kèm bắp bò sườn sụn"
ChIJD3qAlOJbNDERRZfMRhMETwY,Tiệm Nướng Chảo gang,Lẩu Thái hải sản chua cay,399000,nồi,"Nước lẩu Tomyum chua cay nhúng tôm, mực, ngao, nấm"
ChIJD3qAlOJbNDERRZfMRhMETwY,Tiệm Nướng Chảo gang,Set nướng BBQ thập cẩm bò ba chỉ,289000,set,"Bắp bò, ba chỉ heo cuộn nấm kim châm tẩm sốt BBQ nướng xèo xèo"
ChIJD3qAlOJbNDERRZfMRhMETwY,Tiệm Nướng Chảo gang,Ba chỉ bò Mỹ nhúng thêm,80000,đĩa,Thịt ba chỉ bò Mỹ thái mỏng cuốn nấm
ChIJD3qAlOJbNDERRZfMRhMETwY,Tiệm Nướng Chảo gang,Sườn sụn non heo thêm,70000,đĩa,Sườn non giòn sần sật nhúng lẩu
ChIJD3qAlOJbNDERRZfMRhMETwY,Tiệm Nướng Chảo gang,Rau nấm tổng hợp nhúng lẩu,33000,đĩa,"Nấm kim châm, cải thảo, rau muống tươi"
ChIJeZD2gdlbNDERqxLqb7WvhmE,Mật BBQ,Lẩu cua đồng sườn sụn bắp bò,370000,nồi,"Nồi lẩu riêu cua đồng nguyên chất siêu nhiều gạch, kèm bắp bò sườn sụn"
ChIJeZD2gdlbNDERqxLqb7WvhmE,Mật BBQ,Lẩu Thái hải sản chua cay,399000,nồi,"Nước lẩu Tomyum chua cay nhúng tôm, mực, ngao, nấm"
ChIJeZD2gdlbNDERqxLqb7WvhmE,Mật BBQ,Set nướng BBQ thập cẩm bò ba chỉ,299000,set,"Bắp bò, ba chỉ heo cuộn nấm kim châm tẩm sốt BBQ nướng xèo xèo"
ChIJeZD2gdlbNDERqxLqb7WvhmE,Mật BBQ,Ba chỉ bò Mỹ nhúng thêm,75000,đĩa,Thịt ba chỉ bò Mỹ thái mỏng cuốn nấm
ChIJeZD2gdlbNDERqxLqb7WvhmE,Mật BBQ,Sườn sụn non heo thêm,80000,đĩa,Sườn non giòn sần sật nhúng lẩu
ChIJeZD2gdlbNDERqxLqb7WvhmE,Mật BBQ,Rau nấm tổng hợp nhúng lẩu,33000,đĩa,"Nấm kim châm, cải thảo, rau muống tươi"
ChIJWxHKYABbNDERJqn8EmClmoY,Chạm Coffee,Cà phê đen đá pha phin,22000,ly,Cà phê đen truyền thống đậm đà
ChIJWxHKYABbNDERJqn8EmClmoY,Chạm Coffee,Cà phê sữa đá,22000,ly,Cà phê sữa pha phin béo ngậy
ChIJWxHKYABbNDERJqn8EmClmoY,Chạm Coffee,Bạc xỉu cốt dừa,33000,ly,Nhiều sữa béo ngậy vị dừa hòa quyện chút cà phê
ChIJWxHKYABbNDERJqn8EmClmoY,Chạm Coffee,Trà đào cam sả,35000,ly,Trà đào thơm mát kết hợp lát đào cam tươi sả thơm
ChIJWxHKYABbNDERJqn8EmClmoY,Chạm Coffee,Trà sữa trân châu truyền thống,40000,ly,Trà sữa đậm trà kèm trân châu đen dai giòn
ChIJWxHKYABbNDERJqn8EmClmoY,Chạm Coffee,Sinh tố bơ sáp,37000,ly,Sinh tố bơ sáp tươi ngon xay sữa đặc ngậy béo
ChIJWxHKYABbNDERJqn8EmClmoY,Chạm Coffee,Nước ép cam nguyên chất,30000,ly,Ép cam sành tự nhiên nhiều vitamin C
ChIJzyndOQBbNDERpi8rg8Z5UqA,Quán bia 183,Bia hơi Hà Nội mát lạnh,15000,cốc,Bia hơi tươi rói rót trực tiếp từ vòi bom lạnh
ChIJzyndOQBbNDERpi8rg8Z5UqA,Quán bia 183,Đậu phụ lướt ván nóng giòn,30000,đĩa,Đậu hũ non chiên lướt ván ngoài vàng giòn trong mịn mượt như thạch
ChIJzyndOQBbNDERpi8rg8Z5UqA,Quán bia 183,Đĩa lạc rang muối / lạc luộc mộc mạc,12000,đĩa,Đồ nhắm bia truyền thống
ChIJzyndOQBbNDERpi8rg8Z5UqA,Quán bia 183,Nộm tai heo đu đủ xanh chua ngọt,65000,đĩa,Tai heo giòn sần sật trộn đu đủ bào sợi nước nộm chua ngọt sảng khoái
ChIJzyndOQBbNDERpi8rg8Z5UqA,Quán bia 183,Sụn gà chiên mắm rang muối,100000,đĩa,Sụn gà ta giòn sần sật tẩm ướp chiên xóc muối ớt tỏi
ChIJgw2njzRbNDERjHhF6CaZSfQ,Phở Hưng,Phở chín bò ta,35000,bát,Nước dùng phở bò ninh xương ống ngọt lịm kèm thịt chín thái mỏng
ChIJgw2njzRbNDERjHhF6CaZSfQ,Phở Hưng,Phở tái chần,30000,bát,Phở bò với thịt bò tươi chần tái mềm ngọt
ChIJgw2njzRbNDERjHhF6CaZSfQ,Phở Hưng,Phở nạm gầu giòn,35000,bát,Bánh phở mềm cùng nạm bò và gầu bò giòn sần sật
ChIJgw2njzRbNDERjHhF6CaZSfQ,Phở Hưng,Phở tái lăn đặc biệt,45000,bát,Phở bò xào tái lăn thơm mùi tỏi phi
ChIJgw2njzRbNDERjHhF6CaZSfQ,Phở Hưng,Trứng gà trần,7000,quả,Trứng trần nước phở béo ngậy
ChIJgw2njzRbNDERjHhF6CaZSfQ,Phở Hưng,Quẩy giòn,5000,chiếc,Quẩy giòn ăn kèm nước phở
ChIJcwtgTgBbNDER4uvRC00WKDA,Trà Đá Bá Đạo,Cà phê đen đá pha phin,19000,ly,Cà phê đen truyền thống đậm đà
ChIJcwtgTgBbNDER4uvRC00WKDA,Trà Đá Bá Đạo,Cà phê sữa đá,28000,ly,Cà phê sữa pha phin béo ngậy
ChIJcwtgTgBbNDER4uvRC00WKDA,Trà Đá Bá Đạo,Bạc xỉu cốt dừa,27000,ly,Nhiều sữa béo ngậy vị dừa hòa quyện chút cà phê
ChIJcwtgTgBbNDER4uvRC00WKDA,Trà Đá Bá Đạo,Trà đào cam sả,37000,ly,Trà đào thơm mát kết hợp lát đào cam tươi sả thơm
ChIJcwtgTgBbNDER4uvRC00WKDA,Trà Đá Bá Đạo,Trà sữa trân châu truyền thống,33000,ly,Trà sữa đậm trà kèm trân châu đen dai giòn
ChIJcwtgTgBbNDER4uvRC00WKDA,Trà Đá Bá Đạo,Sinh tố bơ sáp,37000,ly,Sinh tố bơ sáp tươi ngon xay sữa đặc ngậy béo
ChIJcwtgTgBbNDER4uvRC00WKDA,Trà Đá Bá Đạo,Nước ép cam nguyên chất,27000,ly,Ép cam sành tự nhiên nhiều vitamin C
ChIJ0W6WWQBbNDERrx3I6wHfkSQ,Hùng Còi Quán,Cá kho tộ miền Tây đậm vị,80000,tộ,Cá trắm đen kho tộ sánh quyện nước hàng dừa
ChIJ0W6WWQBbNDERrx3I6wHfkSQ,Hùng Còi Quán,Thịt ba chỉ rang cháy cạnh,73000,đĩa,Thịt ba chỉ ba chỉ giòn rưới mỡ hành
ChIJ0W6WWQBbNDERrx3I6wHfkSQ,Hùng Còi Quán,Sườn non xào chua ngọt,85000,đĩa,Sườn non xào cùng dứa và ớt chuông sốt chua cay
ChIJ0W6WWQBbNDERrx3I6wHfkSQ,Hùng Còi Quán,Rau muống luộc dầm sấu / xào tỏi,33000,đĩa,Rau muống tươi xanh luộc chấm nước mắm chanh ớt
ChIJ0W6WWQBbNDERrx3I6wHfkSQ,Hùng Còi Quán,Canh riêu cua đồng cà pháo,45000,bát,Canh cua đồng mát lạnh ăn kèm cà pháo giòn tan
ChIJ0W6WWQBbNDERrx3I6wHfkSQ,Hùng Còi Quán,Cơm trắng gạo tám thơm,18000,niêu,Niêu cơm gạo tám dẻo thơm
ChIJp9eVSABbNDERQ9m00dlgbus,Cơm Cô Sáu,Cơm rang dưa bò,45000,đĩa,Cơm rang hạt giòn tơi xào cùng cải dưa chua và thịt bò tươi mềm
ChIJp9eVSABbNDERQ9m00dlgbus,Cơm Cô Sáu,Cơm rang thập cẩm giòn,35000,đĩa,Cơm rang lạp xưởng ngô ngọt đậu hà lan rưới trứng vàng
ChIJp9eVSABbNDERQ9m00dlgbus,Cơm Cô Sáu,Cơm thố xá xíu nóng hổi,35000,thố,"Cơm nấu niêu thố đất tạo lớp cháy giòn nhẹ, phủ thịt xá xíu đậm sốt"
ChIJp9eVSABbNDERQ9m00dlgbus,Cơm Cô Sáu,Suất cơm bình dân tự chọn (3 món mặn + rau),27000,suất,Cơm suất bình dân đầy đặn sạch sẽ cho sinh viên và người đi làm
ChIJp9eVSABbNDERQ9m00dlgbus,Cơm Cô Sáu,Cơm tấm sườn bì chả Sài Gòn,45000,đĩa,Cơm tấm ăn kèm sườn nướng mặn ngọt chả trứng bì heo thính và nước mắm chua cay
ChIJoYAdiF5bNDERYY2Nz8Ik7AE,Cafe Tuyên 3,Cà phê đen đá pha phin,22000,ly,Cà phê đen truyền thống đậm đà
ChIJoYAdiF5bNDERYY2Nz8Ik7AE,Cafe Tuyên 3,Cà phê sữa đá,22000,ly,Cà phê sữa pha phin béo ngậy
ChIJoYAdiF5bNDERYY2Nz8Ik7AE,Cafe Tuyên 3,Bạc xỉu cốt dừa,27000,ly,Nhiều sữa béo ngậy vị dừa hòa quyện chút cà phê
ChIJoYAdiF5bNDERYY2Nz8Ik7AE,Cafe Tuyên 3,Trà đào cam sả,30000,ly,Trà đào thơm mát kết hợp lát đào cam tươi sả thơm
ChIJoYAdiF5bNDERYY2Nz8Ik7AE,Cafe Tuyên 3,Trà sữa trân châu truyền thống,37000,ly,Trà sữa đậm trà kèm trân châu đen dai giòn
ChIJoYAdiF5bNDERYY2Nz8Ik7AE,Cafe Tuyên 3,Sinh tố bơ sáp,35000,ly,Sinh tố bơ sáp tươi ngon xay sữa đặc ngậy béo
ChIJoYAdiF5bNDERYY2Nz8Ik7AE,Cafe Tuyên 3,Nước ép cam nguyên chất,33000,ly,Ép cam sành tự nhiên nhiều vitamin C
ChIJayzFV8ZbNDERUg0L8Z140p4,Dòng Sông Bia,Bia hơi Hà Nội mát lạnh,9000,cốc,Bia hơi tươi rói rót trực tiếp từ vòi bom lạnh
ChIJayzFV8ZbNDERUg0L8Z140p4,Dòng Sông Bia,Đậu phụ lướt ván nóng giòn,27000,đĩa,Đậu hũ non chiên lướt ván ngoài vàng giòn trong mịn mượt như thạch
ChIJayzFV8ZbNDERUg0L8Z140p4,Dòng Sông Bia,Đĩa lạc rang muối / lạc luộc mộc mạc,18000,đĩa,Đồ nhắm bia truyền thống
ChIJayzFV8ZbNDERUg0L8Z140p4,Dòng Sông Bia,Nộm tai heo đu đủ xanh chua ngọt,63000,đĩa,Tai heo giòn sần sật trộn đu đủ bào sợi nước nộm chua ngọt sảng khoái
ChIJayzFV8ZbNDERUg0L8Z140p4,Dòng Sông Bia,Sụn gà chiên mắm rang muối,97000,đĩa,Sụn gà ta giòn sần sật tẩm ướp chiên xóc muối ớt tỏi
ChIJUbHYKABZNDERn-GfQ6SjXys,Lá Cafe & Tea,Cà phê đen đá pha phin,19000,ly,Cà phê đen truyền thống đậm đà
ChIJUbHYKABZNDERn-GfQ6SjXys,Lá Cafe & Tea,Cà phê sữa đá,28000,ly,Cà phê sữa pha phin béo ngậy
ChIJUbHYKABZNDERn-GfQ6SjXys,Lá Cafe & Tea,Bạc xỉu cốt dừa,27000,ly,Nhiều sữa béo ngậy vị dừa hòa quyện chút cà phê
ChIJUbHYKABZNDERn-GfQ6SjXys,Lá Cafe & Tea,Trà đào cam sả,37000,ly,Trà đào thơm mát kết hợp lát đào cam tươi sả thơm
ChIJUbHYKABZNDERn-GfQ6SjXys,Lá Cafe & Tea,Trà sữa trân châu truyền thống,30000,ly,Trà sữa đậm trà kèm trân châu đen dai giòn
ChIJUbHYKABZNDERn-GfQ6SjXys,Lá Cafe & Tea,Sinh tố bơ sáp,40000,ly,Sinh tố bơ sáp tươi ngon xay sữa đặc ngậy béo
ChIJUbHYKABZNDERn-GfQ6SjXys,Lá Cafe & Tea,Nước ép cam nguyên chất,27000,ly,Ép cam sành tự nhiên nhiều vitamin C
ChIJeQ4tQOZbNDERUWJFrKRoI8c,Phở Bò Thành Long,Phở chín bò ta,33000,bát,Nước dùng phở bò ninh xương ống ngọt lịm kèm thịt chín thái mỏng
ChIJeQ4tQOZbNDERUWJFrKRoI8c,Phở Bò Thành Long,Phở tái chần,30000,bát,Phở bò với thịt bò tươi chần tái mềm ngọt
ChIJeQ4tQOZbNDERUWJFrKRoI8c,Phở Bò Thành Long,Phở nạm gầu giòn,35000,bát,Bánh phở mềm cùng nạm bò và gầu bò giòn sần sật
ChIJeQ4tQOZbNDERUWJFrKRoI8c,Phở Bò Thành Long,Phở tái lăn đặc biệt,50000,bát,Phở bò xào tái lăn thơm mùi tỏi phi
ChIJeQ4tQOZbNDERUWJFrKRoI8c,Phở Bò Thành Long,Trứng gà trần,13000,quả,Trứng trần nước phở béo ngậy
ChIJeQ4tQOZbNDERUWJFrKRoI8c,Phở Bò Thành Long,Quẩy giòn,2000,chiếc,Quẩy giòn ăn kèm nước phở
ChIJR_JVegBbNDERJLizBPpWdhg,Seuol deli MỲ CAY 5 CẤP ĐỘ,Mì cay Seoul hải sản cấp độ 0-7,45000,tô,"Mì ramen Hàn Quốc tôm, mực, chả viên nước dùng kim chi cay chua kích thích"
ChIJR_JVegBbNDERJLizBPpWdhg,Seuol deli MỲ CAY 5 CẤP ĐỘ,Mì cay bò Mỹ cấp độ 0-7,47000,tô,Mì cay Hàn Quốc nhúng bắp bò Mỹ tươi
ChIJR_JVegBbNDERJLizBPpWdhg,Seuol deli MỲ CAY 5 CẤP ĐỘ,Kimbap chiên xù giòn tan,30000,cuộn,Cơm cuộn rong biển tẩm bột chiên xù chấm sốt mayonnaise
ChIJR_JVegBbNDERJLizBPpWdhg,Seuol deli MỲ CAY 5 CẤP ĐỘ,Tokbokki truyền thống phô mai sốt cay,30000,đĩa,"Bánh gạo Hàn Quốc xào cùng chả cá xiên, sốt tương ớt Gochujang và phô mai kéo sợi"
ChIJSze6BgBbNDERKg7ABrXW-3A,Tiệm Bò Ah Béo,Thịt trâu xào lá lốt,110000,đĩa,Thịt trâu tươi mềm ngọt xào lá lốt thơm lừng
ChIJSze6BgBbNDERKg7ABrXW-3A,Tiệm Bò Ah Béo,Thịt trâu nhúng mẻ chua cay,160000,đĩa,Thịt trâu nhúng nước dùng mẻ chua thanh nhẹ
ChIJSze6BgBbNDERKg7ABrXW-3A,Tiệm Bò Ah Béo,Dê tái chanh chấm tương gừng,180000,đĩa,Thịt dê núi hấp tái trộn vừng sả lá chanh
ChIJSze6BgBbNDERKg7ABrXW-3A,Tiệm Bò Ah Béo,Dê né bản gang,160000,đĩa,Dê xào nóng hổi trên bản gang kèm đậu bắp
ChIJSze6BgBbNDERKg7ABrXW-3A,Tiệm Bò Ah Béo,Lẩu dê núi nhúng mẻ,389000,nồi,Nồi lẩu dê núi ré thơm ngon kèm rau nhúng đặc sản
ChIJSze6BgBbNDERKg7ABrXW-3A,Tiệm Bò Ah Béo,Cơm cháy sốt dê,75000,đĩa,Cơm cháy giòn tan rưới nước sốt dê đậm vị
ChIJV-47EABbNDERM4s68SMgDWM,Quất coffee,Cà phê đen đá pha phin,19000,ly,Cà phê đen truyền thống đậm đà
ChIJV-47EABbNDERM4s68SMgDWM,Quất coffee,Cà phê sữa đá,25000,ly,Cà phê sữa pha phin béo ngậy
ChIJV-47EABbNDERM4s68SMgDWM,Quất coffee,Bạc xỉu cốt dừa,33000,ly,Nhiều sữa béo ngậy vị dừa hòa quyện chút cà phê
ChIJV-47EABbNDERM4s68SMgDWM,Quất coffee,Trà đào cam sả,35000,ly,Trà đào thơm mát kết hợp lát đào cam tươi sả thơm
ChIJV-47EABbNDERM4s68SMgDWM,Quất coffee,Trà sữa trân châu truyền thống,30000,ly,Trà sữa đậm trà kèm trân châu đen dai giòn
ChIJV-47EABbNDERM4s68SMgDWM,Quất coffee,Sinh tố bơ sáp,40000,ly,Sinh tố bơ sáp tươi ngon xay sữa đặc ngậy béo
ChIJV-47EABbNDERM4s68SMgDWM,Quất coffee,Nước ép cam nguyên chất,27000,ly,Ép cam sành tự nhiên nhiều vitamin C
ChIJ__ZOMBRbNDERN9cpxOF8vNI,Quán ăn vặt HOLA,Ốc luộc sả lá chanh truyền thống,35000,bát,Ốc vặn/ốc nhồi mít luộc thơm mùi sả chấm nước mắm gừng cay ngọt đặc sản
ChIJ__ZOMBRbNDERN9cpxOF8vNI,Quán ăn vặt HOLA,Ốc móng tay xào bơ tỏi thơm lừng,70000,đĩa,Ốc móng tay tươi ngọt sốt bơ tỏi sánh béo chấm bánh mì tuyệt đỉnh
ChIJ__ZOMBRbNDERN9cpxOF8vNI,Quán ăn vặt HOLA,Nem chua rán giòn rụm (10 cái),50000,đĩa,Nem chua rán nóng hổi chấm tương ớt cay nồng
ChIJ__ZOMBRbNDERN9cpxOF8vNI,Quán ăn vặt HOLA,Khoai tây chiên lắc bột phô mai,35000,đĩa,Món khai vị ăn vặt khoái khẩu
ChIJ__ZOMBRbNDERN9cpxOF8vNI,Quán ăn vặt HOLA,Trà quất mật ong khổng lồ,15000,cốc,Trà quất mát chua ngọt cực đã khát
ChIJa_oohw9RNDERy2Wgt5Ryz38,Bún Chả Tâm Tấm,"Bún đậu mắm tôm đầy đủ (Đậu, thịt chân giò, nem chua rán, chả cốm)",40000,suất,Mẹt bún đậu đầy đủ nguyên liệu tươi ngon kèm rau thơm kinh giới
ChIJa_oohw9RNDERy2Wgt5Ryz38,Bún Chả Tâm Tấm,Bún đậu thường (Đậu chiên giòn),25000,suất,Bún đậu chay đơn giản với đậu phụ rán giòn
ChIJa_oohw9RNDERy2Wgt5Ryz38,Bún Chả Tâm Tấm,Bún chả Hà Nội truyền thống,45000,suất,Chả miếng và chả viên nướng than hoa thơm phức trong bát nước chấm chua ngọt
ChIJa_oohw9RNDERy2Wgt5Ryz38,Bún Chả Tâm Tấm,Nem cua bể chiên giòn,12000,chiếc,Nem cua bể giòn rụm nhiều nhân
ChIJa_oohw9RNDERy2Wgt5Ryz38,Bún Chả Tâm Tấm,Nước sấu đá ngầm chua ngọt,12000,cốc,Đồ uống giải nhiệt cực hợp vị bún đậu
ChIJCxToWkBbNDER4nwhnu17yR0,Cafe Mai Over,Cà phê đen đá pha phin,22000,ly,Cà phê đen truyền thống đậm đà
ChIJCxToWkBbNDER4nwhnu17yR0,Cafe Mai Over,Cà phê sữa đá,25000,ly,Cà phê sữa pha phin béo ngậy
ChIJCxToWkBbNDER4nwhnu17yR0,Cafe Mai Over,Bạc xỉu cốt dừa,33000,ly,Nhiều sữa béo ngậy vị dừa hòa quyện chút cà phê
ChIJCxToWkBbNDER4nwhnu17yR0,Cafe Mai Over,Trà đào cam sả,35000,ly,Trà đào thơm mát kết hợp lát đào cam tươi sả thơm
ChIJCxToWkBbNDER4nwhnu17yR0,Cafe Mai Over,Trà sữa trân châu truyền thống,40000,ly,Trà sữa đậm trà kèm trân châu đen dai giòn
ChIJCxToWkBbNDER4nwhnu17yR0,Cafe Mai Over,Sinh tố bơ sáp,30000,ly,Sinh tố bơ sáp tươi ngon xay sữa đặc ngậy béo
ChIJCxToWkBbNDER4nwhnu17yR0,Cafe Mai Over,Nước ép cam nguyên chất,27000,ly,Ép cam sành tự nhiên nhiều vitamin C
ChIJq3UqcQBbNDERLAQAsd11Ccs,日本ラーメン店,Cá kho tộ miền Tây đậm vị,83000,tộ,Cá trắm đen kho tộ sánh quyện nước hàng dừa
ChIJq3UqcQBbNDERLAQAsd11Ccs,日本ラーメン店,Thịt ba chỉ rang cháy cạnh,70000,đĩa,Thịt ba chỉ ba chỉ giòn rưới mỡ hành
ChIJq3UqcQBbNDERLAQAsd11Ccs,日本ラーメン店,Sườn non xào chua ngọt,80000,đĩa,Sườn non xào cùng dứa và ớt chuông sốt chua cay
ChIJq3UqcQBbNDERLAQAsd11Ccs,日本ラーメン店,Rau muống luộc dầm sấu / xào tỏi,30000,đĩa,Rau muống tươi xanh luộc chấm nước mắm chanh ớt
ChIJq3UqcQBbNDERLAQAsd11Ccs,日本ラーメン店,Canh riêu cua đồng cà pháo,47000,bát,Canh cua đồng mát lạnh ăn kèm cà pháo giòn tan
ChIJq3UqcQBbNDERLAQAsd11Ccs,日本ラーメン店,Cơm trắng gạo tám thơm,15000,niêu,Niêu cơm gạo tám dẻo thơm
ChIJwwO0ujNbNDERddz4P8qa5lQ,Top One Cafe,Cà phê đen đá pha phin,19000,ly,Cà phê đen truyền thống đậm đà
ChIJwwO0ujNbNDERddz4P8qa5lQ,Top One Cafe,Cà phê sữa đá,28000,ly,Cà phê sữa pha phin béo ngậy
ChIJwwO0ujNbNDERddz4P8qa5lQ,Top One Cafe,Bạc xỉu cốt dừa,27000,ly,Nhiều sữa béo ngậy vị dừa hòa quyện chút cà phê
ChIJwwO0ujNbNDERddz4P8qa5lQ,Top One Cafe,Trà đào cam sả,37000,ly,Trà đào thơm mát kết hợp lát đào cam tươi sả thơm
ChIJwwO0ujNbNDERddz4P8qa5lQ,Top One Cafe,Trà sữa trân châu truyền thống,30000,ly,Trà sữa đậm trà kèm trân châu đen dai giòn
ChIJwwO0ujNbNDERddz4P8qa5lQ,Top One Cafe,Sinh tố bơ sáp,35000,ly,Sinh tố bơ sáp tươi ngon xay sữa đặc ngậy béo
ChIJwwO0ujNbNDERddz4P8qa5lQ,Top One Cafe,Nước ép cam nguyên chất,27000,ly,Ép cam sành tự nhiên nhiều vitamin C
ChIJa5fMVQBbNDERk7izeV3BMJk,Diamond Coffee Diễn Hồng,Cà phê đen đá pha phin,19000,ly,Cà phê đen truyền thống đậm đà
ChIJa5fMVQBbNDERk7izeV3BMJk,Diamond Coffee Diễn Hồng,Cà phê sữa đá,22000,ly,Cà phê sữa pha phin béo ngậy
ChIJa5fMVQBbNDERk7izeV3BMJk,Diamond Coffee Diễn Hồng,Bạc xỉu cốt dừa,27000,ly,Nhiều sữa béo ngậy vị dừa hòa quyện chút cà phê
ChIJa5fMVQBbNDERk7izeV3BMJk,Diamond Coffee Diễn Hồng,Trà đào cam sả,37000,ly,Trà đào thơm mát kết hợp lát đào cam tươi sả thơm
ChIJa5fMVQBbNDERk7izeV3BMJk,Diamond Coffee Diễn Hồng,Trà sữa trân châu truyền thống,37000,ly,Trà sữa đậm trà kèm trân châu đen dai giòn
ChIJa5fMVQBbNDERk7izeV3BMJk,Diamond Coffee Diễn Hồng,Sinh tố bơ sáp,35000,ly,Sinh tố bơ sáp tươi ngon xay sữa đặc ngậy béo
ChIJa5fMVQBbNDERk7izeV3BMJk,Diamond Coffee Diễn Hồng,Nước ép cam nguyên chất,33000,ly,Ép cam sành tự nhiên nhiều vitamin C
ChIJ88z0HABbNDERRzGcP9xGYIg,Trốn Café,Cà phê đen đá pha phin,19000,ly,Cà phê đen truyền thống đậm đà
ChIJ88z0HABbNDERRzGcP9xGYIg,Trốn Café,Cà phê sữa đá,22000,ly,Cà phê sữa pha phin béo ngậy
ChIJ88z0HABbNDERRzGcP9xGYIg,Trốn Café,Bạc xỉu cốt dừa,27000,ly,Nhiều sữa béo ngậy vị dừa hòa quyện chút cà phê
ChIJ88z0HABbNDERRzGcP9xGYIg,Trốn Café,Trà đào cam sả,30000,ly,Trà đào thơm mát kết hợp lát đào cam tươi sả thơm
ChIJ88z0HABbNDERRzGcP9xGYIg,Trốn Café,Trà sữa trân châu truyền thống,33000,ly,Trà sữa đậm trà kèm trân châu đen dai giòn
ChIJ88z0HABbNDERRzGcP9xGYIg,Trốn Café,Sinh tố bơ sáp,40000,ly,Sinh tố bơ sáp tươi ngon xay sữa đặc ngậy béo
ChIJ88z0HABbNDERRzGcP9xGYIg,Trốn Café,Nước ép cam nguyên chất,27000,ly,Ép cam sành tự nhiên nhiều vitamin C
ChIJZcy30fRZNDERX8ICmjDWgAc,Hoa Lư Quán,Cá kho tộ miền Tây đậm vị,85000,tộ,Cá trắm đen kho tộ sánh quyện nước hàng dừa
ChIJZcy30fRZNDERX8ICmjDWgAc,Hoa Lư Quán,Thịt ba chỉ rang cháy cạnh,75000,đĩa,Thịt ba chỉ ba chỉ giòn rưới mỡ hành
ChIJZcy30fRZNDERX8ICmjDWgAc,Hoa Lư Quán,Sườn non xào chua ngọt,80000,đĩa,Sườn non xào cùng dứa và ớt chuông sốt chua cay
ChIJZcy30fRZNDERX8ICmjDWgAc,Hoa Lư Quán,Rau muống luộc dầm sấu / xào tỏi,27000,đĩa,Rau muống tươi xanh luộc chấm nước mắm chanh ớt
ChIJZcy30fRZNDERX8ICmjDWgAc,Hoa Lư Quán,Canh riêu cua đồng cà pháo,50000,bát,Canh cua đồng mát lạnh ăn kèm cà pháo giòn tan
ChIJZcy30fRZNDERX8ICmjDWgAc,Hoa Lư Quán,Cơm trắng gạo tám thơm,12000,niêu,Niêu cơm gạo tám dẻo thơm
ChIJmT_RO51bNDER7y3B3R_I3Yw,Hẻm Nướng 1978,Lẩu cua đồng sườn sụn bắp bò,350000,nồi,"Nồi lẩu riêu cua đồng nguyên chất siêu nhiều gạch, kèm bắp bò sườn sụn"
ChIJmT_RO51bNDER7y3B3R_I3Yw,Hẻm Nướng 1978,Lẩu Thái hải sản chua cay,419000,nồi,"Nước lẩu Tomyum chua cay nhúng tôm, mực, ngao, nấm"
ChIJmT_RO51bNDER7y3B3R_I3Yw,Hẻm Nướng 1978,Set nướng BBQ thập cẩm bò ba chỉ,309000,set,"Bắp bò, ba chỉ heo cuộn nấm kim châm tẩm sốt BBQ nướng xèo xèo"
ChIJmT_RO51bNDER7y3B3R_I3Yw,Hẻm Nướng 1978,Ba chỉ bò Mỹ nhúng thêm,78000,đĩa,Thịt ba chỉ bò Mỹ thái mỏng cuốn nấm
ChIJmT_RO51bNDER7y3B3R_I3Yw,Hẻm Nướng 1978,Sườn sụn non heo thêm,73000,đĩa,Sườn non giòn sần sật nhúng lẩu
ChIJmT_RO51bNDER7y3B3R_I3Yw,Hẻm Nướng 1978,Rau nấm tổng hợp nhúng lẩu,33000,đĩa,"Nấm kim châm, cải thảo, rau muống tươi"
ChIJR1X5d7KrNTERk3xCTrsVMt0,Five Star Hòa Lạc,Gà ri hấp lá chanh (Cả con),220000,con,Gà ri đồi nuôi thả tự nhiên dai ngọt da vàng giòn
ChIJR1X5d7KrNTERk3xCTrsVMt0,Five Star Hòa Lạc,Gà ri nướng mật ong (Cả con),230000,con,Gà ri nướng mật ong thơm phức vàng óng
ChIJR1X5d7KrNTERk3xCTrsVMt0,Five Star Hòa Lạc,Gà rang muối tỏi,150000,đĩa,Gà ta chặt miếng rang muối đậm đà sần sật
ChIJR1X5d7KrNTERk3xCTrsVMt0,Five Star Hòa Lạc,Lẩu gà ri thuốc bắc,340000,nồi,Nồi lẩu gà ri thuốc bắc bổ dưỡng kèm rau nấm
ChIJR1X5d7KrNTERk3xCTrsVMt0,Five Star Hòa Lạc,Xôi chim câu hành phi,75000,đĩa,Xôi nếp dẻo thơm ăn kèm thịt chim câu băm nhỏ
ChIJR1X5d7KrNTERk3xCTrsVMt0,Five Star Hòa Lạc,Lòng mề gà xào mướp giá,75000,đĩa,Lòng mề gà ri giòn xào mướp hương thơm phức
ChIJnfWrOgBbNDERDuzMs-G3SHk,Cơm Tún,Cơm rang dưa bò,50000,đĩa,Cơm rang hạt giòn tơi xào cùng cải dưa chua và thịt bò tươi mềm
ChIJnfWrOgBbNDERDuzMs-G3SHk,Cơm Tún,Cơm rang thập cẩm giòn,37000,đĩa,Cơm rang lạp xưởng ngô ngọt đậu hà lan rưới trứng vàng
ChIJnfWrOgBbNDERDuzMs-G3SHk,Cơm Tún,Cơm thố xá xíu nóng hổi,45000,thố,"Cơm nấu niêu thố đất tạo lớp cháy giòn nhẹ, phủ thịt xá xíu đậm sốt"
ChIJnfWrOgBbNDERDuzMs-G3SHk,Cơm Tún,Suất cơm bình dân tự chọn (3 món mặn + rau),33000,suất,Cơm suất bình dân đầy đặn sạch sẽ cho sinh viên và người đi làm
ChIJnfWrOgBbNDERDuzMs-G3SHk,Cơm Tún,Cơm tấm sườn bì chả Sài Gòn,45000,đĩa,Cơm tấm ăn kèm sườn nướng mặn ngọt chả trứng bì heo thính và nước mắm chua cay
ChIJUwLbOwBbNDER4lBmCmz_Bew,Bún Riêu Cua Thảo Thuận 2,Bún cá cay Hải Phòng giòn rụm,35000,bát,"Cá chiên giòn, chả cá thu thơm ngon nước dùng dọc mùng chua cay"
ChIJUwLbOwBbNDER4lBmCmz_Bew,Bún Riêu Cua Thảo Thuận 2,Bún riêu cua bắp bò giò tai,42000,bát,"Bún nước với riêu cua đồng xịn kèm bắp bò tươi, giò tai heo sần sật"
ChIJUwLbOwBbNDER4lBmCmz_Bew,Bún Riêu Cua Thảo Thuận 2,Bún sườn mọc dọc mùng hành hoa,40000,bát,Bún sườn non mềm nhừ kèm mọc thịt giòn dẻo
ChIJUwLbOwBbNDER4lBmCmz_Bew,Bún Riêu Cua Thảo Thuận 2,Trà đá mát lạnh,8000,cốc,Trà đá mát uống kèm bún nóng
ChIJS-FfYABZNDERXAYn8NL84Og,Vạc Quán,Cá kho tộ miền Tây đậm vị,90000,tộ,Cá trắm đen kho tộ sánh quyện nước hàng dừa
ChIJS-FfYABZNDERXAYn8NL84Og,Vạc Quán,Thịt ba chỉ rang cháy cạnh,73000,đĩa,Thịt ba chỉ ba chỉ giòn rưới mỡ hành
ChIJS-FfYABZNDERXAYn8NL84Og,Vạc Quán,Sườn non xào chua ngọt,82000,đĩa,Sườn non xào cùng dứa và ớt chuông sốt chua cay
ChIJS-FfYABZNDERXAYn8NL84Og,Vạc Quán,Rau muống luộc dầm sấu / xào tỏi,30000,đĩa,Rau muống tươi xanh luộc chấm nước mắm chanh ớt
ChIJS-FfYABZNDERXAYn8NL84Og,Vạc Quán,Canh riêu cua đồng cà pháo,43000,bát,Canh cua đồng mát lạnh ăn kèm cà pháo giòn tan
ChIJS-FfYABZNDERXAYn8NL84Og,Vạc Quán,Cơm trắng gạo tám thơm,12000,niêu,Niêu cơm gạo tám dẻo thơm
ChIJDXoQQOtbNDERTul3mxwSgt0,Lý Loan Quán Ngon,Cơm rang dưa bò,40000,đĩa,Cơm rang hạt giòn tơi xào cùng cải dưa chua và thịt bò tươi mềm
ChIJDXoQQOtbNDERTul3mxwSgt0,Lý Loan Quán Ngon,Cơm rang thập cẩm giòn,30000,đĩa,Cơm rang lạp xưởng ngô ngọt đậu hà lan rưới trứng vàng
ChIJDXoQQOtbNDERTul3mxwSgt0,Lý Loan Quán Ngon,Cơm thố xá xíu nóng hổi,45000,thố,"Cơm nấu niêu thố đất tạo lớp cháy giòn nhẹ, phủ thịt xá xíu đậm sốt"
ChIJDXoQQOtbNDERTul3mxwSgt0,Lý Loan Quán Ngon,Suất cơm bình dân tự chọn (3 món mặn + rau),30000,suất,Cơm suất bình dân đầy đặn sạch sẽ cho sinh viên và người đi làm
ChIJDXoQQOtbNDERTul3mxwSgt0,Lý Loan Quán Ngon,Cơm tấm sườn bì chả Sài Gòn,35000,đĩa,Cơm tấm ăn kèm sườn nướng mặn ngọt chả trứng bì heo thính và nước mắm chua cay
ChIJH-VfP4xbNDERi5rrZkiN-wc,Lẩu Nam Khánh,Lẩu cua đồng sườn sụn bắp bò,370000,nồi,"Nồi lẩu riêu cua đồng nguyên chất siêu nhiều gạch, kèm bắp bò sườn sụn"
ChIJH-VfP4xbNDERi5rrZkiN-wc,Lẩu Nam Khánh,Lẩu Thái hải sản chua cay,379000,nồi,"Nước lẩu Tomyum chua cay nhúng tôm, mực, ngao, nấm"
ChIJH-VfP4xbNDERi5rrZkiN-wc,Lẩu Nam Khánh,Set nướng BBQ thập cẩm bò ba chỉ,299000,set,"Bắp bò, ba chỉ heo cuộn nấm kim châm tẩm sốt BBQ nướng xèo xèo"
ChIJH-VfP4xbNDERi5rrZkiN-wc,Lẩu Nam Khánh,Ba chỉ bò Mỹ nhúng thêm,75000,đĩa,Thịt ba chỉ bò Mỹ thái mỏng cuốn nấm
ChIJH-VfP4xbNDERi5rrZkiN-wc,Lẩu Nam Khánh,Sườn sụn non heo thêm,73000,đĩa,Sườn non giòn sần sật nhúng lẩu
ChIJH-VfP4xbNDERi5rrZkiN-wc,Lẩu Nam Khánh,Rau nấm tổng hợp nhúng lẩu,30000,đĩa,"Nấm kim châm, cải thảo, rau muống tươi"
ChIJ3Q082yNbNDERFLq40PAWrt4,Phở Hà Thành Phố Cổ,Phở chín bò ta,37000,bát,Nước dùng phở bò ninh xương ống ngọt lịm kèm thịt chín thái mỏng
ChIJ3Q082yNbNDERFLq40PAWrt4,Phở Hà Thành Phố Cổ,Phở tái chần,33000,bát,Phở bò với thịt bò tươi chần tái mềm ngọt
ChIJ3Q082yNbNDERFLq40PAWrt4,Phở Hà Thành Phố Cổ,Phở nạm gầu giòn,45000,bát,Bánh phở mềm cùng nạm bò và gầu bò giòn sần sật
ChIJ3Q082yNbNDERFLq40PAWrt4,Phở Hà Thành Phố Cổ,Phở tái lăn đặc biệt,45000,bát,Phở bò xào tái lăn thơm mùi tỏi phi
ChIJ3Q082yNbNDERFLq40PAWrt4,Phở Hà Thành Phố Cổ,Trứng gà trần,10000,quả,Trứng trần nước phở béo ngậy
ChIJ3Q082yNbNDERFLq40PAWrt4,Phở Hà Thành Phố Cổ,Quẩy giòn,8000,chiếc,Quẩy giòn ăn kèm nước phở
ChIJETobhdpbNDER75mzV03arao,Nhà hàng Song Phúc,Cá kho tộ miền Tây đậm vị,87000,tộ,Cá trắm đen kho tộ sánh quyện nước hàng dừa
ChIJETobhdpbNDER75mzV03arao,Nhà hàng Song Phúc,Thịt ba chỉ rang cháy cạnh,73000,đĩa,Thịt ba chỉ ba chỉ giòn rưới mỡ hành
ChIJETobhdpbNDER75mzV03arao,Nhà hàng Song Phúc,Sườn non xào chua ngọt,80000,đĩa,Sườn non xào cùng dứa và ớt chuông sốt chua cay
ChIJETobhdpbNDER75mzV03arao,Nhà hàng Song Phúc,Rau muống luộc dầm sấu / xào tỏi,27000,đĩa,Rau muống tươi xanh luộc chấm nước mắm chanh ớt
ChIJETobhdpbNDER75mzV03arao,Nhà hàng Song Phúc,Canh riêu cua đồng cà pháo,40000,bát,Canh cua đồng mát lạnh ăn kèm cà pháo giòn tan
ChIJETobhdpbNDER75mzV03arao,Nhà hàng Song Phúc,Cơm trắng gạo tám thơm,12000,niêu,Niêu cơm gạo tám dẻo thơm
ChIJ1ZtGeQBbNDERnFZI7s3SQ94,Nhà Hàng Bia Thu Hà,Bia hơi Hà Nội mát lạnh,15000,cốc,Bia hơi tươi rói rót trực tiếp từ vòi bom lạnh
ChIJ1ZtGeQBbNDERnFZI7s3SQ94,Nhà Hàng Bia Thu Hà,Đậu phụ lướt ván nóng giòn,27000,đĩa,Đậu hũ non chiên lướt ván ngoài vàng giòn trong mịn mượt như thạch
ChIJ1ZtGeQBbNDERnFZI7s3SQ94,Nhà Hàng Bia Thu Hà,Đĩa lạc rang muối / lạc luộc mộc mạc,12000,đĩa,Đồ nhắm bia truyền thống
ChIJ1ZtGeQBbNDERnFZI7s3SQ94,Nhà Hàng Bia Thu Hà,Nộm tai heo đu đủ xanh chua ngọt,60000,đĩa,Tai heo giòn sần sật trộn đu đủ bào sợi nước nộm chua ngọt sảng khoái
ChIJ1ZtGeQBbNDERnFZI7s3SQ94,Nhà Hàng Bia Thu Hà,Sụn gà chiên mắm rang muối,93000,đĩa,Sụn gà ta giòn sần sật tẩm ướp chiên xóc muối ớt tỏi
ChIJY2pEPwBbNDER4xiTjHwKoBk,Phở Cồ Nam Định,Phở chín bò ta,35000,bát,Nước dùng phở bò ninh xương ống ngọt lịm kèm thịt chín thái mỏng
ChIJY2pEPwBbNDER4xiTjHwKoBk,Phở Cồ Nam Định,Phở tái chần,33000,bát,Phở bò với thịt bò tươi chần tái mềm ngọt
ChIJY2pEPwBbNDER4xiTjHwKoBk,Phở Cồ Nam Định,Phở nạm gầu giòn,40000,bát,Bánh phở mềm cùng nạm bò và gầu bò giòn sần sật
ChIJY2pEPwBbNDER4xiTjHwKoBk,Phở Cồ Nam Định,Phở tái lăn đặc biệt,40000,bát,Phở bò xào tái lăn thơm mùi tỏi phi
ChIJY2pEPwBbNDER4xiTjHwKoBk,Phở Cồ Nam Định,Trứng gà trần,10000,quả,Trứng trần nước phở béo ngậy
ChIJY2pEPwBbNDER4xiTjHwKoBk,Phở Cồ Nam Định,Quẩy giòn,2000,chiếc,Quẩy giòn ăn kèm nước phở
ChIJiwHQJQBZNDERolz21N8ZFKU,Nhà hàng bún riêu Anh Thịnh,Bún cá cay Hải Phòng giòn rụm,30000,bát,"Cá chiên giòn, chả cá thu thơm ngon nước dùng dọc mùng chua cay"
ChIJiwHQJQBZNDERolz21N8ZFKU,Nhà hàng bún riêu Anh Thịnh,Bún riêu cua bắp bò giò tai,35000,bát,"Bún nước với riêu cua đồng xịn kèm bắp bò tươi, giò tai heo sần sật"
ChIJiwHQJQBZNDERolz21N8ZFKU,Nhà hàng bún riêu Anh Thịnh,Bún sườn mọc dọc mùng hành hoa,30000,bát,Bún sườn non mềm nhừ kèm mọc thịt giòn dẻo
ChIJiwHQJQBZNDERolz21N8ZFKU,Nhà hàng bún riêu Anh Thịnh,Trà đá mát lạnh,8000,cốc,Trà đá mát uống kèm bún nóng
ChIJF6JEHwBbNDER5vp_XbkniP0,Bún phở Trang Tý,Phở chín bò ta,35000,bát,Nước dùng phở bò ninh xương ống ngọt lịm kèm thịt chín thái mỏng
ChIJF6JEHwBbNDER5vp_XbkniP0,Bún phở Trang Tý,Phở tái chần,35000,bát,Phở bò với thịt bò tươi chần tái mềm ngọt
ChIJF6JEHwBbNDER5vp_XbkniP0,Bún phở Trang Tý,Phở nạm gầu giòn,45000,bát,Bánh phở mềm cùng nạm bò và gầu bò giòn sần sật
ChIJF6JEHwBbNDER5vp_XbkniP0,Bún phở Trang Tý,Phở tái lăn đặc biệt,40000,bát,Phở bò xào tái lăn thơm mùi tỏi phi
ChIJF6JEHwBbNDER5vp_XbkniP0,Bún phở Trang Tý,Trứng gà trần,10000,quả,Trứng trần nước phở béo ngậy
ChIJF6JEHwBbNDER5vp_XbkniP0,Bún phở Trang Tý,Quẩy giòn,2000,chiếc,Quẩy giòn ăn kèm nước phở
ChIJ1QbYYgBbNDER7L3uZ311xNE,Ốc Khoái,Ốc luộc sả lá chanh truyền thống,38000,bát,Ốc vặn/ốc nhồi mít luộc thơm mùi sả chấm nước mắm gừng cay ngọt đặc sản
ChIJ1QbYYgBbNDER7L3uZ311xNE,Ốc Khoái,Ốc móng tay xào bơ tỏi thơm lừng,72000,đĩa,Ốc móng tay tươi ngọt sốt bơ tỏi sánh béo chấm bánh mì tuyệt đỉnh
ChIJ1QbYYgBbNDER7L3uZ311xNE,Ốc Khoái,Nem chua rán giòn rụm (10 cái),52000,đĩa,Nem chua rán nóng hổi chấm tương ớt cay nồng
ChIJ1QbYYgBbNDER7L3uZ311xNE,Ốc Khoái,Khoai tây chiên lắc bột phô mai,35000,đĩa,Món khai vị ăn vặt khoái khẩu
ChIJ1QbYYgBbNDER7L3uZ311xNE,Ốc Khoái,Trà quất mật ong khổng lồ,15000,cốc,Trà quất mát chua ngọt cực đã khát
ChIJq6BeDABbNDERcmy7a-SRjCY,Canh Ơi,Cá kho tộ miền Tây đậm vị,83000,tộ,Cá trắm đen kho tộ sánh quyện nước hàng dừa
ChIJq6BeDABbNDERcmy7a-SRjCY,Canh Ơi,Thịt ba chỉ rang cháy cạnh,75000,đĩa,Thịt ba chỉ ba chỉ giòn rưới mỡ hành
ChIJq6BeDABbNDERcmy7a-SRjCY,Canh Ơi,Sườn non xào chua ngọt,75000,đĩa,Sườn non xào cùng dứa và ớt chuông sốt chua cay
ChIJq6BeDABbNDERcmy7a-SRjCY,Canh Ơi,Rau muống luộc dầm sấu / xào tỏi,27000,đĩa,Rau muống tươi xanh luộc chấm nước mắm chanh ớt
ChIJq6BeDABbNDERcmy7a-SRjCY,Canh Ơi,Canh riêu cua đồng cà pháo,40000,bát,Canh cua đồng mát lạnh ăn kèm cà pháo giòn tan
ChIJq6BeDABbNDERcmy7a-SRjCY,Canh Ơi,Cơm trắng gạo tám thơm,15000,niêu,Niêu cơm gạo tám dẻo thơm
ChIJZX9qKKJbNDERq-tJZdFy_2c,Quán Cường Béo,Cá kho tộ miền Tây đậm vị,85000,tộ,Cá trắm đen kho tộ sánh quyện nước hàng dừa
ChIJZX9qKKJbNDERq-tJZdFy_2c,Quán Cường Béo,Thịt ba chỉ rang cháy cạnh,77000,đĩa,Thịt ba chỉ ba chỉ giòn rưới mỡ hành
ChIJZX9qKKJbNDERq-tJZdFy_2c,Quán Cường Béo,Sườn non xào chua ngọt,78000,đĩa,Sườn non xào cùng dứa và ớt chuông sốt chua cay
ChIJZX9qKKJbNDERq-tJZdFy_2c,Quán Cường Béo,Rau muống luộc dầm sấu / xào tỏi,27000,đĩa,Rau muống tươi xanh luộc chấm nước mắm chanh ớt
ChIJZX9qKKJbNDERq-tJZdFy_2c,Quán Cường Béo,Canh riêu cua đồng cà pháo,47000,bát,Canh cua đồng mát lạnh ăn kèm cà pháo giòn tan
ChIJZX9qKKJbNDERq-tJZdFy_2c,Quán Cường Béo,Cơm trắng gạo tám thơm,15000,niêu,Niêu cơm gạo tám dẻo thơm
ChIJE_DCbgBbNDERJdQ2o0-yFE8,Nhà Hàng Phương Đông,Cá kho tộ miền Tây đậm vị,85000,tộ,Cá trắm đen kho tộ sánh quyện nước hàng dừa
ChIJE_DCbgBbNDERJdQ2o0-yFE8,Nhà Hàng Phương Đông,Thịt ba chỉ rang cháy cạnh,77000,đĩa,Thịt ba chỉ ba chỉ giòn rưới mỡ hành
ChIJE_DCbgBbNDERJdQ2o0-yFE8,Nhà Hàng Phương Đông,Sườn non xào chua ngọt,75000,đĩa,Sườn non xào cùng dứa và ớt chuông sốt chua cay
ChIJE_DCbgBbNDERJdQ2o0-yFE8,Nhà Hàng Phương Đông,Rau muống luộc dầm sấu / xào tỏi,33000,đĩa,Rau muống tươi xanh luộc chấm nước mắm chanh ớt
ChIJE_DCbgBbNDERJdQ2o0-yFE8,Nhà Hàng Phương Đông,Canh riêu cua đồng cà pháo,40000,bát,Canh cua đồng mát lạnh ăn kèm cà pháo giòn tan
ChIJE_DCbgBbNDERJdQ2o0-yFE8,Nhà Hàng Phương Đông,Cơm trắng gạo tám thơm,12000,niêu,Niêu cơm gạo tám dẻo thơm
ChIJfY1vYwBbNDER_WxWUoCfu6U,Bún Bò Huế Ngô Thủy,"Bún bò Huế đầy đủ (Thịt bò, chả cua, tiết, mọc)",35000,bát,"Bún bò Huế chuẩn vị nước dùng thơm mùi sả, ruốc heo"
ChIJfY1vYwBbNDER_WxWUoCfu6U,Bún Bò Huế Ngô Thủy,Bún bò Huế đặc biệt (Thêm giò heo),50000,bát,Bún bò Huế tô lớn thêm chân giò heo béo ngậy
ChIJfY1vYwBbNDER_WxWUoCfu6U,Bún Bò Huế Ngô Thủy,Bún bò Huế tái chín,30000,bát,Bún bò với thịt bò tái chần và nạm bò chín
ChIJfY1vYwBbNDER_WxWUoCfu6U,Bún Bò Huế Ngô Thủy,Quẩy nóng,8000,chiếc,Quẩy giòn ăn kèm bún bò
ChIJfY1vYwBbNDER_WxWUoCfu6U,Bún Bò Huế Ngô Thủy,Giò tai heo thêm,10000,chiếc,Giò tai giòn sần sật gọi thêm
ChIJfY1vYwBbNDER_WxWUoCfu6U,Bún Bò Huế Ngô Thủy,Trà đá,2000,cốc,Trà đá mát lạnh giải nhiệt
ChIJJW1mgiZbNDERjQGC9xD4zi8,Nhà Hàng Nón Việt,Cá kho tộ miền Tây đậm vị,80000,tộ,Cá trắm đen kho tộ sánh quyện nước hàng dừa
ChIJJW1mgiZbNDERjQGC9xD4zi8,Nhà Hàng Nón Việt,Thịt ba chỉ rang cháy cạnh,70000,đĩa,Thịt ba chỉ ba chỉ giòn rưới mỡ hành
ChIJJW1mgiZbNDERjQGC9xD4zi8,Nhà Hàng Nón Việt,Sườn non xào chua ngọt,85000,đĩa,Sườn non xào cùng dứa và ớt chuông sốt chua cay
ChIJJW1mgiZbNDERjQGC9xD4zi8,Nhà Hàng Nón Việt,Rau muống luộc dầm sấu / xào tỏi,30000,đĩa,Rau muống tươi xanh luộc chấm nước mắm chanh ớt
ChIJJW1mgiZbNDERjQGC9xD4zi8,Nhà Hàng Nón Việt,Canh riêu cua đồng cà pháo,47000,bát,Canh cua đồng mát lạnh ăn kèm cà pháo giòn tan
ChIJJW1mgiZbNDERjQGC9xD4zi8,Nhà Hàng Nón Việt,Cơm trắng gạo tám thơm,12000,niêu,Niêu cơm gạo tám dẻo thơm
ChIJHRIUDgBbNDER89p8363Syso,Nhà hàng Ngọc Trai – cơ sở Cần Kiệm,Cá kho tộ miền Tây đậm vị,87000,tộ,Cá trắm đen kho tộ sánh quyện nước hàng dừa
ChIJHRIUDgBbNDER89p8363Syso,Nhà hàng Ngọc Trai – cơ sở Cần Kiệm,Thịt ba chỉ rang cháy cạnh,75000,đĩa,Thịt ba chỉ ba chỉ giòn rưới mỡ hành
ChIJHRIUDgBbNDER89p8363Syso,Nhà hàng Ngọc Trai – cơ sở Cần Kiệm,Sườn non xào chua ngọt,80000,đĩa,Sườn non xào cùng dứa và ớt chuông sốt chua cay
ChIJHRIUDgBbNDER89p8363Syso,Nhà hàng Ngọc Trai – cơ sở Cần Kiệm,Rau muống luộc dầm sấu / xào tỏi,27000,đĩa,Rau muống tươi xanh luộc chấm nước mắm chanh ớt
ChIJHRIUDgBbNDER89p8363Syso,Nhà hàng Ngọc Trai – cơ sở Cần Kiệm,Canh riêu cua đồng cà pháo,43000,bát,Canh cua đồng mát lạnh ăn kèm cà pháo giòn tan
ChIJHRIUDgBbNDER89p8363Syso,Nhà hàng Ngọc Trai – cơ sở Cần Kiệm,Cơm trắng gạo tám thơm,12000,niêu,Niêu cơm gạo tám dẻo thơm
ChIJTeKQ-8JbNDERUeFlZtmOxkI,Bún Tiến Nhung,Bún cá cay Hải Phòng giòn rụm,35000,bát,"Cá chiên giòn, chả cá thu thơm ngon nước dùng dọc mùng chua cay"
ChIJTeKQ-8JbNDERUeFlZtmOxkI,Bún Tiến Nhung,Bún riêu cua bắp bò giò tai,42000,bát,"Bún nước với riêu cua đồng xịn kèm bắp bò tươi, giò tai heo sần sật"
ChIJTeKQ-8JbNDERUeFlZtmOxkI,Bún Tiến Nhung,Bún sườn mọc dọc mùng hành hoa,33000,bát,Bún sườn non mềm nhừ kèm mọc thịt giòn dẻo
ChIJTeKQ-8JbNDERUeFlZtmOxkI,Bún Tiến Nhung,Trà đá mát lạnh,2000,cốc,Trà đá mát uống kèm bún nóng
ChIJ3yfrK4BbNDERtMTMr6mmofI,Cơm Phở Trường Nghĩa,Phở chín bò ta,35000,bát,Nước dùng phở bò ninh xương ống ngọt lịm kèm thịt chín thái mỏng
ChIJ3yfrK4BbNDERtMTMr6mmofI,Cơm Phở Trường Nghĩa,Phở tái chần,33000,bát,Phở bò với thịt bò tươi chần tái mềm ngọt
ChIJ3yfrK4BbNDERtMTMr6mmofI,Cơm Phở Trường Nghĩa,Phở nạm gầu giòn,42000,bát,Bánh phở mềm cùng nạm bò và gầu bò giòn sần sật
ChIJ3yfrK4BbNDERtMTMr6mmofI,Cơm Phở Trường Nghĩa,Phở tái lăn đặc biệt,50000,bát,Phở bò xào tái lăn thơm mùi tỏi phi
ChIJ3yfrK4BbNDERtMTMr6mmofI,Cơm Phở Trường Nghĩa,Trứng gà trần,10000,quả,Trứng trần nước phở béo ngậy
ChIJ3yfrK4BbNDERtMTMr6mmofI,Cơm Phở Trường Nghĩa,Quẩy giòn,8000,chiếc,Quẩy giòn ăn kèm nước phở
ChIJQalejkBbNDERmWpg2Gxo8X8,Quán Vườn Keo 1991,Cá kho tộ miền Tây đậm vị,90000,tộ,Cá trắm đen kho tộ sánh quyện nước hàng dừa
ChIJQalejkBbNDERmWpg2Gxo8X8,Quán Vườn Keo 1991,Thịt ba chỉ rang cháy cạnh,75000,đĩa,Thịt ba chỉ ba chỉ giòn rưới mỡ hành
ChIJQalejkBbNDERmWpg2Gxo8X8,Quán Vườn Keo 1991,Sườn non xào chua ngọt,78000,đĩa,Sườn non xào cùng dứa và ớt chuông sốt chua cay
ChIJQalejkBbNDERmWpg2Gxo8X8,Quán Vườn Keo 1991,Rau muống luộc dầm sấu / xào tỏi,30000,đĩa,Rau muống tươi xanh luộc chấm nước mắm chanh ớt
ChIJQalejkBbNDERmWpg2Gxo8X8,Quán Vườn Keo 1991,Canh riêu cua đồng cà pháo,50000,bát,Canh cua đồng mát lạnh ăn kèm cà pháo giòn tan
ChIJQalejkBbNDERmWpg2Gxo8X8,Quán Vườn Keo 1991,Cơm trắng gạo tám thơm,12000,niêu,Niêu cơm gạo tám dẻo thơm
ChIJ7VKOdABbNDERYZEWQa1Bv1c,Xôi Bánh Mì Cafe Mazda 6,Cà phê đen đá pha phin,19000,ly,Cà phê đen truyền thống đậm đà
ChIJ7VKOdABbNDERYZEWQa1Bv1c,Xôi Bánh Mì Cafe Mazda 6,Cà phê sữa đá,25000,ly,Cà phê sữa pha phin béo ngậy
ChIJ7VKOdABbNDERYZEWQa1Bv1c,Xôi Bánh Mì Cafe Mazda 6,Bạc xỉu cốt dừa,30000,ly,Nhiều sữa béo ngậy vị dừa hòa quyện chút cà phê
ChIJ7VKOdABbNDERYZEWQa1Bv1c,Xôi Bánh Mì Cafe Mazda 6,Trà đào cam sả,35000,ly,Trà đào thơm mát kết hợp lát đào cam tươi sả thơm
ChIJ7VKOdABbNDERYZEWQa1Bv1c,Xôi Bánh Mì Cafe Mazda 6,Trà sữa trân châu truyền thống,33000,ly,Trà sữa đậm trà kèm trân châu đen dai giòn
ChIJ7VKOdABbNDERYZEWQa1Bv1c,Xôi Bánh Mì Cafe Mazda 6,Sinh tố bơ sáp,37000,ly,Sinh tố bơ sáp tươi ngon xay sữa đặc ngậy béo
ChIJ7VKOdABbNDERYZEWQa1Bv1c,Xôi Bánh Mì Cafe Mazda 6,Nước ép cam nguyên chất,27000,ly,Ép cam sành tự nhiên nhiều vitamin C
ChIJiR4oDQBZNDERCpEuz6BOfmQ,Cafe Nhà Muối,Cà phê đen đá pha phin,22000,ly,Cà phê đen truyền thống đậm đà
ChIJiR4oDQBZNDERCpEuz6BOfmQ,Cafe Nhà Muối,Cà phê sữa đá,25000,ly,Cà phê sữa pha phin béo ngậy
ChIJiR4oDQBZNDERCpEuz6BOfmQ,Cafe Nhà Muối,Bạc xỉu cốt dừa,27000,ly,Nhiều sữa béo ngậy vị dừa hòa quyện chút cà phê
ChIJiR4oDQBZNDERCpEuz6BOfmQ,Cafe Nhà Muối,Trà đào cam sả,33000,ly,Trà đào thơm mát kết hợp lát đào cam tươi sả thơm
ChIJiR4oDQBZNDERCpEuz6BOfmQ,Cafe Nhà Muối,Trà sữa trân châu truyền thống,35000,ly,Trà sữa đậm trà kèm trân châu đen dai giòn
ChIJiR4oDQBZNDERCpEuz6BOfmQ,Cafe Nhà Muối,Sinh tố bơ sáp,40000,ly,Sinh tố bơ sáp tươi ngon xay sữa đặc ngậy béo
ChIJiR4oDQBZNDERCpEuz6BOfmQ,Cafe Nhà Muối,Nước ép cam nguyên chất,27000,ly,Ép cam sành tự nhiên nhiều vitamin C
ChIJ1c7XTQBbNDER93c-wYkoakw,Cơm Xe Tải Ninh Nguyễn,Cơm rang dưa bò,40000,đĩa,Cơm rang hạt giòn tơi xào cùng cải dưa chua và thịt bò tươi mềm
ChIJ1c7XTQBbNDER93c-wYkoakw,Cơm Xe Tải Ninh Nguyễn,Cơm rang thập cẩm giòn,37000,đĩa,Cơm rang lạp xưởng ngô ngọt đậu hà lan rưới trứng vàng
ChIJ1c7XTQBbNDER93c-wYkoakw,Cơm Xe Tải Ninh Nguyễn,Cơm thố xá xíu nóng hổi,35000,thố,"Cơm nấu niêu thố đất tạo lớp cháy giòn nhẹ, phủ thịt xá xíu đậm sốt"
ChIJ1c7XTQBbNDER93c-wYkoakw,Cơm Xe Tải Ninh Nguyễn,Suất cơm bình dân tự chọn (3 món mặn + rau),30000,suất,Cơm suất bình dân đầy đặn sạch sẽ cho sinh viên và người đi làm
ChIJ1c7XTQBbNDER93c-wYkoakw,Cơm Xe Tải Ninh Nguyễn,Cơm tấm sườn bì chả Sài Gòn,45000,đĩa,Cơm tấm ăn kèm sườn nướng mặn ngọt chả trứng bì heo thính và nước mắm chua cay
ChIJeQgqXABbNDERoFI7qBYCxe8,Cơm Xe Tải Thanh Huyền,Cơm rang dưa bò,40000,đĩa,Cơm rang hạt giòn tơi xào cùng cải dưa chua và thịt bò tươi mềm
ChIJeQgqXABbNDERoFI7qBYCxe8,Cơm Xe Tải Thanh Huyền,Cơm rang thập cẩm giòn,40000,đĩa,Cơm rang lạp xưởng ngô ngọt đậu hà lan rưới trứng vàng
ChIJeQgqXABbNDERoFI7qBYCxe8,Cơm Xe Tải Thanh Huyền,Cơm thố xá xíu nóng hổi,45000,thố,"Cơm nấu niêu thố đất tạo lớp cháy giòn nhẹ, phủ thịt xá xíu đậm sốt"
ChIJeQgqXABbNDERoFI7qBYCxe8,Cơm Xe Tải Thanh Huyền,Suất cơm bình dân tự chọn (3 món mặn + rau),27000,suất,Cơm suất bình dân đầy đặn sạch sẽ cho sinh viên và người đi làm
ChIJeQgqXABbNDERoFI7qBYCxe8,Cơm Xe Tải Thanh Huyền,Cơm tấm sườn bì chả Sài Gòn,35000,đĩa,Cơm tấm ăn kèm sườn nướng mặn ngọt chả trứng bì heo thính và nước mắm chua cay
ChIJ6QaxRQBbNDERd-g99JLFpHY,Quán Ăn Đêm Tuấn Hằng,Cá kho tộ miền Tây đậm vị,80000,tộ,Cá trắm đen kho tộ sánh quyện nước hàng dừa
ChIJ6QaxRQBbNDERd-g99JLFpHY,Quán Ăn Đêm Tuấn Hằng,Thịt ba chỉ rang cháy cạnh,75000,đĩa,Thịt ba chỉ ba chỉ giòn rưới mỡ hành
ChIJ6QaxRQBbNDERd-g99JLFpHY,Quán Ăn Đêm Tuấn Hằng,Sườn non xào chua ngọt,85000,đĩa,Sườn non xào cùng dứa và ớt chuông sốt chua cay
ChIJ6QaxRQBbNDERd-g99JLFpHY,Quán Ăn Đêm Tuấn Hằng,Rau muống luộc dầm sấu / xào tỏi,30000,đĩa,Rau muống tươi xanh luộc chấm nước mắm chanh ớt
ChIJ6QaxRQBbNDERd-g99JLFpHY,Quán Ăn Đêm Tuấn Hằng,Canh riêu cua đồng cà pháo,50000,bát,Canh cua đồng mát lạnh ăn kèm cà pháo giòn tan
ChIJ6QaxRQBbNDERd-g99JLFpHY,Quán Ăn Đêm Tuấn Hằng,Cơm trắng gạo tám thơm,12000,niêu,Niêu cơm gạo tám dẻo thơm
ChIJC4QxUQBbNDERixbjp4wZ7jE,Bún Cá Hola,Bún cá cay Hải Phòng giòn rụm,40000,bát,"Cá chiên giòn, chả cá thu thơm ngon nước dùng dọc mùng chua cay"
ChIJC4QxUQBbNDERixbjp4wZ7jE,Bún Cá Hola,Bún riêu cua bắp bò giò tai,38000,bát,"Bún nước với riêu cua đồng xịn kèm bắp bò tươi, giò tai heo sần sật"
ChIJC4QxUQBbNDERixbjp4wZ7jE,Bún Cá Hola,Bún sườn mọc dọc mùng hành hoa,33000,bát,Bún sườn non mềm nhừ kèm mọc thịt giòn dẻo
ChIJC4QxUQBbNDERixbjp4wZ7jE,Bún Cá Hola,Trà đá mát lạnh,2000,cốc,Trà đá mát uống kèm bún nóng
ChIJ6Rt_a5NbNDERULS2dj56S80,Quán Gà Trâu Đức Tuân Tuyện Thắm,Gà ri hấp lá chanh (Cả con),210000,con,Gà ri đồi nuôi thả tự nhiên dai ngọt da vàng giòn
ChIJ6Rt_a5NbNDERULS2dj56S80,Quán Gà Trâu Đức Tuân Tuyện Thắm,Gà ri nướng mật ong (Cả con),260000,con,Gà ri nướng mật ong thơm phức vàng óng
ChIJ6Rt_a5NbNDERULS2dj56S80,Quán Gà Trâu Đức Tuân Tuyện Thắm,Gà rang muối tỏi,120000,đĩa,Gà ta chặt miếng rang muối đậm đà sần sật
ChIJ6Rt_a5NbNDERULS2dj56S80,Quán Gà Trâu Đức Tuân Tuyện Thắm,Lẩu gà ri thuốc bắc,350000,nồi,Nồi lẩu gà ri thuốc bắc bổ dưỡng kèm rau nấm
ChIJ6Rt_a5NbNDERULS2dj56S80,Quán Gà Trâu Đức Tuân Tuyện Thắm,Xôi chim câu hành phi,78000,đĩa,Xôi nếp dẻo thơm ăn kèm thịt chim câu băm nhỏ
ChIJ6Rt_a5NbNDERULS2dj56S80,Quán Gà Trâu Đức Tuân Tuyện Thắm,Lòng mề gà xào mướp giá,68000,đĩa,Lòng mề gà ri giòn xào mướp hương thơm phức
ChIJ0zZYDQBbNDERbVPySpObsK0,Nhà Hàng Hiếu Thuận,Cá kho tộ miền Tây đậm vị,87000,tộ,Cá trắm đen kho tộ sánh quyện nước hàng dừa
ChIJ0zZYDQBbNDERbVPySpObsK0,Nhà Hàng Hiếu Thuận,Thịt ba chỉ rang cháy cạnh,70000,đĩa,Thịt ba chỉ ba chỉ giòn rưới mỡ hành
ChIJ0zZYDQBbNDERbVPySpObsK0,Nhà Hàng Hiếu Thuận,Sườn non xào chua ngọt,78000,đĩa,Sườn non xào cùng dứa và ớt chuông sốt chua cay
ChIJ0zZYDQBbNDERbVPySpObsK0,Nhà Hàng Hiếu Thuận,Rau muống luộc dầm sấu / xào tỏi,27000,đĩa,Rau muống tươi xanh luộc chấm nước mắm chanh ớt
ChIJ0zZYDQBbNDERbVPySpObsK0,Nhà Hàng Hiếu Thuận,Canh riêu cua đồng cà pháo,47000,bát,Canh cua đồng mát lạnh ăn kèm cà pháo giòn tan
ChIJ0zZYDQBbNDERbVPySpObsK0,Nhà Hàng Hiếu Thuận,Cơm trắng gạo tám thơm,18000,niêu,Niêu cơm gạo tám dẻo thơm
ChIJ9cIBfthbNDERfhfXVVU1BsU,Phở Cồ Nam Định,Phở chín bò ta,35000,bát,Nước dùng phở bò ninh xương ống ngọt lịm kèm thịt chín thái mỏng
ChIJ9cIBfthbNDERfhfXVVU1BsU,Phở Cồ Nam Định,Phở tái chần,33000,bát,Phở bò với thịt bò tươi chần tái mềm ngọt
ChIJ9cIBfthbNDERfhfXVVU1BsU,Phở Cồ Nam Định,Phở nạm gầu giòn,38000,bát,Bánh phở mềm cùng nạm bò và gầu bò giòn sần sật
ChIJ9cIBfthbNDERfhfXVVU1BsU,Phở Cồ Nam Định,Phở tái lăn đặc biệt,45000,bát,Phở bò xào tái lăn thơm mùi tỏi phi
ChIJ9cIBfthbNDERfhfXVVU1BsU,Phở Cồ Nam Định,Trứng gà trần,7000,quả,Trứng trần nước phở béo ngậy
ChIJ9cIBfthbNDERfhfXVVU1BsU,Phở Cồ Nam Định,Quẩy giòn,8000,chiếc,Quẩy giòn ăn kèm nước phở
ChIJ65GF5pRbNDERO0UgbwCCXNQ,Bún Chả Trung Còi,"Bún đậu mắm tôm đầy đủ (Đậu, thịt chân giò, nem chua rán, chả cốm)",43000,suất,Mẹt bún đậu đầy đủ nguyên liệu tươi ngon kèm rau thơm kinh giới
ChIJ65GF5pRbNDERO0UgbwCCXNQ,Bún Chả Trung Còi,Bún đậu thường (Đậu chiên giòn),25000,suất,Bún đậu chay đơn giản với đậu phụ rán giòn
ChIJ65GF5pRbNDERO0UgbwCCXNQ,Bún Chả Trung Còi,Bún chả Hà Nội truyền thống,42000,suất,Chả miếng và chả viên nướng than hoa thơm phức trong bát nước chấm chua ngọt
ChIJ65GF5pRbNDERO0UgbwCCXNQ,Bún Chả Trung Còi,Nem cua bể chiên giòn,18000,chiếc,Nem cua bể giòn rụm nhiều nhân
ChIJ65GF5pRbNDERO0UgbwCCXNQ,Bún Chả Trung Còi,Nước sấu đá ngầm chua ngọt,15000,cốc,Đồ uống giải nhiệt cực hợp vị bún đậu
ChIJtZ-KaQBbNDERpqlSUzk41TM,Bún Chả Bà Ly,"Bún đậu mắm tôm đầy đủ (Đậu, thịt chân giò, nem chua rán, chả cốm)",43000,suất,Mẹt bún đậu đầy đủ nguyên liệu tươi ngon kèm rau thơm kinh giới
ChIJtZ-KaQBbNDERpqlSUzk41TM,Bún Chả Bà Ly,Bún đậu thường (Đậu chiên giòn),28000,suất,Bún đậu chay đơn giản với đậu phụ rán giòn
ChIJtZ-KaQBbNDERpqlSUzk41TM,Bún Chả Bà Ly,Bún chả Hà Nội truyền thống,38000,suất,Chả miếng và chả viên nướng than hoa thơm phức trong bát nước chấm chua ngọt
ChIJtZ-KaQBbNDERpqlSUzk41TM,Bún Chả Bà Ly,Nem cua bể chiên giòn,18000,chiếc,Nem cua bể giòn rụm nhiều nhân
ChIJtZ-KaQBbNDERpqlSUzk41TM,Bún Chả Bà Ly,Nước sấu đá ngầm chua ngọt,12000,cốc,Đồ uống giải nhiệt cực hợp vị bún đậu
ChIJLcedGN1bNDERnIovDEh4Jok,Lẩu Nướng Đăng Đính,Lẩu cua đồng sườn sụn bắp bò,330000,nồi,"Nồi lẩu riêu cua đồng nguyên chất siêu nhiều gạch, kèm bắp bò sườn sụn"
ChIJLcedGN1bNDERnIovDEh4Jok,Lẩu Nướng Đăng Đính,Lẩu Thái hải sản chua cay,389000,nồi,"Nước lẩu Tomyum chua cay nhúng tôm, mực, ngao, nấm"
ChIJLcedGN1bNDERnIovDEh4Jok,Lẩu Nướng Đăng Đính,Set nướng BBQ thập cẩm bò ba chỉ,299000,set,"Bắp bò, ba chỉ heo cuộn nấm kim châm tẩm sốt BBQ nướng xèo xèo"
ChIJLcedGN1bNDERnIovDEh4Jok,Lẩu Nướng Đăng Đính,Ba chỉ bò Mỹ nhúng thêm,85000,đĩa,Thịt ba chỉ bò Mỹ thái mỏng cuốn nấm
ChIJLcedGN1bNDERnIovDEh4Jok,Lẩu Nướng Đăng Đính,Sườn sụn non heo thêm,70000,đĩa,Sườn non giòn sần sật nhúng lẩu
ChIJLcedGN1bNDERnIovDEh4Jok,Lẩu Nướng Đăng Đính,Rau nấm tổng hợp nhúng lẩu,30000,đĩa,"Nấm kim châm, cải thảo, rau muống tươi"
ChIJ03aEELJbNDERvf-kiYQljbI,Karaoke Ánh Sao,"Đĩa hoa quả thập cẩm lớn (Dưa hấu, ổi, xoài, nho)",130000,đĩa,Hoa quả tươi ngon cắt lát đẹp mắt
ChIJ03aEELJbNDERvf-kiYQljbI,Karaoke Ánh Sao,Khô mực nướng cồn,200000,con,Mực khô Vân Đồn nướng cồn xé tay
ChIJ03aEELJbNDERvf-kiYQljbI,Karaoke Ánh Sao,Thịt bò khô xé sợi vắt chanh,75000,đĩa,Bò khô sợi cay cay ngọt ngọt
ChIJ03aEELJbNDERvf-kiYQljbI,Karaoke Ánh Sao,Khoai tây chiên lắc phô mai,45000,đĩa,Khoai tây chiên giòn tan phủ bột phô mai
ChIJ03aEELJbNDERvf-kiYQljbI,Karaoke Ánh Sao,Hạt hướng dương sạch,20000,đĩa,Hạt hướng dương rang thơm
ChIJ03aEELJbNDERvf-kiYQljbI,Karaoke Ánh Sao,Bia Heineken lon,22000,lon,Bia ngoại ướp lạnh sẵn
ChIJ03aEELJbNDERvf-kiYQljbI,Karaoke Ánh Sao,Bia Hà Nội lon,15000,lon,Bia nội truyền thống
ChIJ03aEELJbNDERvf-kiYQljbI,Karaoke Ánh Sao,Nước ngọt Coca-Cola / Sting,12000,lon,Nước ngọt các loại phục vụ lạnh
ChIJoc3Q1U9bNDERrZ2nGUtKpM4,Caffe Tuyết Mùa Hè,Cà phê đen đá pha phin,22000,ly,Cà phê đen truyền thống đậm đà
ChIJoc3Q1U9bNDERrZ2nGUtKpM4,Caffe Tuyết Mùa Hè,Cà phê sữa đá,25000,ly,Cà phê sữa pha phin béo ngậy
ChIJoc3Q1U9bNDERrZ2nGUtKpM4,Caffe Tuyết Mùa Hè,Bạc xỉu cốt dừa,27000,ly,Nhiều sữa béo ngậy vị dừa hòa quyện chút cà phê
ChIJoc3Q1U9bNDERrZ2nGUtKpM4,Caffe Tuyết Mùa Hè,Trà đào cam sả,40000,ly,Trà đào thơm mát kết hợp lát đào cam tươi sả thơm
ChIJoc3Q1U9bNDERrZ2nGUtKpM4,Caffe Tuyết Mùa Hè,Trà sữa trân châu truyền thống,40000,ly,Trà sữa đậm trà kèm trân châu đen dai giòn
ChIJoc3Q1U9bNDERrZ2nGUtKpM4,Caffe Tuyết Mùa Hè,Sinh tố bơ sáp,33000,ly,Sinh tố bơ sáp tươi ngon xay sữa đặc ngậy béo
ChIJoc3Q1U9bNDERrZ2nGUtKpM4,Caffe Tuyết Mùa Hè,Nước ép cam nguyên chất,33000,ly,Ép cam sành tự nhiên nhiều vitamin C
ChIJ58CGPwBbNDERKq2L5JVnIeI,Tròn Cafe K+,Cà phê đen đá pha phin,25000,ly,Cà phê đen truyền thống đậm đà
ChIJ58CGPwBbNDERKq2L5JVnIeI,Tròn Cafe K+,Cà phê sữa đá,25000,ly,Cà phê sữa pha phin béo ngậy
ChIJ58CGPwBbNDERKq2L5JVnIeI,Tròn Cafe K+,Bạc xỉu cốt dừa,30000,ly,Nhiều sữa béo ngậy vị dừa hòa quyện chút cà phê
ChIJ58CGPwBbNDERKq2L5JVnIeI,Tròn Cafe K+,Trà đào cam sả,40000,ly,Trà đào thơm mát kết hợp lát đào cam tươi sả thơm
ChIJ58CGPwBbNDERKq2L5JVnIeI,Tròn Cafe K+,Trà sữa trân châu truyền thống,40000,ly,Trà sữa đậm trà kèm trân châu đen dai giòn
ChIJ58CGPwBbNDERKq2L5JVnIeI,Tròn Cafe K+,Sinh tố bơ sáp,37000,ly,Sinh tố bơ sáp tươi ngon xay sữa đặc ngậy béo
ChIJ58CGPwBbNDERKq2L5JVnIeI,Tròn Cafe K+,Nước ép cam nguyên chất,27000,ly,Ép cam sành tự nhiên nhiều vitamin C
ChIJN3CqwAZbNDERe3clLUsEO4Q,Seoul Cafe,Cà phê đen đá pha phin,19000,ly,Cà phê đen truyền thống đậm đà
ChIJN3CqwAZbNDERe3clLUsEO4Q,Seoul Cafe,Cà phê sữa đá,22000,ly,Cà phê sữa pha phin béo ngậy
ChIJN3CqwAZbNDERe3clLUsEO4Q,Seoul Cafe,Bạc xỉu cốt dừa,27000,ly,Nhiều sữa béo ngậy vị dừa hòa quyện chút cà phê
ChIJN3CqwAZbNDERe3clLUsEO4Q,Seoul Cafe,Trà đào cam sả,37000,ly,Trà đào thơm mát kết hợp lát đào cam tươi sả thơm
ChIJN3CqwAZbNDERe3clLUsEO4Q,Seoul Cafe,Trà sữa trân châu truyền thống,30000,ly,Trà sữa đậm trà kèm trân châu đen dai giòn
ChIJN3CqwAZbNDERe3clLUsEO4Q,Seoul Cafe,Sinh tố bơ sáp,30000,ly,Sinh tố bơ sáp tươi ngon xay sữa đặc ngậy béo
ChIJN3CqwAZbNDERe3clLUsEO4Q,Seoul Cafe,Nước ép cam nguyên chất,27000,ly,Ép cam sành tự nhiên nhiều vitamin C
ChIJhwYVgfFbNDERXXr3OvScUzs,Hola Cafe & Camping,Cà phê đen đá pha phin,25000,ly,Cà phê đen truyền thống đậm đà
ChIJhwYVgfFbNDERXXr3OvScUzs,Hola Cafe & Camping,Cà phê sữa đá,22000,ly,Cà phê sữa pha phin béo ngậy
ChIJhwYVgfFbNDERXXr3OvScUzs,Hola Cafe & Camping,Bạc xỉu cốt dừa,27000,ly,Nhiều sữa béo ngậy vị dừa hòa quyện chút cà phê
ChIJhwYVgfFbNDERXXr3OvScUzs,Hola Cafe & Camping,Trà đào cam sả,35000,ly,Trà đào thơm mát kết hợp lát đào cam tươi sả thơm
ChIJhwYVgfFbNDERXXr3OvScUzs,Hola Cafe & Camping,Trà sữa trân châu truyền thống,35000,ly,Trà sữa đậm trà kèm trân châu đen dai giòn
ChIJhwYVgfFbNDERXXr3OvScUzs,Hola Cafe & Camping,Sinh tố bơ sáp,35000,ly,Sinh tố bơ sáp tươi ngon xay sữa đặc ngậy béo
ChIJhwYVgfFbNDERXXr3OvScUzs,Hola Cafe & Camping,Nước ép cam nguyên chất,33000,ly,Ép cam sành tự nhiên nhiều vitamin C
ChIJVW2aXJFbNDERyXYI_465FIk,Home Café,Cà phê đen đá pha phin,22000,ly,Cà phê đen truyền thống đậm đà
ChIJVW2aXJFbNDERyXYI_465FIk,Home Café,Cà phê sữa đá,22000,ly,Cà phê sữa pha phin béo ngậy
ChIJVW2aXJFbNDERyXYI_465FIk,Home Café,Bạc xỉu cốt dừa,27000,ly,Nhiều sữa béo ngậy vị dừa hòa quyện chút cà phê
ChIJVW2aXJFbNDERyXYI_465FIk,Home Café,Trà đào cam sả,30000,ly,Trà đào thơm mát kết hợp lát đào cam tươi sả thơm
ChIJVW2aXJFbNDERyXYI_465FIk,Home Café,Trà sữa trân châu truyền thống,35000,ly,Trà sữa đậm trà kèm trân châu đen dai giòn
ChIJVW2aXJFbNDERyXYI_465FIk,Home Café,Sinh tố bơ sáp,35000,ly,Sinh tố bơ sáp tươi ngon xay sữa đặc ngậy béo
ChIJVW2aXJFbNDERyXYI_465FIk,Home Café,Nước ép cam nguyên chất,30000,ly,Ép cam sành tự nhiên nhiều vitamin C
ChIJ_YcZ1ppbNDER6S9RMCoXHFE,Hoa Phượng 86,"Đĩa hoa quả thập cẩm lớn (Dưa hấu, ổi, xoài, nho)",140000,đĩa,Hoa quả tươi ngon cắt lát đẹp mắt
ChIJ_YcZ1ppbNDER6S9RMCoXHFE,Hoa Phượng 86,Khô mực nướng cồn,180000,con,Mực khô Vân Đồn nướng cồn xé tay
ChIJ_YcZ1ppbNDER6S9RMCoXHFE,Hoa Phượng 86,Thịt bò khô xé sợi vắt chanh,75000,đĩa,Bò khô sợi cay cay ngọt ngọt
ChIJ_YcZ1ppbNDER6S9RMCoXHFE,Hoa Phượng 86,Khoai tây chiên lắc phô mai,43000,đĩa,Khoai tây chiên giòn tan phủ bột phô mai
ChIJ_YcZ1ppbNDER6S9RMCoXHFE,Hoa Phượng 86,Hạt hướng dương sạch,17000,đĩa,Hạt hướng dương rang thơm
ChIJ_YcZ1ppbNDER6S9RMCoXHFE,Hoa Phượng 86,Bia Heineken lon,28000,lon,Bia ngoại ướp lạnh sẵn
ChIJ_YcZ1ppbNDER6S9RMCoXHFE,Hoa Phượng 86,Bia Hà Nội lon,15000,lon,Bia nội truyền thống
ChIJ_YcZ1ppbNDER6S9RMCoXHFE,Hoa Phượng 86,Nước ngọt Coca-Cola / Sting,15000,lon,Nước ngọt các loại phục vụ lạnh
ChIJd6PlFABbNDERp9a5l6WBdQQ,LYLY KTV,"Đĩa hoa quả thập cẩm lớn (Dưa hấu, ổi, xoài, nho)",150000,đĩa,Hoa quả tươi ngon cắt lát đẹp mắt
ChIJd6PlFABbNDERp9a5l6WBdQQ,LYLY KTV,Khô mực nướng cồn,170000,con,Mực khô Vân Đồn nướng cồn xé tay
ChIJd6PlFABbNDERp9a5l6WBdQQ,LYLY KTV,Thịt bò khô xé sợi vắt chanh,78000,đĩa,Bò khô sợi cay cay ngọt ngọt
ChIJd6PlFABbNDERp9a5l6WBdQQ,LYLY KTV,Khoai tây chiên lắc phô mai,43000,đĩa,Khoai tây chiên giòn tan phủ bột phô mai
ChIJd6PlFABbNDERp9a5l6WBdQQ,LYLY KTV,Hạt hướng dương sạch,20000,đĩa,Hạt hướng dương rang thơm
ChIJd6PlFABbNDERp9a5l6WBdQQ,LYLY KTV,Bia Heineken lon,28000,lon,Bia ngoại ướp lạnh sẵn
ChIJd6PlFABbNDERp9a5l6WBdQQ,LYLY KTV,Bia Hà Nội lon,21000,lon,Bia nội truyền thống
ChIJd6PlFABbNDERp9a5l6WBdQQ,LYLY KTV,Nước ngọt Coca-Cola / Sting,12000,lon,Nước ngọt các loại phục vụ lạnh
ChIJvZD4DzRbNDERSNuFgQ-7VGo,Karaoke Top One,"Đĩa hoa quả thập cẩm lớn (Dưa hấu, ổi, xoài, nho)",150000,đĩa,Hoa quả tươi ngon cắt lát đẹp mắt
ChIJvZD4DzRbNDERSNuFgQ-7VGo,Karaoke Top One,Khô mực nướng cồn,170000,con,Mực khô Vân Đồn nướng cồn xé tay
ChIJvZD4DzRbNDERSNuFgQ-7VGo,Karaoke Top One,Thịt bò khô xé sợi vắt chanh,78000,đĩa,Bò khô sợi cay cay ngọt ngọt
ChIJvZD4DzRbNDERSNuFgQ-7VGo,Karaoke Top One,Khoai tây chiên lắc phô mai,43000,đĩa,Khoai tây chiên giòn tan phủ bột phô mai
ChIJvZD4DzRbNDERSNuFgQ-7VGo,Karaoke Top One,Hạt hướng dương sạch,20000,đĩa,Hạt hướng dương rang thơm
ChIJvZD4DzRbNDERSNuFgQ-7VGo,Karaoke Top One,Bia Heineken lon,25000,lon,Bia ngoại ướp lạnh sẵn
ChIJvZD4DzRbNDERSNuFgQ-7VGo,Karaoke Top One,Bia Hà Nội lon,21000,lon,Bia nội truyền thống
ChIJvZD4DzRbNDERSNuFgQ-7VGo,Karaoke Top One,Nước ngọt Coca-Cola / Sting,12000,lon,Nước ngọt các loại phục vụ lạnh
ChIJ81ZOOgBZNDERwnCyuZpb9GI,Nhà Hàng An Phát,"Đĩa hoa quả thập cẩm lớn (Dưa hấu, ổi, xoài, nho)",150000,đĩa,Hoa quả tươi ngon cắt lát đẹp mắt
ChIJ81ZOOgBZNDERwnCyuZpb9GI,Nhà Hàng An Phát,Khô mực nướng cồn,200000,con,Mực khô Vân Đồn nướng cồn xé tay
ChIJ81ZOOgBZNDERwnCyuZpb9GI,Nhà Hàng An Phát,Thịt bò khô xé sợi vắt chanh,78000,đĩa,Bò khô sợi cay cay ngọt ngọt
ChIJ81ZOOgBZNDERwnCyuZpb9GI,Nhà Hàng An Phát,Khoai tây chiên lắc phô mai,50000,đĩa,Khoai tây chiên giòn tan phủ bột phô mai
ChIJ81ZOOgBZNDERwnCyuZpb9GI,Nhà Hàng An Phát,Hạt hướng dương sạch,23000,đĩa,Hạt hướng dương rang thơm
ChIJ81ZOOgBZNDERwnCyuZpb9GI,Nhà Hàng An Phát,Bia Heineken lon,28000,lon,Bia ngoại ướp lạnh sẵn
ChIJ81ZOOgBZNDERwnCyuZpb9GI,Nhà Hàng An Phát,Bia Hà Nội lon,15000,lon,Bia nội truyền thống
ChIJ81ZOOgBZNDERwnCyuZpb9GI,Nhà Hàng An Phát,Nước ngọt Coca-Cola / Sting,12000,lon,Nước ngọt các loại phục vụ lạnh
ChIJP-DqBQBZNDERM1fQ6STkVrk,"Nhà Hàng Trường Sa ( Phở Lý Quốc Sư, Cơm Xe Tải, Lẩu các loại )",Phở chín bò ta,40000,bát,Nước dùng phở bò ninh xương ống ngọt lịm kèm thịt chín thái mỏng
ChIJP-DqBQBZNDERM1fQ6STkVrk,"Nhà Hàng Trường Sa ( Phở Lý Quốc Sư, Cơm Xe Tải, Lẩu các loại )",Phở tái chần,40000,bát,Phở bò với thịt bò tươi chần tái mềm ngọt
ChIJP-DqBQBZNDERM1fQ6STkVrk,"Nhà Hàng Trường Sa ( Phở Lý Quốc Sư, Cơm Xe Tải, Lẩu các loại )",Phở nạm gầu giòn,42000,bát,Bánh phở mềm cùng nạm bò và gầu bò giòn sần sật
ChIJP-DqBQBZNDERM1fQ6STkVrk,"Nhà Hàng Trường Sa ( Phở Lý Quốc Sư, Cơm Xe Tải, Lẩu các loại )",Phở tái lăn đặc biệt,45000,bát,Phở bò xào tái lăn thơm mùi tỏi phi
ChIJP-DqBQBZNDERM1fQ6STkVrk,"Nhà Hàng Trường Sa ( Phở Lý Quốc Sư, Cơm Xe Tải, Lẩu các loại )",Trứng gà trần,10000,quả,Trứng trần nước phở béo ngậy
ChIJP-DqBQBZNDERM1fQ6STkVrk,"Nhà Hàng Trường Sa ( Phở Lý Quốc Sư, Cơm Xe Tải, Lẩu các loại )",Quẩy giòn,5000,chiếc,Quẩy giòn ăn kèm nước phở
ChIJA_s0CABbNDERD3JEH5_t6So,"Nhà hàng 5 "" xao""",Cá kho tộ miền Tây đậm vị,90000,tộ,Cá trắm đen kho tộ sánh quyện nước hàng dừa
ChIJA_s0CABbNDERD3JEH5_t6So,"Nhà hàng 5 "" xao""",Thịt ba chỉ rang cháy cạnh,75000,đĩa,Thịt ba chỉ ba chỉ giòn rưới mỡ hành
ChIJA_s0CABbNDERD3JEH5_t6So,"Nhà hàng 5 "" xao""",Sườn non xào chua ngọt,75000,đĩa,Sườn non xào cùng dứa và ớt chuông sốt chua cay
ChIJA_s0CABbNDERD3JEH5_t6So,"Nhà hàng 5 "" xao""",Rau muống luộc dầm sấu / xào tỏi,27000,đĩa,Rau muống tươi xanh luộc chấm nước mắm chanh ớt
ChIJA_s0CABbNDERD3JEH5_t6So,"Nhà hàng 5 "" xao""",Canh riêu cua đồng cà pháo,47000,bát,Canh cua đồng mát lạnh ăn kèm cà pháo giòn tan
ChIJA_s0CABbNDERD3JEH5_t6So,"Nhà hàng 5 "" xao""",Cơm trắng gạo tám thơm,15000,niêu,Niêu cơm gạo tám dẻo thơm
ChIJWSEnPudbNDERQETUkt0NiAs,Moose Plus Cafe,Cà phê đen đá pha phin,25000,ly,Cà phê đen truyền thống đậm đà
ChIJWSEnPudbNDERQETUkt0NiAs,Moose Plus Cafe,Cà phê sữa đá,22000,ly,Cà phê sữa pha phin béo ngậy
ChIJWSEnPudbNDERQETUkt0NiAs,Moose Plus Cafe,Bạc xỉu cốt dừa,33000,ly,Nhiều sữa béo ngậy vị dừa hòa quyện chút cà phê
ChIJWSEnPudbNDERQETUkt0NiAs,Moose Plus Cafe,Trà đào cam sả,35000,ly,Trà đào thơm mát kết hợp lát đào cam tươi sả thơm
ChIJWSEnPudbNDERQETUkt0NiAs,Moose Plus Cafe,Trà sữa trân châu truyền thống,40000,ly,Trà sữa đậm trà kèm trân châu đen dai giòn
ChIJWSEnPudbNDERQETUkt0NiAs,Moose Plus Cafe,Sinh tố bơ sáp,30000,ly,Sinh tố bơ sáp tươi ngon xay sữa đặc ngậy béo
ChIJWSEnPudbNDERQETUkt0NiAs,Moose Plus Cafe,Nước ép cam nguyên chất,33000,ly,Ép cam sành tự nhiên nhiều vitamin C
ChIJbwGH7RBbNDERtN8Z5ZVTga4,Quán Lẩu Đuôi Bò Hiếu Bùi,Thịt trâu xào lá lốt,150000,đĩa,Thịt trâu tươi mềm ngọt xào lá lốt thơm lừng
ChIJbwGH7RBbNDERtN8Z5ZVTga4,Quán Lẩu Đuôi Bò Hiếu Bùi,Thịt trâu nhúng mẻ chua cay,140000,đĩa,Thịt trâu nhúng nước dùng mẻ chua thanh nhẹ
ChIJbwGH7RBbNDERtN8Z5ZVTga4,Quán Lẩu Đuôi Bò Hiếu Bùi,Dê tái chanh chấm tương gừng,160000,đĩa,Thịt dê núi hấp tái trộn vừng sả lá chanh
ChIJbwGH7RBbNDERtN8Z5ZVTga4,Quán Lẩu Đuôi Bò Hiếu Bùi,Dê né bản gang,180000,đĩa,Dê xào nóng hổi trên bản gang kèm đậu bắp
ChIJbwGH7RBbNDERtN8Z5ZVTga4,Quán Lẩu Đuôi Bò Hiếu Bùi,Lẩu dê núi nhúng mẻ,409000,nồi,Nồi lẩu dê núi ré thơm ngon kèm rau nhúng đặc sản
ChIJbwGH7RBbNDERtN8Z5ZVTga4,Quán Lẩu Đuôi Bò Hiếu Bùi,Cơm cháy sốt dê,65000,đĩa,Cơm cháy giòn tan rưới nước sốt dê đậm vị
ChIJfcAc3pJbNDERxMFbt9UtUZc,Nhà Hàng Phố Bia,Bia hơi Hà Nội mát lạnh,12000,cốc,Bia hơi tươi rói rót trực tiếp từ vòi bom lạnh
ChIJfcAc3pJbNDERxMFbt9UtUZc,Nhà Hàng Phố Bia,Đậu phụ lướt ván nóng giòn,27000,đĩa,Đậu hũ non chiên lướt ván ngoài vàng giòn trong mịn mượt như thạch
ChIJfcAc3pJbNDERxMFbt9UtUZc,Nhà Hàng Phố Bia,Đĩa lạc rang muối / lạc luộc mộc mạc,18000,đĩa,Đồ nhắm bia truyền thống
ChIJfcAc3pJbNDERxMFbt9UtUZc,Nhà Hàng Phố Bia,Nộm tai heo đu đủ xanh chua ngọt,63000,đĩa,Tai heo giòn sần sật trộn đu đủ bào sợi nước nộm chua ngọt sảng khoái
ChIJfcAc3pJbNDERxMFbt9UtUZc,Nhà Hàng Phố Bia,Sụn gà chiên mắm rang muối,97000,đĩa,Sụn gà ta giòn sần sật tẩm ướp chiên xóc muối ớt tỏi
ChIJuyciVQBbNDERuCyVAjJ86e4,Bánh Cuốn Bún Chả Nhà Bắp,"Bún đậu mắm tôm đầy đủ (Đậu, thịt chân giò, nem chua rán, chả cốm)",45000,suất,Mẹt bún đậu đầy đủ nguyên liệu tươi ngon kèm rau thơm kinh giới
ChIJuyciVQBbNDERuCyVAjJ86e4,Bánh Cuốn Bún Chả Nhà Bắp,Bún đậu thường (Đậu chiên giòn),28000,suất,Bún đậu chay đơn giản với đậu phụ rán giòn
ChIJuyciVQBbNDERuCyVAjJ86e4,Bánh Cuốn Bún Chả Nhà Bắp,Bún chả Hà Nội truyền thống,35000,suất,Chả miếng và chả viên nướng than hoa thơm phức trong bát nước chấm chua ngọt
ChIJuyciVQBbNDERuCyVAjJ86e4,Bánh Cuốn Bún Chả Nhà Bắp,Nem cua bể chiên giòn,12000,chiếc,Nem cua bể giòn rụm nhiều nhân
ChIJuyciVQBbNDERuCyVAjJ86e4,Bánh Cuốn Bún Chả Nhà Bắp,Nước sấu đá ngầm chua ngọt,15000,cốc,Đồ uống giải nhiệt cực hợp vị bún đậu
ChIJKWbMVgBbNDERvnjlJBWsk7I,Vườn Bia 86,Bia hơi Hà Nội mát lạnh,12000,cốc,Bia hơi tươi rói rót trực tiếp từ vòi bom lạnh
ChIJKWbMVgBbNDERvnjlJBWsk7I,Vườn Bia 86,Đậu phụ lướt ván nóng giòn,30000,đĩa,Đậu hũ non chiên lướt ván ngoài vàng giòn trong mịn mượt như thạch
ChIJKWbMVgBbNDERvnjlJBWsk7I,Vườn Bia 86,Đĩa lạc rang muối / lạc luộc mộc mạc,15000,đĩa,Đồ nhắm bia truyền thống
ChIJKWbMVgBbNDERvnjlJBWsk7I,Vườn Bia 86,Nộm tai heo đu đủ xanh chua ngọt,70000,đĩa,Tai heo giòn sần sật trộn đu đủ bào sợi nước nộm chua ngọt sảng khoái
ChIJKWbMVgBbNDERvnjlJBWsk7I,Vườn Bia 86,Sụn gà chiên mắm rang muối,93000,đĩa,Sụn gà ta giòn sần sật tẩm ướp chiên xóc muối ớt tỏi
ChIJd4bIpvZbNDERdmE9CQLjte0,Miền Trung Bún Bò Huế 2,"Bún bò Huế đầy đủ (Thịt bò, chả cua, tiết, mọc)",40000,bát,"Bún bò Huế chuẩn vị nước dùng thơm mùi sả, ruốc heo"
ChIJd4bIpvZbNDERdmE9CQLjte0,Miền Trung Bún Bò Huế 2,Bún bò Huế đặc biệt (Thêm giò heo),55000,bát,Bún bò Huế tô lớn thêm chân giò heo béo ngậy
ChIJd4bIpvZbNDERdmE9CQLjte0,Miền Trung Bún Bò Huế 2,Bún bò Huế tái chín,35000,bát,Bún bò với thịt bò tái chần và nạm bò chín
ChIJd4bIpvZbNDERdmE9CQLjte0,Miền Trung Bún Bò Huế 2,Quẩy nóng,5000,chiếc,Quẩy giòn ăn kèm bún bò
ChIJd4bIpvZbNDERdmE9CQLjte0,Miền Trung Bún Bò Huế 2,Giò tai heo thêm,7000,chiếc,Giò tai giòn sần sật gọi thêm
ChIJd4bIpvZbNDERdmE9CQLjte0,Miền Trung Bún Bò Huế 2,Trà đá,2000,cốc,Trà đá mát lạnh giải nhiệt
ChIJTe-zPgBbNDERDQIdRrvJhRw,Chân Gà Sốt Thái Yến Nhi,Gà ri hấp lá chanh (Cả con),230000,con,Gà ri đồi nuôi thả tự nhiên dai ngọt da vàng giòn
ChIJTe-zPgBbNDERDQIdRrvJhRw,Chân Gà Sốt Thái Yến Nhi,Gà ri nướng mật ong (Cả con),230000,con,Gà ri nướng mật ong thơm phức vàng óng
ChIJTe-zPgBbNDERDQIdRrvJhRw,Chân Gà Sốt Thái Yến Nhi,Gà rang muối tỏi,120000,đĩa,Gà ta chặt miếng rang muối đậm đà sần sật
ChIJTe-zPgBbNDERDQIdRrvJhRw,Chân Gà Sốt Thái Yến Nhi,Lẩu gà ri thuốc bắc,330000,nồi,Nồi lẩu gà ri thuốc bắc bổ dưỡng kèm rau nấm
ChIJTe-zPgBbNDERDQIdRrvJhRw,Chân Gà Sốt Thái Yến Nhi,Xôi chim câu hành phi,80000,đĩa,Xôi nếp dẻo thơm ăn kèm thịt chim câu băm nhỏ
ChIJTe-zPgBbNDERDQIdRrvJhRw,Chân Gà Sốt Thái Yến Nhi,Lòng mề gà xào mướp giá,75000,đĩa,Lòng mề gà ri giòn xào mướp hương thơm phức
ChIJF2nsmp1dNDERbnb-EeiwbeU,Bún Cá Long Lê,Bún cá cay Hải Phòng giòn rụm,35000,bát,"Cá chiên giòn, chả cá thu thơm ngon nước dùng dọc mùng chua cay"
ChIJF2nsmp1dNDERbnb-EeiwbeU,Bún Cá Long Lê,Bún riêu cua bắp bò giò tai,40000,bát,"Bún nước với riêu cua đồng xịn kèm bắp bò tươi, giò tai heo sần sật"
ChIJF2nsmp1dNDERbnb-EeiwbeU,Bún Cá Long Lê,Bún sườn mọc dọc mùng hành hoa,37000,bát,Bún sườn non mềm nhừ kèm mọc thịt giòn dẻo
ChIJF2nsmp1dNDERbnb-EeiwbeU,Bún Cá Long Lê,Trà đá mát lạnh,8000,cốc,Trà đá mát uống kèm bún nóng
ChIJk1qMIABbNDERTtajM7X0CX8,Bia Hơi Vỹ Béo,Bia hơi Hà Nội mát lạnh,9000,cốc,Bia hơi tươi rói rót trực tiếp từ vòi bom lạnh
ChIJk1qMIABbNDERTtajM7X0CX8,Bia Hơi Vỹ Béo,Đậu phụ lướt ván nóng giòn,27000,đĩa,Đậu hũ non chiên lướt ván ngoài vàng giòn trong mịn mượt như thạch
ChIJk1qMIABbNDERTtajM7X0CX8,Bia Hơi Vỹ Béo,Đĩa lạc rang muối / lạc luộc mộc mạc,18000,đĩa,Đồ nhắm bia truyền thống
ChIJk1qMIABbNDERTtajM7X0CX8,Bia Hơi Vỹ Béo,Nộm tai heo đu đủ xanh chua ngọt,70000,đĩa,Tai heo giòn sần sật trộn đu đủ bào sợi nước nộm chua ngọt sảng khoái
ChIJk1qMIABbNDERTtajM7X0CX8,Bia Hơi Vỹ Béo,Sụn gà chiên mắm rang muối,100000,đĩa,Sụn gà ta giòn sần sật tẩm ướp chiên xóc muối ớt tỏi
ChIJcYfwJQBbNDERwQ2xC1GB08o,Quán ăn vặt 247,Ốc luộc sả lá chanh truyền thống,45000,bát,Ốc vặn/ốc nhồi mít luộc thơm mùi sả chấm nước mắm gừng cay ngọt đặc sản
ChIJcYfwJQBbNDERwQ2xC1GB08o,Quán ăn vặt 247,Ốc móng tay xào bơ tỏi thơm lừng,65000,đĩa,Ốc móng tay tươi ngọt sốt bơ tỏi sánh béo chấm bánh mì tuyệt đỉnh
ChIJcYfwJQBbNDERwQ2xC1GB08o,Quán ăn vặt 247,Nem chua rán giòn rụm (10 cái),45000,đĩa,Nem chua rán nóng hổi chấm tương ớt cay nồng
ChIJcYfwJQBbNDERwQ2xC1GB08o,Quán ăn vặt 247,Khoai tây chiên lắc bột phô mai,30000,đĩa,Món khai vị ăn vặt khoái khẩu
ChIJcYfwJQBbNDERwQ2xC1GB08o,Quán ăn vặt 247,Trà quất mật ong khổng lồ,15000,cốc,Trà quất mát chua ngọt cực đã khát
ChIJLxWwxsdbNDER-mfzuENgsww,Cháo Dinh Dưỡng Chung Phú,Cháo lòng heo đầy đủ dồi sụn tiết luộc,33000,bát,Cháo lòng nấu gạo tẻ sánh ngọt cùng lòng non dồi sụn gan luộc
ChIJLxWwxsdbNDER-mfzuENgsww,Cháo Dinh Dưỡng Chung Phú,Cháo sườn sụn nóng hổi hành hoa,33000,bát,Cháo bột sườn non sánh mịn giòn sần sật sườn sụn non
ChIJLxWwxsdbNDER-mfzuENgsww,Cháo Dinh Dưỡng Chung Phú,Quẩy giòn ăn cháo,5000,đĩa,Quẩy ăn kèm cháo ngon tuyệt
ChIJfzfIEgBbNDERp4_HCde6S-Y,Phở cồ Việt Hùng,Phở chín bò ta,30000,bát,Nước dùng phở bò ninh xương ống ngọt lịm kèm thịt chín thái mỏng
ChIJfzfIEgBbNDERp4_HCde6S-Y,Phở cồ Việt Hùng,Phở tái chần,35000,bát,Phở bò với thịt bò tươi chần tái mềm ngọt
ChIJfzfIEgBbNDERp4_HCde6S-Y,Phở cồ Việt Hùng,Phở nạm gầu giòn,38000,bát,Bánh phở mềm cùng nạm bò và gầu bò giòn sần sật
ChIJfzfIEgBbNDERp4_HCde6S-Y,Phở cồ Việt Hùng,Phở tái lăn đặc biệt,40000,bát,Phở bò xào tái lăn thơm mùi tỏi phi
ChIJfzfIEgBbNDERp4_HCde6S-Y,Phở cồ Việt Hùng,Trứng gà trần,10000,quả,Trứng trần nước phở béo ngậy
ChIJfzfIEgBbNDERp4_HCde6S-Y,Phở cồ Việt Hùng,Quẩy giòn,2000,chiếc,Quẩy giòn ăn kèm nước phở
ChIJkQTiQABdNDER2qHEo21PTKA,Anh Lộc Quán,Cá kho tộ miền Tây đậm vị,87000,tộ,Cá trắm đen kho tộ sánh quyện nước hàng dừa
ChIJkQTiQABdNDER2qHEo21PTKA,Anh Lộc Quán,Thịt ba chỉ rang cháy cạnh,73000,đĩa,Thịt ba chỉ ba chỉ giòn rưới mỡ hành
ChIJkQTiQABdNDER2qHEo21PTKA,Anh Lộc Quán,Sườn non xào chua ngọt,78000,đĩa,Sườn non xào cùng dứa và ớt chuông sốt chua cay
ChIJkQTiQABdNDER2qHEo21PTKA,Anh Lộc Quán,Rau muống luộc dầm sấu / xào tỏi,33000,đĩa,Rau muống tươi xanh luộc chấm nước mắm chanh ớt
ChIJkQTiQABdNDER2qHEo21PTKA,Anh Lộc Quán,Canh riêu cua đồng cà pháo,45000,bát,Canh cua đồng mát lạnh ăn kèm cà pháo giòn tan
ChIJkQTiQABdNDER2qHEo21PTKA,Anh Lộc Quán,Cơm trắng gạo tám thơm,12000,niêu,Niêu cơm gạo tám dẻo thơm
ChIJu3lfhL9bNDERji3mV1tQxLQ,Quán Tea Tròn,Cà phê đen đá pha phin,25000,ly,Cà phê đen truyền thống đậm đà
ChIJu3lfhL9bNDERji3mV1tQxLQ,Quán Tea Tròn,Cà phê sữa đá,28000,ly,Cà phê sữa pha phin béo ngậy
ChIJu3lfhL9bNDERji3mV1tQxLQ,Quán Tea Tròn,Bạc xỉu cốt dừa,30000,ly,Nhiều sữa béo ngậy vị dừa hòa quyện chút cà phê
ChIJu3lfhL9bNDERji3mV1tQxLQ,Quán Tea Tròn,Trà đào cam sả,37000,ly,Trà đào thơm mát kết hợp lát đào cam tươi sả thơm
ChIJu3lfhL9bNDERji3mV1tQxLQ,Quán Tea Tròn,Trà sữa trân châu truyền thống,35000,ly,Trà sữa đậm trà kèm trân châu đen dai giòn
ChIJu3lfhL9bNDERji3mV1tQxLQ,Quán Tea Tròn,Sinh tố bơ sáp,40000,ly,Sinh tố bơ sáp tươi ngon xay sữa đặc ngậy béo
ChIJu3lfhL9bNDERji3mV1tQxLQ,Quán Tea Tròn,Nước ép cam nguyên chất,33000,ly,Ép cam sành tự nhiên nhiều vitamin C
ChIJff037wlZNDERKIv-9199RMk,Nhà Hàng Tư Lan 286,Cá kho tộ miền Tây đậm vị,80000,tộ,Cá trắm đen kho tộ sánh quyện nước hàng dừa
ChIJff037wlZNDERKIv-9199RMk,Nhà Hàng Tư Lan 286,Thịt ba chỉ rang cháy cạnh,73000,đĩa,Thịt ba chỉ ba chỉ giòn rưới mỡ hành
ChIJff037wlZNDERKIv-9199RMk,Nhà Hàng Tư Lan 286,Sườn non xào chua ngọt,80000,đĩa,Sườn non xào cùng dứa và ớt chuông sốt chua cay
ChIJff037wlZNDERKIv-9199RMk,Nhà Hàng Tư Lan 286,Rau muống luộc dầm sấu / xào tỏi,33000,đĩa,Rau muống tươi xanh luộc chấm nước mắm chanh ớt
ChIJff037wlZNDERKIv-9199RMk,Nhà Hàng Tư Lan 286,Canh riêu cua đồng cà pháo,45000,bát,Canh cua đồng mát lạnh ăn kèm cà pháo giòn tan
ChIJff037wlZNDERKIv-9199RMk,Nhà Hàng Tư Lan 286,Cơm trắng gạo tám thơm,18000,niêu,Niêu cơm gạo tám dẻo thơm
ChIJKd3vaQBbNDERpK48Z9d_vCI,Nhà hàng ngựa tây bắc,Cá kho tộ miền Tây đậm vị,80000,tộ,Cá trắm đen kho tộ sánh quyện nước hàng dừa
ChIJKd3vaQBbNDERpK48Z9d_vCI,Nhà hàng ngựa tây bắc,Thịt ba chỉ rang cháy cạnh,77000,đĩa,Thịt ba chỉ ba chỉ giòn rưới mỡ hành
ChIJKd3vaQBbNDERpK48Z9d_vCI,Nhà hàng ngựa tây bắc,Sườn non xào chua ngọt,75000,đĩa,Sườn non xào cùng dứa và ớt chuông sốt chua cay
ChIJKd3vaQBbNDERpK48Z9d_vCI,Nhà hàng ngựa tây bắc,Rau muống luộc dầm sấu / xào tỏi,30000,đĩa,Rau muống tươi xanh luộc chấm nước mắm chanh ớt
ChIJKd3vaQBbNDERpK48Z9d_vCI,Nhà hàng ngựa tây bắc,Canh riêu cua đồng cà pháo,43000,bát,Canh cua đồng mát lạnh ăn kèm cà pháo giòn tan
ChIJKd3vaQBbNDERpK48Z9d_vCI,Nhà hàng ngựa tây bắc,Cơm trắng gạo tám thơm,12000,niêu,Niêu cơm gạo tám dẻo thơm
ChIJjVinAwBbNDERq3W9RX8eSu0,Gà mạnh hoạch Mai Ngọc,Gà ri hấp lá chanh (Cả con),220000,con,Gà ri đồi nuôi thả tự nhiên dai ngọt da vàng giòn
ChIJjVinAwBbNDERq3W9RX8eSu0,Gà mạnh hoạch Mai Ngọc,Gà ri nướng mật ong (Cả con),270000,con,Gà ri nướng mật ong thơm phức vàng óng
ChIJjVinAwBbNDERq3W9RX8eSu0,Gà mạnh hoạch Mai Ngọc,Gà rang muối tỏi,140000,đĩa,Gà ta chặt miếng rang muối đậm đà sần sật
ChIJjVinAwBbNDERq3W9RX8eSu0,Gà mạnh hoạch Mai Ngọc,Lẩu gà ri thuốc bắc,330000,nồi,Nồi lẩu gà ri thuốc bắc bổ dưỡng kèm rau nấm
ChIJjVinAwBbNDERq3W9RX8eSu0,Gà mạnh hoạch Mai Ngọc,Xôi chim câu hành phi,85000,đĩa,Xôi nếp dẻo thơm ăn kèm thịt chim câu băm nhỏ
ChIJjVinAwBbNDERq3W9RX8eSu0,Gà mạnh hoạch Mai Ngọc,Lòng mề gà xào mướp giá,65000,đĩa,Lòng mề gà ri giòn xào mướp hương thơm phức
ChIJV78PRgBbNDERvAePtMRjuBI,Pikachu Cafe Bbq,Lẩu cua đồng sườn sụn bắp bò,340000,nồi,"Nồi lẩu riêu cua đồng nguyên chất siêu nhiều gạch, kèm bắp bò sườn sụn"
ChIJV78PRgBbNDERvAePtMRjuBI,Pikachu Cafe Bbq,Lẩu Thái hải sản chua cay,409000,nồi,"Nước lẩu Tomyum chua cay nhúng tôm, mực, ngao, nấm"
ChIJV78PRgBbNDERvAePtMRjuBI,Pikachu Cafe Bbq,Set nướng BBQ thập cẩm bò ba chỉ,319000,set,"Bắp bò, ba chỉ heo cuộn nấm kim châm tẩm sốt BBQ nướng xèo xèo"
ChIJV78PRgBbNDERvAePtMRjuBI,Pikachu Cafe Bbq,Ba chỉ bò Mỹ nhúng thêm,75000,đĩa,Thịt ba chỉ bò Mỹ thái mỏng cuốn nấm
ChIJV78PRgBbNDERvAePtMRjuBI,Pikachu Cafe Bbq,Sườn sụn non heo thêm,70000,đĩa,Sườn non giòn sần sật nhúng lẩu
ChIJV78PRgBbNDERvAePtMRjuBI,Pikachu Cafe Bbq,Rau nấm tổng hợp nhúng lẩu,30000,đĩa,"Nấm kim châm, cải thảo, rau muống tươi"
ChIJ0RpCuOlbNDERE8qr_y078r8,LT,Cà phê đen đá pha phin,25000,ly,Cà phê đen truyền thống đậm đà
ChIJ0RpCuOlbNDERE8qr_y078r8,LT,Cà phê sữa đá,22000,ly,Cà phê sữa pha phin béo ngậy
ChIJ0RpCuOlbNDERE8qr_y078r8,LT,Bạc xỉu cốt dừa,30000,ly,Nhiều sữa béo ngậy vị dừa hòa quyện chút cà phê
ChIJ0RpCuOlbNDERE8qr_y078r8,LT,Trà đào cam sả,33000,ly,Trà đào thơm mát kết hợp lát đào cam tươi sả thơm
ChIJ0RpCuOlbNDERE8qr_y078r8,LT,Trà sữa trân châu truyền thống,30000,ly,Trà sữa đậm trà kèm trân châu đen dai giòn
ChIJ0RpCuOlbNDERE8qr_y078r8,LT,Sinh tố bơ sáp,40000,ly,Sinh tố bơ sáp tươi ngon xay sữa đặc ngậy béo
ChIJ0RpCuOlbNDERE8qr_y078r8,LT,Nước ép cam nguyên chất,33000,ly,Ép cam sành tự nhiên nhiều vitamin C
ChIJ9QdUJgBbNDEREb2ODRlLGmI,Liên tỷ tỷ coffee,Cà phê đen đá pha phin,22000,ly,Cà phê đen truyền thống đậm đà
ChIJ9QdUJgBbNDEREb2ODRlLGmI,Liên tỷ tỷ coffee,Cà phê sữa đá,22000,ly,Cà phê sữa pha phin béo ngậy
ChIJ9QdUJgBbNDEREb2ODRlLGmI,Liên tỷ tỷ coffee,Bạc xỉu cốt dừa,30000,ly,Nhiều sữa béo ngậy vị dừa hòa quyện chút cà phê
ChIJ9QdUJgBbNDEREb2ODRlLGmI,Liên tỷ tỷ coffee,Trà đào cam sả,40000,ly,Trà đào thơm mát kết hợp lát đào cam tươi sả thơm
ChIJ9QdUJgBbNDEREb2ODRlLGmI,Liên tỷ tỷ coffee,Trà sữa trân châu truyền thống,33000,ly,Trà sữa đậm trà kèm trân châu đen dai giòn
ChIJ9QdUJgBbNDEREb2ODRlLGmI,Liên tỷ tỷ coffee,Sinh tố bơ sáp,37000,ly,Sinh tố bơ sáp tươi ngon xay sữa đặc ngậy béo
ChIJ9QdUJgBbNDEREb2ODRlLGmI,Liên tỷ tỷ coffee,Nước ép cam nguyên chất,33000,ly,Ép cam sành tự nhiên nhiều vitamin C
ChIJBacgVwBbNDERbFmjp417Mm4,Tiệm của Mẹ,Cà phê đen đá pha phin,19000,ly,Cà phê đen truyền thống đậm đà
ChIJBacgVwBbNDERbFmjp417Mm4,Tiệm của Mẹ,Cà phê sữa đá,28000,ly,Cà phê sữa pha phin béo ngậy
ChIJBacgVwBbNDERbFmjp417Mm4,Tiệm của Mẹ,Bạc xỉu cốt dừa,33000,ly,Nhiều sữa béo ngậy vị dừa hòa quyện chút cà phê
ChIJBacgVwBbNDERbFmjp417Mm4,Tiệm của Mẹ,Trà đào cam sả,40000,ly,Trà đào thơm mát kết hợp lát đào cam tươi sả thơm
ChIJBacgVwBbNDERbFmjp417Mm4,Tiệm của Mẹ,Trà sữa trân châu truyền thống,37000,ly,Trà sữa đậm trà kèm trân châu đen dai giòn
ChIJBacgVwBbNDERbFmjp417Mm4,Tiệm của Mẹ,Sinh tố bơ sáp,33000,ly,Sinh tố bơ sáp tươi ngon xay sữa đặc ngậy béo
ChIJBacgVwBbNDERbFmjp417Mm4,Tiệm của Mẹ,Nước ép cam nguyên chất,33000,ly,Ép cam sành tự nhiên nhiều vitamin C
ChIJaSqfFABbNDERGn5Ak91PkIE,Giang Hay Quán,Cá kho tộ miền Tây đậm vị,87000,tộ,Cá trắm đen kho tộ sánh quyện nước hàng dừa
ChIJaSqfFABbNDERGn5Ak91PkIE,Giang Hay Quán,Thịt ba chỉ rang cháy cạnh,77000,đĩa,Thịt ba chỉ ba chỉ giòn rưới mỡ hành
ChIJaSqfFABbNDERGn5Ak91PkIE,Giang Hay Quán,Sườn non xào chua ngọt,85000,đĩa,Sườn non xào cùng dứa và ớt chuông sốt chua cay
ChIJaSqfFABbNDERGn5Ak91PkIE,Giang Hay Quán,Rau muống luộc dầm sấu / xào tỏi,27000,đĩa,Rau muống tươi xanh luộc chấm nước mắm chanh ớt
ChIJaSqfFABbNDERGn5Ak91PkIE,Giang Hay Quán,Canh riêu cua đồng cà pháo,40000,bát,Canh cua đồng mát lạnh ăn kèm cà pháo giòn tan
ChIJaSqfFABbNDERGn5Ak91PkIE,Giang Hay Quán,Cơm trắng gạo tám thơm,12000,niêu,Niêu cơm gạo tám dẻo thơm
ChIJY4GjU4RbNDERW4HOV3-swpU,Quán Lợi Vịt,Cá kho tộ miền Tây đậm vị,85000,tộ,Cá trắm đen kho tộ sánh quyện nước hàng dừa
ChIJY4GjU4RbNDERW4HOV3-swpU,Quán Lợi Vịt,Thịt ba chỉ rang cháy cạnh,70000,đĩa,Thịt ba chỉ ba chỉ giòn rưới mỡ hành
ChIJY4GjU4RbNDERW4HOV3-swpU,Quán Lợi Vịt,Sườn non xào chua ngọt,85000,đĩa,Sườn non xào cùng dứa và ớt chuông sốt chua cay
ChIJY4GjU4RbNDERW4HOV3-swpU,Quán Lợi Vịt,Rau muống luộc dầm sấu / xào tỏi,33000,đĩa,Rau muống tươi xanh luộc chấm nước mắm chanh ớt
ChIJY4GjU4RbNDERW4HOV3-swpU,Quán Lợi Vịt,Canh riêu cua đồng cà pháo,43000,bát,Canh cua đồng mát lạnh ăn kèm cà pháo giòn tan
ChIJY4GjU4RbNDERW4HOV3-swpU,Quán Lợi Vịt,Cơm trắng gạo tám thơm,12000,niêu,Niêu cơm gạo tám dẻo thơm
ChIJQzfzbQBbNDERgbrfrRN2lts,Bánh Mỳ Thu Thủy,Cá kho tộ miền Tây đậm vị,85000,tộ,Cá trắm đen kho tộ sánh quyện nước hàng dừa
ChIJQzfzbQBbNDERgbrfrRN2lts,Bánh Mỳ Thu Thủy,Thịt ba chỉ rang cháy cạnh,75000,đĩa,Thịt ba chỉ ba chỉ giòn rưới mỡ hành
ChIJQzfzbQBbNDERgbrfrRN2lts,Bánh Mỳ Thu Thủy,Sườn non xào chua ngọt,80000,đĩa,Sườn non xào cùng dứa và ớt chuông sốt chua cay
ChIJQzfzbQBbNDERgbrfrRN2lts,Bánh Mỳ Thu Thủy,Rau muống luộc dầm sấu / xào tỏi,27000,đĩa,Rau muống tươi xanh luộc chấm nước mắm chanh ớt
ChIJQzfzbQBbNDERgbrfrRN2lts,Bánh Mỳ Thu Thủy,Canh riêu cua đồng cà pháo,40000,bát,Canh cua đồng mát lạnh ăn kèm cà pháo giòn tan
ChIJQzfzbQBbNDERgbrfrRN2lts,Bánh Mỳ Thu Thủy,Cơm trắng gạo tám thơm,15000,niêu,Niêu cơm gạo tám dẻo thơm
ChIJaVaHqLBbNDERouW15CYJG_c,Nhà Hàng Lẩu Trang Ánh,Lẩu cua đồng sườn sụn bắp bò,360000,nồi,"Nồi lẩu riêu cua đồng nguyên chất siêu nhiều gạch, kèm bắp bò sườn sụn"
ChIJaVaHqLBbNDERouW15CYJG_c,Nhà Hàng Lẩu Trang Ánh,Lẩu Thái hải sản chua cay,409000,nồi,"Nước lẩu Tomyum chua cay nhúng tôm, mực, ngao, nấm"
ChIJaVaHqLBbNDERouW15CYJG_c,Nhà Hàng Lẩu Trang Ánh,Set nướng BBQ thập cẩm bò ba chỉ,299000,set,"Bắp bò, ba chỉ heo cuộn nấm kim châm tẩm sốt BBQ nướng xèo xèo"
ChIJaVaHqLBbNDERouW15CYJG_c,Nhà Hàng Lẩu Trang Ánh,Ba chỉ bò Mỹ nhúng thêm,80000,đĩa,Thịt ba chỉ bò Mỹ thái mỏng cuốn nấm
ChIJaVaHqLBbNDERouW15CYJG_c,Nhà Hàng Lẩu Trang Ánh,Sườn sụn non heo thêm,73000,đĩa,Sườn non giòn sần sật nhúng lẩu
ChIJaVaHqLBbNDERouW15CYJG_c,Nhà Hàng Lẩu Trang Ánh,Rau nấm tổng hợp nhúng lẩu,30000,đĩa,"Nấm kim châm, cải thảo, rau muống tươi"
ChIJD6b9YQBbNDERtvguopmLhI4,Phở Mai,Phở chín bò ta,33000,bát,Nước dùng phở bò ninh xương ống ngọt lịm kèm thịt chín thái mỏng
ChIJD6b9YQBbNDERtvguopmLhI4,Phở Mai,Phở tái chần,40000,bát,Phở bò với thịt bò tươi chần tái mềm ngọt
ChIJD6b9YQBbNDERtvguopmLhI4,Phở Mai,Phở nạm gầu giòn,40000,bát,Bánh phở mềm cùng nạm bò và gầu bò giòn sần sật
ChIJD6b9YQBbNDERtvguopmLhI4,Phở Mai,Phở tái lăn đặc biệt,47000,bát,Phở bò xào tái lăn thơm mùi tỏi phi
ChIJD6b9YQBbNDERtvguopmLhI4,Phở Mai,Trứng gà trần,7000,quả,Trứng trần nước phở béo ngậy
ChIJD6b9YQBbNDERtvguopmLhI4,Phở Mai,Quẩy giòn,5000,chiếc,Quẩy giòn ăn kèm nước phở
ChIJ40EkIABbNDEReKornra6uJU,Tây Phương Quán,Cá kho tộ miền Tây đậm vị,87000,tộ,Cá trắm đen kho tộ sánh quyện nước hàng dừa
ChIJ40EkIABbNDEReKornra6uJU,Tây Phương Quán,Thịt ba chỉ rang cháy cạnh,77000,đĩa,Thịt ba chỉ ba chỉ giòn rưới mỡ hành
ChIJ40EkIABbNDEReKornra6uJU,Tây Phương Quán,Sườn non xào chua ngọt,78000,đĩa,Sườn non xào cùng dứa và ớt chuông sốt chua cay
ChIJ40EkIABbNDEReKornra6uJU,Tây Phương Quán,Rau muống luộc dầm sấu / xào tỏi,27000,đĩa,Rau muống tươi xanh luộc chấm nước mắm chanh ớt
ChIJ40EkIABbNDEReKornra6uJU,Tây Phương Quán,Canh riêu cua đồng cà pháo,50000,bát,Canh cua đồng mát lạnh ăn kèm cà pháo giòn tan
ChIJ40EkIABbNDEReKornra6uJU,Tây Phương Quán,Cơm trắng gạo tám thơm,18000,niêu,Niêu cơm gạo tám dẻo thơm
ChIJE-3paABZNDERkCdUMYBjOd8,A Lử - Vua Ẩm Thực - Thạch Thất,Cá kho tộ miền Tây đậm vị,87000,tộ,Cá trắm đen kho tộ sánh quyện nước hàng dừa
ChIJE-3paABZNDERkCdUMYBjOd8,A Lử - Vua Ẩm Thực - Thạch Thất,Thịt ba chỉ rang cháy cạnh,77000,đĩa,Thịt ba chỉ ba chỉ giòn rưới mỡ hành
ChIJE-3paABZNDERkCdUMYBjOd8,A Lử - Vua Ẩm Thực - Thạch Thất,Sườn non xào chua ngọt,75000,đĩa,Sườn non xào cùng dứa và ớt chuông sốt chua cay
ChIJE-3paABZNDERkCdUMYBjOd8,A Lử - Vua Ẩm Thực - Thạch Thất,Rau muống luộc dầm sấu / xào tỏi,33000,đĩa,Rau muống tươi xanh luộc chấm nước mắm chanh ớt
ChIJE-3paABZNDERkCdUMYBjOd8,A Lử - Vua Ẩm Thực - Thạch Thất,Canh riêu cua đồng cà pháo,47000,bát,Canh cua đồng mát lạnh ăn kèm cà pháo giòn tan
ChIJE-3paABZNDERkCdUMYBjOd8,A Lử - Vua Ẩm Thực - Thạch Thất,Cơm trắng gạo tám thơm,12000,niêu,Niêu cơm gạo tám dẻo thơm
ChIJxciDMABbNDERYlKOCyA7-S4,Phở 10 Lý Quốc Sư Hòa Lạc,Phở chín bò ta,35000,bát,Nước dùng phở bò ninh xương ống ngọt lịm kèm thịt chín thái mỏng
ChIJxciDMABbNDERYlKOCyA7-S4,Phở 10 Lý Quốc Sư Hòa Lạc,Phở tái chần,30000,bát,Phở bò với thịt bò tươi chần tái mềm ngọt
ChIJxciDMABbNDERYlKOCyA7-S4,Phở 10 Lý Quốc Sư Hòa Lạc,Phở nạm gầu giòn,42000,bát,Bánh phở mềm cùng nạm bò và gầu bò giòn sần sật
ChIJxciDMABbNDERYlKOCyA7-S4,Phở 10 Lý Quốc Sư Hòa Lạc,Phở tái lăn đặc biệt,40000,bát,Phở bò xào tái lăn thơm mùi tỏi phi
ChIJxciDMABbNDERYlKOCyA7-S4,Phở 10 Lý Quốc Sư Hòa Lạc,Trứng gà trần,7000,quả,Trứng trần nước phở béo ngậy
ChIJxciDMABbNDERYlKOCyA7-S4,Phở 10 Lý Quốc Sư Hòa Lạc,Quẩy giòn,8000,chiếc,Quẩy giòn ăn kèm nước phở
ChIJtyV2AQBbNDER7fqgnCydrX0,Hồng Kông Quán,Bia hơi Hà Nội mát lạnh,12000,cốc,Bia hơi tươi rói rót trực tiếp từ vòi bom lạnh
ChIJtyV2AQBbNDER7fqgnCydrX0,Hồng Kông Quán,Đậu phụ lướt ván nóng giòn,30000,đĩa,Đậu hũ non chiên lướt ván ngoài vàng giòn trong mịn mượt như thạch
ChIJtyV2AQBbNDER7fqgnCydrX0,Hồng Kông Quán,Đĩa lạc rang muối / lạc luộc mộc mạc,12000,đĩa,Đồ nhắm bia truyền thống
ChIJtyV2AQBbNDER7fqgnCydrX0,Hồng Kông Quán,Nộm tai heo đu đủ xanh chua ngọt,67000,đĩa,Tai heo giòn sần sật trộn đu đủ bào sợi nước nộm chua ngọt sảng khoái
ChIJtyV2AQBbNDER7fqgnCydrX0,Hồng Kông Quán,Sụn gà chiên mắm rang muối,93000,đĩa,Sụn gà ta giòn sần sật tẩm ướp chiên xóc muối ớt tỏi
ChIJSb9y_JtbNDERHGhg2gQLGu8,Bún Cá Thái Bình,Bún cá cay Hải Phòng giòn rụm,30000,bát,"Cá chiên giòn, chả cá thu thơm ngon nước dùng dọc mùng chua cay"
ChIJSb9y_JtbNDERHGhg2gQLGu8,Bún Cá Thái Bình,Bún riêu cua bắp bò giò tai,40000,bát,"Bún nước với riêu cua đồng xịn kèm bắp bò tươi, giò tai heo sần sật"
ChIJSb9y_JtbNDERHGhg2gQLGu8,Bún Cá Thái Bình,Bún sườn mọc dọc mùng hành hoa,40000,bát,Bún sườn non mềm nhừ kèm mọc thịt giòn dẻo
ChIJSb9y_JtbNDERHGhg2gQLGu8,Bún Cá Thái Bình,Trà đá mát lạnh,2000,cốc,Trà đá mát uống kèm bún nóng
ChIJXwYgdwBbNDERfymjQPYNDwM,Nhà hàng Đắc Bốn,Cá kho tộ miền Tây đậm vị,80000,tộ,Cá trắm đen kho tộ sánh quyện nước hàng dừa
ChIJXwYgdwBbNDERfymjQPYNDwM,Nhà hàng Đắc Bốn,Thịt ba chỉ rang cháy cạnh,77000,đĩa,Thịt ba chỉ ba chỉ giòn rưới mỡ hành
ChIJXwYgdwBbNDERfymjQPYNDwM,Nhà hàng Đắc Bốn,Sườn non xào chua ngọt,75000,đĩa,Sườn non xào cùng dứa và ớt chuông sốt chua cay
ChIJXwYgdwBbNDERfymjQPYNDwM,Nhà hàng Đắc Bốn,Rau muống luộc dầm sấu / xào tỏi,30000,đĩa,Rau muống tươi xanh luộc chấm nước mắm chanh ớt
ChIJXwYgdwBbNDERfymjQPYNDwM,Nhà hàng Đắc Bốn,Canh riêu cua đồng cà pháo,40000,bát,Canh cua đồng mát lạnh ăn kèm cà pháo giòn tan
ChIJXwYgdwBbNDERfymjQPYNDwM,Nhà hàng Đắc Bốn,Cơm trắng gạo tám thơm,15000,niêu,Niêu cơm gạo tám dẻo thơm
ChIJ-82prDZbNDERL1FFYWYU3mE,Bánh Đa Cua Hải Phòng,Bún cá cay Hải Phòng giòn rụm,33000,bát,"Cá chiên giòn, chả cá thu thơm ngon nước dùng dọc mùng chua cay"
ChIJ-82prDZbNDERL1FFYWYU3mE,Bánh Đa Cua Hải Phòng,Bún riêu cua bắp bò giò tai,42000,bát,"Bún nước với riêu cua đồng xịn kèm bắp bò tươi, giò tai heo sần sật"
ChIJ-82prDZbNDERL1FFYWYU3mE,Bánh Đa Cua Hải Phòng,Bún sườn mọc dọc mùng hành hoa,33000,bát,Bún sườn non mềm nhừ kèm mọc thịt giòn dẻo
ChIJ-82prDZbNDERL1FFYWYU3mE,Bánh Đa Cua Hải Phòng,Trà đá mát lạnh,8000,cốc,Trà đá mát uống kèm bún nóng
ChIJC8PNSn1bNDERScaV0xont-Y,Phở Phong Nhàn,Phở chín bò ta,40000,bát,Nước dùng phở bò ninh xương ống ngọt lịm kèm thịt chín thái mỏng
ChIJC8PNSn1bNDERScaV0xont-Y,Phở Phong Nhàn,Phở tái chần,33000,bát,Phở bò với thịt bò tươi chần tái mềm ngọt
ChIJC8PNSn1bNDERScaV0xont-Y,Phở Phong Nhàn,Phở nạm gầu giòn,42000,bát,Bánh phở mềm cùng nạm bò và gầu bò giòn sần sật
ChIJC8PNSn1bNDERScaV0xont-Y,Phở Phong Nhàn,Phở tái lăn đặc biệt,40000,bát,Phở bò xào tái lăn thơm mùi tỏi phi
ChIJC8PNSn1bNDERScaV0xont-Y,Phở Phong Nhàn,Trứng gà trần,13000,quả,Trứng trần nước phở béo ngậy
ChIJC8PNSn1bNDERScaV0xont-Y,Phở Phong Nhàn,Quẩy giòn,8000,chiếc,Quẩy giòn ăn kèm nước phở
ChIJ_13dLABbNDERi1upvO0eoIk,X-men Message Karaoke,"Đĩa hoa quả thập cẩm lớn (Dưa hấu, ổi, xoài, nho)",150000,đĩa,Hoa quả tươi ngon cắt lát đẹp mắt
ChIJ_13dLABbNDERi1upvO0eoIk,X-men Message Karaoke,Khô mực nướng cồn,170000,con,Mực khô Vân Đồn nướng cồn xé tay
ChIJ_13dLABbNDERi1upvO0eoIk,X-men Message Karaoke,Thịt bò khô xé sợi vắt chanh,82000,đĩa,Bò khô sợi cay cay ngọt ngọt
ChIJ_13dLABbNDERi1upvO0eoIk,X-men Message Karaoke,Khoai tây chiên lắc phô mai,50000,đĩa,Khoai tây chiên giòn tan phủ bột phô mai
ChIJ_13dLABbNDERi1upvO0eoIk,X-men Message Karaoke,Hạt hướng dương sạch,17000,đĩa,Hạt hướng dương rang thơm
ChIJ_13dLABbNDERi1upvO0eoIk,X-men Message Karaoke,Bia Heineken lon,22000,lon,Bia ngoại ướp lạnh sẵn
ChIJ_13dLABbNDERi1upvO0eoIk,X-men Message Karaoke,Bia Hà Nội lon,15000,lon,Bia nội truyền thống
ChIJ_13dLABbNDERi1upvO0eoIk,X-men Message Karaoke,Nước ngọt Coca-Cola / Sting,18000,lon,Nước ngọt các loại phục vụ lạnh
ChIJL2cvMNtbNDERKWS5Js92JdE,Bún Phở Bò Duy Cường,Phở chín bò ta,30000,bát,Nước dùng phở bò ninh xương ống ngọt lịm kèm thịt chín thái mỏng
ChIJL2cvMNtbNDERKWS5Js92JdE,Bún Phở Bò Duy Cường,Phở tái chần,37000,bát,Phở bò với thịt bò tươi chần tái mềm ngọt
ChIJL2cvMNtbNDERKWS5Js92JdE,Bún Phở Bò Duy Cường,Phở nạm gầu giòn,45000,bát,Bánh phở mềm cùng nạm bò và gầu bò giòn sần sật
ChIJL2cvMNtbNDERKWS5Js92JdE,Bún Phở Bò Duy Cường,Phở tái lăn đặc biệt,43000,bát,Phở bò xào tái lăn thơm mùi tỏi phi
ChIJL2cvMNtbNDERKWS5Js92JdE,Bún Phở Bò Duy Cường,Trứng gà trần,13000,quả,Trứng trần nước phở béo ngậy
ChIJL2cvMNtbNDERKWS5Js92JdE,Bún Phở Bò Duy Cường,Quẩy giòn,8000,chiếc,Quẩy giòn ăn kèm nước phở
ChIJedj2OlRbNDERop_ipQx5HLI,Lòng ngon 99,Cá kho tộ miền Tây đậm vị,80000,tộ,Cá trắm đen kho tộ sánh quyện nước hàng dừa
ChIJedj2OlRbNDERop_ipQx5HLI,Lòng ngon 99,Thịt ba chỉ rang cháy cạnh,73000,đĩa,Thịt ba chỉ ba chỉ giòn rưới mỡ hành
ChIJedj2OlRbNDERop_ipQx5HLI,Lòng ngon 99,Sườn non xào chua ngọt,78000,đĩa,Sườn non xào cùng dứa và ớt chuông sốt chua cay
ChIJedj2OlRbNDERop_ipQx5HLI,Lòng ngon 99,Rau muống luộc dầm sấu / xào tỏi,33000,đĩa,Rau muống tươi xanh luộc chấm nước mắm chanh ớt
ChIJedj2OlRbNDERop_ipQx5HLI,Lòng ngon 99,Canh riêu cua đồng cà pháo,47000,bát,Canh cua đồng mát lạnh ăn kèm cà pháo giòn tan
ChIJedj2OlRbNDERop_ipQx5HLI,Lòng ngon 99,Cơm trắng gạo tám thơm,18000,niêu,Niêu cơm gạo tám dẻo thơm
ChIJbaX_KKZbNDERqqP8ksEBt9U,Sing Cafe,Cà phê đen đá pha phin,22000,ly,Cà phê đen truyền thống đậm đà
ChIJbaX_KKZbNDERqqP8ksEBt9U,Sing Cafe,Cà phê sữa đá,22000,ly,Cà phê sữa pha phin béo ngậy
ChIJbaX_KKZbNDERqqP8ksEBt9U,Sing Cafe,Bạc xỉu cốt dừa,30000,ly,Nhiều sữa béo ngậy vị dừa hòa quyện chút cà phê
ChIJbaX_KKZbNDERqqP8ksEBt9U,Sing Cafe,Trà đào cam sả,37000,ly,Trà đào thơm mát kết hợp lát đào cam tươi sả thơm
ChIJbaX_KKZbNDERqqP8ksEBt9U,Sing Cafe,Trà sữa trân châu truyền thống,37000,ly,Trà sữa đậm trà kèm trân châu đen dai giòn
ChIJbaX_KKZbNDERqqP8ksEBt9U,Sing Cafe,Sinh tố bơ sáp,30000,ly,Sinh tố bơ sáp tươi ngon xay sữa đặc ngậy béo
ChIJbaX_KKZbNDERqqP8ksEBt9U,Sing Cafe,Nước ép cam nguyên chất,27000,ly,Ép cam sành tự nhiên nhiều vitamin C
ChIJ30afUgBbNDERym061oKYoEQ,VNU's Student Hub Fuel & Chill,Cà phê đen đá pha phin,19000,ly,Cà phê đen truyền thống đậm đà
ChIJ30afUgBbNDERym061oKYoEQ,VNU's Student Hub Fuel & Chill,Cà phê sữa đá,22000,ly,Cà phê sữa pha phin béo ngậy
ChIJ30afUgBbNDERym061oKYoEQ,VNU's Student Hub Fuel & Chill,Bạc xỉu cốt dừa,33000,ly,Nhiều sữa béo ngậy vị dừa hòa quyện chút cà phê
ChIJ30afUgBbNDERym061oKYoEQ,VNU's Student Hub Fuel & Chill,Trà đào cam sả,30000,ly,Trà đào thơm mát kết hợp lát đào cam tươi sả thơm
ChIJ30afUgBbNDERym061oKYoEQ,VNU's Student Hub Fuel & Chill,Trà sữa trân châu truyền thống,30000,ly,Trà sữa đậm trà kèm trân châu đen dai giòn
ChIJ30afUgBbNDERym061oKYoEQ,VNU's Student Hub Fuel & Chill,Sinh tố bơ sáp,30000,ly,Sinh tố bơ sáp tươi ngon xay sữa đặc ngậy béo
ChIJ30afUgBbNDERym061oKYoEQ,VNU's Student Hub Fuel & Chill,Nước ép cam nguyên chất,30000,ly,Ép cam sành tự nhiên nhiều vitamin C
ChIJCxmLZgBbNDERjpFM-BdjLrQ,Tiệm trà Green Tea,Cà phê đen đá pha phin,19000,ly,Cà phê đen truyền thống đậm đà
ChIJCxmLZgBbNDERjpFM-BdjLrQ,Tiệm trà Green Tea,Cà phê sữa đá,28000,ly,Cà phê sữa pha phin béo ngậy
ChIJCxmLZgBbNDERjpFM-BdjLrQ,Tiệm trà Green Tea,Bạc xỉu cốt dừa,30000,ly,Nhiều sữa béo ngậy vị dừa hòa quyện chút cà phê
ChIJCxmLZgBbNDERjpFM-BdjLrQ,Tiệm trà Green Tea,Trà đào cam sả,40000,ly,Trà đào thơm mát kết hợp lát đào cam tươi sả thơm
ChIJCxmLZgBbNDERjpFM-BdjLrQ,Tiệm trà Green Tea,Trà sữa trân châu truyền thống,33000,ly,Trà sữa đậm trà kèm trân châu đen dai giòn
ChIJCxmLZgBbNDERjpFM-BdjLrQ,Tiệm trà Green Tea,Sinh tố bơ sáp,37000,ly,Sinh tố bơ sáp tươi ngon xay sữa đặc ngậy béo
ChIJCxmLZgBbNDERjpFM-BdjLrQ,Tiệm trà Green Tea,Nước ép cam nguyên chất,30000,ly,Ép cam sành tự nhiên nhiều vitamin C
ChIJt90QTQBbNDERFGDbdN4DxXU,Kem Xôi Huyền 8686,Cà phê đen đá pha phin,25000,ly,Cà phê đen truyền thống đậm đà
ChIJt90QTQBbNDERFGDbdN4DxXU,Kem Xôi Huyền 8686,Cà phê sữa đá,28000,ly,Cà phê sữa pha phin béo ngậy
ChIJt90QTQBbNDERFGDbdN4DxXU,Kem Xôi Huyền 8686,Bạc xỉu cốt dừa,33000,ly,Nhiều sữa béo ngậy vị dừa hòa quyện chút cà phê
ChIJt90QTQBbNDERFGDbdN4DxXU,Kem Xôi Huyền 8686,Trà đào cam sả,30000,ly,Trà đào thơm mát kết hợp lát đào cam tươi sả thơm
ChIJt90QTQBbNDERFGDbdN4DxXU,Kem Xôi Huyền 8686,Trà sữa trân châu truyền thống,40000,ly,Trà sữa đậm trà kèm trân châu đen dai giòn
ChIJt90QTQBbNDERFGDbdN4DxXU,Kem Xôi Huyền 8686,Sinh tố bơ sáp,30000,ly,Sinh tố bơ sáp tươi ngon xay sữa đặc ngậy béo
ChIJt90QTQBbNDERFGDbdN4DxXU,Kem Xôi Huyền 8686,Nước ép cam nguyên chất,27000,ly,Ép cam sành tự nhiên nhiều vitamin C
ChIJlxabbABbNDERnBUjqHcb21s,Media Cafe,Cà phê đen đá pha phin,22000,ly,Cà phê đen truyền thống đậm đà
ChIJlxabbABbNDERnBUjqHcb21s,Media Cafe,Cà phê sữa đá,25000,ly,Cà phê sữa pha phin béo ngậy
ChIJlxabbABbNDERnBUjqHcb21s,Media Cafe,Bạc xỉu cốt dừa,33000,ly,Nhiều sữa béo ngậy vị dừa hòa quyện chút cà phê
ChIJlxabbABbNDERnBUjqHcb21s,Media Cafe,Trà đào cam sả,30000,ly,Trà đào thơm mát kết hợp lát đào cam tươi sả thơm
ChIJlxabbABbNDERnBUjqHcb21s,Media Cafe,Trà sữa trân châu truyền thống,40000,ly,Trà sữa đậm trà kèm trân châu đen dai giòn
ChIJlxabbABbNDERnBUjqHcb21s,Media Cafe,Sinh tố bơ sáp,40000,ly,Sinh tố bơ sáp tươi ngon xay sữa đặc ngậy béo
ChIJlxabbABbNDERnBUjqHcb21s,Media Cafe,Nước ép cam nguyên chất,30000,ly,Ép cam sành tự nhiên nhiều vitamin C
ChIJJXqzSgBbNDERc2VYo0J7lDg,Đá Sạch Hoà Lạc,Kem tươi ốc quế sữa dừa / vani Mixue,7000,chiếc,Kem tươi thơm ngon ngậy béo ốc quế giòn tan
ChIJJXqzSgBbNDERc2VYo0J7lDg,Đá Sạch Hoà Lạc,Trà sữa ba anh em thạch pudding trân châu,27000,ly,Trà sữa đậm vị kèm full topping dồi dào
ChIJJXqzSgBbNDERc2VYo0J7lDg,Đá Sạch Hoà Lạc,Dương chi cam lộ xoài bưởi trân châu,40000,ly,"Sinh tố xoài, bưởi hồng cùng thạch dừa thạch đào thơm ngon mát lạnh"
ChIJJXqzSgBbNDERc2VYo0J7lDg,Đá Sạch Hoà Lạc,Trà đào tứ kỳ xuân hạt đào miếng,28000,ly,Trà ô long thanh vị kết hợp thạch đào giòn ngọt
ChIJpa7NbABbNDERlnYRCmxTHwc,Bún Cháo Thanh Thảo,Cháo lòng heo đầy đủ dồi sụn tiết luộc,30000,bát,Cháo lòng nấu gạo tẻ sánh ngọt cùng lòng non dồi sụn gan luộc
ChIJpa7NbABbNDERlnYRCmxTHwc,Bún Cháo Thanh Thảo,Cháo sườn sụn nóng hổi hành hoa,37000,bát,Cháo bột sườn non sánh mịn giòn sần sật sườn sụn non
ChIJpa7NbABbNDERlnYRCmxTHwc,Bún Cháo Thanh Thảo,Quẩy giòn ăn cháo,8000,đĩa,Quẩy ăn kèm cháo ngon tuyệt
ChIJA3UQGxpbNDERq0NToRdP3XU,92 Karaoke,"Đĩa hoa quả thập cẩm lớn (Dưa hấu, ổi, xoài, nho)",150000,đĩa,Hoa quả tươi ngon cắt lát đẹp mắt
ChIJA3UQGxpbNDERq0NToRdP3XU,92 Karaoke,Khô mực nướng cồn,170000,con,Mực khô Vân Đồn nướng cồn xé tay
ChIJA3UQGxpbNDERq0NToRdP3XU,92 Karaoke,Thịt bò khô xé sợi vắt chanh,80000,đĩa,Bò khô sợi cay cay ngọt ngọt
ChIJA3UQGxpbNDERq0NToRdP3XU,92 Karaoke,Khoai tây chiên lắc phô mai,50000,đĩa,Khoai tây chiên giòn tan phủ bột phô mai
ChIJA3UQGxpbNDERq0NToRdP3XU,92 Karaoke,Hạt hướng dương sạch,17000,đĩa,Hạt hướng dương rang thơm
ChIJA3UQGxpbNDERq0NToRdP3XU,92 Karaoke,Bia Heineken lon,28000,lon,Bia ngoại ướp lạnh sẵn
ChIJA3UQGxpbNDERq0NToRdP3XU,92 Karaoke,Bia Hà Nội lon,21000,lon,Bia nội truyền thống
ChIJA3UQGxpbNDERq0NToRdP3XU,92 Karaoke,Nước ngọt Coca-Cola / Sting,18000,lon,Nước ngọt các loại phục vụ lạnh
ChIJiccbaY9bNDERm4Utvz7CXo4,Karaoke Sunshine,"Đĩa hoa quả thập cẩm lớn (Dưa hấu, ổi, xoài, nho)",130000,đĩa,Hoa quả tươi ngon cắt lát đẹp mắt
ChIJiccbaY9bNDERm4Utvz7CXo4,Karaoke Sunshine,Khô mực nướng cồn,160000,con,Mực khô Vân Đồn nướng cồn xé tay
ChIJiccbaY9bNDERm4Utvz7CXo4,Karaoke Sunshine,Thịt bò khô xé sợi vắt chanh,78000,đĩa,Bò khô sợi cay cay ngọt ngọt
ChIJiccbaY9bNDERm4Utvz7CXo4,Karaoke Sunshine,Khoai tây chiên lắc phô mai,50000,đĩa,Khoai tây chiên giòn tan phủ bột phô mai
ChIJiccbaY9bNDERm4Utvz7CXo4,Karaoke Sunshine,Hạt hướng dương sạch,17000,đĩa,Hạt hướng dương rang thơm
ChIJiccbaY9bNDERm4Utvz7CXo4,Karaoke Sunshine,Bia Heineken lon,25000,lon,Bia ngoại ướp lạnh sẵn
ChIJiccbaY9bNDERm4Utvz7CXo4,Karaoke Sunshine,Bia Hà Nội lon,15000,lon,Bia nội truyền thống
ChIJiccbaY9bNDERm4Utvz7CXo4,Karaoke Sunshine,Nước ngọt Coca-Cola / Sting,18000,lon,Nước ngọt các loại phục vụ lạnh
ChIJwSP6GgBZNDEROkcnvMloaQc,Cháo Dinh Dưỡng PAPA DASHI,Cháo lòng heo đầy đủ dồi sụn tiết luộc,33000,bát,Cháo lòng nấu gạo tẻ sánh ngọt cùng lòng non dồi sụn gan luộc
ChIJwSP6GgBZNDEROkcnvMloaQc,Cháo Dinh Dưỡng PAPA DASHI,Cháo sườn sụn nóng hổi hành hoa,30000,bát,Cháo bột sườn non sánh mịn giòn sần sật sườn sụn non
ChIJwSP6GgBZNDEROkcnvMloaQc,Cháo Dinh Dưỡng PAPA DASHI,Quẩy giòn ăn cháo,2000,đĩa,Quẩy ăn kèm cháo ngon tuyệt
ChIJkSl7LoVZNDERB_FJ1o7dyLY,Gà Rán,Gà ri hấp lá chanh (Cả con),240000,con,Gà ri đồi nuôi thả tự nhiên dai ngọt da vàng giòn
ChIJkSl7LoVZNDERB_FJ1o7dyLY,Gà Rán,Gà ri nướng mật ong (Cả con),260000,con,Gà ri nướng mật ong thơm phức vàng óng
ChIJkSl7LoVZNDERB_FJ1o7dyLY,Gà Rán,Gà rang muối tỏi,110000,đĩa,Gà ta chặt miếng rang muối đậm đà sần sật
ChIJkSl7LoVZNDERB_FJ1o7dyLY,Gà Rán,Lẩu gà ri thuốc bắc,360000,nồi,Nồi lẩu gà ri thuốc bắc bổ dưỡng kèm rau nấm
ChIJkSl7LoVZNDERB_FJ1o7dyLY,Gà Rán,Xôi chim câu hành phi,78000,đĩa,Xôi nếp dẻo thơm ăn kèm thịt chim câu băm nhỏ
ChIJkSl7LoVZNDERB_FJ1o7dyLY,Gà Rán,Lòng mề gà xào mướp giá,75000,đĩa,Lòng mề gà ri giòn xào mướp hương thơm phức
ChIJ9z3yB7BZNDERDtUPxnJMUX0,Hà gia trang,Cà phê đen đá pha phin,22000,ly,Cà phê đen truyền thống đậm đà
ChIJ9z3yB7BZNDERDtUPxnJMUX0,Hà gia trang,Cà phê sữa đá,22000,ly,Cà phê sữa pha phin béo ngậy
ChIJ9z3yB7BZNDERDtUPxnJMUX0,Hà gia trang,Bạc xỉu cốt dừa,27000,ly,Nhiều sữa béo ngậy vị dừa hòa quyện chút cà phê
ChIJ9z3yB7BZNDERDtUPxnJMUX0,Hà gia trang,Trà đào cam sả,40000,ly,Trà đào thơm mát kết hợp lát đào cam tươi sả thơm
ChIJ9z3yB7BZNDERDtUPxnJMUX0,Hà gia trang,Trà sữa trân châu truyền thống,37000,ly,Trà sữa đậm trà kèm trân châu đen dai giòn
ChIJ9z3yB7BZNDERDtUPxnJMUX0,Hà gia trang,Sinh tố bơ sáp,40000,ly,Sinh tố bơ sáp tươi ngon xay sữa đặc ngậy béo
ChIJ9z3yB7BZNDERDtUPxnJMUX0,Hà gia trang,Nước ép cam nguyên chất,33000,ly,Ép cam sành tự nhiên nhiều vitamin C
ChIJkX_o43pZNDERB0Y_qRxMPnc,Bún đậu mẹt 1950 Lục quân,"Bún đậu mắm tôm đầy đủ (Đậu, thịt chân giò, nem chua rán, chả cốm)",50000,suất,Mẹt bún đậu đầy đủ nguyên liệu tươi ngon kèm rau thơm kinh giới
ChIJkX_o43pZNDERB0Y_qRxMPnc,Bún đậu mẹt 1950 Lục quân,Bún đậu thường (Đậu chiên giòn),25000,suất,Bún đậu chay đơn giản với đậu phụ rán giòn
ChIJkX_o43pZNDERB0Y_qRxMPnc,Bún đậu mẹt 1950 Lục quân,Bún chả Hà Nội truyền thống,38000,suất,Chả miếng và chả viên nướng than hoa thơm phức trong bát nước chấm chua ngọt
ChIJkX_o43pZNDERB0Y_qRxMPnc,Bún đậu mẹt 1950 Lục quân,Nem cua bể chiên giòn,12000,chiếc,Nem cua bể giòn rụm nhiều nhân
ChIJkX_o43pZNDERB0Y_qRxMPnc,Bún đậu mẹt 1950 Lục quân,Nước sấu đá ngầm chua ngọt,15000,cốc,Đồ uống giải nhiệt cực hợp vị bún đậu
ChIJv7cyfABZNDER1dvZRr_Wk7Q,Cafe Tùng,Cà phê đen đá pha phin,25000,ly,Cà phê đen truyền thống đậm đà
ChIJv7cyfABZNDER1dvZRr_Wk7Q,Cafe Tùng,Cà phê sữa đá,22000,ly,Cà phê sữa pha phin béo ngậy
ChIJv7cyfABZNDER1dvZRr_Wk7Q,Cafe Tùng,Bạc xỉu cốt dừa,30000,ly,Nhiều sữa béo ngậy vị dừa hòa quyện chút cà phê
ChIJv7cyfABZNDER1dvZRr_Wk7Q,Cafe Tùng,Trà đào cam sả,35000,ly,Trà đào thơm mát kết hợp lát đào cam tươi sả thơm
ChIJv7cyfABZNDER1dvZRr_Wk7Q,Cafe Tùng,Trà sữa trân châu truyền thống,40000,ly,Trà sữa đậm trà kèm trân châu đen dai giòn
ChIJv7cyfABZNDER1dvZRr_Wk7Q,Cafe Tùng,Sinh tố bơ sáp,30000,ly,Sinh tố bơ sáp tươi ngon xay sữa đặc ngậy béo
ChIJv7cyfABZNDER1dvZRr_Wk7Q,Cafe Tùng,Nước ép cam nguyên chất,30000,ly,Ép cam sành tự nhiên nhiều vitamin C
ChIJgVw-t_FZNDERgh51K9qvvKo,Cà Phê Hương Thảo,Cà phê đen đá pha phin,22000,ly,Cà phê đen truyền thống đậm đà
ChIJgVw-t_FZNDERgh51K9qvvKo,Cà Phê Hương Thảo,Cà phê sữa đá,25000,ly,Cà phê sữa pha phin béo ngậy
ChIJgVw-t_FZNDERgh51K9qvvKo,Cà Phê Hương Thảo,Bạc xỉu cốt dừa,27000,ly,Nhiều sữa béo ngậy vị dừa hòa quyện chút cà phê
ChIJgVw-t_FZNDERgh51K9qvvKo,Cà Phê Hương Thảo,Trà đào cam sả,40000,ly,Trà đào thơm mát kết hợp lát đào cam tươi sả thơm
ChIJgVw-t_FZNDERgh51K9qvvKo,Cà Phê Hương Thảo,Trà sữa trân châu truyền thống,40000,ly,Trà sữa đậm trà kèm trân châu đen dai giòn
ChIJgVw-t_FZNDERgh51K9qvvKo,Cà Phê Hương Thảo,Sinh tố bơ sáp,40000,ly,Sinh tố bơ sáp tươi ngon xay sữa đặc ngậy béo
ChIJgVw-t_FZNDERgh51K9qvvKo,Cà Phê Hương Thảo,Nước ép cam nguyên chất,27000,ly,Ép cam sành tự nhiên nhiều vitamin C
ChIJy9pPTlFZNDERvN_zkqqt_W0,Cafe Nghệ Sỹ,Cà phê đen đá pha phin,22000,ly,Cà phê đen truyền thống đậm đà
ChIJy9pPTlFZNDERvN_zkqqt_W0,Cafe Nghệ Sỹ,Cà phê sữa đá,28000,ly,Cà phê sữa pha phin béo ngậy
ChIJy9pPTlFZNDERvN_zkqqt_W0,Cafe Nghệ Sỹ,Bạc xỉu cốt dừa,33000,ly,Nhiều sữa béo ngậy vị dừa hòa quyện chút cà phê
ChIJy9pPTlFZNDERvN_zkqqt_W0,Cafe Nghệ Sỹ,Trà đào cam sả,37000,ly,Trà đào thơm mát kết hợp lát đào cam tươi sả thơm
ChIJy9pPTlFZNDERvN_zkqqt_W0,Cafe Nghệ Sỹ,Trà sữa trân châu truyền thống,40000,ly,Trà sữa đậm trà kèm trân châu đen dai giòn
ChIJy9pPTlFZNDERvN_zkqqt_W0,Cafe Nghệ Sỹ,Sinh tố bơ sáp,37000,ly,Sinh tố bơ sáp tươi ngon xay sữa đặc ngậy béo
ChIJy9pPTlFZNDERvN_zkqqt_W0,Cafe Nghệ Sỹ,Nước ép cam nguyên chất,33000,ly,Ép cam sành tự nhiên nhiều vitamin C
ChIJK3S2VgRbNDER6QZOO2RyENw,Phở Quang Anh,Phở chín bò ta,33000,bát,Nước dùng phở bò ninh xương ống ngọt lịm kèm thịt chín thái mỏng
ChIJK3S2VgRbNDER6QZOO2RyENw,Phở Quang Anh,Phở tái chần,40000,bát,Phở bò với thịt bò tươi chần tái mềm ngọt
ChIJK3S2VgRbNDER6QZOO2RyENw,Phở Quang Anh,Phở nạm gầu giòn,45000,bát,Bánh phở mềm cùng nạm bò và gầu bò giòn sần sật
ChIJK3S2VgRbNDER6QZOO2RyENw,Phở Quang Anh,Phở tái lăn đặc biệt,47000,bát,Phở bò xào tái lăn thơm mùi tỏi phi
ChIJK3S2VgRbNDER6QZOO2RyENw,Phở Quang Anh,Trứng gà trần,10000,quả,Trứng trần nước phở béo ngậy
ChIJK3S2VgRbNDER6QZOO2RyENw,Phở Quang Anh,Quẩy giòn,2000,chiếc,Quẩy giòn ăn kèm nước phở
ChIJuaRa-DZbNDERYIh3xj22ChA,Nhà Hàng Quỳnh Mai 999,Cá kho tộ miền Tây đậm vị,90000,tộ,Cá trắm đen kho tộ sánh quyện nước hàng dừa
ChIJuaRa-DZbNDERYIh3xj22ChA,Nhà Hàng Quỳnh Mai 999,Thịt ba chỉ rang cháy cạnh,73000,đĩa,Thịt ba chỉ ba chỉ giòn rưới mỡ hành
ChIJuaRa-DZbNDERYIh3xj22ChA,Nhà Hàng Quỳnh Mai 999,Sườn non xào chua ngọt,82000,đĩa,Sườn non xào cùng dứa và ớt chuông sốt chua cay
ChIJuaRa-DZbNDERYIh3xj22ChA,Nhà Hàng Quỳnh Mai 999,Rau muống luộc dầm sấu / xào tỏi,30000,đĩa,Rau muống tươi xanh luộc chấm nước mắm chanh ớt
ChIJuaRa-DZbNDERYIh3xj22ChA,Nhà Hàng Quỳnh Mai 999,Canh riêu cua đồng cà pháo,43000,bát,Canh cua đồng mát lạnh ăn kèm cà pháo giòn tan
ChIJuaRa-DZbNDERYIh3xj22ChA,Nhà Hàng Quỳnh Mai 999,Cơm trắng gạo tám thơm,12000,niêu,Niêu cơm gạo tám dẻo thơm
ChIJo-F6RgBbNDER8VD4u0F-olE,Bánh Cuốn Sửu Bike,Bánh cuốn thịt băm mộc nhĩ tráng nóng,30000,đĩa,Bánh tráng tươi tại chỗ ăn nóng kèm hành phi thơm giòn tự làm
ChIJo-F6RgBbNDER8VD4u0F-olE,Bánh Cuốn Sửu Bike,Bánh cuốn trứng lòng đào đặc biệt,40000,đĩa,Bánh cuốn tráng ôm trọn lòng đỏ trứng gà ta lòng đào béo ngậy
ChIJo-F6RgBbNDER8VD4u0F-olE,Bánh Cuốn Sửu Bike,Chả quế rán ăn kèm,13000,đĩa,Chả quế thơm ngọt ăn kèm nước mắm bánh cuốn
ChIJh8OeeLdbNDERmhfod8cQDe8,Hẻm Nướng,Lẩu cua đồng sườn sụn bắp bò,350000,nồi,"Nồi lẩu riêu cua đồng nguyên chất siêu nhiều gạch, kèm bắp bò sườn sụn"
ChIJh8OeeLdbNDERmhfod8cQDe8,Hẻm Nướng,Lẩu Thái hải sản chua cay,409000,nồi,"Nước lẩu Tomyum chua cay nhúng tôm, mực, ngao, nấm"
ChIJh8OeeLdbNDERmhfod8cQDe8,Hẻm Nướng,Set nướng BBQ thập cẩm bò ba chỉ,319000,set,"Bắp bò, ba chỉ heo cuộn nấm kim châm tẩm sốt BBQ nướng xèo xèo"
ChIJh8OeeLdbNDERmhfod8cQDe8,Hẻm Nướng,Ba chỉ bò Mỹ nhúng thêm,80000,đĩa,Thịt ba chỉ bò Mỹ thái mỏng cuốn nấm
ChIJh8OeeLdbNDERmhfod8cQDe8,Hẻm Nướng,Sườn sụn non heo thêm,70000,đĩa,Sườn non giòn sần sật nhúng lẩu
ChIJh8OeeLdbNDERmhfod8cQDe8,Hẻm Nướng,Rau nấm tổng hợp nhúng lẩu,30000,đĩa,"Nấm kim châm, cải thảo, rau muống tươi"
ChIJsW2NAJRbNDERdqOCei2TvEM,Bún Cháo Kim Dung,Cháo lòng heo đầy đủ dồi sụn tiết luộc,30000,bát,Cháo lòng nấu gạo tẻ sánh ngọt cùng lòng non dồi sụn gan luộc
ChIJsW2NAJRbNDERdqOCei2TvEM,Bún Cháo Kim Dung,Cháo sườn sụn nóng hổi hành hoa,40000,bát,Cháo bột sườn non sánh mịn giòn sần sật sườn sụn non
ChIJsW2NAJRbNDERdqOCei2TvEM,Bún Cháo Kim Dung,Quẩy giòn ăn cháo,2000,đĩa,Quẩy ăn kèm cháo ngon tuyệt
ChIJJTqH_PlbNDERV13GNagDmMc,Bánh Mỳ Nguyễn Việt,Cá kho tộ miền Tây đậm vị,83000,tộ,Cá trắm đen kho tộ sánh quyện nước hàng dừa
ChIJJTqH_PlbNDERV13GNagDmMc,Bánh Mỳ Nguyễn Việt,Thịt ba chỉ rang cháy cạnh,73000,đĩa,Thịt ba chỉ ba chỉ giòn rưới mỡ hành
ChIJJTqH_PlbNDERV13GNagDmMc,Bánh Mỳ Nguyễn Việt,Sườn non xào chua ngọt,82000,đĩa,Sườn non xào cùng dứa và ớt chuông sốt chua cay
ChIJJTqH_PlbNDERV13GNagDmMc,Bánh Mỳ Nguyễn Việt,Rau muống luộc dầm sấu / xào tỏi,27000,đĩa,Rau muống tươi xanh luộc chấm nước mắm chanh ớt
ChIJJTqH_PlbNDERV13GNagDmMc,Bánh Mỳ Nguyễn Việt,Canh riêu cua đồng cà pháo,50000,bát,Canh cua đồng mát lạnh ăn kèm cà pháo giòn tan
ChIJJTqH_PlbNDERV13GNagDmMc,Bánh Mỳ Nguyễn Việt,Cơm trắng gạo tám thơm,12000,niêu,Niêu cơm gạo tám dẻo thơm
ChIJa0N0vZRbNDERP-c3Ls4BykQ,Lẩu Hulk Ếch,Lẩu cua đồng sườn sụn bắp bò,350000,nồi,"Nồi lẩu riêu cua đồng nguyên chất siêu nhiều gạch, kèm bắp bò sườn sụn"
ChIJa0N0vZRbNDERP-c3Ls4BykQ,Lẩu Hulk Ếch,Lẩu Thái hải sản chua cay,389000,nồi,"Nước lẩu Tomyum chua cay nhúng tôm, mực, ngao, nấm"
ChIJa0N0vZRbNDERP-c3Ls4BykQ,Lẩu Hulk Ếch,Set nướng BBQ thập cẩm bò ba chỉ,299000,set,"Bắp bò, ba chỉ heo cuộn nấm kim châm tẩm sốt BBQ nướng xèo xèo"
ChIJa0N0vZRbNDERP-c3Ls4BykQ,Lẩu Hulk Ếch,Ba chỉ bò Mỹ nhúng thêm,82000,đĩa,Thịt ba chỉ bò Mỹ thái mỏng cuốn nấm
ChIJa0N0vZRbNDERP-c3Ls4BykQ,Lẩu Hulk Ếch,Sườn sụn non heo thêm,73000,đĩa,Sườn non giòn sần sật nhúng lẩu
ChIJa0N0vZRbNDERP-c3Ls4BykQ,Lẩu Hulk Ếch,Rau nấm tổng hợp nhúng lẩu,27000,đĩa,"Nấm kim châm, cải thảo, rau muống tươi"
ChIJpVTNNgBbNDER5hp0t_lrHYY,An Linh Quán,Cá kho tộ miền Tây đậm vị,90000,tộ,Cá trắm đen kho tộ sánh quyện nước hàng dừa
ChIJpVTNNgBbNDER5hp0t_lrHYY,An Linh Quán,Thịt ba chỉ rang cháy cạnh,75000,đĩa,Thịt ba chỉ ba chỉ giòn rưới mỡ hành
ChIJpVTNNgBbNDER5hp0t_lrHYY,An Linh Quán,Sườn non xào chua ngọt,78000,đĩa,Sườn non xào cùng dứa và ớt chuông sốt chua cay
ChIJpVTNNgBbNDER5hp0t_lrHYY,An Linh Quán,Rau muống luộc dầm sấu / xào tỏi,27000,đĩa,Rau muống tươi xanh luộc chấm nước mắm chanh ớt
ChIJpVTNNgBbNDER5hp0t_lrHYY,An Linh Quán,Canh riêu cua đồng cà pháo,45000,bát,Canh cua đồng mát lạnh ăn kèm cà pháo giòn tan
ChIJpVTNNgBbNDER5hp0t_lrHYY,An Linh Quán,Cơm trắng gạo tám thơm,12000,niêu,Niêu cơm gạo tám dẻo thơm
ChIJrYhebQBbNDERXvV3f8mYcy8,"Patê Yến - Thịt nướng, bánh mì pate",Lẩu cua đồng sườn sụn bắp bò,340000,nồi,"Nồi lẩu riêu cua đồng nguyên chất siêu nhiều gạch, kèm bắp bò sườn sụn"
ChIJrYhebQBbNDERXvV3f8mYcy8,"Patê Yến - Thịt nướng, bánh mì pate",Lẩu Thái hải sản chua cay,409000,nồi,"Nước lẩu Tomyum chua cay nhúng tôm, mực, ngao, nấm"
ChIJrYhebQBbNDERXvV3f8mYcy8,"Patê Yến - Thịt nướng, bánh mì pate",Set nướng BBQ thập cẩm bò ba chỉ,279000,set,"Bắp bò, ba chỉ heo cuộn nấm kim châm tẩm sốt BBQ nướng xèo xèo"
ChIJrYhebQBbNDERXvV3f8mYcy8,"Patê Yến - Thịt nướng, bánh mì pate",Ba chỉ bò Mỹ nhúng thêm,80000,đĩa,Thịt ba chỉ bò Mỹ thái mỏng cuốn nấm
ChIJrYhebQBbNDERXvV3f8mYcy8,"Patê Yến - Thịt nướng, bánh mì pate",Sườn sụn non heo thêm,77000,đĩa,Sườn non giòn sần sật nhúng lẩu
ChIJrYhebQBbNDERXvV3f8mYcy8,"Patê Yến - Thịt nướng, bánh mì pate",Rau nấm tổng hợp nhúng lẩu,33000,đĩa,"Nấm kim châm, cải thảo, rau muống tươi"
ChIJlacZVOJbNDERmK2W13fIRjs,Vịt Quay Văn Việt,Cá kho tộ miền Tây đậm vị,80000,tộ,Cá trắm đen kho tộ sánh quyện nước hàng dừa
ChIJlacZVOJbNDERmK2W13fIRjs,Vịt Quay Văn Việt,Thịt ba chỉ rang cháy cạnh,73000,đĩa,Thịt ba chỉ ba chỉ giòn rưới mỡ hành
ChIJlacZVOJbNDERmK2W13fIRjs,Vịt Quay Văn Việt,Sườn non xào chua ngọt,75000,đĩa,Sườn non xào cùng dứa và ớt chuông sốt chua cay
ChIJlacZVOJbNDERmK2W13fIRjs,Vịt Quay Văn Việt,Rau muống luộc dầm sấu / xào tỏi,27000,đĩa,Rau muống tươi xanh luộc chấm nước mắm chanh ớt
ChIJlacZVOJbNDERmK2W13fIRjs,Vịt Quay Văn Việt,Canh riêu cua đồng cà pháo,45000,bát,Canh cua đồng mát lạnh ăn kèm cà pháo giòn tan
ChIJlacZVOJbNDERmK2W13fIRjs,Vịt Quay Văn Việt,Cơm trắng gạo tám thơm,12000,niêu,Niêu cơm gạo tám dẻo thơm
ChIJUTlJTgBbNDERJoepwXKoWII,Hola Cafe,Cà phê đen đá pha phin,25000,ly,Cà phê đen truyền thống đậm đà
ChIJUTlJTgBbNDERJoepwXKoWII,Hola Cafe,Cà phê sữa đá,28000,ly,Cà phê sữa pha phin béo ngậy
ChIJUTlJTgBbNDERJoepwXKoWII,Hola Cafe,Bạc xỉu cốt dừa,33000,ly,Nhiều sữa béo ngậy vị dừa hòa quyện chút cà phê
ChIJUTlJTgBbNDERJoepwXKoWII,Hola Cafe,Trà đào cam sả,33000,ly,Trà đào thơm mát kết hợp lát đào cam tươi sả thơm
ChIJUTlJTgBbNDERJoepwXKoWII,Hola Cafe,Trà sữa trân châu truyền thống,33000,ly,Trà sữa đậm trà kèm trân châu đen dai giòn
ChIJUTlJTgBbNDERJoepwXKoWII,Hola Cafe,Sinh tố bơ sáp,30000,ly,Sinh tố bơ sáp tươi ngon xay sữa đặc ngậy béo
ChIJUTlJTgBbNDERJoepwXKoWII,Hola Cafe,Nước ép cam nguyên chất,30000,ly,Ép cam sành tự nhiên nhiều vitamin C
ChIJA5IhSh1bNDERgAYykq3i_40,Bánh mỳ trà sữa bobo382,Cà phê đen đá pha phin,22000,ly,Cà phê đen truyền thống đậm đà
ChIJA5IhSh1bNDERgAYykq3i_40,Bánh mỳ trà sữa bobo382,Cà phê sữa đá,25000,ly,Cà phê sữa pha phin béo ngậy
ChIJA5IhSh1bNDERgAYykq3i_40,Bánh mỳ trà sữa bobo382,Bạc xỉu cốt dừa,30000,ly,Nhiều sữa béo ngậy vị dừa hòa quyện chút cà phê
ChIJA5IhSh1bNDERgAYykq3i_40,Bánh mỳ trà sữa bobo382,Trà đào cam sả,30000,ly,Trà đào thơm mát kết hợp lát đào cam tươi sả thơm
ChIJA5IhSh1bNDERgAYykq3i_40,Bánh mỳ trà sữa bobo382,Trà sữa trân châu truyền thống,30000,ly,Trà sữa đậm trà kèm trân châu đen dai giòn
ChIJA5IhSh1bNDERgAYykq3i_40,Bánh mỳ trà sữa bobo382,Sinh tố bơ sáp,40000,ly,Sinh tố bơ sáp tươi ngon xay sữa đặc ngậy béo
ChIJA5IhSh1bNDERgAYykq3i_40,Bánh mỳ trà sữa bobo382,Nước ép cam nguyên chất,33000,ly,Ép cam sành tự nhiên nhiều vitamin C
ChIJ2fMJCwBdNDERQ7xZ5sVyoak,Quán Lẩu Bình Dân,Lẩu cua đồng sườn sụn bắp bò,370000,nồi,"Nồi lẩu riêu cua đồng nguyên chất siêu nhiều gạch, kèm bắp bò sườn sụn"
ChIJ2fMJCwBdNDERQ7xZ5sVyoak,Quán Lẩu Bình Dân,Lẩu Thái hải sản chua cay,409000,nồi,"Nước lẩu Tomyum chua cay nhúng tôm, mực, ngao, nấm"
ChIJ2fMJCwBdNDERQ7xZ5sVyoak,Quán Lẩu Bình Dân,Set nướng BBQ thập cẩm bò ba chỉ,319000,set,"Bắp bò, ba chỉ heo cuộn nấm kim châm tẩm sốt BBQ nướng xèo xèo"
ChIJ2fMJCwBdNDERQ7xZ5sVyoak,Quán Lẩu Bình Dân,Ba chỉ bò Mỹ nhúng thêm,85000,đĩa,Thịt ba chỉ bò Mỹ thái mỏng cuốn nấm
ChIJ2fMJCwBdNDERQ7xZ5sVyoak,Quán Lẩu Bình Dân,Sườn sụn non heo thêm,73000,đĩa,Sườn non giòn sần sật nhúng lẩu
ChIJ2fMJCwBdNDERQ7xZ5sVyoak,Quán Lẩu Bình Dân,Rau nấm tổng hợp nhúng lẩu,27000,đĩa,"Nấm kim châm, cải thảo, rau muống tươi"
ChIJp0KtbgBdNDER9vksLRqf29E,Quỳnh Như Quán,Cá kho tộ miền Tây đậm vị,80000,tộ,Cá trắm đen kho tộ sánh quyện nước hàng dừa
ChIJp0KtbgBdNDER9vksLRqf29E,Quỳnh Như Quán,Thịt ba chỉ rang cháy cạnh,75000,đĩa,Thịt ba chỉ ba chỉ giòn rưới mỡ hành
ChIJp0KtbgBdNDER9vksLRqf29E,Quỳnh Như Quán,Sườn non xào chua ngọt,75000,đĩa,Sườn non xào cùng dứa và ớt chuông sốt chua cay
ChIJp0KtbgBdNDER9vksLRqf29E,Quỳnh Như Quán,Rau muống luộc dầm sấu / xào tỏi,27000,đĩa,Rau muống tươi xanh luộc chấm nước mắm chanh ớt
ChIJp0KtbgBdNDER9vksLRqf29E,Quỳnh Như Quán,Canh riêu cua đồng cà pháo,45000,bát,Canh cua đồng mát lạnh ăn kèm cà pháo giòn tan
ChIJp0KtbgBdNDER9vksLRqf29E,Quỳnh Như Quán,Cơm trắng gạo tám thơm,15000,niêu,Niêu cơm gạo tám dẻo thơm
ChIJwRCf2nRZNDER4poajyhAaYk,Phở Bắc Nam,Phở chín bò ta,35000,bát,Nước dùng phở bò ninh xương ống ngọt lịm kèm thịt chín thái mỏng
ChIJwRCf2nRZNDER4poajyhAaYk,Phở Bắc Nam,Phở tái chần,30000,bát,Phở bò với thịt bò tươi chần tái mềm ngọt
ChIJwRCf2nRZNDER4poajyhAaYk,Phở Bắc Nam,Phở nạm gầu giòn,38000,bát,Bánh phở mềm cùng nạm bò và gầu bò giòn sần sật
ChIJwRCf2nRZNDER4poajyhAaYk,Phở Bắc Nam,Phở tái lăn đặc biệt,40000,bát,Phở bò xào tái lăn thơm mùi tỏi phi
ChIJwRCf2nRZNDER4poajyhAaYk,Phở Bắc Nam,Trứng gà trần,13000,quả,Trứng trần nước phở béo ngậy
ChIJwRCf2nRZNDER4poajyhAaYk,Phở Bắc Nam,Quẩy giòn,8000,chiếc,Quẩy giòn ăn kèm nước phở
ChIJad7ucgBZNDERhc0q2ByjEhQ,Anh Nam Kem,Kem tươi ốc quế sữa dừa / vani Mixue,13000,chiếc,Kem tươi thơm ngon ngậy béo ốc quế giòn tan
ChIJad7ucgBZNDERhc0q2ByjEhQ,Anh Nam Kem,Trà sữa ba anh em thạch pudding trân châu,33000,ly,Trà sữa đậm vị kèm full topping dồi dào
ChIJad7ucgBZNDERhc0q2ByjEhQ,Anh Nam Kem,Dương chi cam lộ xoài bưởi trân châu,30000,ly,"Sinh tố xoài, bưởi hồng cùng thạch dừa thạch đào thơm ngon mát lạnh"
ChIJad7ucgBZNDERhc0q2ByjEhQ,Anh Nam Kem,Trà đào tứ kỳ xuân hạt đào miếng,28000,ly,Trà ô long thanh vị kết hợp thạch đào giòn ngọt
ChIJ_aO1UdJbNDERu0Y72a0Ajak,Nhà Hàng Hoàng Phúc,Cá kho tộ miền Tây đậm vị,87000,tộ,Cá trắm đen kho tộ sánh quyện nước hàng dừa
ChIJ_aO1UdJbNDERu0Y72a0Ajak,Nhà Hàng Hoàng Phúc,Thịt ba chỉ rang cháy cạnh,77000,đĩa,Thịt ba chỉ ba chỉ giòn rưới mỡ hành
ChIJ_aO1UdJbNDERu0Y72a0Ajak,Nhà Hàng Hoàng Phúc,Sườn non xào chua ngọt,75000,đĩa,Sườn non xào cùng dứa và ớt chuông sốt chua cay
ChIJ_aO1UdJbNDERu0Y72a0Ajak,Nhà Hàng Hoàng Phúc,Rau muống luộc dầm sấu / xào tỏi,30000,đĩa,Rau muống tươi xanh luộc chấm nước mắm chanh ớt
ChIJ_aO1UdJbNDERu0Y72a0Ajak,Nhà Hàng Hoàng Phúc,Canh riêu cua đồng cà pháo,47000,bát,Canh cua đồng mát lạnh ăn kèm cà pháo giòn tan
ChIJ_aO1UdJbNDERu0Y72a0Ajak,Nhà Hàng Hoàng Phúc,Cơm trắng gạo tám thơm,12000,niêu,Niêu cơm gạo tám dẻo thơm
ChIJy_SmQABbNDERbdts-lDomeI,Quán Gạo98,Cá kho tộ miền Tây đậm vị,83000,tộ,Cá trắm đen kho tộ sánh quyện nước hàng dừa
ChIJy_SmQABbNDERbdts-lDomeI,Quán Gạo98,Thịt ba chỉ rang cháy cạnh,77000,đĩa,Thịt ba chỉ ba chỉ giòn rưới mỡ hành
ChIJy_SmQABbNDERbdts-lDomeI,Quán Gạo98,Sườn non xào chua ngọt,82000,đĩa,Sườn non xào cùng dứa và ớt chuông sốt chua cay
ChIJy_SmQABbNDERbdts-lDomeI,Quán Gạo98,Rau muống luộc dầm sấu / xào tỏi,27000,đĩa,Rau muống tươi xanh luộc chấm nước mắm chanh ớt
ChIJy_SmQABbNDERbdts-lDomeI,Quán Gạo98,Canh riêu cua đồng cà pháo,43000,bát,Canh cua đồng mát lạnh ăn kèm cà pháo giòn tan
ChIJy_SmQABbNDERbdts-lDomeI,Quán Gạo98,Cơm trắng gạo tám thơm,12000,niêu,Niêu cơm gạo tám dẻo thơm
ChIJw4aJzS5bNDER3s02ZRHt5gw,Bếp Văn Béo,Cá kho tộ miền Tây đậm vị,83000,tộ,Cá trắm đen kho tộ sánh quyện nước hàng dừa
ChIJw4aJzS5bNDER3s02ZRHt5gw,Bếp Văn Béo,Thịt ba chỉ rang cháy cạnh,73000,đĩa,Thịt ba chỉ ba chỉ giòn rưới mỡ hành
ChIJw4aJzS5bNDER3s02ZRHt5gw,Bếp Văn Béo,Sườn non xào chua ngọt,85000,đĩa,Sườn non xào cùng dứa và ớt chuông sốt chua cay
ChIJw4aJzS5bNDER3s02ZRHt5gw,Bếp Văn Béo,Rau muống luộc dầm sấu / xào tỏi,27000,đĩa,Rau muống tươi xanh luộc chấm nước mắm chanh ớt
ChIJw4aJzS5bNDER3s02ZRHt5gw,Bếp Văn Béo,Canh riêu cua đồng cà pháo,50000,bát,Canh cua đồng mát lạnh ăn kèm cà pháo giòn tan
ChIJw4aJzS5bNDER3s02ZRHt5gw,Bếp Văn Béo,Cơm trắng gạo tám thơm,15000,niêu,Niêu cơm gạo tám dẻo thơm
ChIJq0kzmMtbNDERuZRBDUE7rjs,Ba Duẩn Quán,Cá kho tộ miền Tây đậm vị,85000,tộ,Cá trắm đen kho tộ sánh quyện nước hàng dừa
ChIJq0kzmMtbNDERuZRBDUE7rjs,Ba Duẩn Quán,Thịt ba chỉ rang cháy cạnh,80000,đĩa,Thịt ba chỉ ba chỉ giòn rưới mỡ hành
ChIJq0kzmMtbNDERuZRBDUE7rjs,Ba Duẩn Quán,Sườn non xào chua ngọt,80000,đĩa,Sườn non xào cùng dứa và ớt chuông sốt chua cay
ChIJq0kzmMtbNDERuZRBDUE7rjs,Ba Duẩn Quán,Rau muống luộc dầm sấu / xào tỏi,33000,đĩa,Rau muống tươi xanh luộc chấm nước mắm chanh ớt
ChIJq0kzmMtbNDERuZRBDUE7rjs,Ba Duẩn Quán,Canh riêu cua đồng cà pháo,50000,bát,Canh cua đồng mát lạnh ăn kèm cà pháo giòn tan
ChIJq0kzmMtbNDERuZRBDUE7rjs,Ba Duẩn Quán,Cơm trắng gạo tám thơm,15000,niêu,Niêu cơm gạo tám dẻo thơm
ChIJmQoodedbNDERhBQo9RhYbDI,Quán Tâm Loan Gà Chó Chim,Gà ri hấp lá chanh (Cả con),240000,con,Gà ri đồi nuôi thả tự nhiên dai ngọt da vàng giòn
ChIJmQoodedbNDERhBQo9RhYbDI,Quán Tâm Loan Gà Chó Chim,Gà ri nướng mật ong (Cả con),260000,con,Gà ri nướng mật ong thơm phức vàng óng
ChIJmQoodedbNDERhBQo9RhYbDI,Quán Tâm Loan Gà Chó Chim,Gà rang muối tỏi,140000,đĩa,Gà ta chặt miếng rang muối đậm đà sần sật
ChIJmQoodedbNDERhBQo9RhYbDI,Quán Tâm Loan Gà Chó Chim,Lẩu gà ri thuốc bắc,340000,nồi,Nồi lẩu gà ri thuốc bắc bổ dưỡng kèm rau nấm
ChIJmQoodedbNDERhBQo9RhYbDI,Quán Tâm Loan Gà Chó Chim,Xôi chim câu hành phi,78000,đĩa,Xôi nếp dẻo thơm ăn kèm thịt chim câu băm nhỏ
ChIJmQoodedbNDERhBQo9RhYbDI,Quán Tâm Loan Gà Chó Chim,Lòng mề gà xào mướp giá,70000,đĩa,Lòng mề gà ri giòn xào mướp hương thơm phức
ChIJ--rYSABbNDER8vgT99R2QnM,Quán Thu Hà,Cá kho tộ miền Tây đậm vị,85000,tộ,Cá trắm đen kho tộ sánh quyện nước hàng dừa
ChIJ--rYSABbNDER8vgT99R2QnM,Quán Thu Hà,Thịt ba chỉ rang cháy cạnh,75000,đĩa,Thịt ba chỉ ba chỉ giòn rưới mỡ hành
ChIJ--rYSABbNDER8vgT99R2QnM,Quán Thu Hà,Sườn non xào chua ngọt,75000,đĩa,Sườn non xào cùng dứa và ớt chuông sốt chua cay
ChIJ--rYSABbNDER8vgT99R2QnM,Quán Thu Hà,Rau muống luộc dầm sấu / xào tỏi,27000,đĩa,Rau muống tươi xanh luộc chấm nước mắm chanh ớt
ChIJ--rYSABbNDER8vgT99R2QnM,Quán Thu Hà,Canh riêu cua đồng cà pháo,45000,bát,Canh cua đồng mát lạnh ăn kèm cà pháo giòn tan
ChIJ--rYSABbNDER8vgT99R2QnM,Quán Thu Hà,Cơm trắng gạo tám thơm,15000,niêu,Niêu cơm gạo tám dẻo thơm
ChIJfa5IgE1bNDEREYzFvbwP62I,Nụ Ốc Đồ Ăn Vặt,Ốc luộc sả lá chanh truyền thống,42000,bát,Ốc vặn/ốc nhồi mít luộc thơm mùi sả chấm nước mắm gừng cay ngọt đặc sản
ChIJfa5IgE1bNDEREYzFvbwP62I,Nụ Ốc Đồ Ăn Vặt,Ốc móng tay xào bơ tỏi thơm lừng,70000,đĩa,Ốc móng tay tươi ngọt sốt bơ tỏi sánh béo chấm bánh mì tuyệt đỉnh
ChIJfa5IgE1bNDEREYzFvbwP62I,Nụ Ốc Đồ Ăn Vặt,Nem chua rán giòn rụm (10 cái),50000,đĩa,Nem chua rán nóng hổi chấm tương ớt cay nồng
ChIJfa5IgE1bNDEREYzFvbwP62I,Nụ Ốc Đồ Ăn Vặt,Khoai tây chiên lắc bột phô mai,33000,đĩa,Món khai vị ăn vặt khoái khẩu
ChIJfa5IgE1bNDEREYzFvbwP62I,Nụ Ốc Đồ Ăn Vặt,Trà quất mật ong khổng lồ,15000,cốc,Trà quất mát chua ngọt cực đã khát
ChIJP9qeKABbNDERUHGvVZWhldY,Trụ sở GTVM - Vườn Bia Panorama,Bia hơi Hà Nội mát lạnh,12000,cốc,Bia hơi tươi rói rót trực tiếp từ vòi bom lạnh
ChIJP9qeKABbNDERUHGvVZWhldY,Trụ sở GTVM - Vườn Bia Panorama,Đậu phụ lướt ván nóng giòn,27000,đĩa,Đậu hũ non chiên lướt ván ngoài vàng giòn trong mịn mượt như thạch
ChIJP9qeKABbNDERUHGvVZWhldY,Trụ sở GTVM - Vườn Bia Panorama,Đĩa lạc rang muối / lạc luộc mộc mạc,15000,đĩa,Đồ nhắm bia truyền thống
ChIJP9qeKABbNDERUHGvVZWhldY,Trụ sở GTVM - Vườn Bia Panorama,Nộm tai heo đu đủ xanh chua ngọt,60000,đĩa,Tai heo giòn sần sật trộn đu đủ bào sợi nước nộm chua ngọt sảng khoái
ChIJP9qeKABbNDERUHGvVZWhldY,Trụ sở GTVM - Vườn Bia Panorama,Sụn gà chiên mắm rang muối,90000,đĩa,Sụn gà ta giòn sần sật tẩm ướp chiên xóc muối ớt tỏi
ChIJQRDgXQBbNDERKmkLOujkTkA,"Quán bánh tẻ,chè đậu đen đồng mô",Xôi xéo ruốc hành phi,20000,đĩa,Xôi xéo thơm nếp dẻo mỡ hành phi
ChIJQRDgXQBbNDERKmkLOujkTkA,"Quán bánh tẻ,chè đậu đen đồng mô",Bánh mì pate trứng giò,22000,cái,"Bánh mì giòn kẹp pate nhà làm, trứng ốp la, giò lụa"
ChIJQRDgXQBbNDERKmkLOujkTkA,"Quán bánh tẻ,chè đậu đen đồng mô",Sữa đậu nành nóng,7000,cốc,Sữa đậu nành nguyên chất
ChIJQRDgXQBbNDERKmkLOujkTkA,"Quán bánh tẻ,chè đậu đen đồng mô",Trà đá,6000,cốc,Trà giải khát sáng sớm
ChIJCyUnXwBbNDERCSEaeFzLln0,Twitter Beans Coffee NIC,Cà phê đen đá pha phin,22000,ly,Cà phê đen truyền thống đậm đà
ChIJCyUnXwBbNDERCSEaeFzLln0,Twitter Beans Coffee NIC,Cà phê sữa đá,22000,ly,Cà phê sữa pha phin béo ngậy
ChIJCyUnXwBbNDERCSEaeFzLln0,Twitter Beans Coffee NIC,Bạc xỉu cốt dừa,27000,ly,Nhiều sữa béo ngậy vị dừa hòa quyện chút cà phê
ChIJCyUnXwBbNDERCSEaeFzLln0,Twitter Beans Coffee NIC,Trà đào cam sả,37000,ly,Trà đào thơm mát kết hợp lát đào cam tươi sả thơm
ChIJCyUnXwBbNDERCSEaeFzLln0,Twitter Beans Coffee NIC,Trà sữa trân châu truyền thống,40000,ly,Trà sữa đậm trà kèm trân châu đen dai giòn
ChIJCyUnXwBbNDERCSEaeFzLln0,Twitter Beans Coffee NIC,Sinh tố bơ sáp,33000,ly,Sinh tố bơ sáp tươi ngon xay sữa đặc ngậy béo
ChIJCyUnXwBbNDERCSEaeFzLln0,Twitter Beans Coffee NIC,Nước ép cam nguyên chất,27000,ly,Ép cam sành tự nhiên nhiều vitamin C
ChIJF_mNyDFbNDERXNcije7cfjw,Nhà Hàng Sao Việt,Cá kho tộ miền Tây đậm vị,83000,tộ,Cá trắm đen kho tộ sánh quyện nước hàng dừa
ChIJF_mNyDFbNDERXNcije7cfjw,Nhà Hàng Sao Việt,Thịt ba chỉ rang cháy cạnh,80000,đĩa,Thịt ba chỉ ba chỉ giòn rưới mỡ hành
ChIJF_mNyDFbNDERXNcije7cfjw,Nhà Hàng Sao Việt,Sườn non xào chua ngọt,82000,đĩa,Sườn non xào cùng dứa và ớt chuông sốt chua cay
ChIJF_mNyDFbNDERXNcije7cfjw,Nhà Hàng Sao Việt,Rau muống luộc dầm sấu / xào tỏi,33000,đĩa,Rau muống tươi xanh luộc chấm nước mắm chanh ớt
ChIJF_mNyDFbNDERXNcije7cfjw,Nhà Hàng Sao Việt,Canh riêu cua đồng cà pháo,45000,bát,Canh cua đồng mát lạnh ăn kèm cà pháo giòn tan
ChIJF_mNyDFbNDERXNcije7cfjw,Nhà Hàng Sao Việt,Cơm trắng gạo tám thơm,18000,niêu,Niêu cơm gạo tám dẻo thơm
ChIJoSAeLgBbNDER10UK-XEkI34,Lòng Và,Cá kho tộ miền Tây đậm vị,83000,tộ,Cá trắm đen kho tộ sánh quyện nước hàng dừa
ChIJoSAeLgBbNDER10UK-XEkI34,Lòng Và,Thịt ba chỉ rang cháy cạnh,75000,đĩa,Thịt ba chỉ ba chỉ giòn rưới mỡ hành
ChIJoSAeLgBbNDER10UK-XEkI34,Lòng Và,Sườn non xào chua ngọt,78000,đĩa,Sườn non xào cùng dứa và ớt chuông sốt chua cay
ChIJoSAeLgBbNDER10UK-XEkI34,Lòng Và,Rau muống luộc dầm sấu / xào tỏi,30000,đĩa,Rau muống tươi xanh luộc chấm nước mắm chanh ớt
ChIJoSAeLgBbNDER10UK-XEkI34,Lòng Và,Canh riêu cua đồng cà pháo,50000,bát,Canh cua đồng mát lạnh ăn kèm cà pháo giòn tan
ChIJoSAeLgBbNDER10UK-XEkI34,Lòng Và,Cơm trắng gạo tám thơm,12000,niêu,Niêu cơm gạo tám dẻo thơm
ChIJjcAgRBlbNDERdy2iUbrClyg,Chicken & Tea K.P.96,Cà phê đen đá pha phin,25000,ly,Cà phê đen truyền thống đậm đà
ChIJjcAgRBlbNDERdy2iUbrClyg,Chicken & Tea K.P.96,Cà phê sữa đá,22000,ly,Cà phê sữa pha phin béo ngậy
ChIJjcAgRBlbNDERdy2iUbrClyg,Chicken & Tea K.P.96,Bạc xỉu cốt dừa,30000,ly,Nhiều sữa béo ngậy vị dừa hòa quyện chút cà phê
ChIJjcAgRBlbNDERdy2iUbrClyg,Chicken & Tea K.P.96,Trà đào cam sả,37000,ly,Trà đào thơm mát kết hợp lát đào cam tươi sả thơm
ChIJjcAgRBlbNDERdy2iUbrClyg,Chicken & Tea K.P.96,Trà sữa trân châu truyền thống,37000,ly,Trà sữa đậm trà kèm trân châu đen dai giòn
ChIJjcAgRBlbNDERdy2iUbrClyg,Chicken & Tea K.P.96,Sinh tố bơ sáp,30000,ly,Sinh tố bơ sáp tươi ngon xay sữa đặc ngậy béo
ChIJjcAgRBlbNDERdy2iUbrClyg,Chicken & Tea K.P.96,Nước ép cam nguyên chất,27000,ly,Ép cam sành tự nhiên nhiều vitamin C
ChIJhSPDWTZbNDERye5QopURR4c,Bún Tùng Dương,Xôi xéo ruốc hành phi,17000,đĩa,Xôi xéo thơm nếp dẻo mỡ hành phi
ChIJhSPDWTZbNDERye5QopURR4c,Bún Tùng Dương,Bánh mì pate trứng giò,28000,cái,"Bánh mì giòn kẹp pate nhà làm, trứng ốp la, giò lụa"
ChIJhSPDWTZbNDERye5QopURR4c,Bún Tùng Dương,Sữa đậu nành nóng,13000,cốc,Sữa đậu nành nguyên chất
ChIJhSPDWTZbNDERye5QopURR4c,Bún Tùng Dương,Trà đá,3000,cốc,Trà giải khát sáng sớm
ChIJ3aKPZEtbNDERfX8ETgQrFa0,Vịt cỏ Hùng Khánh,Cá kho tộ miền Tây đậm vị,85000,tộ,Cá trắm đen kho tộ sánh quyện nước hàng dừa
ChIJ3aKPZEtbNDERfX8ETgQrFa0,Vịt cỏ Hùng Khánh,Thịt ba chỉ rang cháy cạnh,73000,đĩa,Thịt ba chỉ ba chỉ giòn rưới mỡ hành
ChIJ3aKPZEtbNDERfX8ETgQrFa0,Vịt cỏ Hùng Khánh,Sườn non xào chua ngọt,82000,đĩa,Sườn non xào cùng dứa và ớt chuông sốt chua cay
ChIJ3aKPZEtbNDERfX8ETgQrFa0,Vịt cỏ Hùng Khánh,Rau muống luộc dầm sấu / xào tỏi,33000,đĩa,Rau muống tươi xanh luộc chấm nước mắm chanh ớt
ChIJ3aKPZEtbNDERfX8ETgQrFa0,Vịt cỏ Hùng Khánh,Canh riêu cua đồng cà pháo,47000,bát,Canh cua đồng mát lạnh ăn kèm cà pháo giòn tan
ChIJ3aKPZEtbNDERfX8ETgQrFa0,Vịt cỏ Hùng Khánh,Cơm trắng gạo tám thơm,12000,niêu,Niêu cơm gạo tám dẻo thơm
ChIJH1CiNQZbNDER028XMilT8xE,Bánh Mỳ Bà Cam,Bún cá cay Hải Phòng giòn rụm,33000,bát,"Cá chiên giòn, chả cá thu thơm ngon nước dùng dọc mùng chua cay"
ChIJH1CiNQZbNDER028XMilT8xE,Bánh Mỳ Bà Cam,Bún riêu cua bắp bò giò tai,45000,bát,"Bún nước với riêu cua đồng xịn kèm bắp bò tươi, giò tai heo sần sật"
ChIJH1CiNQZbNDER028XMilT8xE,Bánh Mỳ Bà Cam,Bún sườn mọc dọc mùng hành hoa,37000,bát,Bún sườn non mềm nhừ kèm mọc thịt giòn dẻo
ChIJH1CiNQZbNDER028XMilT8xE,Bánh Mỳ Bà Cam,Trà đá mát lạnh,8000,cốc,Trà đá mát uống kèm bún nóng
ChIJo23HtJ5bNDERV5n9aCjYqw0,Phở Bò Tuấn Bình,Phở chín bò ta,35000,bát,Nước dùng phở bò ninh xương ống ngọt lịm kèm thịt chín thái mỏng
ChIJo23HtJ5bNDERV5n9aCjYqw0,Phở Bò Tuấn Bình,Phở tái chần,33000,bát,Phở bò với thịt bò tươi chần tái mềm ngọt
ChIJo23HtJ5bNDERV5n9aCjYqw0,Phở Bò Tuấn Bình,Phở nạm gầu giòn,38000,bát,Bánh phở mềm cùng nạm bò và gầu bò giòn sần sật
ChIJo23HtJ5bNDERV5n9aCjYqw0,Phở Bò Tuấn Bình,Phở tái lăn đặc biệt,47000,bát,Phở bò xào tái lăn thơm mùi tỏi phi
ChIJo23HtJ5bNDERV5n9aCjYqw0,Phở Bò Tuấn Bình,Trứng gà trần,10000,quả,Trứng trần nước phở béo ngậy
ChIJo23HtJ5bNDERV5n9aCjYqw0,Phở Bò Tuấn Bình,Quẩy giòn,5000,chiếc,Quẩy giòn ăn kèm nước phở
ChIJXauq5E1ZNDER0kQTqdtCAhA,Lẩu gà lá é Nhật Minh Thạch Thất,Gà ri hấp lá chanh (Cả con),250000,con,Gà ri đồi nuôi thả tự nhiên dai ngọt da vàng giòn
ChIJXauq5E1ZNDER0kQTqdtCAhA,Lẩu gà lá é Nhật Minh Thạch Thất,Gà ri nướng mật ong (Cả con),240000,con,Gà ri nướng mật ong thơm phức vàng óng
ChIJXauq5E1ZNDER0kQTqdtCAhA,Lẩu gà lá é Nhật Minh Thạch Thất,Gà rang muối tỏi,110000,đĩa,Gà ta chặt miếng rang muối đậm đà sần sật
ChIJXauq5E1ZNDER0kQTqdtCAhA,Lẩu gà lá é Nhật Minh Thạch Thất,Lẩu gà ri thuốc bắc,340000,nồi,Nồi lẩu gà ri thuốc bắc bổ dưỡng kèm rau nấm
ChIJXauq5E1ZNDER0kQTqdtCAhA,Lẩu gà lá é Nhật Minh Thạch Thất,Xôi chim câu hành phi,80000,đĩa,Xôi nếp dẻo thơm ăn kèm thịt chim câu băm nhỏ
ChIJXauq5E1ZNDER0kQTqdtCAhA,Lẩu gà lá é Nhật Minh Thạch Thất,Lòng mề gà xào mướp giá,65000,đĩa,Lòng mề gà ri giòn xào mướp hương thơm phức
ChIJG41JAQBZNDERDKpvZf0oGak,Café 91,Cà phê đen đá pha phin,19000,ly,Cà phê đen truyền thống đậm đà
ChIJG41JAQBZNDERDKpvZf0oGak,Café 91,Cà phê sữa đá,25000,ly,Cà phê sữa pha phin béo ngậy
ChIJG41JAQBZNDERDKpvZf0oGak,Café 91,Bạc xỉu cốt dừa,27000,ly,Nhiều sữa béo ngậy vị dừa hòa quyện chút cà phê
ChIJG41JAQBZNDERDKpvZf0oGak,Café 91,Trà đào cam sả,30000,ly,Trà đào thơm mát kết hợp lát đào cam tươi sả thơm
ChIJG41JAQBZNDERDKpvZf0oGak,Café 91,Trà sữa trân châu truyền thống,37000,ly,Trà sữa đậm trà kèm trân châu đen dai giòn
ChIJG41JAQBZNDERDKpvZf0oGak,Café 91,Sinh tố bơ sáp,35000,ly,Sinh tố bơ sáp tươi ngon xay sữa đặc ngậy béo
ChIJG41JAQBZNDERDKpvZf0oGak,Café 91,Nước ép cam nguyên chất,33000,ly,Ép cam sành tự nhiên nhiều vitamin C
ChIJy7-WslZbNDERWj9p_IIy-RE,Vườn Bưởi Quán Thêm Điền,Cá kho tộ miền Tây đậm vị,87000,tộ,Cá trắm đen kho tộ sánh quyện nước hàng dừa
ChIJy7-WslZbNDERWj9p_IIy-RE,Vườn Bưởi Quán Thêm Điền,Thịt ba chỉ rang cháy cạnh,70000,đĩa,Thịt ba chỉ ba chỉ giòn rưới mỡ hành
ChIJy7-WslZbNDERWj9p_IIy-RE,Vườn Bưởi Quán Thêm Điền,Sườn non xào chua ngọt,82000,đĩa,Sườn non xào cùng dứa và ớt chuông sốt chua cay
ChIJy7-WslZbNDERWj9p_IIy-RE,Vườn Bưởi Quán Thêm Điền,Rau muống luộc dầm sấu / xào tỏi,33000,đĩa,Rau muống tươi xanh luộc chấm nước mắm chanh ớt
ChIJy7-WslZbNDERWj9p_IIy-RE,Vườn Bưởi Quán Thêm Điền,Canh riêu cua đồng cà pháo,50000,bát,Canh cua đồng mát lạnh ăn kèm cà pháo giòn tan
ChIJy7-WslZbNDERWj9p_IIy-RE,Vườn Bưởi Quán Thêm Điền,Cơm trắng gạo tám thơm,15000,niêu,Niêu cơm gạo tám dẻo thơm
ChIJ5XO6UABbNDER2yt4g5xr0R0,Karaoke Đại Lộ,"Đĩa hoa quả thập cẩm lớn (Dưa hấu, ổi, xoài, nho)",130000,đĩa,Hoa quả tươi ngon cắt lát đẹp mắt
ChIJ5XO6UABbNDER2yt4g5xr0R0,Karaoke Đại Lộ,Khô mực nướng cồn,160000,con,Mực khô Vân Đồn nướng cồn xé tay
ChIJ5XO6UABbNDER2yt4g5xr0R0,Karaoke Đại Lộ,Thịt bò khô xé sợi vắt chanh,80000,đĩa,Bò khô sợi cay cay ngọt ngọt
ChIJ5XO6UABbNDER2yt4g5xr0R0,Karaoke Đại Lộ,Khoai tây chiên lắc phô mai,45000,đĩa,Khoai tây chiên giòn tan phủ bột phô mai
ChIJ5XO6UABbNDER2yt4g5xr0R0,Karaoke Đại Lộ,Hạt hướng dương sạch,23000,đĩa,Hạt hướng dương rang thơm
ChIJ5XO6UABbNDER2yt4g5xr0R0,Karaoke Đại Lộ,Bia Heineken lon,22000,lon,Bia ngoại ướp lạnh sẵn
ChIJ5XO6UABbNDER2yt4g5xr0R0,Karaoke Đại Lộ,Bia Hà Nội lon,21000,lon,Bia nội truyền thống
ChIJ5XO6UABbNDER2yt4g5xr0R0,Karaoke Đại Lộ,Nước ngọt Coca-Cola / Sting,18000,lon,Nước ngọt các loại phục vụ lạnh
ChIJkegjTwBRNDER10IochTPo2E,Phở bò Mạnh Thơm,Phở chín bò ta,37000,bát,Nước dùng phở bò ninh xương ống ngọt lịm kèm thịt chín thái mỏng
ChIJkegjTwBRNDER10IochTPo2E,Phở bò Mạnh Thơm,Phở tái chần,35000,bát,Phở bò với thịt bò tươi chần tái mềm ngọt
ChIJkegjTwBRNDER10IochTPo2E,Phở bò Mạnh Thơm,Phở nạm gầu giòn,35000,bát,Bánh phở mềm cùng nạm bò và gầu bò giòn sần sật
ChIJkegjTwBRNDER10IochTPo2E,Phở bò Mạnh Thơm,Phở tái lăn đặc biệt,47000,bát,Phở bò xào tái lăn thơm mùi tỏi phi
ChIJkegjTwBRNDER10IochTPo2E,Phở bò Mạnh Thơm,Trứng gà trần,10000,quả,Trứng trần nước phở béo ngậy
ChIJkegjTwBRNDER10IochTPo2E,Phở bò Mạnh Thơm,Quẩy giòn,8000,chiếc,Quẩy giòn ăn kèm nước phở
ChIJOe_NWwBbNDER5uJaYJiFzig,Tiệm Nhà Cua,Cà phê đen đá pha phin,22000,ly,Cà phê đen truyền thống đậm đà
ChIJOe_NWwBbNDER5uJaYJiFzig,Tiệm Nhà Cua,Cà phê sữa đá,22000,ly,Cà phê sữa pha phin béo ngậy
ChIJOe_NWwBbNDER5uJaYJiFzig,Tiệm Nhà Cua,Bạc xỉu cốt dừa,33000,ly,Nhiều sữa béo ngậy vị dừa hòa quyện chút cà phê
ChIJOe_NWwBbNDER5uJaYJiFzig,Tiệm Nhà Cua,Trà đào cam sả,37000,ly,Trà đào thơm mát kết hợp lát đào cam tươi sả thơm
ChIJOe_NWwBbNDER5uJaYJiFzig,Tiệm Nhà Cua,Trà sữa trân châu truyền thống,35000,ly,Trà sữa đậm trà kèm trân châu đen dai giòn
ChIJOe_NWwBbNDER5uJaYJiFzig,Tiệm Nhà Cua,Sinh tố bơ sáp,33000,ly,Sinh tố bơ sáp tươi ngon xay sữa đặc ngậy béo
ChIJOe_NWwBbNDER5uJaYJiFzig,Tiệm Nhà Cua,Nước ép cam nguyên chất,33000,ly,Ép cam sành tự nhiên nhiều vitamin C
ChIJa3eo-HFbNDER3MBc8iDz8D0,Green Cafe,Cà phê đen đá pha phin,19000,ly,Cà phê đen truyền thống đậm đà
ChIJa3eo-HFbNDER3MBc8iDz8D0,Green Cafe,Cà phê sữa đá,25000,ly,Cà phê sữa pha phin béo ngậy
ChIJa3eo-HFbNDER3MBc8iDz8D0,Green Cafe,Bạc xỉu cốt dừa,33000,ly,Nhiều sữa béo ngậy vị dừa hòa quyện chút cà phê
ChIJa3eo-HFbNDER3MBc8iDz8D0,Green Cafe,Trà đào cam sả,35000,ly,Trà đào thơm mát kết hợp lát đào cam tươi sả thơm
ChIJa3eo-HFbNDER3MBc8iDz8D0,Green Cafe,Trà sữa trân châu truyền thống,40000,ly,Trà sữa đậm trà kèm trân châu đen dai giòn
ChIJa3eo-HFbNDER3MBc8iDz8D0,Green Cafe,Sinh tố bơ sáp,37000,ly,Sinh tố bơ sáp tươi ngon xay sữa đặc ngậy béo
ChIJa3eo-HFbNDER3MBc8iDz8D0,Green Cafe,Nước ép cam nguyên chất,30000,ly,Ép cam sành tự nhiên nhiều vitamin C
ChIJ8SlXGABbNDER-Plb16NCOCE,Phở Cồ Quán,Phở chín bò ta,30000,bát,Nước dùng phở bò ninh xương ống ngọt lịm kèm thịt chín thái mỏng
ChIJ8SlXGABbNDER-Plb16NCOCE,Phở Cồ Quán,Phở tái chần,35000,bát,Phở bò với thịt bò tươi chần tái mềm ngọt
ChIJ8SlXGABbNDER-Plb16NCOCE,Phở Cồ Quán,Phở nạm gầu giòn,38000,bát,Bánh phở mềm cùng nạm bò và gầu bò giòn sần sật
ChIJ8SlXGABbNDER-Plb16NCOCE,Phở Cồ Quán,Phở tái lăn đặc biệt,40000,bát,Phở bò xào tái lăn thơm mùi tỏi phi
ChIJ8SlXGABbNDER-Plb16NCOCE,Phở Cồ Quán,Trứng gà trần,7000,quả,Trứng trần nước phở béo ngậy
ChIJ8SlXGABbNDER-Plb16NCOCE,Phở Cồ Quán,Quẩy giòn,8000,chiếc,Quẩy giòn ăn kèm nước phở
ChIJtaQQXgBbNDERQGlxb_LLdYQ,Nhà Hàng Văn Muộn Chó Mèo,Cá kho tộ miền Tây đậm vị,85000,tộ,Cá trắm đen kho tộ sánh quyện nước hàng dừa
ChIJtaQQXgBbNDERQGlxb_LLdYQ,Nhà Hàng Văn Muộn Chó Mèo,Thịt ba chỉ rang cháy cạnh,80000,đĩa,Thịt ba chỉ ba chỉ giòn rưới mỡ hành
ChIJtaQQXgBbNDERQGlxb_LLdYQ,Nhà Hàng Văn Muộn Chó Mèo,Sườn non xào chua ngọt,80000,đĩa,Sườn non xào cùng dứa và ớt chuông sốt chua cay
ChIJtaQQXgBbNDERQGlxb_LLdYQ,Nhà Hàng Văn Muộn Chó Mèo,Rau muống luộc dầm sấu / xào tỏi,30000,đĩa,Rau muống tươi xanh luộc chấm nước mắm chanh ớt
ChIJtaQQXgBbNDERQGlxb_LLdYQ,Nhà Hàng Văn Muộn Chó Mèo,Canh riêu cua đồng cà pháo,50000,bát,Canh cua đồng mát lạnh ăn kèm cà pháo giòn tan
ChIJtaQQXgBbNDERQGlxb_LLdYQ,Nhà Hàng Văn Muộn Chó Mèo,Cơm trắng gạo tám thơm,12000,niêu,Niêu cơm gạo tám dẻo thơm
ChIJm95z8yVbNDERPD9vGOwmmJg,Karaoke Kov Xmen,"Đĩa hoa quả thập cẩm lớn (Dưa hấu, ổi, xoài, nho)",160000,đĩa,Hoa quả tươi ngon cắt lát đẹp mắt
ChIJm95z8yVbNDERPD9vGOwmmJg,Karaoke Kov Xmen,Khô mực nướng cồn,180000,con,Mực khô Vân Đồn nướng cồn xé tay
ChIJm95z8yVbNDERPD9vGOwmmJg,Karaoke Kov Xmen,Thịt bò khô xé sợi vắt chanh,85000,đĩa,Bò khô sợi cay cay ngọt ngọt
ChIJm95z8yVbNDERPD9vGOwmmJg,Karaoke Kov Xmen,Khoai tây chiên lắc phô mai,50000,đĩa,Khoai tây chiên giòn tan phủ bột phô mai
ChIJm95z8yVbNDERPD9vGOwmmJg,Karaoke Kov Xmen,Hạt hướng dương sạch,20000,đĩa,Hạt hướng dương rang thơm
ChIJm95z8yVbNDERPD9vGOwmmJg,Karaoke Kov Xmen,Bia Heineken lon,28000,lon,Bia ngoại ướp lạnh sẵn
ChIJm95z8yVbNDERPD9vGOwmmJg,Karaoke Kov Xmen,Bia Hà Nội lon,15000,lon,Bia nội truyền thống
ChIJm95z8yVbNDERPD9vGOwmmJg,Karaoke Kov Xmen,Nước ngọt Coca-Cola / Sting,12000,lon,Nước ngọt các loại phục vụ lạnh
ChIJm3kObABbNDERsllCwkxph_4,Cafe Thông Đà Lạt,Cà phê đen đá pha phin,25000,ly,Cà phê đen truyền thống đậm đà
ChIJm3kObABbNDERsllCwkxph_4,Cafe Thông Đà Lạt,Cà phê sữa đá,28000,ly,Cà phê sữa pha phin béo ngậy
ChIJm3kObABbNDERsllCwkxph_4,Cafe Thông Đà Lạt,Bạc xỉu cốt dừa,33000,ly,Nhiều sữa béo ngậy vị dừa hòa quyện chút cà phê
ChIJm3kObABbNDERsllCwkxph_4,Cafe Thông Đà Lạt,Trà đào cam sả,35000,ly,Trà đào thơm mát kết hợp lát đào cam tươi sả thơm
ChIJm3kObABbNDERsllCwkxph_4,Cafe Thông Đà Lạt,Trà sữa trân châu truyền thống,37000,ly,Trà sữa đậm trà kèm trân châu đen dai giòn
ChIJm3kObABbNDERsllCwkxph_4,Cafe Thông Đà Lạt,Sinh tố bơ sáp,40000,ly,Sinh tố bơ sáp tươi ngon xay sữa đặc ngậy béo
ChIJm3kObABbNDERsllCwkxph_4,Cafe Thông Đà Lạt,Nước ép cam nguyên chất,27000,ly,Ép cam sành tự nhiên nhiều vitamin C
ChIJrZoRAwBbNDER_i8ZSdaMhUo,Mộc Cafe,Cà phê đen đá pha phin,19000,ly,Cà phê đen truyền thống đậm đà
ChIJrZoRAwBbNDER_i8ZSdaMhUo,Mộc Cafe,Cà phê sữa đá,28000,ly,Cà phê sữa pha phin béo ngậy
ChIJrZoRAwBbNDER_i8ZSdaMhUo,Mộc Cafe,Bạc xỉu cốt dừa,33000,ly,Nhiều sữa béo ngậy vị dừa hòa quyện chút cà phê
ChIJrZoRAwBbNDER_i8ZSdaMhUo,Mộc Cafe,Trà đào cam sả,37000,ly,Trà đào thơm mát kết hợp lát đào cam tươi sả thơm
ChIJrZoRAwBbNDER_i8ZSdaMhUo,Mộc Cafe,Trà sữa trân châu truyền thống,30000,ly,Trà sữa đậm trà kèm trân châu đen dai giòn
ChIJrZoRAwBbNDER_i8ZSdaMhUo,Mộc Cafe,Sinh tố bơ sáp,33000,ly,Sinh tố bơ sáp tươi ngon xay sữa đặc ngậy béo
ChIJrZoRAwBbNDER_i8ZSdaMhUo,Mộc Cafe,Nước ép cam nguyên chất,30000,ly,Ép cam sành tự nhiên nhiều vitamin C
ChIJB8qE5bVbNDER80EnwSyHAr4,Karaoke Sen Vàng club,"Đĩa hoa quả thập cẩm lớn (Dưa hấu, ổi, xoài, nho)",160000,đĩa,Hoa quả tươi ngon cắt lát đẹp mắt
ChIJB8qE5bVbNDER80EnwSyHAr4,Karaoke Sen Vàng club,Khô mực nướng cồn,170000,con,Mực khô Vân Đồn nướng cồn xé tay
ChIJB8qE5bVbNDER80EnwSyHAr4,Karaoke Sen Vàng club,Thịt bò khô xé sợi vắt chanh,78000,đĩa,Bò khô sợi cay cay ngọt ngọt
ChIJB8qE5bVbNDER80EnwSyHAr4,Karaoke Sen Vàng club,Khoai tây chiên lắc phô mai,43000,đĩa,Khoai tây chiên giòn tan phủ bột phô mai
ChIJB8qE5bVbNDER80EnwSyHAr4,Karaoke Sen Vàng club,Hạt hướng dương sạch,23000,đĩa,Hạt hướng dương rang thơm
ChIJB8qE5bVbNDER80EnwSyHAr4,Karaoke Sen Vàng club,Bia Heineken lon,28000,lon,Bia ngoại ướp lạnh sẵn
ChIJB8qE5bVbNDER80EnwSyHAr4,Karaoke Sen Vàng club,Bia Hà Nội lon,18000,lon,Bia nội truyền thống
ChIJB8qE5bVbNDER80EnwSyHAr4,Karaoke Sen Vàng club,Nước ngọt Coca-Cola / Sting,18000,lon,Nước ngọt các loại phục vụ lạnh
ChIJl2manOFbNDER2zTRf79U1AM,Karaoke miền Tây,"Đĩa hoa quả thập cẩm lớn (Dưa hấu, ổi, xoài, nho)",170000,đĩa,Hoa quả tươi ngon cắt lát đẹp mắt
ChIJl2manOFbNDER2zTRf79U1AM,Karaoke miền Tây,Khô mực nướng cồn,190000,con,Mực khô Vân Đồn nướng cồn xé tay
ChIJl2manOFbNDER2zTRf79U1AM,Karaoke miền Tây,Thịt bò khô xé sợi vắt chanh,82000,đĩa,Bò khô sợi cay cay ngọt ngọt
ChIJl2manOFbNDER2zTRf79U1AM,Karaoke miền Tây,Khoai tây chiên lắc phô mai,47000,đĩa,Khoai tây chiên giòn tan phủ bột phô mai
ChIJl2manOFbNDER2zTRf79U1AM,Karaoke miền Tây,Hạt hướng dương sạch,20000,đĩa,Hạt hướng dương rang thơm
ChIJl2manOFbNDER2zTRf79U1AM,Karaoke miền Tây,Bia Heineken lon,22000,lon,Bia ngoại ướp lạnh sẵn
ChIJl2manOFbNDER2zTRf79U1AM,Karaoke miền Tây,Bia Hà Nội lon,15000,lon,Bia nội truyền thống
ChIJl2manOFbNDER2zTRf79U1AM,Karaoke miền Tây,Nước ngọt Coca-Cola / Sting,12000,lon,Nước ngọt các loại phục vụ lạnh
ChIJI1xdfgBbNDERSgybc5LZzK8,Lyly Nguyễn,"Đĩa hoa quả thập cẩm lớn (Dưa hấu, ổi, xoài, nho)",170000,đĩa,Hoa quả tươi ngon cắt lát đẹp mắt
ChIJI1xdfgBbNDERSgybc5LZzK8,Lyly Nguyễn,Khô mực nướng cồn,190000,con,Mực khô Vân Đồn nướng cồn xé tay
ChIJI1xdfgBbNDERSgybc5LZzK8,Lyly Nguyễn,Thịt bò khô xé sợi vắt chanh,82000,đĩa,Bò khô sợi cay cay ngọt ngọt
ChIJI1xdfgBbNDERSgybc5LZzK8,Lyly Nguyễn,Khoai tây chiên lắc phô mai,47000,đĩa,Khoai tây chiên giòn tan phủ bột phô mai
ChIJI1xdfgBbNDERSgybc5LZzK8,Lyly Nguyễn,Hạt hướng dương sạch,17000,đĩa,Hạt hướng dương rang thơm
ChIJI1xdfgBbNDERSgybc5LZzK8,Lyly Nguyễn,Bia Heineken lon,25000,lon,Bia ngoại ướp lạnh sẵn
ChIJI1xdfgBbNDERSgybc5LZzK8,Lyly Nguyễn,Bia Hà Nội lon,18000,lon,Bia nội truyền thống
ChIJI1xdfgBbNDERSgybc5LZzK8,Lyly Nguyễn,Nước ngọt Coca-Cola / Sting,12000,lon,Nước ngọt các loại phục vụ lạnh
ChIJCUKzegBbNDERUsZwkmB0vxE,Nhà hàng Dê ngon Nguyễn Gia,Thịt trâu xào lá lốt,140000,đĩa,Thịt trâu tươi mềm ngọt xào lá lốt thơm lừng
ChIJCUKzegBbNDERUsZwkmB0vxE,Nhà hàng Dê ngon Nguyễn Gia,Thịt trâu nhúng mẻ chua cay,170000,đĩa,Thịt trâu nhúng nước dùng mẻ chua thanh nhẹ
ChIJCUKzegBbNDERUsZwkmB0vxE,Nhà hàng Dê ngon Nguyễn Gia,Dê tái chanh chấm tương gừng,170000,đĩa,Thịt dê núi hấp tái trộn vừng sả lá chanh
ChIJCUKzegBbNDERUsZwkmB0vxE,Nhà hàng Dê ngon Nguyễn Gia,Dê né bản gang,140000,đĩa,Dê xào nóng hổi trên bản gang kèm đậu bắp
ChIJCUKzegBbNDERUsZwkmB0vxE,Nhà hàng Dê ngon Nguyễn Gia,Lẩu dê núi nhúng mẻ,419000,nồi,Nồi lẩu dê núi ré thơm ngon kèm rau nhúng đặc sản
ChIJCUKzegBbNDERUsZwkmB0vxE,Nhà hàng Dê ngon Nguyễn Gia,Cơm cháy sốt dê,65000,đĩa,Cơm cháy giòn tan rưới nước sốt dê đậm vị
ChIJn3ruFWxbNDER1OyRSk2FVmQ,Coffee 11.2,Cà phê đen đá pha phin,19000,ly,Cà phê đen truyền thống đậm đà
ChIJn3ruFWxbNDER1OyRSk2FVmQ,Coffee 11.2,Cà phê sữa đá,25000,ly,Cà phê sữa pha phin béo ngậy
ChIJn3ruFWxbNDER1OyRSk2FVmQ,Coffee 11.2,Bạc xỉu cốt dừa,27000,ly,Nhiều sữa béo ngậy vị dừa hòa quyện chút cà phê
ChIJn3ruFWxbNDER1OyRSk2FVmQ,Coffee 11.2,Trà đào cam sả,35000,ly,Trà đào thơm mát kết hợp lát đào cam tươi sả thơm
ChIJn3ruFWxbNDER1OyRSk2FVmQ,Coffee 11.2,Trà sữa trân châu truyền thống,30000,ly,Trà sữa đậm trà kèm trân châu đen dai giòn
ChIJn3ruFWxbNDER1OyRSk2FVmQ,Coffee 11.2,Sinh tố bơ sáp,33000,ly,Sinh tố bơ sáp tươi ngon xay sữa đặc ngậy béo
ChIJn3ruFWxbNDER1OyRSk2FVmQ,Coffee 11.2,Nước ép cam nguyên chất,30000,ly,Ép cam sành tự nhiên nhiều vitamin C
ChIJWTmWNABbNDERjg6QGwFQhhQ,Mộc Thuỷ Quán- Trà sữa-Cafe-Mỳ Cay- Đồ ăn vặt,Cà phê đen đá pha phin,19000,ly,Cà phê đen truyền thống đậm đà
ChIJWTmWNABbNDERjg6QGwFQhhQ,Mộc Thuỷ Quán- Trà sữa-Cafe-Mỳ Cay- Đồ ăn vặt,Cà phê sữa đá,28000,ly,Cà phê sữa pha phin béo ngậy
ChIJWTmWNABbNDERjg6QGwFQhhQ,Mộc Thuỷ Quán- Trà sữa-Cafe-Mỳ Cay- Đồ ăn vặt,Bạc xỉu cốt dừa,33000,ly,Nhiều sữa béo ngậy vị dừa hòa quyện chút cà phê
ChIJWTmWNABbNDERjg6QGwFQhhQ,Mộc Thuỷ Quán- Trà sữa-Cafe-Mỳ Cay- Đồ ăn vặt,Trà đào cam sả,37000,ly,Trà đào thơm mát kết hợp lát đào cam tươi sả thơm
ChIJWTmWNABbNDERjg6QGwFQhhQ,Mộc Thuỷ Quán- Trà sữa-Cafe-Mỳ Cay- Đồ ăn vặt,Trà sữa trân châu truyền thống,35000,ly,Trà sữa đậm trà kèm trân châu đen dai giòn
ChIJWTmWNABbNDERjg6QGwFQhhQ,Mộc Thuỷ Quán- Trà sữa-Cafe-Mỳ Cay- Đồ ăn vặt,Sinh tố bơ sáp,40000,ly,Sinh tố bơ sáp tươi ngon xay sữa đặc ngậy béo
ChIJWTmWNABbNDERjg6QGwFQhhQ,Mộc Thuỷ Quán- Trà sữa-Cafe-Mỳ Cay- Đồ ăn vặt,Nước ép cam nguyên chất,27000,ly,Ép cam sành tự nhiên nhiều vitamin C
ChIJ97sWR7RbNDEROaINHFO_EbM,Karaoke King Club,"Đĩa hoa quả thập cẩm lớn (Dưa hấu, ổi, xoài, nho)",140000,đĩa,Hoa quả tươi ngon cắt lát đẹp mắt
ChIJ97sWR7RbNDEROaINHFO_EbM,Karaoke King Club,Khô mực nướng cồn,200000,con,Mực khô Vân Đồn nướng cồn xé tay
ChIJ97sWR7RbNDEROaINHFO_EbM,Karaoke King Club,Thịt bò khô xé sợi vắt chanh,80000,đĩa,Bò khô sợi cay cay ngọt ngọt
ChIJ97sWR7RbNDEROaINHFO_EbM,Karaoke King Club,Khoai tây chiên lắc phô mai,40000,đĩa,Khoai tây chiên giòn tan phủ bột phô mai
ChIJ97sWR7RbNDEROaINHFO_EbM,Karaoke King Club,Hạt hướng dương sạch,23000,đĩa,Hạt hướng dương rang thơm
ChIJ97sWR7RbNDEROaINHFO_EbM,Karaoke King Club,Bia Heineken lon,25000,lon,Bia ngoại ướp lạnh sẵn
ChIJ97sWR7RbNDEROaINHFO_EbM,Karaoke King Club,Bia Hà Nội lon,21000,lon,Bia nội truyền thống
ChIJ97sWR7RbNDEROaINHFO_EbM,Karaoke King Club,Nước ngọt Coca-Cola / Sting,12000,lon,Nước ngọt các loại phục vụ lạnh
ChIJXwPV0EFbNDERyX0gtPgT0p8,Nhà Hàng Lê Ngợi,Cá kho tộ miền Tây đậm vị,83000,tộ,Cá trắm đen kho tộ sánh quyện nước hàng dừa
ChIJXwPV0EFbNDERyX0gtPgT0p8,Nhà Hàng Lê Ngợi,Thịt ba chỉ rang cháy cạnh,70000,đĩa,Thịt ba chỉ ba chỉ giòn rưới mỡ hành
ChIJXwPV0EFbNDERyX0gtPgT0p8,Nhà Hàng Lê Ngợi,Sườn non xào chua ngọt,78000,đĩa,Sườn non xào cùng dứa và ớt chuông sốt chua cay
ChIJXwPV0EFbNDERyX0gtPgT0p8,Nhà Hàng Lê Ngợi,Rau muống luộc dầm sấu / xào tỏi,30000,đĩa,Rau muống tươi xanh luộc chấm nước mắm chanh ớt
ChIJXwPV0EFbNDERyX0gtPgT0p8,Nhà Hàng Lê Ngợi,Canh riêu cua đồng cà pháo,47000,bát,Canh cua đồng mát lạnh ăn kèm cà pháo giòn tan
ChIJXwPV0EFbNDERyX0gtPgT0p8,Nhà Hàng Lê Ngợi,Cơm trắng gạo tám thơm,12000,niêu,Niêu cơm gạo tám dẻo thơm
ChIJcbTjHgBZNDERVO-wJZ_X0tU,Cồ thủy,Cá kho tộ miền Tây đậm vị,90000,tộ,Cá trắm đen kho tộ sánh quyện nước hàng dừa
ChIJcbTjHgBZNDERVO-wJZ_X0tU,Cồ thủy,Thịt ba chỉ rang cháy cạnh,80000,đĩa,Thịt ba chỉ ba chỉ giòn rưới mỡ hành
ChIJcbTjHgBZNDERVO-wJZ_X0tU,Cồ thủy,Sườn non xào chua ngọt,85000,đĩa,Sườn non xào cùng dứa và ớt chuông sốt chua cay
ChIJcbTjHgBZNDERVO-wJZ_X0tU,Cồ thủy,Rau muống luộc dầm sấu / xào tỏi,27000,đĩa,Rau muống tươi xanh luộc chấm nước mắm chanh ớt
ChIJcbTjHgBZNDERVO-wJZ_X0tU,Cồ thủy,Canh riêu cua đồng cà pháo,40000,bát,Canh cua đồng mát lạnh ăn kèm cà pháo giòn tan
ChIJcbTjHgBZNDERVO-wJZ_X0tU,Cồ thủy,Cơm trắng gạo tám thơm,18000,niêu,Niêu cơm gạo tám dẻo thơm
ChIJdVS2PwBZNDERbaiNQ595Fkk,Tú Bọ coffee - Vietlot - Xổ số,Cà phê đen đá pha phin,22000,ly,Cà phê đen truyền thống đậm đà
ChIJdVS2PwBZNDERbaiNQ595Fkk,Tú Bọ coffee - Vietlot - Xổ số,Cà phê sữa đá,25000,ly,Cà phê sữa pha phin béo ngậy
ChIJdVS2PwBZNDERbaiNQ595Fkk,Tú Bọ coffee - Vietlot - Xổ số,Bạc xỉu cốt dừa,30000,ly,Nhiều sữa béo ngậy vị dừa hòa quyện chút cà phê
ChIJdVS2PwBZNDERbaiNQ595Fkk,Tú Bọ coffee - Vietlot - Xổ số,Trà đào cam sả,33000,ly,Trà đào thơm mát kết hợp lát đào cam tươi sả thơm
ChIJdVS2PwBZNDERbaiNQ595Fkk,Tú Bọ coffee - Vietlot - Xổ số,Trà sữa trân châu truyền thống,37000,ly,Trà sữa đậm trà kèm trân châu đen dai giòn
ChIJdVS2PwBZNDERbaiNQ595Fkk,Tú Bọ coffee - Vietlot - Xổ số,Sinh tố bơ sáp,30000,ly,Sinh tố bơ sáp tươi ngon xay sữa đặc ngậy béo
ChIJdVS2PwBZNDERbaiNQ595Fkk,Tú Bọ coffee - Vietlot - Xổ số,Nước ép cam nguyên chất,33000,ly,Ép cam sành tự nhiên nhiều vitamin C
ChIJaRla5ehfNDERjvrMZ4zOYo4,Cà phê Vương,Cà phê đen đá pha phin,25000,ly,Cà phê đen truyền thống đậm đà
ChIJaRla5ehfNDERjvrMZ4zOYo4,Cà phê Vương,Cà phê sữa đá,28000,ly,Cà phê sữa pha phin béo ngậy
ChIJaRla5ehfNDERjvrMZ4zOYo4,Cà phê Vương,Bạc xỉu cốt dừa,30000,ly,Nhiều sữa béo ngậy vị dừa hòa quyện chút cà phê
ChIJaRla5ehfNDERjvrMZ4zOYo4,Cà phê Vương,Trà đào cam sả,37000,ly,Trà đào thơm mát kết hợp lát đào cam tươi sả thơm
ChIJaRla5ehfNDERjvrMZ4zOYo4,Cà phê Vương,Trà sữa trân châu truyền thống,35000,ly,Trà sữa đậm trà kèm trân châu đen dai giòn
ChIJaRla5ehfNDERjvrMZ4zOYo4,Cà phê Vương,Sinh tố bơ sáp,40000,ly,Sinh tố bơ sáp tươi ngon xay sữa đặc ngậy béo
ChIJaRla5ehfNDERjvrMZ4zOYo4,Cà phê Vương,Nước ép cam nguyên chất,27000,ly,Ép cam sành tự nhiên nhiều vitamin C
ChIJiT-zSABfNDERVooNsWw4qI0,A Hiếu Tea & Coffee,Cà phê đen đá pha phin,25000,ly,Cà phê đen truyền thống đậm đà
ChIJiT-zSABfNDERVooNsWw4qI0,A Hiếu Tea & Coffee,Cà phê sữa đá,28000,ly,Cà phê sữa pha phin béo ngậy
ChIJiT-zSABfNDERVooNsWw4qI0,A Hiếu Tea & Coffee,Bạc xỉu cốt dừa,30000,ly,Nhiều sữa béo ngậy vị dừa hòa quyện chút cà phê
ChIJiT-zSABfNDERVooNsWw4qI0,A Hiếu Tea & Coffee,Trà đào cam sả,40000,ly,Trà đào thơm mát kết hợp lát đào cam tươi sả thơm
ChIJiT-zSABfNDERVooNsWw4qI0,A Hiếu Tea & Coffee,Trà sữa trân châu truyền thống,40000,ly,Trà sữa đậm trà kèm trân châu đen dai giòn
ChIJiT-zSABfNDERVooNsWw4qI0,A Hiếu Tea & Coffee,Sinh tố bơ sáp,40000,ly,Sinh tố bơ sáp tươi ngon xay sữa đặc ngậy béo
ChIJiT-zSABfNDERVooNsWw4qI0,A Hiếu Tea & Coffee,Nước ép cam nguyên chất,33000,ly,Ép cam sành tự nhiên nhiều vitamin C
ChIJrdtOBwBbNDERiqAplycVB4g,Choén,Gà rán giòn rụm tiêu cay (1 miếng),33000,miếng,Thịt gà tươi tẩm bột chiên vàng giòn da ngoài mọng nước bên trong
ChIJrdtOBwBbNDERiqAplycVB4g,Choén,Burger bò phô mai xá xíu đặc biệt,50000,chiếc,"Burger kẹp bò băm nướng lò, phô mai lát béo ngậy, sốt đặc biệt"
ChIJrdtOBwBbNDERiqAplycVB4g,Choén,Pizza xúc xích xông khói phô mai (Size 20cm),110000,chiếc,Đế pizza nướng giòn rưới đẫm phô mai Mozzarella nhập khẩu
ChIJrdtOBwBbNDERiqAplycVB4g,Choén,Khoai tây chiên giòn cọng lớn,22000,đĩa,Khoai tây vàng giòn tơi xốp ăn kèm sốt cà chua
ChIJ9RPqCABbNDER7Uqfqj-1VTY,Bún Chả Thu Hà,"Bún đậu mắm tôm đầy đủ (Đậu, thịt chân giò, nem chua rán, chả cốm)",40000,suất,Mẹt bún đậu đầy đủ nguyên liệu tươi ngon kèm rau thơm kinh giới
ChIJ9RPqCABbNDER7Uqfqj-1VTY,Bún Chả Thu Hà,Bún đậu thường (Đậu chiên giòn),25000,suất,Bún đậu chay đơn giản với đậu phụ rán giòn
ChIJ9RPqCABbNDER7Uqfqj-1VTY,Bún Chả Thu Hà,Bún chả Hà Nội truyền thống,42000,suất,Chả miếng và chả viên nướng than hoa thơm phức trong bát nước chấm chua ngọt
ChIJ9RPqCABbNDER7Uqfqj-1VTY,Bún Chả Thu Hà,Nem cua bể chiên giòn,18000,chiếc,Nem cua bể giòn rụm nhiều nhân
ChIJ9RPqCABbNDER7Uqfqj-1VTY,Bún Chả Thu Hà,Nước sấu đá ngầm chua ngọt,12000,cốc,Đồ uống giải nhiệt cực hợp vị bún đậu
ChIJF7MqUABbNDER78IFbUUpua4,Hoa Hồng Quán,Cá kho tộ miền Tây đậm vị,85000,tộ,Cá trắm đen kho tộ sánh quyện nước hàng dừa
ChIJF7MqUABbNDER78IFbUUpua4,Hoa Hồng Quán,Thịt ba chỉ rang cháy cạnh,73000,đĩa,Thịt ba chỉ ba chỉ giòn rưới mỡ hành
ChIJF7MqUABbNDER78IFbUUpua4,Hoa Hồng Quán,Sườn non xào chua ngọt,75000,đĩa,Sườn non xào cùng dứa và ớt chuông sốt chua cay
ChIJF7MqUABbNDER78IFbUUpua4,Hoa Hồng Quán,Rau muống luộc dầm sấu / xào tỏi,30000,đĩa,Rau muống tươi xanh luộc chấm nước mắm chanh ớt
ChIJF7MqUABbNDER78IFbUUpua4,Hoa Hồng Quán,Canh riêu cua đồng cà pháo,47000,bát,Canh cua đồng mát lạnh ăn kèm cà pháo giòn tan
ChIJF7MqUABbNDER78IFbUUpua4,Hoa Hồng Quán,Cơm trắng gạo tám thơm,15000,niêu,Niêu cơm gạo tám dẻo thơm
ChIJH_NyWABbNDERujHbDDzUs2Q,Nhà hàng Cơm Quê Phú Bà - Hương Vị Việt,Cơm rang dưa bò,40000,đĩa,Cơm rang hạt giòn tơi xào cùng cải dưa chua và thịt bò tươi mềm
ChIJH_NyWABbNDERujHbDDzUs2Q,Nhà hàng Cơm Quê Phú Bà - Hương Vị Việt,Cơm rang thập cẩm giòn,37000,đĩa,Cơm rang lạp xưởng ngô ngọt đậu hà lan rưới trứng vàng
ChIJH_NyWABbNDERujHbDDzUs2Q,Nhà hàng Cơm Quê Phú Bà - Hương Vị Việt,Cơm thố xá xíu nóng hổi,45000,thố,"Cơm nấu niêu thố đất tạo lớp cháy giòn nhẹ, phủ thịt xá xíu đậm sốt"
ChIJH_NyWABbNDERujHbDDzUs2Q,Nhà hàng Cơm Quê Phú Bà - Hương Vị Việt,Suất cơm bình dân tự chọn (3 món mặn + rau),33000,suất,Cơm suất bình dân đầy đặn sạch sẽ cho sinh viên và người đi làm
ChIJH_NyWABbNDERujHbDDzUs2Q,Nhà hàng Cơm Quê Phú Bà - Hương Vị Việt,Cơm tấm sườn bì chả Sài Gòn,38000,đĩa,Cơm tấm ăn kèm sườn nướng mặn ngọt chả trứng bì heo thính và nước mắm chua cay
ChIJYQh0iAlbNDER9rfwlb6HnH0,Bia Hơi Chuẩn Hoàng Hoa Thám,Bia hơi Hà Nội mát lạnh,12000,cốc,Bia hơi tươi rói rót trực tiếp từ vòi bom lạnh
ChIJYQh0iAlbNDER9rfwlb6HnH0,Bia Hơi Chuẩn Hoàng Hoa Thám,Đậu phụ lướt ván nóng giòn,27000,đĩa,Đậu hũ non chiên lướt ván ngoài vàng giòn trong mịn mượt như thạch
ChIJYQh0iAlbNDER9rfwlb6HnH0,Bia Hơi Chuẩn Hoàng Hoa Thám,Đĩa lạc rang muối / lạc luộc mộc mạc,12000,đĩa,Đồ nhắm bia truyền thống
ChIJYQh0iAlbNDER9rfwlb6HnH0,Bia Hơi Chuẩn Hoàng Hoa Thám,Nộm tai heo đu đủ xanh chua ngọt,60000,đĩa,Tai heo giòn sần sật trộn đu đủ bào sợi nước nộm chua ngọt sảng khoái
ChIJYQh0iAlbNDER9rfwlb6HnH0,Bia Hơi Chuẩn Hoàng Hoa Thám,Sụn gà chiên mắm rang muối,97000,đĩa,Sụn gà ta giòn sần sật tẩm ướp chiên xóc muối ớt tỏi
ChIJb5HoPwBbNDERbk38AiKU5Mg,"Chốt Quán - Bánh Mì Patê Xá Xíu, Thịt Nướng Doner Kebab, Lạp Xưởng Xúc Xích",Lẩu cua đồng sườn sụn bắp bò,350000,nồi,"Nồi lẩu riêu cua đồng nguyên chất siêu nhiều gạch, kèm bắp bò sườn sụn"
ChIJb5HoPwBbNDERbk38AiKU5Mg,"Chốt Quán - Bánh Mì Patê Xá Xíu, Thịt Nướng Doner Kebab, Lạp Xưởng Xúc Xích",Lẩu Thái hải sản chua cay,409000,nồi,"Nước lẩu Tomyum chua cay nhúng tôm, mực, ngao, nấm"
ChIJb5HoPwBbNDERbk38AiKU5Mg,"Chốt Quán - Bánh Mì Patê Xá Xíu, Thịt Nướng Doner Kebab, Lạp Xưởng Xúc Xích",Set nướng BBQ thập cẩm bò ba chỉ,319000,set,"Bắp bò, ba chỉ heo cuộn nấm kim châm tẩm sốt BBQ nướng xèo xèo"
ChIJb5HoPwBbNDERbk38AiKU5Mg,"Chốt Quán - Bánh Mì Patê Xá Xíu, Thịt Nướng Doner Kebab, Lạp Xưởng Xúc Xích",Ba chỉ bò Mỹ nhúng thêm,75000,đĩa,Thịt ba chỉ bò Mỹ thái mỏng cuốn nấm
ChIJb5HoPwBbNDERbk38AiKU5Mg,"Chốt Quán - Bánh Mì Patê Xá Xíu, Thịt Nướng Doner Kebab, Lạp Xưởng Xúc Xích",Sườn sụn non heo thêm,75000,đĩa,Sườn non giòn sần sật nhúng lẩu
ChIJb5HoPwBbNDERbk38AiKU5Mg,"Chốt Quán - Bánh Mì Patê Xá Xíu, Thịt Nướng Doner Kebab, Lạp Xưởng Xúc Xích",Rau nấm tổng hợp nhúng lẩu,30000,đĩa,"Nấm kim châm, cải thảo, rau muống tươi"
ChIJB9mQt5NbNDERobFKp7XgQMM,Bánh tráng cuốn Mai Hương,Cá kho tộ miền Tây đậm vị,90000,tộ,Cá trắm đen kho tộ sánh quyện nước hàng dừa
ChIJB9mQt5NbNDERobFKp7XgQMM,Bánh tráng cuốn Mai Hương,Thịt ba chỉ rang cháy cạnh,70000,đĩa,Thịt ba chỉ ba chỉ giòn rưới mỡ hành
ChIJB9mQt5NbNDERobFKp7XgQMM,Bánh tráng cuốn Mai Hương,Sườn non xào chua ngọt,78000,đĩa,Sườn non xào cùng dứa và ớt chuông sốt chua cay
ChIJB9mQt5NbNDERobFKp7XgQMM,Bánh tráng cuốn Mai Hương,Rau muống luộc dầm sấu / xào tỏi,27000,đĩa,Rau muống tươi xanh luộc chấm nước mắm chanh ớt
ChIJB9mQt5NbNDERobFKp7XgQMM,Bánh tráng cuốn Mai Hương,Canh riêu cua đồng cà pháo,45000,bát,Canh cua đồng mát lạnh ăn kèm cà pháo giòn tan
ChIJB9mQt5NbNDERobFKp7XgQMM,Bánh tráng cuốn Mai Hương,Cơm trắng gạo tám thơm,15000,niêu,Niêu cơm gạo tám dẻo thơm
ChIJcQfOTgBbNDERP8Cg81U85Xs,Tiệm trà Bảo An,Cà phê đen đá pha phin,19000,ly,Cà phê đen truyền thống đậm đà
ChIJcQfOTgBbNDERP8Cg81U85Xs,Tiệm trà Bảo An,Cà phê sữa đá,28000,ly,Cà phê sữa pha phin béo ngậy
ChIJcQfOTgBbNDERP8Cg81U85Xs,Tiệm trà Bảo An,Bạc xỉu cốt dừa,33000,ly,Nhiều sữa béo ngậy vị dừa hòa quyện chút cà phê
ChIJcQfOTgBbNDERP8Cg81U85Xs,Tiệm trà Bảo An,Trà đào cam sả,40000,ly,Trà đào thơm mát kết hợp lát đào cam tươi sả thơm
ChIJcQfOTgBbNDERP8Cg81U85Xs,Tiệm trà Bảo An,Trà sữa trân châu truyền thống,40000,ly,Trà sữa đậm trà kèm trân châu đen dai giòn
ChIJcQfOTgBbNDERP8Cg81U85Xs,Tiệm trà Bảo An,Sinh tố bơ sáp,35000,ly,Sinh tố bơ sáp tươi ngon xay sữa đặc ngậy béo
ChIJcQfOTgBbNDERP8Cg81U85Xs,Tiệm trà Bảo An,Nước ép cam nguyên chất,33000,ly,Ép cam sành tự nhiên nhiều vitamin C
ChIJQyrCjpRbNDERa86K8LVri0k,Tâm Hoa - Nướng Bbq,Lẩu cua đồng sườn sụn bắp bò,360000,nồi,"Nồi lẩu riêu cua đồng nguyên chất siêu nhiều gạch, kèm bắp bò sườn sụn"
ChIJQyrCjpRbNDERa86K8LVri0k,Tâm Hoa - Nướng Bbq,Lẩu Thái hải sản chua cay,389000,nồi,"Nước lẩu Tomyum chua cay nhúng tôm, mực, ngao, nấm"
ChIJQyrCjpRbNDERa86K8LVri0k,Tâm Hoa - Nướng Bbq,Set nướng BBQ thập cẩm bò ba chỉ,289000,set,"Bắp bò, ba chỉ heo cuộn nấm kim châm tẩm sốt BBQ nướng xèo xèo"
ChIJQyrCjpRbNDERa86K8LVri0k,Tâm Hoa - Nướng Bbq,Ba chỉ bò Mỹ nhúng thêm,85000,đĩa,Thịt ba chỉ bò Mỹ thái mỏng cuốn nấm
ChIJQyrCjpRbNDERa86K8LVri0k,Tâm Hoa - Nướng Bbq,Sườn sụn non heo thêm,80000,đĩa,Sườn non giòn sần sật nhúng lẩu
ChIJQyrCjpRbNDERa86K8LVri0k,Tâm Hoa - Nướng Bbq,Rau nấm tổng hợp nhúng lẩu,30000,đĩa,"Nấm kim châm, cải thảo, rau muống tươi"
ChIJpSMKfgNbNDERfUO6ay-dxt4,Góc Ăn Vặt,Ốc luộc sả lá chanh truyền thống,40000,bát,Ốc vặn/ốc nhồi mít luộc thơm mùi sả chấm nước mắm gừng cay ngọt đặc sản
ChIJpSMKfgNbNDERfUO6ay-dxt4,Góc Ăn Vặt,Ốc móng tay xào bơ tỏi thơm lừng,72000,đĩa,Ốc móng tay tươi ngọt sốt bơ tỏi sánh béo chấm bánh mì tuyệt đỉnh
ChIJpSMKfgNbNDERfUO6ay-dxt4,Góc Ăn Vặt,Nem chua rán giòn rụm (10 cái),50000,đĩa,Nem chua rán nóng hổi chấm tương ớt cay nồng
ChIJpSMKfgNbNDERfUO6ay-dxt4,Góc Ăn Vặt,Khoai tây chiên lắc bột phô mai,37000,đĩa,Món khai vị ăn vặt khoái khẩu
ChIJpSMKfgNbNDERfUO6ay-dxt4,Góc Ăn Vặt,Trà quất mật ong khổng lồ,12000,cốc,Trà quất mát chua ngọt cực đã khát
ChIJGbZkfwBbNDERJqYhy3uxZZE,Bún Cháo Tuấn Hưng Gà Mía,Gà ri hấp lá chanh (Cả con),220000,con,Gà ri đồi nuôi thả tự nhiên dai ngọt da vàng giòn
ChIJGbZkfwBbNDERJqYhy3uxZZE,Bún Cháo Tuấn Hưng Gà Mía,Gà ri nướng mật ong (Cả con),260000,con,Gà ri nướng mật ong thơm phức vàng óng
ChIJGbZkfwBbNDERJqYhy3uxZZE,Bún Cháo Tuấn Hưng Gà Mía,Gà rang muối tỏi,140000,đĩa,Gà ta chặt miếng rang muối đậm đà sần sật
ChIJGbZkfwBbNDERJqYhy3uxZZE,Bún Cháo Tuấn Hưng Gà Mía,Lẩu gà ri thuốc bắc,330000,nồi,Nồi lẩu gà ri thuốc bắc bổ dưỡng kèm rau nấm
ChIJGbZkfwBbNDERJqYhy3uxZZE,Bún Cháo Tuấn Hưng Gà Mía,Xôi chim câu hành phi,80000,đĩa,Xôi nếp dẻo thơm ăn kèm thịt chim câu băm nhỏ
ChIJGbZkfwBbNDERJqYhy3uxZZE,Bún Cháo Tuấn Hưng Gà Mía,Lòng mề gà xào mướp giá,70000,đĩa,Lòng mề gà ri giòn xào mướp hương thơm phức
ChIJQ1AUcgBbNDER0Jbg6dQj3nQ,Ốc Sài Gòn,Ốc luộc sả lá chanh truyền thống,38000,bát,Ốc vặn/ốc nhồi mít luộc thơm mùi sả chấm nước mắm gừng cay ngọt đặc sản
ChIJQ1AUcgBbNDER0Jbg6dQj3nQ,Ốc Sài Gòn,Ốc móng tay xào bơ tỏi thơm lừng,68000,đĩa,Ốc móng tay tươi ngọt sốt bơ tỏi sánh béo chấm bánh mì tuyệt đỉnh
ChIJQ1AUcgBbNDER0Jbg6dQj3nQ,Ốc Sài Gòn,Nem chua rán giòn rụm (10 cái),45000,đĩa,Nem chua rán nóng hổi chấm tương ớt cay nồng
ChIJQ1AUcgBbNDER0Jbg6dQj3nQ,Ốc Sài Gòn,Khoai tây chiên lắc bột phô mai,35000,đĩa,Món khai vị ăn vặt khoái khẩu
ChIJQ1AUcgBbNDER0Jbg6dQj3nQ,Ốc Sài Gòn,Trà quất mật ong khổng lồ,18000,cốc,Trà quất mát chua ngọt cực đã khát
ChIJN_PMlZRbNDERIMCHIECPt2E,Linh Anh Quán,Cá kho tộ miền Tây đậm vị,90000,tộ,Cá trắm đen kho tộ sánh quyện nước hàng dừa
ChIJN_PMlZRbNDERIMCHIECPt2E,Linh Anh Quán,Thịt ba chỉ rang cháy cạnh,80000,đĩa,Thịt ba chỉ ba chỉ giòn rưới mỡ hành
ChIJN_PMlZRbNDERIMCHIECPt2E,Linh Anh Quán,Sườn non xào chua ngọt,85000,đĩa,Sườn non xào cùng dứa và ớt chuông sốt chua cay
ChIJN_PMlZRbNDERIMCHIECPt2E,Linh Anh Quán,Rau muống luộc dầm sấu / xào tỏi,30000,đĩa,Rau muống tươi xanh luộc chấm nước mắm chanh ớt
ChIJN_PMlZRbNDERIMCHIECPt2E,Linh Anh Quán,Canh riêu cua đồng cà pháo,45000,bát,Canh cua đồng mát lạnh ăn kèm cà pháo giòn tan
ChIJN_PMlZRbNDERIMCHIECPt2E,Linh Anh Quán,Cơm trắng gạo tám thơm,12000,niêu,Niêu cơm gạo tám dẻo thơm
ChIJv0BhQPxbNDER8ZyNkSrsce4,Bánh Mỳ Chảo Kozzo,Gà rán giòn rụm tiêu cay (1 miếng),37000,miếng,Thịt gà tươi tẩm bột chiên vàng giòn da ngoài mọng nước bên trong
ChIJv0BhQPxbNDER8ZyNkSrsce4,Bánh Mỳ Chảo Kozzo,Burger bò phô mai xá xíu đặc biệt,40000,chiếc,"Burger kẹp bò băm nướng lò, phô mai lát béo ngậy, sốt đặc biệt"
ChIJv0BhQPxbNDER8ZyNkSrsce4,Bánh Mỳ Chảo Kozzo,Pizza xúc xích xông khói phô mai (Size 20cm),140000,chiếc,Đế pizza nướng giòn rưới đẫm phô mai Mozzarella nhập khẩu
ChIJv0BhQPxbNDER8ZyNkSrsce4,Bánh Mỳ Chảo Kozzo,Khoai tây chiên giòn cọng lớn,25000,đĩa,Khoai tây vàng giòn tơi xốp ăn kèm sốt cà chua
ChIJ97C3IYNdNDER239rtN-qZ-A,Lẩu Hoa Thảo Dược Ngọc Linh,Lẩu cua đồng sườn sụn bắp bò,350000,nồi,"Nồi lẩu riêu cua đồng nguyên chất siêu nhiều gạch, kèm bắp bò sườn sụn"
ChIJ97C3IYNdNDER239rtN-qZ-A,Lẩu Hoa Thảo Dược Ngọc Linh,Lẩu Thái hải sản chua cay,409000,nồi,"Nước lẩu Tomyum chua cay nhúng tôm, mực, ngao, nấm"
ChIJ97C3IYNdNDER239rtN-qZ-A,Lẩu Hoa Thảo Dược Ngọc Linh,Set nướng BBQ thập cẩm bò ba chỉ,319000,set,"Bắp bò, ba chỉ heo cuộn nấm kim châm tẩm sốt BBQ nướng xèo xèo"
ChIJ97C3IYNdNDER239rtN-qZ-A,Lẩu Hoa Thảo Dược Ngọc Linh,Ba chỉ bò Mỹ nhúng thêm,75000,đĩa,Thịt ba chỉ bò Mỹ thái mỏng cuốn nấm
ChIJ97C3IYNdNDER239rtN-qZ-A,Lẩu Hoa Thảo Dược Ngọc Linh,Sườn sụn non heo thêm,75000,đĩa,Sườn non giòn sần sật nhúng lẩu
ChIJ97C3IYNdNDER239rtN-qZ-A,Lẩu Hoa Thảo Dược Ngọc Linh,Rau nấm tổng hợp nhúng lẩu,33000,đĩa,"Nấm kim châm, cải thảo, rau muống tươi"
ChIJjQdXFABfNDERkRp_2wJJ8zs,Quán Cây Si,Cá kho tộ miền Tây đậm vị,83000,tộ,Cá trắm đen kho tộ sánh quyện nước hàng dừa
ChIJjQdXFABfNDERkRp_2wJJ8zs,Quán Cây Si,Thịt ba chỉ rang cháy cạnh,80000,đĩa,Thịt ba chỉ ba chỉ giòn rưới mỡ hành
ChIJjQdXFABfNDERkRp_2wJJ8zs,Quán Cây Si,Sườn non xào chua ngọt,78000,đĩa,Sườn non xào cùng dứa và ớt chuông sốt chua cay
ChIJjQdXFABfNDERkRp_2wJJ8zs,Quán Cây Si,Rau muống luộc dầm sấu / xào tỏi,30000,đĩa,Rau muống tươi xanh luộc chấm nước mắm chanh ớt
ChIJjQdXFABfNDERkRp_2wJJ8zs,Quán Cây Si,Canh riêu cua đồng cà pháo,45000,bát,Canh cua đồng mát lạnh ăn kèm cà pháo giòn tan
ChIJjQdXFABfNDERkRp_2wJJ8zs,Quán Cây Si,Cơm trắng gạo tám thơm,15000,niêu,Niêu cơm gạo tám dẻo thơm
ChIJ99oW1hlbNDERNM7H2sg92Js,Quán Cơm Tuyết Ngân,Cơm rang dưa bò,40000,đĩa,Cơm rang hạt giòn tơi xào cùng cải dưa chua và thịt bò tươi mềm
ChIJ99oW1hlbNDERNM7H2sg92Js,Quán Cơm Tuyết Ngân,Cơm rang thập cẩm giòn,35000,đĩa,Cơm rang lạp xưởng ngô ngọt đậu hà lan rưới trứng vàng
ChIJ99oW1hlbNDERNM7H2sg92Js,Quán Cơm Tuyết Ngân,Cơm thố xá xíu nóng hổi,38000,thố,"Cơm nấu niêu thố đất tạo lớp cháy giòn nhẹ, phủ thịt xá xíu đậm sốt"
ChIJ99oW1hlbNDERNM7H2sg92Js,Quán Cơm Tuyết Ngân,Suất cơm bình dân tự chọn (3 món mặn + rau),27000,suất,Cơm suất bình dân đầy đặn sạch sẽ cho sinh viên và người đi làm
ChIJ99oW1hlbNDERNM7H2sg92Js,Quán Cơm Tuyết Ngân,Cơm tấm sườn bì chả Sài Gòn,40000,đĩa,Cơm tấm ăn kèm sườn nướng mặn ngọt chả trứng bì heo thính và nước mắm chua cay
ChIJRxu8ZABdNDERkPYMaJr2b8M,Cơm Đại Tuyết,Cơm rang dưa bò,40000,đĩa,Cơm rang hạt giòn tơi xào cùng cải dưa chua và thịt bò tươi mềm
ChIJRxu8ZABdNDERkPYMaJr2b8M,Cơm Đại Tuyết,Cơm rang thập cẩm giòn,30000,đĩa,Cơm rang lạp xưởng ngô ngọt đậu hà lan rưới trứng vàng
ChIJRxu8ZABdNDERkPYMaJr2b8M,Cơm Đại Tuyết,Cơm thố xá xíu nóng hổi,45000,thố,"Cơm nấu niêu thố đất tạo lớp cháy giòn nhẹ, phủ thịt xá xíu đậm sốt"
ChIJRxu8ZABdNDERkPYMaJr2b8M,Cơm Đại Tuyết,Suất cơm bình dân tự chọn (3 món mặn + rau),27000,suất,Cơm suất bình dân đầy đặn sạch sẽ cho sinh viên và người đi làm
ChIJRxu8ZABdNDERkPYMaJr2b8M,Cơm Đại Tuyết,Cơm tấm sườn bì chả Sài Gòn,40000,đĩa,Cơm tấm ăn kèm sườn nướng mặn ngọt chả trứng bì heo thính và nước mắm chua cay
ChIJn-0HUABdNDER0R0ldppMv_M,Bia Chung Pộc,Bia hơi Hà Nội mát lạnh,12000,cốc,Bia hơi tươi rói rót trực tiếp từ vòi bom lạnh
ChIJn-0HUABdNDER0R0ldppMv_M,Bia Chung Pộc,Đậu phụ lướt ván nóng giòn,30000,đĩa,Đậu hũ non chiên lướt ván ngoài vàng giòn trong mịn mượt như thạch
ChIJn-0HUABdNDER0R0ldppMv_M,Bia Chung Pộc,Đĩa lạc rang muối / lạc luộc mộc mạc,12000,đĩa,Đồ nhắm bia truyền thống
ChIJn-0HUABdNDER0R0ldppMv_M,Bia Chung Pộc,Nộm tai heo đu đủ xanh chua ngọt,65000,đĩa,Tai heo giòn sần sật trộn đu đủ bào sợi nước nộm chua ngọt sảng khoái
ChIJn-0HUABdNDER0R0ldppMv_M,Bia Chung Pộc,Sụn gà chiên mắm rang muối,90000,đĩa,Sụn gà ta giòn sần sật tẩm ướp chiên xóc muối ớt tỏi
ChIJla8yVABdNDERHIcZEOmtvm4,Bún Cháo Đức Lương,Cháo lòng heo đầy đủ dồi sụn tiết luộc,33000,bát,Cháo lòng nấu gạo tẻ sánh ngọt cùng lòng non dồi sụn gan luộc
ChIJla8yVABdNDERHIcZEOmtvm4,Bún Cháo Đức Lương,Cháo sườn sụn nóng hổi hành hoa,37000,bát,Cháo bột sườn non sánh mịn giòn sần sật sườn sụn non
ChIJla8yVABdNDERHIcZEOmtvm4,Bún Cháo Đức Lương,Quẩy giòn ăn cháo,2000,đĩa,Quẩy ăn kèm cháo ngon tuyệt
ChIJG0r-dG9dNDERq7OaGW2hnN0,Việt Hường Quán,Cá kho tộ miền Tây đậm vị,83000,tộ,Cá trắm đen kho tộ sánh quyện nước hàng dừa
ChIJG0r-dG9dNDERq7OaGW2hnN0,Việt Hường Quán,Thịt ba chỉ rang cháy cạnh,75000,đĩa,Thịt ba chỉ ba chỉ giòn rưới mỡ hành
ChIJG0r-dG9dNDERq7OaGW2hnN0,Việt Hường Quán,Sườn non xào chua ngọt,82000,đĩa,Sườn non xào cùng dứa và ớt chuông sốt chua cay
ChIJG0r-dG9dNDERq7OaGW2hnN0,Việt Hường Quán,Rau muống luộc dầm sấu / xào tỏi,33000,đĩa,Rau muống tươi xanh luộc chấm nước mắm chanh ớt
ChIJG0r-dG9dNDERq7OaGW2hnN0,Việt Hường Quán,Canh riêu cua đồng cà pháo,43000,bát,Canh cua đồng mát lạnh ăn kèm cà pháo giòn tan
ChIJG0r-dG9dNDERq7OaGW2hnN0,Việt Hường Quán,Cơm trắng gạo tám thơm,12000,niêu,Niêu cơm gạo tám dẻo thơm
ChIJ46rUaQBbNDERBusOU91ToRU,Nhà Hàng Mạnh Hưng,Cá kho tộ miền Tây đậm vị,83000,tộ,Cá trắm đen kho tộ sánh quyện nước hàng dừa
ChIJ46rUaQBbNDERBusOU91ToRU,Nhà Hàng Mạnh Hưng,Thịt ba chỉ rang cháy cạnh,73000,đĩa,Thịt ba chỉ ba chỉ giòn rưới mỡ hành
ChIJ46rUaQBbNDERBusOU91ToRU,Nhà Hàng Mạnh Hưng,Sườn non xào chua ngọt,75000,đĩa,Sườn non xào cùng dứa và ớt chuông sốt chua cay
ChIJ46rUaQBbNDERBusOU91ToRU,Nhà Hàng Mạnh Hưng,Rau muống luộc dầm sấu / xào tỏi,30000,đĩa,Rau muống tươi xanh luộc chấm nước mắm chanh ớt
ChIJ46rUaQBbNDERBusOU91ToRU,Nhà Hàng Mạnh Hưng,Canh riêu cua đồng cà pháo,47000,bát,Canh cua đồng mát lạnh ăn kèm cà pháo giòn tan
ChIJ46rUaQBbNDERBusOU91ToRU,Nhà Hàng Mạnh Hưng,Cơm trắng gạo tám thơm,15000,niêu,Niêu cơm gạo tám dẻo thơm
ChIJ94ZbYgBbNDERmECARjOnCYw,Cơm Thanh,Cơm rang dưa bò,40000,đĩa,Cơm rang hạt giòn tơi xào cùng cải dưa chua và thịt bò tươi mềm
ChIJ94ZbYgBbNDERmECARjOnCYw,Cơm Thanh,Cơm rang thập cẩm giòn,37000,đĩa,Cơm rang lạp xưởng ngô ngọt đậu hà lan rưới trứng vàng
ChIJ94ZbYgBbNDERmECARjOnCYw,Cơm Thanh,Cơm thố xá xíu nóng hổi,38000,thố,"Cơm nấu niêu thố đất tạo lớp cháy giòn nhẹ, phủ thịt xá xíu đậm sốt"
ChIJ94ZbYgBbNDERmECARjOnCYw,Cơm Thanh,Suất cơm bình dân tự chọn (3 món mặn + rau),30000,suất,Cơm suất bình dân đầy đặn sạch sẽ cho sinh viên và người đi làm
ChIJ94ZbYgBbNDERmECARjOnCYw,Cơm Thanh,Cơm tấm sườn bì chả Sài Gòn,42000,đĩa,Cơm tấm ăn kèm sườn nướng mặn ngọt chả trứng bì heo thính và nước mắm chua cay
ChIJdapUcwBbNDERz2l7T4lai4w,Buffet xiên,Lẩu cua đồng sườn sụn bắp bò,330000,nồi,"Nồi lẩu riêu cua đồng nguyên chất siêu nhiều gạch, kèm bắp bò sườn sụn"
ChIJdapUcwBbNDERz2l7T4lai4w,Buffet xiên,Lẩu Thái hải sản chua cay,389000,nồi,"Nước lẩu Tomyum chua cay nhúng tôm, mực, ngao, nấm"
ChIJdapUcwBbNDERz2l7T4lai4w,Buffet xiên,Set nướng BBQ thập cẩm bò ba chỉ,309000,set,"Bắp bò, ba chỉ heo cuộn nấm kim châm tẩm sốt BBQ nướng xèo xèo"
ChIJdapUcwBbNDERz2l7T4lai4w,Buffet xiên,Ba chỉ bò Mỹ nhúng thêm,75000,đĩa,Thịt ba chỉ bò Mỹ thái mỏng cuốn nấm
ChIJdapUcwBbNDERz2l7T4lai4w,Buffet xiên,Sườn sụn non heo thêm,80000,đĩa,Sườn non giòn sần sật nhúng lẩu
ChIJdapUcwBbNDERz2l7T4lai4w,Buffet xiên,Rau nấm tổng hợp nhúng lẩu,30000,đĩa,"Nấm kim châm, cải thảo, rau muống tươi"
ChIJgRvYGwBbNDERzWED95EdIMM,Nhà hàng Thuỷ Tiên,Cá kho tộ miền Tây đậm vị,85000,tộ,Cá trắm đen kho tộ sánh quyện nước hàng dừa
ChIJgRvYGwBbNDERzWED95EdIMM,Nhà hàng Thuỷ Tiên,Thịt ba chỉ rang cháy cạnh,70000,đĩa,Thịt ba chỉ ba chỉ giòn rưới mỡ hành
ChIJgRvYGwBbNDERzWED95EdIMM,Nhà hàng Thuỷ Tiên,Sườn non xào chua ngọt,85000,đĩa,Sườn non xào cùng dứa và ớt chuông sốt chua cay
ChIJgRvYGwBbNDERzWED95EdIMM,Nhà hàng Thuỷ Tiên,Rau muống luộc dầm sấu / xào tỏi,30000,đĩa,Rau muống tươi xanh luộc chấm nước mắm chanh ớt
ChIJgRvYGwBbNDERzWED95EdIMM,Nhà hàng Thuỷ Tiên,Canh riêu cua đồng cà pháo,43000,bát,Canh cua đồng mát lạnh ăn kèm cà pháo giòn tan
ChIJgRvYGwBbNDERzWED95EdIMM,Nhà hàng Thuỷ Tiên,Cơm trắng gạo tám thơm,15000,niêu,Niêu cơm gạo tám dẻo thơm
ChIJ_XO2KABbNDERd9JXHRZW7Mo,Bia Chó Xuân Dưỡng,Bia hơi Hà Nội mát lạnh,15000,cốc,Bia hơi tươi rói rót trực tiếp từ vòi bom lạnh
ChIJ_XO2KABbNDERd9JXHRZW7Mo,Bia Chó Xuân Dưỡng,Đậu phụ lướt ván nóng giòn,33000,đĩa,Đậu hũ non chiên lướt ván ngoài vàng giòn trong mịn mượt như thạch
ChIJ_XO2KABbNDERd9JXHRZW7Mo,Bia Chó Xuân Dưỡng,Đĩa lạc rang muối / lạc luộc mộc mạc,12000,đĩa,Đồ nhắm bia truyền thống
ChIJ_XO2KABbNDERd9JXHRZW7Mo,Bia Chó Xuân Dưỡng,Nộm tai heo đu đủ xanh chua ngọt,70000,đĩa,Tai heo giòn sần sật trộn đu đủ bào sợi nước nộm chua ngọt sảng khoái
ChIJ_XO2KABbNDERd9JXHRZW7Mo,Bia Chó Xuân Dưỡng,Sụn gà chiên mắm rang muối,93000,đĩa,Sụn gà ta giòn sần sật tẩm ướp chiên xóc muối ớt tỏi
ChIJ_5OMsX9ZNDERgRZE190wNrs,Cafe New Star,Cà phê đen đá pha phin,22000,ly,Cà phê đen truyền thống đậm đà
ChIJ_5OMsX9ZNDERgRZE190wNrs,Cafe New Star,Cà phê sữa đá,28000,ly,Cà phê sữa pha phin béo ngậy
ChIJ_5OMsX9ZNDERgRZE190wNrs,Cafe New Star,Bạc xỉu cốt dừa,27000,ly,Nhiều sữa béo ngậy vị dừa hòa quyện chút cà phê
ChIJ_5OMsX9ZNDERgRZE190wNrs,Cafe New Star,Trà đào cam sả,37000,ly,Trà đào thơm mát kết hợp lát đào cam tươi sả thơm
ChIJ_5OMsX9ZNDERgRZE190wNrs,Cafe New Star,Trà sữa trân châu truyền thống,30000,ly,Trà sữa đậm trà kèm trân châu đen dai giòn
ChIJ_5OMsX9ZNDERgRZE190wNrs,Cafe New Star,Sinh tố bơ sáp,30000,ly,Sinh tố bơ sáp tươi ngon xay sữa đặc ngậy béo
ChIJ_5OMsX9ZNDERgRZE190wNrs,Cafe New Star,Nước ép cam nguyên chất,30000,ly,Ép cam sành tự nhiên nhiều vitamin C
ChIJgSZdTwBbNDERC9vYgwsp0Jc,Quán bia hơi Đông Mạnh,Bia hơi Hà Nội mát lạnh,9000,cốc,Bia hơi tươi rói rót trực tiếp từ vòi bom lạnh
ChIJgSZdTwBbNDERC9vYgwsp0Jc,Quán bia hơi Đông Mạnh,Đậu phụ lướt ván nóng giòn,30000,đĩa,Đậu hũ non chiên lướt ván ngoài vàng giòn trong mịn mượt như thạch
ChIJgSZdTwBbNDERC9vYgwsp0Jc,Quán bia hơi Đông Mạnh,Đĩa lạc rang muối / lạc luộc mộc mạc,12000,đĩa,Đồ nhắm bia truyền thống
ChIJgSZdTwBbNDERC9vYgwsp0Jc,Quán bia hơi Đông Mạnh,Nộm tai heo đu đủ xanh chua ngọt,60000,đĩa,Tai heo giòn sần sật trộn đu đủ bào sợi nước nộm chua ngọt sảng khoái
ChIJgSZdTwBbNDERC9vYgwsp0Jc,Quán bia hơi Đông Mạnh,Sụn gà chiên mắm rang muối,100000,đĩa,Sụn gà ta giòn sần sật tẩm ướp chiên xóc muối ớt tỏi
ChIJgbjgdopZNDERp7QGLF_tmjI,ALO CHICKEN BÌNH YÊN,Mì cay Seoul hải sản cấp độ 0-7,40000,tô,"Mì ramen Hàn Quốc tôm, mực, chả viên nước dùng kim chi cay chua kích thích"
ChIJgbjgdopZNDERp7QGLF_tmjI,ALO CHICKEN BÌNH YÊN,Mì cay bò Mỹ cấp độ 0-7,47000,tô,Mì cay Hàn Quốc nhúng bắp bò Mỹ tươi
ChIJgbjgdopZNDERp7QGLF_tmjI,ALO CHICKEN BÌNH YÊN,Kimbap chiên xù giòn tan,35000,cuộn,Cơm cuộn rong biển tẩm bột chiên xù chấm sốt mayonnaise
ChIJgbjgdopZNDERp7QGLF_tmjI,ALO CHICKEN BÌNH YÊN,Tokbokki truyền thống phô mai sốt cay,35000,đĩa,"Bánh gạo Hàn Quốc xào cùng chả cá xiên, sốt tương ớt Gochujang và phô mai kéo sợi"
ChIJ4e1eDABZNDERHlIcC8HUW9A,Nhà hàng A-LỬ,Cá kho tộ miền Tây đậm vị,83000,tộ,Cá trắm đen kho tộ sánh quyện nước hàng dừa
ChIJ4e1eDABZNDERHlIcC8HUW9A,Nhà hàng A-LỬ,Thịt ba chỉ rang cháy cạnh,75000,đĩa,Thịt ba chỉ ba chỉ giòn rưới mỡ hành
ChIJ4e1eDABZNDERHlIcC8HUW9A,Nhà hàng A-LỬ,Sườn non xào chua ngọt,80000,đĩa,Sườn non xào cùng dứa và ớt chuông sốt chua cay
ChIJ4e1eDABZNDERHlIcC8HUW9A,Nhà hàng A-LỬ,Rau muống luộc dầm sấu / xào tỏi,30000,đĩa,Rau muống tươi xanh luộc chấm nước mắm chanh ớt
ChIJ4e1eDABZNDERHlIcC8HUW9A,Nhà hàng A-LỬ,Canh riêu cua đồng cà pháo,50000,bát,Canh cua đồng mát lạnh ăn kèm cà pháo giòn tan
ChIJ4e1eDABZNDERHlIcC8HUW9A,Nhà hàng A-LỬ,Cơm trắng gạo tám thơm,18000,niêu,Niêu cơm gạo tám dẻo thơm
ChIJm8mIUABZNDERw5PqovLatrM,Mì Trộn Dolly,Cá kho tộ miền Tây đậm vị,90000,tộ,Cá trắm đen kho tộ sánh quyện nước hàng dừa
ChIJm8mIUABZNDERw5PqovLatrM,Mì Trộn Dolly,Thịt ba chỉ rang cháy cạnh,70000,đĩa,Thịt ba chỉ ba chỉ giòn rưới mỡ hành
ChIJm8mIUABZNDERw5PqovLatrM,Mì Trộn Dolly,Sườn non xào chua ngọt,75000,đĩa,Sườn non xào cùng dứa và ớt chuông sốt chua cay
ChIJm8mIUABZNDERw5PqovLatrM,Mì Trộn Dolly,Rau muống luộc dầm sấu / xào tỏi,33000,đĩa,Rau muống tươi xanh luộc chấm nước mắm chanh ớt
ChIJm8mIUABZNDERw5PqovLatrM,Mì Trộn Dolly,Canh riêu cua đồng cà pháo,45000,bát,Canh cua đồng mát lạnh ăn kèm cà pháo giòn tan
ChIJm8mIUABZNDERw5PqovLatrM,Mì Trộn Dolly,Cơm trắng gạo tám thơm,18000,niêu,Niêu cơm gạo tám dẻo thơm
ChIJ18NIYgBZNDERnnhpnUd9_zs,Xưởng Mộc Quán ( Bia Hơi 183),Bia hơi Hà Nội mát lạnh,9000,cốc,Bia hơi tươi rói rót trực tiếp từ vòi bom lạnh
ChIJ18NIYgBZNDERnnhpnUd9_zs,Xưởng Mộc Quán ( Bia Hơi 183),Đậu phụ lướt ván nóng giòn,33000,đĩa,Đậu hũ non chiên lướt ván ngoài vàng giòn trong mịn mượt như thạch
ChIJ18NIYgBZNDERnnhpnUd9_zs,Xưởng Mộc Quán ( Bia Hơi 183),Đĩa lạc rang muối / lạc luộc mộc mạc,15000,đĩa,Đồ nhắm bia truyền thống
ChIJ18NIYgBZNDERnnhpnUd9_zs,Xưởng Mộc Quán ( Bia Hơi 183),Nộm tai heo đu đủ xanh chua ngọt,70000,đĩa,Tai heo giòn sần sật trộn đu đủ bào sợi nước nộm chua ngọt sảng khoái
ChIJ18NIYgBZNDERnnhpnUd9_zs,Xưởng Mộc Quán ( Bia Hơi 183),Sụn gà chiên mắm rang muối,90000,đĩa,Sụn gà ta giòn sần sật tẩm ướp chiên xóc muối ớt tỏi
ChIJe7ZrSABZNDERAwTmkLYvwX4,Xôi Bánh Mỳ cô Hà,Xôi xéo ruốc hành phi,17000,đĩa,Xôi xéo thơm nếp dẻo mỡ hành phi
ChIJe7ZrSABZNDERAwTmkLYvwX4,Xôi Bánh Mỳ cô Hà,Bánh mì pate trứng giò,25000,cái,"Bánh mì giòn kẹp pate nhà làm, trứng ốp la, giò lụa"
ChIJe7ZrSABZNDERAwTmkLYvwX4,Xôi Bánh Mỳ cô Hà,Sữa đậu nành nóng,13000,cốc,Sữa đậu nành nguyên chất
ChIJe7ZrSABZNDERAwTmkLYvwX4,Xôi Bánh Mỳ cô Hà,Trà đá,3000,cốc,Trà giải khát sáng sớm
ChIJ7-ljSYdbNDER9BVbufCjvH4,666 BIlliards club Kim Bâu,Bia hơi Hà Nội mát lạnh,12000,cốc,Bia hơi tươi rói rót trực tiếp từ vòi bom lạnh
ChIJ7-ljSYdbNDER9BVbufCjvH4,666 BIlliards club Kim Bâu,Đậu phụ lướt ván nóng giòn,27000,đĩa,Đậu hũ non chiên lướt ván ngoài vàng giòn trong mịn mượt như thạch
ChIJ7-ljSYdbNDER9BVbufCjvH4,666 BIlliards club Kim Bâu,Đĩa lạc rang muối / lạc luộc mộc mạc,15000,đĩa,Đồ nhắm bia truyền thống
ChIJ7-ljSYdbNDER9BVbufCjvH4,666 BIlliards club Kim Bâu,Nộm tai heo đu đủ xanh chua ngọt,65000,đĩa,Tai heo giòn sần sật trộn đu đủ bào sợi nước nộm chua ngọt sảng khoái
ChIJ7-ljSYdbNDER9BVbufCjvH4,666 BIlliards club Kim Bâu,Sụn gà chiên mắm rang muối,93000,đĩa,Sụn gà ta giòn sần sật tẩm ướp chiên xóc muối ớt tỏi
ChIJVQQONABbNDER5zMqJhovLUc,Nhà Hàng Trâu Linh Hương,Thịt trâu xào lá lốt,120000,đĩa,Thịt trâu tươi mềm ngọt xào lá lốt thơm lừng
ChIJVQQONABbNDER5zMqJhovLUc,Nhà Hàng Trâu Linh Hương,Thịt trâu nhúng mẻ chua cay,160000,đĩa,Thịt trâu nhúng nước dùng mẻ chua thanh nhẹ
ChIJVQQONABbNDER5zMqJhovLUc,Nhà Hàng Trâu Linh Hương,Dê tái chanh chấm tương gừng,140000,đĩa,Thịt dê núi hấp tái trộn vừng sả lá chanh
ChIJVQQONABbNDER5zMqJhovLUc,Nhà Hàng Trâu Linh Hương,Dê né bản gang,160000,đĩa,Dê xào nóng hổi trên bản gang kèm đậu bắp
ChIJVQQONABbNDER5zMqJhovLUc,Nhà Hàng Trâu Linh Hương,Lẩu dê núi nhúng mẻ,399000,nồi,Nồi lẩu dê núi ré thơm ngon kèm rau nhúng đặc sản
ChIJVQQONABbNDER5zMqJhovLUc,Nhà Hàng Trâu Linh Hương,Cơm cháy sốt dê,75000,đĩa,Cơm cháy giòn tan rưới nước sốt dê đậm vị
ChIJBbKjylZbNDERBOZ-e80XBkg,Thanh Khải Quán,Cá kho tộ miền Tây đậm vị,85000,tộ,Cá trắm đen kho tộ sánh quyện nước hàng dừa
ChIJBbKjylZbNDERBOZ-e80XBkg,Thanh Khải Quán,Thịt ba chỉ rang cháy cạnh,77000,đĩa,Thịt ba chỉ ba chỉ giòn rưới mỡ hành
ChIJBbKjylZbNDERBOZ-e80XBkg,Thanh Khải Quán,Sườn non xào chua ngọt,78000,đĩa,Sườn non xào cùng dứa và ớt chuông sốt chua cay
ChIJBbKjylZbNDERBOZ-e80XBkg,Thanh Khải Quán,Rau muống luộc dầm sấu / xào tỏi,30000,đĩa,Rau muống tươi xanh luộc chấm nước mắm chanh ớt
ChIJBbKjylZbNDERBOZ-e80XBkg,Thanh Khải Quán,Canh riêu cua đồng cà pháo,43000,bát,Canh cua đồng mát lạnh ăn kèm cà pháo giòn tan
ChIJBbKjylZbNDERBOZ-e80XBkg,Thanh Khải Quán,Cơm trắng gạo tám thơm,18000,niêu,Niêu cơm gạo tám dẻo thơm
ChIJXV0yCABbNDERZNvbywoyXJI,Quán ăn đêm N-1992,Cá kho tộ miền Tây đậm vị,85000,tộ,Cá trắm đen kho tộ sánh quyện nước hàng dừa
ChIJXV0yCABbNDERZNvbywoyXJI,Quán ăn đêm N-1992,Thịt ba chỉ rang cháy cạnh,75000,đĩa,Thịt ba chỉ ba chỉ giòn rưới mỡ hành
ChIJXV0yCABbNDERZNvbywoyXJI,Quán ăn đêm N-1992,Sườn non xào chua ngọt,75000,đĩa,Sườn non xào cùng dứa và ớt chuông sốt chua cay
ChIJXV0yCABbNDERZNvbywoyXJI,Quán ăn đêm N-1992,Rau muống luộc dầm sấu / xào tỏi,30000,đĩa,Rau muống tươi xanh luộc chấm nước mắm chanh ớt
ChIJXV0yCABbNDERZNvbywoyXJI,Quán ăn đêm N-1992,Canh riêu cua đồng cà pháo,43000,bát,Canh cua đồng mát lạnh ăn kèm cà pháo giòn tan
ChIJXV0yCABbNDERZNvbywoyXJI,Quán ăn đêm N-1992,Cơm trắng gạo tám thơm,18000,niêu,Niêu cơm gạo tám dẻo thơm
ChIJXdp_LQBbNDER7w5MpSZAz2M,Bảo Trâm Quán,Cá kho tộ miền Tây đậm vị,80000,tộ,Cá trắm đen kho tộ sánh quyện nước hàng dừa
ChIJXdp_LQBbNDER7w5MpSZAz2M,Bảo Trâm Quán,Thịt ba chỉ rang cháy cạnh,75000,đĩa,Thịt ba chỉ ba chỉ giòn rưới mỡ hành
ChIJXdp_LQBbNDER7w5MpSZAz2M,Bảo Trâm Quán,Sườn non xào chua ngọt,82000,đĩa,Sườn non xào cùng dứa và ớt chuông sốt chua cay
ChIJXdp_LQBbNDER7w5MpSZAz2M,Bảo Trâm Quán,Rau muống luộc dầm sấu / xào tỏi,27000,đĩa,Rau muống tươi xanh luộc chấm nước mắm chanh ớt
ChIJXdp_LQBbNDER7w5MpSZAz2M,Bảo Trâm Quán,Canh riêu cua đồng cà pháo,45000,bát,Canh cua đồng mát lạnh ăn kèm cà pháo giòn tan
ChIJXdp_LQBbNDER7w5MpSZAz2M,Bảo Trâm Quán,Cơm trắng gạo tám thơm,18000,niêu,Niêu cơm gạo tám dẻo thơm
ChIJHUbfIbRbNDERp2YbYCgyw2o,Helios Club,Cà phê đen đá pha phin,22000,ly,Cà phê đen truyền thống đậm đà
ChIJHUbfIbRbNDERp2YbYCgyw2o,Helios Club,Cà phê sữa đá,25000,ly,Cà phê sữa pha phin béo ngậy
ChIJHUbfIbRbNDERp2YbYCgyw2o,Helios Club,Bạc xỉu cốt dừa,30000,ly,Nhiều sữa béo ngậy vị dừa hòa quyện chút cà phê
ChIJHUbfIbRbNDERp2YbYCgyw2o,Helios Club,Trà đào cam sả,40000,ly,Trà đào thơm mát kết hợp lát đào cam tươi sả thơm
ChIJHUbfIbRbNDERp2YbYCgyw2o,Helios Club,Trà sữa trân châu truyền thống,37000,ly,Trà sữa đậm trà kèm trân châu đen dai giòn
ChIJHUbfIbRbNDERp2YbYCgyw2o,Helios Club,Sinh tố bơ sáp,35000,ly,Sinh tố bơ sáp tươi ngon xay sữa đặc ngậy béo
ChIJHUbfIbRbNDERp2YbYCgyw2o,Helios Club,Nước ép cam nguyên chất,27000,ly,Ép cam sành tự nhiên nhiều vitamin C
ChIJVY8hDgBbNDERS_inf8jwqqw,Bia Thành Quán,Bia hơi Hà Nội mát lạnh,12000,cốc,Bia hơi tươi rói rót trực tiếp từ vòi bom lạnh
ChIJVY8hDgBbNDERS_inf8jwqqw,Bia Thành Quán,Đậu phụ lướt ván nóng giòn,33000,đĩa,Đậu hũ non chiên lướt ván ngoài vàng giòn trong mịn mượt như thạch
ChIJVY8hDgBbNDERS_inf8jwqqw,Bia Thành Quán,Đĩa lạc rang muối / lạc luộc mộc mạc,18000,đĩa,Đồ nhắm bia truyền thống
ChIJVY8hDgBbNDERS_inf8jwqqw,Bia Thành Quán,Nộm tai heo đu đủ xanh chua ngọt,65000,đĩa,Tai heo giòn sần sật trộn đu đủ bào sợi nước nộm chua ngọt sảng khoái
ChIJVY8hDgBbNDERS_inf8jwqqw,Bia Thành Quán,Sụn gà chiên mắm rang muối,90000,đĩa,Sụn gà ta giòn sần sật tẩm ướp chiên xóc muối ớt tỏi
ChIJTaBMiohbNDERuMbl9gdi7r0,Sữa Chua Cô Hấu Hạ Long,Kem tươi ốc quế sữa dừa / vani Mixue,7000,chiếc,Kem tươi thơm ngon ngậy béo ốc quế giòn tan
ChIJTaBMiohbNDERuMbl9gdi7r0,Sữa Chua Cô Hấu Hạ Long,Trà sữa ba anh em thạch pudding trân châu,30000,ly,Trà sữa đậm vị kèm full topping dồi dào
ChIJTaBMiohbNDERuMbl9gdi7r0,Sữa Chua Cô Hấu Hạ Long,Dương chi cam lộ xoài bưởi trân châu,35000,ly,"Sinh tố xoài, bưởi hồng cùng thạch dừa thạch đào thơm ngon mát lạnh"
ChIJTaBMiohbNDERuMbl9gdi7r0,Sữa Chua Cô Hấu Hạ Long,Trà đào tứ kỳ xuân hạt đào miếng,28000,ly,Trà ô long thanh vị kết hợp thạch đào giòn ngọt
ChIJwWFKMABbNDER4ECaSQ9Szw0,Quán Chè Thanh Chuyền,Kem tươi ốc quế sữa dừa / vani Mixue,7000,chiếc,Kem tươi thơm ngon ngậy béo ốc quế giòn tan
ChIJwWFKMABbNDER4ECaSQ9Szw0,Quán Chè Thanh Chuyền,Trà sữa ba anh em thạch pudding trân châu,27000,ly,Trà sữa đậm vị kèm full topping dồi dào
ChIJwWFKMABbNDER4ECaSQ9Szw0,Quán Chè Thanh Chuyền,Dương chi cam lộ xoài bưởi trân châu,33000,ly,"Sinh tố xoài, bưởi hồng cùng thạch dừa thạch đào thơm ngon mát lạnh"
ChIJwWFKMABbNDER4ECaSQ9Szw0,Quán Chè Thanh Chuyền,Trà đào tứ kỳ xuân hạt đào miếng,25000,ly,Trà ô long thanh vị kết hợp thạch đào giòn ngọt
ChIJ7dI0kaFbNDER2mITcwzDkUo,Quán Ngọc Linh,Gà rán giòn rụm tiêu cay (1 miếng),33000,miếng,Thịt gà tươi tẩm bột chiên vàng giòn da ngoài mọng nước bên trong
ChIJ7dI0kaFbNDER2mITcwzDkUo,Quán Ngọc Linh,Burger bò phô mai xá xíu đặc biệt,40000,chiếc,"Burger kẹp bò băm nướng lò, phô mai lát béo ngậy, sốt đặc biệt"
ChIJ7dI0kaFbNDER2mITcwzDkUo,Quán Ngọc Linh,Pizza xúc xích xông khói phô mai (Size 20cm),100000,chiếc,Đế pizza nướng giòn rưới đẫm phô mai Mozzarella nhập khẩu
ChIJ7dI0kaFbNDER2mITcwzDkUo,Quán Ngọc Linh,Khoai tây chiên giòn cọng lớn,22000,đĩa,Khoai tây vàng giòn tơi xốp ăn kèm sốt cà chua
ChIJ5Y05UABbNDERy4OseR46vaE,Tiệm ăn vặt Sam Sam,Ốc luộc sả lá chanh truyền thống,38000,bát,Ốc vặn/ốc nhồi mít luộc thơm mùi sả chấm nước mắm gừng cay ngọt đặc sản
ChIJ5Y05UABbNDERy4OseR46vaE,Tiệm ăn vặt Sam Sam,Ốc móng tay xào bơ tỏi thơm lừng,65000,đĩa,Ốc móng tay tươi ngọt sốt bơ tỏi sánh béo chấm bánh mì tuyệt đỉnh
ChIJ5Y05UABbNDERy4OseR46vaE,Tiệm ăn vặt Sam Sam,Nem chua rán giòn rụm (10 cái),45000,đĩa,Nem chua rán nóng hổi chấm tương ớt cay nồng
ChIJ5Y05UABbNDERy4OseR46vaE,Tiệm ăn vặt Sam Sam,Khoai tây chiên lắc bột phô mai,30000,đĩa,Món khai vị ăn vặt khoái khẩu
ChIJ5Y05UABbNDERy4OseR46vaE,Tiệm ăn vặt Sam Sam,Trà quất mật ong khổng lồ,18000,cốc,Trà quất mát chua ngọt cực đã khát
ChIJAVVfeXNbNDERpmFoMqJPxfU,Quán bia Đức Hạnh,Bia hơi Hà Nội mát lạnh,9000,cốc,Bia hơi tươi rói rót trực tiếp từ vòi bom lạnh
ChIJAVVfeXNbNDERpmFoMqJPxfU,Quán bia Đức Hạnh,Đậu phụ lướt ván nóng giòn,33000,đĩa,Đậu hũ non chiên lướt ván ngoài vàng giòn trong mịn mượt như thạch
ChIJAVVfeXNbNDERpmFoMqJPxfU,Quán bia Đức Hạnh,Đĩa lạc rang muối / lạc luộc mộc mạc,15000,đĩa,Đồ nhắm bia truyền thống
ChIJAVVfeXNbNDERpmFoMqJPxfU,Quán bia Đức Hạnh,Nộm tai heo đu đủ xanh chua ngọt,65000,đĩa,Tai heo giòn sần sật trộn đu đủ bào sợi nước nộm chua ngọt sảng khoái
ChIJAVVfeXNbNDERpmFoMqJPxfU,Quán bia Đức Hạnh,Sụn gà chiên mắm rang muối,90000,đĩa,Sụn gà ta giòn sần sật tẩm ướp chiên xóc muối ớt tỏi
ChIJHbJGHABbNDERDyOijW9nJhY,Nhà Hàng Sáu Thân,Cá kho tộ miền Tây đậm vị,83000,tộ,Cá trắm đen kho tộ sánh quyện nước hàng dừa
ChIJHbJGHABbNDERDyOijW9nJhY,Nhà Hàng Sáu Thân,Thịt ba chỉ rang cháy cạnh,80000,đĩa,Thịt ba chỉ ba chỉ giòn rưới mỡ hành
ChIJHbJGHABbNDERDyOijW9nJhY,Nhà Hàng Sáu Thân,Sườn non xào chua ngọt,82000,đĩa,Sườn non xào cùng dứa và ớt chuông sốt chua cay
ChIJHbJGHABbNDERDyOijW9nJhY,Nhà Hàng Sáu Thân,Rau muống luộc dầm sấu / xào tỏi,30000,đĩa,Rau muống tươi xanh luộc chấm nước mắm chanh ớt
ChIJHbJGHABbNDERDyOijW9nJhY,Nhà Hàng Sáu Thân,Canh riêu cua đồng cà pháo,40000,bát,Canh cua đồng mát lạnh ăn kèm cà pháo giòn tan
ChIJHbJGHABbNDERDyOijW9nJhY,Nhà Hàng Sáu Thân,Cơm trắng gạo tám thơm,15000,niêu,Niêu cơm gạo tám dẻo thơm
ChIJQ9txOFpbNDERNqvMbrOOI0w,Lẩu Ngon Bún Chả,Lẩu cua đồng sườn sụn bắp bò,360000,nồi,"Nồi lẩu riêu cua đồng nguyên chất siêu nhiều gạch, kèm bắp bò sườn sụn"
ChIJQ9txOFpbNDERNqvMbrOOI0w,Lẩu Ngon Bún Chả,Lẩu Thái hải sản chua cay,409000,nồi,"Nước lẩu Tomyum chua cay nhúng tôm, mực, ngao, nấm"
ChIJQ9txOFpbNDERNqvMbrOOI0w,Lẩu Ngon Bún Chả,Set nướng BBQ thập cẩm bò ba chỉ,289000,set,"Bắp bò, ba chỉ heo cuộn nấm kim châm tẩm sốt BBQ nướng xèo xèo"
ChIJQ9txOFpbNDERNqvMbrOOI0w,Lẩu Ngon Bún Chả,Ba chỉ bò Mỹ nhúng thêm,78000,đĩa,Thịt ba chỉ bò Mỹ thái mỏng cuốn nấm
ChIJQ9txOFpbNDERNqvMbrOOI0w,Lẩu Ngon Bún Chả,Sườn sụn non heo thêm,80000,đĩa,Sườn non giòn sần sật nhúng lẩu
ChIJQ9txOFpbNDERNqvMbrOOI0w,Lẩu Ngon Bún Chả,Rau nấm tổng hợp nhúng lẩu,27000,đĩa,"Nấm kim châm, cải thảo, rau muống tươi"
ChIJnxXm-WFbNDER424-LiKZI5s,Nhà Gia Bảo,Cá kho tộ miền Tây đậm vị,85000,tộ,Cá trắm đen kho tộ sánh quyện nước hàng dừa
ChIJnxXm-WFbNDER424-LiKZI5s,Nhà Gia Bảo,Thịt ba chỉ rang cháy cạnh,70000,đĩa,Thịt ba chỉ ba chỉ giòn rưới mỡ hành
ChIJnxXm-WFbNDER424-LiKZI5s,Nhà Gia Bảo,Sườn non xào chua ngọt,80000,đĩa,Sườn non xào cùng dứa và ớt chuông sốt chua cay
ChIJnxXm-WFbNDER424-LiKZI5s,Nhà Gia Bảo,Rau muống luộc dầm sấu / xào tỏi,27000,đĩa,Rau muống tươi xanh luộc chấm nước mắm chanh ớt
ChIJnxXm-WFbNDER424-LiKZI5s,Nhà Gia Bảo,Canh riêu cua đồng cà pháo,43000,bát,Canh cua đồng mát lạnh ăn kèm cà pháo giòn tan
ChIJnxXm-WFbNDER424-LiKZI5s,Nhà Gia Bảo,Cơm trắng gạo tám thơm,15000,niêu,Niêu cơm gạo tám dẻo thơm
ChIJZSBlJwBbNDERiweGLEeL_eE,Số nhà 42 - Xóm mới Cần Kiệm,Cá kho tộ miền Tây đậm vị,83000,tộ,Cá trắm đen kho tộ sánh quyện nước hàng dừa
ChIJZSBlJwBbNDERiweGLEeL_eE,Số nhà 42 - Xóm mới Cần Kiệm,Thịt ba chỉ rang cháy cạnh,73000,đĩa,Thịt ba chỉ ba chỉ giòn rưới mỡ hành
ChIJZSBlJwBbNDERiweGLEeL_eE,Số nhà 42 - Xóm mới Cần Kiệm,Sườn non xào chua ngọt,75000,đĩa,Sườn non xào cùng dứa và ớt chuông sốt chua cay
ChIJZSBlJwBbNDERiweGLEeL_eE,Số nhà 42 - Xóm mới Cần Kiệm,Rau muống luộc dầm sấu / xào tỏi,27000,đĩa,Rau muống tươi xanh luộc chấm nước mắm chanh ớt
ChIJZSBlJwBbNDERiweGLEeL_eE,Số nhà 42 - Xóm mới Cần Kiệm,Canh riêu cua đồng cà pháo,40000,bát,Canh cua đồng mát lạnh ăn kèm cà pháo giòn tan
ChIJZSBlJwBbNDERiweGLEeL_eE,Số nhà 42 - Xóm mới Cần Kiệm,Cơm trắng gạo tám thơm,18000,niêu,Niêu cơm gạo tám dẻo thơm
ChIJmdP2YQBbNDERqUfSmieP5gc,Nhà Hàng Phúc Lâm ( tên cũ Nhà Hàng Năm Sao),Cá kho tộ miền Tây đậm vị,87000,tộ,Cá trắm đen kho tộ sánh quyện nước hàng dừa
ChIJmdP2YQBbNDERqUfSmieP5gc,Nhà Hàng Phúc Lâm ( tên cũ Nhà Hàng Năm Sao),Thịt ba chỉ rang cháy cạnh,75000,đĩa,Thịt ba chỉ ba chỉ giòn rưới mỡ hành
ChIJmdP2YQBbNDERqUfSmieP5gc,Nhà Hàng Phúc Lâm ( tên cũ Nhà Hàng Năm Sao),Sườn non xào chua ngọt,85000,đĩa,Sườn non xào cùng dứa và ớt chuông sốt chua cay
ChIJmdP2YQBbNDERqUfSmieP5gc,Nhà Hàng Phúc Lâm ( tên cũ Nhà Hàng Năm Sao),Rau muống luộc dầm sấu / xào tỏi,27000,đĩa,Rau muống tươi xanh luộc chấm nước mắm chanh ớt
ChIJmdP2YQBbNDERqUfSmieP5gc,Nhà Hàng Phúc Lâm ( tên cũ Nhà Hàng Năm Sao),Canh riêu cua đồng cà pháo,50000,bát,Canh cua đồng mát lạnh ăn kèm cà pháo giòn tan
ChIJmdP2YQBbNDERqUfSmieP5gc,Nhà Hàng Phúc Lâm ( tên cũ Nhà Hàng Năm Sao),Cơm trắng gạo tám thơm,12000,niêu,Niêu cơm gạo tám dẻo thơm
ChIJn1YSHwBbNDER-kZiSUWOucw,Cafe chill,Cà phê đen đá pha phin,19000,ly,Cà phê đen truyền thống đậm đà
ChIJn1YSHwBbNDER-kZiSUWOucw,Cafe chill,Cà phê sữa đá,22000,ly,Cà phê sữa pha phin béo ngậy
ChIJn1YSHwBbNDER-kZiSUWOucw,Cafe chill,Bạc xỉu cốt dừa,27000,ly,Nhiều sữa béo ngậy vị dừa hòa quyện chút cà phê
ChIJn1YSHwBbNDER-kZiSUWOucw,Cafe chill,Trà đào cam sả,40000,ly,Trà đào thơm mát kết hợp lát đào cam tươi sả thơm
ChIJn1YSHwBbNDER-kZiSUWOucw,Cafe chill,Trà sữa trân châu truyền thống,40000,ly,Trà sữa đậm trà kèm trân châu đen dai giòn
ChIJn1YSHwBbNDER-kZiSUWOucw,Cafe chill,Sinh tố bơ sáp,33000,ly,Sinh tố bơ sáp tươi ngon xay sữa đặc ngậy béo
ChIJn1YSHwBbNDER-kZiSUWOucw,Cafe chill,Nước ép cam nguyên chất,30000,ly,Ép cam sành tự nhiên nhiều vitamin C
ChIJFe1rohBbNDERSxo5FCCxFuA,Phở Bò Vũ Đại,Phở chín bò ta,35000,bát,Nước dùng phở bò ninh xương ống ngọt lịm kèm thịt chín thái mỏng
ChIJFe1rohBbNDERSxo5FCCxFuA,Phở Bò Vũ Đại,Phở tái chần,30000,bát,Phở bò với thịt bò tươi chần tái mềm ngọt
ChIJFe1rohBbNDERSxo5FCCxFuA,Phở Bò Vũ Đại,Phở nạm gầu giòn,40000,bát,Bánh phở mềm cùng nạm bò và gầu bò giòn sần sật
ChIJFe1rohBbNDERSxo5FCCxFuA,Phở Bò Vũ Đại,Phở tái lăn đặc biệt,40000,bát,Phở bò xào tái lăn thơm mùi tỏi phi
ChIJFe1rohBbNDERSxo5FCCxFuA,Phở Bò Vũ Đại,Trứng gà trần,7000,quả,Trứng trần nước phở béo ngậy
ChIJFe1rohBbNDERSxo5FCCxFuA,Phở Bò Vũ Đại,Quẩy giòn,8000,chiếc,Quẩy giòn ăn kèm nước phở
ChIJxUXiUQBbNDERPItF2QycnLs,Nhà hàng Vườn Chim Cần Kiệm,Cá kho tộ miền Tây đậm vị,87000,tộ,Cá trắm đen kho tộ sánh quyện nước hàng dừa
ChIJxUXiUQBbNDERPItF2QycnLs,Nhà hàng Vườn Chim Cần Kiệm,Thịt ba chỉ rang cháy cạnh,75000,đĩa,Thịt ba chỉ ba chỉ giòn rưới mỡ hành
ChIJxUXiUQBbNDERPItF2QycnLs,Nhà hàng Vườn Chim Cần Kiệm,Sườn non xào chua ngọt,75000,đĩa,Sườn non xào cùng dứa và ớt chuông sốt chua cay
ChIJxUXiUQBbNDERPItF2QycnLs,Nhà hàng Vườn Chim Cần Kiệm,Rau muống luộc dầm sấu / xào tỏi,33000,đĩa,Rau muống tươi xanh luộc chấm nước mắm chanh ớt
ChIJxUXiUQBbNDERPItF2QycnLs,Nhà hàng Vườn Chim Cần Kiệm,Canh riêu cua đồng cà pháo,40000,bát,Canh cua đồng mát lạnh ăn kèm cà pháo giòn tan
ChIJxUXiUQBbNDERPItF2QycnLs,Nhà hàng Vườn Chim Cần Kiệm,Cơm trắng gạo tám thơm,15000,niêu,Niêu cơm gạo tám dẻo thơm
ChIJFcNAEgBbNDERO437Nm2aFg0,Lương Sơn Bạc,Cá kho tộ miền Tây đậm vị,83000,tộ,Cá trắm đen kho tộ sánh quyện nước hàng dừa
ChIJFcNAEgBbNDERO437Nm2aFg0,Lương Sơn Bạc,Thịt ba chỉ rang cháy cạnh,77000,đĩa,Thịt ba chỉ ba chỉ giòn rưới mỡ hành
ChIJFcNAEgBbNDERO437Nm2aFg0,Lương Sơn Bạc,Sườn non xào chua ngọt,78000,đĩa,Sườn non xào cùng dứa và ớt chuông sốt chua cay
ChIJFcNAEgBbNDERO437Nm2aFg0,Lương Sơn Bạc,Rau muống luộc dầm sấu / xào tỏi,30000,đĩa,Rau muống tươi xanh luộc chấm nước mắm chanh ớt
ChIJFcNAEgBbNDERO437Nm2aFg0,Lương Sơn Bạc,Canh riêu cua đồng cà pháo,47000,bát,Canh cua đồng mát lạnh ăn kèm cà pháo giòn tan
ChIJFcNAEgBbNDERO437Nm2aFg0,Lương Sơn Bạc,Cơm trắng gạo tám thơm,12000,niêu,Niêu cơm gạo tám dẻo thơm
ChIJcYAnogZbNDERJkcQzuafe4Q,Nhà Hàng Tuấn Hiền - Lẩu Cua Đồng - Lẩu Lươn,Lẩu cua đồng sườn sụn bắp bò,330000,nồi,"Nồi lẩu riêu cua đồng nguyên chất siêu nhiều gạch, kèm bắp bò sườn sụn"
ChIJcYAnogZbNDERJkcQzuafe4Q,Nhà Hàng Tuấn Hiền - Lẩu Cua Đồng - Lẩu Lươn,Lẩu Thái hải sản chua cay,379000,nồi,"Nước lẩu Tomyum chua cay nhúng tôm, mực, ngao, nấm"
ChIJcYAnogZbNDERJkcQzuafe4Q,Nhà Hàng Tuấn Hiền - Lẩu Cua Đồng - Lẩu Lươn,Set nướng BBQ thập cẩm bò ba chỉ,279000,set,"Bắp bò, ba chỉ heo cuộn nấm kim châm tẩm sốt BBQ nướng xèo xèo"
ChIJcYAnogZbNDERJkcQzuafe4Q,Nhà Hàng Tuấn Hiền - Lẩu Cua Đồng - Lẩu Lươn,Ba chỉ bò Mỹ nhúng thêm,78000,đĩa,Thịt ba chỉ bò Mỹ thái mỏng cuốn nấm
ChIJcYAnogZbNDERJkcQzuafe4Q,Nhà Hàng Tuấn Hiền - Lẩu Cua Đồng - Lẩu Lươn,Sườn sụn non heo thêm,80000,đĩa,Sườn non giòn sần sật nhúng lẩu
ChIJcYAnogZbNDERJkcQzuafe4Q,Nhà Hàng Tuấn Hiền - Lẩu Cua Đồng - Lẩu Lươn,Rau nấm tổng hợp nhúng lẩu,30000,đĩa,"Nấm kim châm, cải thảo, rau muống tươi"
ChIJt5S-TABZNDERYN_5911YiKE,152 thị trấn liên quan thạch thất hà nội,Gà rán giòn rụm tiêu cay (1 miếng),35000,miếng,Thịt gà tươi tẩm bột chiên vàng giòn da ngoài mọng nước bên trong
ChIJt5S-TABZNDERYN_5911YiKE,152 thị trấn liên quan thạch thất hà nội,Burger bò phô mai xá xíu đặc biệt,43000,chiếc,"Burger kẹp bò băm nướng lò, phô mai lát béo ngậy, sốt đặc biệt"
ChIJt5S-TABZNDERYN_5911YiKE,152 thị trấn liên quan thạch thất hà nội,Pizza xúc xích xông khói phô mai (Size 20cm),120000,chiếc,Đế pizza nướng giòn rưới đẫm phô mai Mozzarella nhập khẩu
ChIJt5S-TABZNDERYN_5911YiKE,152 thị trấn liên quan thạch thất hà nội,Khoai tây chiên giòn cọng lớn,22000,đĩa,Khoai tây vàng giòn tơi xốp ăn kèm sốt cà chua
ChIJlTAacgBbNDERz9wUAqth0Ug,Bánh Đa Cá Rô Đồng - Quỳnh Trâm,Cá kho tộ miền Tây đậm vị,85000,tộ,Cá trắm đen kho tộ sánh quyện nước hàng dừa
ChIJlTAacgBbNDERz9wUAqth0Ug,Bánh Đa Cá Rô Đồng - Quỳnh Trâm,Thịt ba chỉ rang cháy cạnh,77000,đĩa,Thịt ba chỉ ba chỉ giòn rưới mỡ hành
ChIJlTAacgBbNDERz9wUAqth0Ug,Bánh Đa Cá Rô Đồng - Quỳnh Trâm,Sườn non xào chua ngọt,78000,đĩa,Sườn non xào cùng dứa và ớt chuông sốt chua cay
ChIJlTAacgBbNDERz9wUAqth0Ug,Bánh Đa Cá Rô Đồng - Quỳnh Trâm,Rau muống luộc dầm sấu / xào tỏi,30000,đĩa,Rau muống tươi xanh luộc chấm nước mắm chanh ớt
ChIJlTAacgBbNDERz9wUAqth0Ug,Bánh Đa Cá Rô Đồng - Quỳnh Trâm,Canh riêu cua đồng cà pháo,50000,bát,Canh cua đồng mát lạnh ăn kèm cà pháo giòn tan
ChIJlTAacgBbNDERz9wUAqth0Ug,Bánh Đa Cá Rô Đồng - Quỳnh Trâm,Cơm trắng gạo tám thơm,18000,niêu,Niêu cơm gạo tám dẻo thơm
ChIJGdBaXwBbNDERP8onivVyXic,Quán bia Hưng Đại Lộ,Bia hơi Hà Nội mát lạnh,12000,cốc,Bia hơi tươi rói rót trực tiếp từ vòi bom lạnh
ChIJGdBaXwBbNDERP8onivVyXic,Quán bia Hưng Đại Lộ,Đậu phụ lướt ván nóng giòn,27000,đĩa,Đậu hũ non chiên lướt ván ngoài vàng giòn trong mịn mượt như thạch
ChIJGdBaXwBbNDERP8onivVyXic,Quán bia Hưng Đại Lộ,Đĩa lạc rang muối / lạc luộc mộc mạc,15000,đĩa,Đồ nhắm bia truyền thống
ChIJGdBaXwBbNDERP8onivVyXic,Quán bia Hưng Đại Lộ,Nộm tai heo đu đủ xanh chua ngọt,70000,đĩa,Tai heo giòn sần sật trộn đu đủ bào sợi nước nộm chua ngọt sảng khoái
ChIJGdBaXwBbNDERP8onivVyXic,Quán bia Hưng Đại Lộ,Sụn gà chiên mắm rang muối,93000,đĩa,Sụn gà ta giòn sần sật tẩm ướp chiên xóc muối ớt tỏi
ChIJj-8qEwBbNDERbNp_MkTpolE,Nhà Hàng Bia 666,Bia hơi Hà Nội mát lạnh,12000,cốc,Bia hơi tươi rói rót trực tiếp từ vòi bom lạnh
ChIJj-8qEwBbNDERbNp_MkTpolE,Nhà Hàng Bia 666,Đậu phụ lướt ván nóng giòn,30000,đĩa,Đậu hũ non chiên lướt ván ngoài vàng giòn trong mịn mượt như thạch
ChIJj-8qEwBbNDERbNp_MkTpolE,Nhà Hàng Bia 666,Đĩa lạc rang muối / lạc luộc mộc mạc,18000,đĩa,Đồ nhắm bia truyền thống
ChIJj-8qEwBbNDERbNp_MkTpolE,Nhà Hàng Bia 666,Nộm tai heo đu đủ xanh chua ngọt,70000,đĩa,Tai heo giòn sần sật trộn đu đủ bào sợi nước nộm chua ngọt sảng khoái
ChIJj-8qEwBbNDERbNp_MkTpolE,Nhà Hàng Bia 666,Sụn gà chiên mắm rang muối,97000,đĩa,Sụn gà ta giòn sần sật tẩm ướp chiên xóc muối ớt tỏi
ChIJ-RhVJABbNDERPow_0K102Yg,Hằng Nga Quán,Cá kho tộ miền Tây đậm vị,90000,tộ,Cá trắm đen kho tộ sánh quyện nước hàng dừa
ChIJ-RhVJABbNDERPow_0K102Yg,Hằng Nga Quán,Thịt ba chỉ rang cháy cạnh,73000,đĩa,Thịt ba chỉ ba chỉ giòn rưới mỡ hành
ChIJ-RhVJABbNDERPow_0K102Yg,Hằng Nga Quán,Sườn non xào chua ngọt,80000,đĩa,Sườn non xào cùng dứa và ớt chuông sốt chua cay
ChIJ-RhVJABbNDERPow_0K102Yg,Hằng Nga Quán,Rau muống luộc dầm sấu / xào tỏi,33000,đĩa,Rau muống tươi xanh luộc chấm nước mắm chanh ớt
ChIJ-RhVJABbNDERPow_0K102Yg,Hằng Nga Quán,Canh riêu cua đồng cà pháo,40000,bát,Canh cua đồng mát lạnh ăn kèm cà pháo giòn tan
ChIJ-RhVJABbNDERPow_0K102Yg,Hằng Nga Quán,Cơm trắng gạo tám thơm,18000,niêu,Niêu cơm gạo tám dẻo thơm
ChIJr83PSgBbNDERXMJadMfMWlA,Cơm Tấm Bảo Uyên,Cơm rang dưa bò,45000,đĩa,Cơm rang hạt giòn tơi xào cùng cải dưa chua và thịt bò tươi mềm
ChIJr83PSgBbNDERXMJadMfMWlA,Cơm Tấm Bảo Uyên,Cơm rang thập cẩm giòn,35000,đĩa,Cơm rang lạp xưởng ngô ngọt đậu hà lan rưới trứng vàng
ChIJr83PSgBbNDERXMJadMfMWlA,Cơm Tấm Bảo Uyên,Cơm thố xá xíu nóng hổi,35000,thố,"Cơm nấu niêu thố đất tạo lớp cháy giòn nhẹ, phủ thịt xá xíu đậm sốt"
ChIJr83PSgBbNDERXMJadMfMWlA,Cơm Tấm Bảo Uyên,Suất cơm bình dân tự chọn (3 món mặn + rau),27000,suất,Cơm suất bình dân đầy đặn sạch sẽ cho sinh viên và người đi làm
ChIJr83PSgBbNDERXMJadMfMWlA,Cơm Tấm Bảo Uyên,Cơm tấm sườn bì chả Sài Gòn,40000,đĩa,Cơm tấm ăn kèm sườn nướng mặn ngọt chả trứng bì heo thính và nước mắm chua cay
ChIJN3VoZQBbNDERBzrE91BDlCU,Quán Choén,Cá kho tộ miền Tây đậm vị,83000,tộ,Cá trắm đen kho tộ sánh quyện nước hàng dừa
ChIJN3VoZQBbNDERBzrE91BDlCU,Quán Choén,Thịt ba chỉ rang cháy cạnh,75000,đĩa,Thịt ba chỉ ba chỉ giòn rưới mỡ hành
ChIJN3VoZQBbNDERBzrE91BDlCU,Quán Choén,Sườn non xào chua ngọt,85000,đĩa,Sườn non xào cùng dứa và ớt chuông sốt chua cay
ChIJN3VoZQBbNDERBzrE91BDlCU,Quán Choén,Rau muống luộc dầm sấu / xào tỏi,33000,đĩa,Rau muống tươi xanh luộc chấm nước mắm chanh ớt
ChIJN3VoZQBbNDERBzrE91BDlCU,Quán Choén,Canh riêu cua đồng cà pháo,47000,bát,Canh cua đồng mát lạnh ăn kèm cà pháo giòn tan
ChIJN3VoZQBbNDERBzrE91BDlCU,Quán Choén,Cơm trắng gạo tám thơm,12000,niêu,Niêu cơm gạo tám dẻo thơm
ChIJ3TrMAwBbNDERbG0BJ9Ejprs,Quán bia Oanh Thư,Bia hơi Hà Nội mát lạnh,9000,cốc,Bia hơi tươi rói rót trực tiếp từ vòi bom lạnh
ChIJ3TrMAwBbNDERbG0BJ9Ejprs,Quán bia Oanh Thư,Đậu phụ lướt ván nóng giòn,30000,đĩa,Đậu hũ non chiên lướt ván ngoài vàng giòn trong mịn mượt như thạch
ChIJ3TrMAwBbNDERbG0BJ9Ejprs,Quán bia Oanh Thư,Đĩa lạc rang muối / lạc luộc mộc mạc,18000,đĩa,Đồ nhắm bia truyền thống
ChIJ3TrMAwBbNDERbG0BJ9Ejprs,Quán bia Oanh Thư,Nộm tai heo đu đủ xanh chua ngọt,65000,đĩa,Tai heo giòn sần sật trộn đu đủ bào sợi nước nộm chua ngọt sảng khoái
ChIJ3TrMAwBbNDERbG0BJ9Ejprs,Quán bia Oanh Thư,Sụn gà chiên mắm rang muối,95000,đĩa,Sụn gà ta giòn sần sật tẩm ướp chiên xóc muối ớt tỏi
ChIJgQ_lhZNbNDERAeuyGLuZ5sQ,Bún Cây Sữa,Bún cá cay Hải Phòng giòn rụm,35000,bát,"Cá chiên giòn, chả cá thu thơm ngon nước dùng dọc mùng chua cay"
ChIJgQ_lhZNbNDERAeuyGLuZ5sQ,Bún Cây Sữa,Bún riêu cua bắp bò giò tai,35000,bát,"Bún nước với riêu cua đồng xịn kèm bắp bò tươi, giò tai heo sần sật"
ChIJgQ_lhZNbNDERAeuyGLuZ5sQ,Bún Cây Sữa,Bún sườn mọc dọc mùng hành hoa,35000,bát,Bún sườn non mềm nhừ kèm mọc thịt giòn dẻo
ChIJgQ_lhZNbNDERAeuyGLuZ5sQ,Bún Cây Sữa,Trà đá mát lạnh,5000,cốc,Trà đá mát uống kèm bún nóng
ChIJUZBYaQBbNDER50HQXk3R_1w,Quán Chè Thập Cẩm Kiều Liên,Kem tươi ốc quế sữa dừa / vani Mixue,7000,chiếc,Kem tươi thơm ngon ngậy béo ốc quế giòn tan
ChIJUZBYaQBbNDER50HQXk3R_1w,Quán Chè Thập Cẩm Kiều Liên,Trà sữa ba anh em thạch pudding trân châu,27000,ly,Trà sữa đậm vị kèm full topping dồi dào
ChIJUZBYaQBbNDER50HQXk3R_1w,Quán Chè Thập Cẩm Kiều Liên,Dương chi cam lộ xoài bưởi trân châu,33000,ly,"Sinh tố xoài, bưởi hồng cùng thạch dừa thạch đào thơm ngon mát lạnh"
ChIJUZBYaQBbNDER50HQXk3R_1w,Quán Chè Thập Cẩm Kiều Liên,Trà đào tứ kỳ xuân hạt đào miếng,22000,ly,Trà ô long thanh vị kết hợp thạch đào giòn ngọt
ChIJv2WsU2ZbNDERECJcIkWcgY4,Coffee Sing A Song,Cà phê đen đá pha phin,19000,ly,Cà phê đen truyền thống đậm đà
ChIJv2WsU2ZbNDERECJcIkWcgY4,Coffee Sing A Song,Cà phê sữa đá,22000,ly,Cà phê sữa pha phin béo ngậy
ChIJv2WsU2ZbNDERECJcIkWcgY4,Coffee Sing A Song,Bạc xỉu cốt dừa,27000,ly,Nhiều sữa béo ngậy vị dừa hòa quyện chút cà phê
ChIJv2WsU2ZbNDERECJcIkWcgY4,Coffee Sing A Song,Trà đào cam sả,35000,ly,Trà đào thơm mát kết hợp lát đào cam tươi sả thơm
ChIJv2WsU2ZbNDERECJcIkWcgY4,Coffee Sing A Song,Trà sữa trân châu truyền thống,37000,ly,Trà sữa đậm trà kèm trân châu đen dai giòn
ChIJv2WsU2ZbNDERECJcIkWcgY4,Coffee Sing A Song,Sinh tố bơ sáp,33000,ly,Sinh tố bơ sáp tươi ngon xay sữa đặc ngậy béo
ChIJv2WsU2ZbNDERECJcIkWcgY4,Coffee Sing A Song,Nước ép cam nguyên chất,30000,ly,Ép cam sành tự nhiên nhiều vitamin C
ChIJoSjPcABbNDER2R34NSuUgMo,Nhà Hàng Phú Nhị,Cá kho tộ miền Tây đậm vị,85000,tộ,Cá trắm đen kho tộ sánh quyện nước hàng dừa
ChIJoSjPcABbNDER2R34NSuUgMo,Nhà Hàng Phú Nhị,Thịt ba chỉ rang cháy cạnh,77000,đĩa,Thịt ba chỉ ba chỉ giòn rưới mỡ hành
ChIJoSjPcABbNDER2R34NSuUgMo,Nhà Hàng Phú Nhị,Sườn non xào chua ngọt,80000,đĩa,Sườn non xào cùng dứa và ớt chuông sốt chua cay
ChIJoSjPcABbNDER2R34NSuUgMo,Nhà Hàng Phú Nhị,Rau muống luộc dầm sấu / xào tỏi,30000,đĩa,Rau muống tươi xanh luộc chấm nước mắm chanh ớt
ChIJoSjPcABbNDER2R34NSuUgMo,Nhà Hàng Phú Nhị,Canh riêu cua đồng cà pháo,40000,bát,Canh cua đồng mát lạnh ăn kèm cà pháo giòn tan
ChIJoSjPcABbNDER2R34NSuUgMo,Nhà Hàng Phú Nhị,Cơm trắng gạo tám thơm,12000,niêu,Niêu cơm gạo tám dẻo thơm
ChIJo99DcwBbNDER-cyVgC8qnfM,Quán Hải Sản Trang An,Cá kho tộ miền Tây đậm vị,85000,tộ,Cá trắm đen kho tộ sánh quyện nước hàng dừa
ChIJo99DcwBbNDER-cyVgC8qnfM,Quán Hải Sản Trang An,Thịt ba chỉ rang cháy cạnh,73000,đĩa,Thịt ba chỉ ba chỉ giòn rưới mỡ hành
ChIJo99DcwBbNDER-cyVgC8qnfM,Quán Hải Sản Trang An,Sườn non xào chua ngọt,85000,đĩa,Sườn non xào cùng dứa và ớt chuông sốt chua cay
ChIJo99DcwBbNDER-cyVgC8qnfM,Quán Hải Sản Trang An,Rau muống luộc dầm sấu / xào tỏi,27000,đĩa,Rau muống tươi xanh luộc chấm nước mắm chanh ớt
ChIJo99DcwBbNDER-cyVgC8qnfM,Quán Hải Sản Trang An,Canh riêu cua đồng cà pháo,40000,bát,Canh cua đồng mát lạnh ăn kèm cà pháo giòn tan
ChIJo99DcwBbNDER-cyVgC8qnfM,Quán Hải Sản Trang An,Cơm trắng gạo tám thơm,12000,niêu,Niêu cơm gạo tám dẻo thơm
ChIJeZiFcgBbNDERXSutqkpwtTA,Quán ăn đêm hương lan,Cá kho tộ miền Tây đậm vị,90000,tộ,Cá trắm đen kho tộ sánh quyện nước hàng dừa
ChIJeZiFcgBbNDERXSutqkpwtTA,Quán ăn đêm hương lan,Thịt ba chỉ rang cháy cạnh,77000,đĩa,Thịt ba chỉ ba chỉ giòn rưới mỡ hành
ChIJeZiFcgBbNDERXSutqkpwtTA,Quán ăn đêm hương lan,Sườn non xào chua ngọt,82000,đĩa,Sườn non xào cùng dứa và ớt chuông sốt chua cay
ChIJeZiFcgBbNDERXSutqkpwtTA,Quán ăn đêm hương lan,Rau muống luộc dầm sấu / xào tỏi,33000,đĩa,Rau muống tươi xanh luộc chấm nước mắm chanh ớt
ChIJeZiFcgBbNDERXSutqkpwtTA,Quán ăn đêm hương lan,Canh riêu cua đồng cà pháo,50000,bát,Canh cua đồng mát lạnh ăn kèm cà pháo giòn tan
ChIJeZiFcgBbNDERXSutqkpwtTA,Quán ăn đêm hương lan,Cơm trắng gạo tám thơm,12000,niêu,Niêu cơm gạo tám dẻo thơm
ChIJzyoyBQBbNDER4IApKyZm6gc,Quán Cơm Hưng Thắm,Cơm rang dưa bò,50000,đĩa,Cơm rang hạt giòn tơi xào cùng cải dưa chua và thịt bò tươi mềm
ChIJzyoyBQBbNDER4IApKyZm6gc,Quán Cơm Hưng Thắm,Cơm rang thập cẩm giòn,30000,đĩa,Cơm rang lạp xưởng ngô ngọt đậu hà lan rưới trứng vàng
ChIJzyoyBQBbNDER4IApKyZm6gc,Quán Cơm Hưng Thắm,Cơm thố xá xíu nóng hổi,35000,thố,"Cơm nấu niêu thố đất tạo lớp cháy giòn nhẹ, phủ thịt xá xíu đậm sốt"
ChIJzyoyBQBbNDER4IApKyZm6gc,Quán Cơm Hưng Thắm,Suất cơm bình dân tự chọn (3 món mặn + rau),27000,suất,Cơm suất bình dân đầy đặn sạch sẽ cho sinh viên và người đi làm
ChIJzyoyBQBbNDER4IApKyZm6gc,Quán Cơm Hưng Thắm,Cơm tấm sườn bì chả Sài Gòn,38000,đĩa,Cơm tấm ăn kèm sườn nướng mặn ngọt chả trứng bì heo thính và nước mắm chua cay
ChIJM-AcYwBbNDERMqyB6en5IUY,Bánh cuốn Cao Bằng Bún chả Hà Thành,"Bún đậu mắm tôm đầy đủ (Đậu, thịt chân giò, nem chua rán, chả cốm)",40000,suất,Mẹt bún đậu đầy đủ nguyên liệu tươi ngon kèm rau thơm kinh giới
ChIJM-AcYwBbNDERMqyB6en5IUY,Bánh cuốn Cao Bằng Bún chả Hà Thành,Bún đậu thường (Đậu chiên giòn),28000,suất,Bún đậu chay đơn giản với đậu phụ rán giòn
ChIJM-AcYwBbNDERMqyB6en5IUY,Bánh cuốn Cao Bằng Bún chả Hà Thành,Bún chả Hà Nội truyền thống,38000,suất,Chả miếng và chả viên nướng than hoa thơm phức trong bát nước chấm chua ngọt
ChIJM-AcYwBbNDERMqyB6en5IUY,Bánh cuốn Cao Bằng Bún chả Hà Thành,Nem cua bể chiên giòn,18000,chiếc,Nem cua bể giòn rụm nhiều nhân
ChIJM-AcYwBbNDERMqyB6en5IUY,Bánh cuốn Cao Bằng Bún chả Hà Thành,Nước sấu đá ngầm chua ngọt,18000,cốc,Đồ uống giải nhiệt cực hợp vị bún đậu
ChIJJ1AkBv1ZNDERluEJfeCye2c,Fancy foods,Kem tươi ốc quế sữa dừa / vani Mixue,13000,chiếc,Kem tươi thơm ngon ngậy béo ốc quế giòn tan
ChIJJ1AkBv1ZNDERluEJfeCye2c,Fancy foods,Trà sữa ba anh em thạch pudding trân châu,27000,ly,Trà sữa đậm vị kèm full topping dồi dào
ChIJJ1AkBv1ZNDERluEJfeCye2c,Fancy foods,Dương chi cam lộ xoài bưởi trân châu,35000,ly,"Sinh tố xoài, bưởi hồng cùng thạch dừa thạch đào thơm ngon mát lạnh"
ChIJJ1AkBv1ZNDERluEJfeCye2c,Fancy foods,Trà đào tứ kỳ xuân hạt đào miếng,28000,ly,Trà ô long thanh vị kết hợp thạch đào giòn ngọt
ChIJC0VZNParNTERzwwdkyPy2TQ,Thiên Ban Quán Bún Cá Cay,Bún cá cay Hải Phòng giòn rụm,30000,bát,"Cá chiên giòn, chả cá thu thơm ngon nước dùng dọc mùng chua cay"
ChIJC0VZNParNTERzwwdkyPy2TQ,Thiên Ban Quán Bún Cá Cay,Bún riêu cua bắp bò giò tai,42000,bát,"Bún nước với riêu cua đồng xịn kèm bắp bò tươi, giò tai heo sần sật"
ChIJC0VZNParNTERzwwdkyPy2TQ,Thiên Ban Quán Bún Cá Cay,Bún sườn mọc dọc mùng hành hoa,33000,bát,Bún sườn non mềm nhừ kèm mọc thịt giòn dẻo
ChIJC0VZNParNTERzwwdkyPy2TQ,Thiên Ban Quán Bún Cá Cay,Trà đá mát lạnh,8000,cốc,Trà đá mát uống kèm bún nóng
ChIJ7XynSwBbNDERMJbJuKkk-4I,Maika Karaoke,"Đĩa hoa quả thập cẩm lớn (Dưa hấu, ổi, xoài, nho)",150000,đĩa,Hoa quả tươi ngon cắt lát đẹp mắt
ChIJ7XynSwBbNDERMJbJuKkk-4I,Maika Karaoke,Khô mực nướng cồn,160000,con,Mực khô Vân Đồn nướng cồn xé tay
ChIJ7XynSwBbNDERMJbJuKkk-4I,Maika Karaoke,Thịt bò khô xé sợi vắt chanh,75000,đĩa,Bò khô sợi cay cay ngọt ngọt
ChIJ7XynSwBbNDERMJbJuKkk-4I,Maika Karaoke,Khoai tây chiên lắc phô mai,47000,đĩa,Khoai tây chiên giòn tan phủ bột phô mai
ChIJ7XynSwBbNDERMJbJuKkk-4I,Maika Karaoke,Hạt hướng dương sạch,20000,đĩa,Hạt hướng dương rang thơm
ChIJ7XynSwBbNDERMJbJuKkk-4I,Maika Karaoke,Bia Heineken lon,28000,lon,Bia ngoại ướp lạnh sẵn
ChIJ7XynSwBbNDERMJbJuKkk-4I,Maika Karaoke,Bia Hà Nội lon,18000,lon,Bia nội truyền thống
ChIJ7XynSwBbNDERMJbJuKkk-4I,Maika Karaoke,Nước ngọt Coca-Cola / Sting,12000,lon,Nước ngọt các loại phục vụ lạnh
ChIJQb3wR0ZbNDERE2GqfSSeGNE,Karaoke Mai Mai,"Đĩa hoa quả thập cẩm lớn (Dưa hấu, ổi, xoài, nho)",170000,đĩa,Hoa quả tươi ngon cắt lát đẹp mắt
ChIJQb3wR0ZbNDERE2GqfSSeGNE,Karaoke Mai Mai,Khô mực nướng cồn,190000,con,Mực khô Vân Đồn nướng cồn xé tay
ChIJQb3wR0ZbNDERE2GqfSSeGNE,Karaoke Mai Mai,Thịt bò khô xé sợi vắt chanh,75000,đĩa,Bò khô sợi cay cay ngọt ngọt
ChIJQb3wR0ZbNDERE2GqfSSeGNE,Karaoke Mai Mai,Khoai tây chiên lắc phô mai,43000,đĩa,Khoai tây chiên giòn tan phủ bột phô mai
ChIJQb3wR0ZbNDERE2GqfSSeGNE,Karaoke Mai Mai,Hạt hướng dương sạch,17000,đĩa,Hạt hướng dương rang thơm
ChIJQb3wR0ZbNDERE2GqfSSeGNE,Karaoke Mai Mai,Bia Heineken lon,25000,lon,Bia ngoại ướp lạnh sẵn
ChIJQb3wR0ZbNDERE2GqfSSeGNE,Karaoke Mai Mai,Bia Hà Nội lon,21000,lon,Bia nội truyền thống
ChIJQb3wR0ZbNDERE2GqfSSeGNE,Karaoke Mai Mai,Nước ngọt Coca-Cola / Sting,15000,lon,Nước ngọt các loại phục vụ lạnh
ChIJsZMkWABbNDEROjyRGT9R7Qc,Karaoke 568,"Đĩa hoa quả thập cẩm lớn (Dưa hấu, ổi, xoài, nho)",160000,đĩa,Hoa quả tươi ngon cắt lát đẹp mắt
ChIJsZMkWABbNDEROjyRGT9R7Qc,Karaoke 568,Khô mực nướng cồn,190000,con,Mực khô Vân Đồn nướng cồn xé tay
ChIJsZMkWABbNDEROjyRGT9R7Qc,Karaoke 568,Thịt bò khô xé sợi vắt chanh,75000,đĩa,Bò khô sợi cay cay ngọt ngọt
ChIJsZMkWABbNDEROjyRGT9R7Qc,Karaoke 568,Khoai tây chiên lắc phô mai,47000,đĩa,Khoai tây chiên giòn tan phủ bột phô mai
ChIJsZMkWABbNDEROjyRGT9R7Qc,Karaoke 568,Hạt hướng dương sạch,17000,đĩa,Hạt hướng dương rang thơm
ChIJsZMkWABbNDEROjyRGT9R7Qc,Karaoke 568,Bia Heineken lon,25000,lon,Bia ngoại ướp lạnh sẵn
ChIJsZMkWABbNDEROjyRGT9R7Qc,Karaoke 568,Bia Hà Nội lon,15000,lon,Bia nội truyền thống
ChIJsZMkWABbNDEROjyRGT9R7Qc,Karaoke 568,Nước ngọt Coca-Cola / Sting,18000,lon,Nước ngọt các loại phục vụ lạnh
ChIJryQHBwBbNDERB60ttSGAEIU,Thanh Bình Coffee,Cà phê đen đá pha phin,25000,ly,Cà phê đen truyền thống đậm đà
ChIJryQHBwBbNDERB60ttSGAEIU,Thanh Bình Coffee,Cà phê sữa đá,22000,ly,Cà phê sữa pha phin béo ngậy
ChIJryQHBwBbNDERB60ttSGAEIU,Thanh Bình Coffee,Bạc xỉu cốt dừa,27000,ly,Nhiều sữa béo ngậy vị dừa hòa quyện chút cà phê
ChIJryQHBwBbNDERB60ttSGAEIU,Thanh Bình Coffee,Trà đào cam sả,40000,ly,Trà đào thơm mát kết hợp lát đào cam tươi sả thơm
ChIJryQHBwBbNDERB60ttSGAEIU,Thanh Bình Coffee,Trà sữa trân châu truyền thống,30000,ly,Trà sữa đậm trà kèm trân châu đen dai giòn
ChIJryQHBwBbNDERB60ttSGAEIU,Thanh Bình Coffee,Sinh tố bơ sáp,35000,ly,Sinh tố bơ sáp tươi ngon xay sữa đặc ngậy béo
ChIJryQHBwBbNDERB60ttSGAEIU,Thanh Bình Coffee,Nước ép cam nguyên chất,30000,ly,Ép cam sành tự nhiên nhiều vitamin C
ChIJxRxoWA5bNDERmX-Zlw8CSig,Quang Anh,Cà phê đen đá pha phin,25000,ly,Cà phê đen truyền thống đậm đà
ChIJxRxoWA5bNDERmX-Zlw8CSig,Quang Anh,Cà phê sữa đá,28000,ly,Cà phê sữa pha phin béo ngậy
ChIJxRxoWA5bNDERmX-Zlw8CSig,Quang Anh,Bạc xỉu cốt dừa,30000,ly,Nhiều sữa béo ngậy vị dừa hòa quyện chút cà phê
ChIJxRxoWA5bNDERmX-Zlw8CSig,Quang Anh,Trà đào cam sả,37000,ly,Trà đào thơm mát kết hợp lát đào cam tươi sả thơm
ChIJxRxoWA5bNDERmX-Zlw8CSig,Quang Anh,Trà sữa trân châu truyền thống,37000,ly,Trà sữa đậm trà kèm trân châu đen dai giòn
ChIJxRxoWA5bNDERmX-Zlw8CSig,Quang Anh,Sinh tố bơ sáp,35000,ly,Sinh tố bơ sáp tươi ngon xay sữa đặc ngậy béo
ChIJxRxoWA5bNDERmX-Zlw8CSig,Quang Anh,Nước ép cam nguyên chất,33000,ly,Ép cam sành tự nhiên nhiều vitamin C
ChIJ3XYPWgBbNDERPT_ov0KMEp0,Tiệm Trà Mẹ Kem,Cà phê đen đá pha phin,19000,ly,Cà phê đen truyền thống đậm đà
ChIJ3XYPWgBbNDERPT_ov0KMEp0,Tiệm Trà Mẹ Kem,Cà phê sữa đá,28000,ly,Cà phê sữa pha phin béo ngậy
ChIJ3XYPWgBbNDERPT_ov0KMEp0,Tiệm Trà Mẹ Kem,Bạc xỉu cốt dừa,27000,ly,Nhiều sữa béo ngậy vị dừa hòa quyện chút cà phê
ChIJ3XYPWgBbNDERPT_ov0KMEp0,Tiệm Trà Mẹ Kem,Trà đào cam sả,40000,ly,Trà đào thơm mát kết hợp lát đào cam tươi sả thơm
ChIJ3XYPWgBbNDERPT_ov0KMEp0,Tiệm Trà Mẹ Kem,Trà sữa trân châu truyền thống,35000,ly,Trà sữa đậm trà kèm trân châu đen dai giòn
ChIJ3XYPWgBbNDERPT_ov0KMEp0,Tiệm Trà Mẹ Kem,Sinh tố bơ sáp,40000,ly,Sinh tố bơ sáp tươi ngon xay sữa đặc ngậy béo
ChIJ3XYPWgBbNDERPT_ov0KMEp0,Tiệm Trà Mẹ Kem,Nước ép cam nguyên chất,27000,ly,Ép cam sành tự nhiên nhiều vitamin C
ChIJv_PXOIpbNDERkxVK2SZCClg,Karaoke Audi,"Đĩa hoa quả thập cẩm lớn (Dưa hấu, ổi, xoài, nho)",130000,đĩa,Hoa quả tươi ngon cắt lát đẹp mắt
ChIJv_PXOIpbNDERkxVK2SZCClg,Karaoke Audi,Khô mực nướng cồn,190000,con,Mực khô Vân Đồn nướng cồn xé tay
ChIJv_PXOIpbNDERkxVK2SZCClg,Karaoke Audi,Thịt bò khô xé sợi vắt chanh,75000,đĩa,Bò khô sợi cay cay ngọt ngọt
ChIJv_PXOIpbNDERkxVK2SZCClg,Karaoke Audi,Khoai tây chiên lắc phô mai,50000,đĩa,Khoai tây chiên giòn tan phủ bột phô mai
ChIJv_PXOIpbNDERkxVK2SZCClg,Karaoke Audi,Hạt hướng dương sạch,20000,đĩa,Hạt hướng dương rang thơm
ChIJv_PXOIpbNDERkxVK2SZCClg,Karaoke Audi,Bia Heineken lon,28000,lon,Bia ngoại ướp lạnh sẵn
ChIJv_PXOIpbNDERkxVK2SZCClg,Karaoke Audi,Bia Hà Nội lon,21000,lon,Bia nội truyền thống
ChIJv_PXOIpbNDERkxVK2SZCClg,Karaoke Audi,Nước ngọt Coca-Cola / Sting,15000,lon,Nước ngọt các loại phục vụ lạnh
ChIJHRI0TsVbNDERaHouLdyH5Q4,Liso Quán Bia Cơm,Cơm rang dưa bò,45000,đĩa,Cơm rang hạt giòn tơi xào cùng cải dưa chua và thịt bò tươi mềm
ChIJHRI0TsVbNDERaHouLdyH5Q4,Liso Quán Bia Cơm,Cơm rang thập cẩm giòn,40000,đĩa,Cơm rang lạp xưởng ngô ngọt đậu hà lan rưới trứng vàng
ChIJHRI0TsVbNDERaHouLdyH5Q4,Liso Quán Bia Cơm,Cơm thố xá xíu nóng hổi,38000,thố,"Cơm nấu niêu thố đất tạo lớp cháy giòn nhẹ, phủ thịt xá xíu đậm sốt"
ChIJHRI0TsVbNDERaHouLdyH5Q4,Liso Quán Bia Cơm,Suất cơm bình dân tự chọn (3 món mặn + rau),27000,suất,Cơm suất bình dân đầy đặn sạch sẽ cho sinh viên và người đi làm
ChIJHRI0TsVbNDERaHouLdyH5Q4,Liso Quán Bia Cơm,Cơm tấm sườn bì chả Sài Gòn,38000,đĩa,Cơm tấm ăn kèm sườn nướng mặn ngọt chả trứng bì heo thính và nước mắm chua cay
ChIJZa4cCQBbNDERk9JIxXwDrzs,Thỏ coffee & milktea,Cà phê đen đá pha phin,22000,ly,Cà phê đen truyền thống đậm đà
ChIJZa4cCQBbNDERk9JIxXwDrzs,Thỏ coffee & milktea,Cà phê sữa đá,25000,ly,Cà phê sữa pha phin béo ngậy
ChIJZa4cCQBbNDERk9JIxXwDrzs,Thỏ coffee & milktea,Bạc xỉu cốt dừa,30000,ly,Nhiều sữa béo ngậy vị dừa hòa quyện chút cà phê
ChIJZa4cCQBbNDERk9JIxXwDrzs,Thỏ coffee & milktea,Trà đào cam sả,35000,ly,Trà đào thơm mát kết hợp lát đào cam tươi sả thơm
ChIJZa4cCQBbNDERk9JIxXwDrzs,Thỏ coffee & milktea,Trà sữa trân châu truyền thống,35000,ly,Trà sữa đậm trà kèm trân châu đen dai giòn
ChIJZa4cCQBbNDERk9JIxXwDrzs,Thỏ coffee & milktea,Sinh tố bơ sáp,33000,ly,Sinh tố bơ sáp tươi ngon xay sữa đặc ngậy béo
ChIJZa4cCQBbNDERk9JIxXwDrzs,Thỏ coffee & milktea,Nước ép cam nguyên chất,27000,ly,Ép cam sành tự nhiên nhiều vitamin C
ChIJS7qV_mhbNDERxjkHpJlmmEU,Karaoke 686 Cafe Vườn,"Đĩa hoa quả thập cẩm lớn (Dưa hấu, ổi, xoài, nho)",130000,đĩa,Hoa quả tươi ngon cắt lát đẹp mắt
ChIJS7qV_mhbNDERxjkHpJlmmEU,Karaoke 686 Cafe Vườn,Khô mực nướng cồn,190000,con,Mực khô Vân Đồn nướng cồn xé tay
ChIJS7qV_mhbNDERxjkHpJlmmEU,Karaoke 686 Cafe Vườn,Thịt bò khô xé sợi vắt chanh,80000,đĩa,Bò khô sợi cay cay ngọt ngọt
ChIJS7qV_mhbNDERxjkHpJlmmEU,Karaoke 686 Cafe Vườn,Khoai tây chiên lắc phô mai,43000,đĩa,Khoai tây chiên giòn tan phủ bột phô mai
ChIJS7qV_mhbNDERxjkHpJlmmEU,Karaoke 686 Cafe Vườn,Hạt hướng dương sạch,20000,đĩa,Hạt hướng dương rang thơm
ChIJS7qV_mhbNDERxjkHpJlmmEU,Karaoke 686 Cafe Vườn,Bia Heineken lon,25000,lon,Bia ngoại ướp lạnh sẵn
ChIJS7qV_mhbNDERxjkHpJlmmEU,Karaoke 686 Cafe Vườn,Bia Hà Nội lon,15000,lon,Bia nội truyền thống
ChIJS7qV_mhbNDERxjkHpJlmmEU,Karaoke 686 Cafe Vườn,Nước ngọt Coca-Cola / Sting,12000,lon,Nước ngọt các loại phục vụ lạnh
ChIJKyTlewBZNDERpQP_wDAQq9A,Bún riêu cô Hằng,Bún cá cay Hải Phòng giòn rụm,35000,bát,"Cá chiên giòn, chả cá thu thơm ngon nước dùng dọc mùng chua cay"
ChIJKyTlewBZNDERpQP_wDAQq9A,Bún riêu cô Hằng,Bún riêu cua bắp bò giò tai,35000,bát,"Bún nước với riêu cua đồng xịn kèm bắp bò tươi, giò tai heo sần sật"
ChIJKyTlewBZNDERpQP_wDAQq9A,Bún riêu cô Hằng,Bún sườn mọc dọc mùng hành hoa,35000,bát,Bún sườn non mềm nhừ kèm mọc thịt giòn dẻo
ChIJKyTlewBZNDERpQP_wDAQq9A,Bún riêu cô Hằng,Trà đá mát lạnh,5000,cốc,Trà đá mát uống kèm bún nóng
ChIJTSEMVQBZNDERZWIF_s6VD2g,Thịt Chó-Thịt Mèo Gia Hưng,Cá kho tộ miền Tây đậm vị,87000,tộ,Cá trắm đen kho tộ sánh quyện nước hàng dừa
ChIJTSEMVQBZNDERZWIF_s6VD2g,Thịt Chó-Thịt Mèo Gia Hưng,Thịt ba chỉ rang cháy cạnh,77000,đĩa,Thịt ba chỉ ba chỉ giòn rưới mỡ hành
ChIJTSEMVQBZNDERZWIF_s6VD2g,Thịt Chó-Thịt Mèo Gia Hưng,Sườn non xào chua ngọt,82000,đĩa,Sườn non xào cùng dứa và ớt chuông sốt chua cay
ChIJTSEMVQBZNDERZWIF_s6VD2g,Thịt Chó-Thịt Mèo Gia Hưng,Rau muống luộc dầm sấu / xào tỏi,33000,đĩa,Rau muống tươi xanh luộc chấm nước mắm chanh ớt
ChIJTSEMVQBZNDERZWIF_s6VD2g,Thịt Chó-Thịt Mèo Gia Hưng,Canh riêu cua đồng cà pháo,50000,bát,Canh cua đồng mát lạnh ăn kèm cà pháo giòn tan
ChIJTSEMVQBZNDERZWIF_s6VD2g,Thịt Chó-Thịt Mèo Gia Hưng,Cơm trắng gạo tám thơm,12000,niêu,Niêu cơm gạo tám dẻo thơm
ChIJG11Na8lZNDER5eS7_T0ki3k,Nhà hàng vịt nướng Phú Gia,Lẩu cua đồng sườn sụn bắp bò,360000,nồi,"Nồi lẩu riêu cua đồng nguyên chất siêu nhiều gạch, kèm bắp bò sườn sụn"
ChIJG11Na8lZNDER5eS7_T0ki3k,Nhà hàng vịt nướng Phú Gia,Lẩu Thái hải sản chua cay,419000,nồi,"Nước lẩu Tomyum chua cay nhúng tôm, mực, ngao, nấm"
ChIJG11Na8lZNDER5eS7_T0ki3k,Nhà hàng vịt nướng Phú Gia,Set nướng BBQ thập cẩm bò ba chỉ,289000,set,"Bắp bò, ba chỉ heo cuộn nấm kim châm tẩm sốt BBQ nướng xèo xèo"
ChIJG11Na8lZNDER5eS7_T0ki3k,Nhà hàng vịt nướng Phú Gia,Ba chỉ bò Mỹ nhúng thêm,85000,đĩa,Thịt ba chỉ bò Mỹ thái mỏng cuốn nấm
ChIJG11Na8lZNDER5eS7_T0ki3k,Nhà hàng vịt nướng Phú Gia,Sườn sụn non heo thêm,70000,đĩa,Sườn non giòn sần sật nhúng lẩu
ChIJG11Na8lZNDER5eS7_T0ki3k,Nhà hàng vịt nướng Phú Gia,Rau nấm tổng hợp nhúng lẩu,27000,đĩa,"Nấm kim châm, cải thảo, rau muống tươi"
ChIJmS57KABZNDERJm5ava5fDBY,Phở Vũ Trâu Tươi Cơm Rang Bún Bò Huế,"Bún bò Huế đầy đủ (Thịt bò, chả cua, tiết, mọc)",45000,bát,"Bún bò Huế chuẩn vị nước dùng thơm mùi sả, ruốc heo"
ChIJmS57KABZNDERJm5ava5fDBY,Phở Vũ Trâu Tươi Cơm Rang Bún Bò Huế,Bún bò Huế đặc biệt (Thêm giò heo),45000,bát,Bún bò Huế tô lớn thêm chân giò heo béo ngậy
ChIJmS57KABZNDERJm5ava5fDBY,Phở Vũ Trâu Tươi Cơm Rang Bún Bò Huế,Bún bò Huế tái chín,40000,bát,Bún bò với thịt bò tái chần và nạm bò chín
ChIJmS57KABZNDERJm5ava5fDBY,Phở Vũ Trâu Tươi Cơm Rang Bún Bò Huế,Quẩy nóng,5000,chiếc,Quẩy giòn ăn kèm bún bò
ChIJmS57KABZNDERJm5ava5fDBY,Phở Vũ Trâu Tươi Cơm Rang Bún Bò Huế,Giò tai heo thêm,7000,chiếc,Giò tai giòn sần sật gọi thêm
ChIJmS57KABZNDERJm5ava5fDBY,Phở Vũ Trâu Tươi Cơm Rang Bún Bò Huế,Trà đá,2000,cốc,Trà đá mát lạnh giải nhiệt
ChIJ6cAhylZZNDERky2tFMODo1w,Nhà Hàng Thùy Dung,Cá kho tộ miền Tây đậm vị,87000,tộ,Cá trắm đen kho tộ sánh quyện nước hàng dừa
ChIJ6cAhylZZNDERky2tFMODo1w,Nhà Hàng Thùy Dung,Thịt ba chỉ rang cháy cạnh,70000,đĩa,Thịt ba chỉ ba chỉ giòn rưới mỡ hành
ChIJ6cAhylZZNDERky2tFMODo1w,Nhà Hàng Thùy Dung,Sườn non xào chua ngọt,78000,đĩa,Sườn non xào cùng dứa và ớt chuông sốt chua cay
ChIJ6cAhylZZNDERky2tFMODo1w,Nhà Hàng Thùy Dung,Rau muống luộc dầm sấu / xào tỏi,33000,đĩa,Rau muống tươi xanh luộc chấm nước mắm chanh ớt
ChIJ6cAhylZZNDERky2tFMODo1w,Nhà Hàng Thùy Dung,Canh riêu cua đồng cà pháo,43000,bát,Canh cua đồng mát lạnh ăn kèm cà pháo giòn tan
ChIJ6cAhylZZNDERky2tFMODo1w,Nhà Hàng Thùy Dung,Cơm trắng gạo tám thơm,15000,niêu,Niêu cơm gạo tám dẻo thơm
ChIJTXvpMwBZNDERB5k2udGRtuU,Abc co domg,Kem tươi ốc quế sữa dừa / vani Mixue,10000,chiếc,Kem tươi thơm ngon ngậy béo ốc quế giòn tan
ChIJTXvpMwBZNDERB5k2udGRtuU,Abc co domg,Trà sữa ba anh em thạch pudding trân châu,30000,ly,Trà sữa đậm vị kèm full topping dồi dào
ChIJTXvpMwBZNDERB5k2udGRtuU,Abc co domg,Dương chi cam lộ xoài bưởi trân châu,35000,ly,"Sinh tố xoài, bưởi hồng cùng thạch dừa thạch đào thơm ngon mát lạnh"
ChIJTXvpMwBZNDERB5k2udGRtuU,Abc co domg,Trà đào tứ kỳ xuân hạt đào miếng,28000,ly,Trà ô long thanh vị kết hợp thạch đào giòn ngọt
ChIJzbcc26JZNDERrF9EkOaoHeE,PHỞ BÒ CƠM RANG VŨ THẢO,Phở chín bò ta,30000,bát,Nước dùng phở bò ninh xương ống ngọt lịm kèm thịt chín thái mỏng
ChIJzbcc26JZNDERrF9EkOaoHeE,PHỞ BÒ CƠM RANG VŨ THẢO,Phở tái chần,35000,bát,Phở bò với thịt bò tươi chần tái mềm ngọt
ChIJzbcc26JZNDERrF9EkOaoHeE,PHỞ BÒ CƠM RANG VŨ THẢO,Phở nạm gầu giòn,35000,bát,Bánh phở mềm cùng nạm bò và gầu bò giòn sần sật
ChIJzbcc26JZNDERrF9EkOaoHeE,PHỞ BÒ CƠM RANG VŨ THẢO,Phở tái lăn đặc biệt,45000,bát,Phở bò xào tái lăn thơm mùi tỏi phi
ChIJzbcc26JZNDERrF9EkOaoHeE,PHỞ BÒ CƠM RANG VŨ THẢO,Trứng gà trần,13000,quả,Trứng trần nước phở béo ngậy
ChIJzbcc26JZNDERrF9EkOaoHeE,PHỞ BÒ CƠM RANG VŨ THẢO,Quẩy giòn,8000,chiếc,Quẩy giòn ăn kèm nước phở
ChIJ6cQHeQBZNDERisbvX75IR4A,Quán bia Trường Mai,Bia hơi Hà Nội mát lạnh,12000,cốc,Bia hơi tươi rói rót trực tiếp từ vòi bom lạnh
ChIJ6cQHeQBZNDERisbvX75IR4A,Quán bia Trường Mai,Đậu phụ lướt ván nóng giòn,27000,đĩa,Đậu hũ non chiên lướt ván ngoài vàng giòn trong mịn mượt như thạch
ChIJ6cQHeQBZNDERisbvX75IR4A,Quán bia Trường Mai,Đĩa lạc rang muối / lạc luộc mộc mạc,12000,đĩa,Đồ nhắm bia truyền thống
ChIJ6cQHeQBZNDERisbvX75IR4A,Quán bia Trường Mai,Nộm tai heo đu đủ xanh chua ngọt,67000,đĩa,Tai heo giòn sần sật trộn đu đủ bào sợi nước nộm chua ngọt sảng khoái
ChIJ6cQHeQBZNDERisbvX75IR4A,Quán bia Trường Mai,Sụn gà chiên mắm rang muối,95000,đĩa,Sụn gà ta giòn sần sật tẩm ướp chiên xóc muối ớt tỏi
ChIJMc2QtoBZNDER7WZO0wbsCfw,Phở Tuấn Thành,Phở chín bò ta,33000,bát,Nước dùng phở bò ninh xương ống ngọt lịm kèm thịt chín thái mỏng
ChIJMc2QtoBZNDER7WZO0wbsCfw,Phở Tuấn Thành,Phở tái chần,30000,bát,Phở bò với thịt bò tươi chần tái mềm ngọt
ChIJMc2QtoBZNDER7WZO0wbsCfw,Phở Tuấn Thành,Phở nạm gầu giòn,38000,bát,Bánh phở mềm cùng nạm bò và gầu bò giòn sần sật
ChIJMc2QtoBZNDER7WZO0wbsCfw,Phở Tuấn Thành,Phở tái lăn đặc biệt,45000,bát,Phở bò xào tái lăn thơm mùi tỏi phi
ChIJMc2QtoBZNDER7WZO0wbsCfw,Phở Tuấn Thành,Trứng gà trần,13000,quả,Trứng trần nước phở béo ngậy
ChIJMc2QtoBZNDER7WZO0wbsCfw,Phở Tuấn Thành,Quẩy giòn,8000,chiếc,Quẩy giòn ăn kèm nước phở
ChIJIaOfAgBbNDERabLmpwFVBIY,Quán cơm sạch cô út miền tây,Cơm rang dưa bò,50000,đĩa,Cơm rang hạt giòn tơi xào cùng cải dưa chua và thịt bò tươi mềm
ChIJIaOfAgBbNDERabLmpwFVBIY,Quán cơm sạch cô út miền tây,Cơm rang thập cẩm giòn,30000,đĩa,Cơm rang lạp xưởng ngô ngọt đậu hà lan rưới trứng vàng
ChIJIaOfAgBbNDERabLmpwFVBIY,Quán cơm sạch cô út miền tây,Cơm thố xá xíu nóng hổi,35000,thố,"Cơm nấu niêu thố đất tạo lớp cháy giòn nhẹ, phủ thịt xá xíu đậm sốt"
ChIJIaOfAgBbNDERabLmpwFVBIY,Quán cơm sạch cô út miền tây,Suất cơm bình dân tự chọn (3 món mặn + rau),27000,suất,Cơm suất bình dân đầy đặn sạch sẽ cho sinh viên và người đi làm
ChIJIaOfAgBbNDERabLmpwFVBIY,Quán cơm sạch cô út miền tây,Cơm tấm sườn bì chả Sài Gòn,38000,đĩa,Cơm tấm ăn kèm sườn nướng mặn ngọt chả trứng bì heo thính và nước mắm chua cay
ChIJA2Fya8lbNDERun8DlrH6940,Hò Zô Ta Mơ Garden,Cá kho tộ miền Tây đậm vị,87000,tộ,Cá trắm đen kho tộ sánh quyện nước hàng dừa
ChIJA2Fya8lbNDERun8DlrH6940,Hò Zô Ta Mơ Garden,Thịt ba chỉ rang cháy cạnh,75000,đĩa,Thịt ba chỉ ba chỉ giòn rưới mỡ hành
ChIJA2Fya8lbNDERun8DlrH6940,Hò Zô Ta Mơ Garden,Sườn non xào chua ngọt,75000,đĩa,Sườn non xào cùng dứa và ớt chuông sốt chua cay
ChIJA2Fya8lbNDERun8DlrH6940,Hò Zô Ta Mơ Garden,Rau muống luộc dầm sấu / xào tỏi,27000,đĩa,Rau muống tươi xanh luộc chấm nước mắm chanh ớt
ChIJA2Fya8lbNDERun8DlrH6940,Hò Zô Ta Mơ Garden,Canh riêu cua đồng cà pháo,45000,bát,Canh cua đồng mát lạnh ăn kèm cà pháo giòn tan
ChIJA2Fya8lbNDERun8DlrH6940,Hò Zô Ta Mơ Garden,Cơm trắng gạo tám thơm,18000,niêu,Niêu cơm gạo tám dẻo thơm
ChIJ49KSctNbNDERccWPQfRZwvo,Vườn Bia Đồi Xanh,Bia hơi Hà Nội mát lạnh,9000,cốc,Bia hơi tươi rói rót trực tiếp từ vòi bom lạnh
ChIJ49KSctNbNDERccWPQfRZwvo,Vườn Bia Đồi Xanh,Đậu phụ lướt ván nóng giòn,30000,đĩa,Đậu hũ non chiên lướt ván ngoài vàng giòn trong mịn mượt như thạch
ChIJ49KSctNbNDERccWPQfRZwvo,Vườn Bia Đồi Xanh,Đĩa lạc rang muối / lạc luộc mộc mạc,18000,đĩa,Đồ nhắm bia truyền thống
ChIJ49KSctNbNDERccWPQfRZwvo,Vườn Bia Đồi Xanh,Nộm tai heo đu đủ xanh chua ngọt,67000,đĩa,Tai heo giòn sần sật trộn đu đủ bào sợi nước nộm chua ngọt sảng khoái
ChIJ49KSctNbNDERccWPQfRZwvo,Vườn Bia Đồi Xanh,Sụn gà chiên mắm rang muối,97000,đĩa,Sụn gà ta giòn sần sật tẩm ướp chiên xóc muối ớt tỏi
ChIJQT87QQBbNDER7u3S8JXurQI,Thanh Xuân Quán,Cá kho tộ miền Tây đậm vị,90000,tộ,Cá trắm đen kho tộ sánh quyện nước hàng dừa
ChIJQT87QQBbNDER7u3S8JXurQI,Thanh Xuân Quán,Thịt ba chỉ rang cháy cạnh,73000,đĩa,Thịt ba chỉ ba chỉ giòn rưới mỡ hành
ChIJQT87QQBbNDER7u3S8JXurQI,Thanh Xuân Quán,Sườn non xào chua ngọt,80000,đĩa,Sườn non xào cùng dứa và ớt chuông sốt chua cay
ChIJQT87QQBbNDER7u3S8JXurQI,Thanh Xuân Quán,Rau muống luộc dầm sấu / xào tỏi,27000,đĩa,Rau muống tươi xanh luộc chấm nước mắm chanh ớt
ChIJQT87QQBbNDER7u3S8JXurQI,Thanh Xuân Quán,Canh riêu cua đồng cà pháo,45000,bát,Canh cua đồng mát lạnh ăn kèm cà pháo giòn tan
ChIJQT87QQBbNDER7u3S8JXurQI,Thanh Xuân Quán,Cơm trắng gạo tám thơm,12000,niêu,Niêu cơm gạo tám dẻo thơm
ChIJ8-ETmR-tNTERZW4DhCFbxDY,Phở Gà Tuấn Hưng,Phở chín bò ta,37000,bát,Nước dùng phở bò ninh xương ống ngọt lịm kèm thịt chín thái mỏng
ChIJ8-ETmR-tNTERZW4DhCFbxDY,Phở Gà Tuấn Hưng,Phở tái chần,33000,bát,Phở bò với thịt bò tươi chần tái mềm ngọt
ChIJ8-ETmR-tNTERZW4DhCFbxDY,Phở Gà Tuấn Hưng,Phở nạm gầu giòn,45000,bát,Bánh phở mềm cùng nạm bò và gầu bò giòn sần sật
ChIJ8-ETmR-tNTERZW4DhCFbxDY,Phở Gà Tuấn Hưng,Phở tái lăn đặc biệt,45000,bát,Phở bò xào tái lăn thơm mùi tỏi phi
ChIJ8-ETmR-tNTERZW4DhCFbxDY,Phở Gà Tuấn Hưng,Trứng gà trần,13000,quả,Trứng trần nước phở béo ngậy
ChIJ8-ETmR-tNTERZW4DhCFbxDY,Phở Gà Tuấn Hưng,Quẩy giòn,8000,chiếc,Quẩy giòn ăn kèm nước phở
ChIJK_3bNQBbNDER3OvZfTLBqjc,Cơm Đăng Khôi,Cơm rang dưa bò,45000,đĩa,Cơm rang hạt giòn tơi xào cùng cải dưa chua và thịt bò tươi mềm
ChIJK_3bNQBbNDER3OvZfTLBqjc,Cơm Đăng Khôi,Cơm rang thập cẩm giòn,33000,đĩa,Cơm rang lạp xưởng ngô ngọt đậu hà lan rưới trứng vàng
ChIJK_3bNQBbNDER3OvZfTLBqjc,Cơm Đăng Khôi,Cơm thố xá xíu nóng hổi,40000,thố,"Cơm nấu niêu thố đất tạo lớp cháy giòn nhẹ, phủ thịt xá xíu đậm sốt"
ChIJK_3bNQBbNDER3OvZfTLBqjc,Cơm Đăng Khôi,Suất cơm bình dân tự chọn (3 món mặn + rau),33000,suất,Cơm suất bình dân đầy đặn sạch sẽ cho sinh viên và người đi làm
ChIJK_3bNQBbNDER3OvZfTLBqjc,Cơm Đăng Khôi,Cơm tấm sườn bì chả Sài Gòn,35000,đĩa,Cơm tấm ăn kèm sườn nướng mặn ngọt chả trứng bì heo thính và nước mắm chua cay
ChIJD8z2fQBbNDERZi-cxwZrS7E,Bún Chả Hà Nội Thủy Béo,"Bún đậu mắm tôm đầy đủ (Đậu, thịt chân giò, nem chua rán, chả cốm)",45000,suất,Mẹt bún đậu đầy đủ nguyên liệu tươi ngon kèm rau thơm kinh giới
ChIJD8z2fQBbNDERZi-cxwZrS7E,Bún Chả Hà Nội Thủy Béo,Bún đậu thường (Đậu chiên giòn),25000,suất,Bún đậu chay đơn giản với đậu phụ rán giòn
ChIJD8z2fQBbNDERZi-cxwZrS7E,Bún Chả Hà Nội Thủy Béo,Bún chả Hà Nội truyền thống,45000,suất,Chả miếng và chả viên nướng than hoa thơm phức trong bát nước chấm chua ngọt
ChIJD8z2fQBbNDERZi-cxwZrS7E,Bún Chả Hà Nội Thủy Béo,Nem cua bể chiên giòn,18000,chiếc,Nem cua bể giòn rụm nhiều nhân
ChIJD8z2fQBbNDERZi-cxwZrS7E,Bún Chả Hà Nội Thủy Béo,Nước sấu đá ngầm chua ngọt,12000,cốc,Đồ uống giải nhiệt cực hợp vị bún đậu
ChIJxRxYMABbNDERCTsvuozKfk8,Cơm Nam Hằng,Cơm rang dưa bò,50000,đĩa,Cơm rang hạt giòn tơi xào cùng cải dưa chua và thịt bò tươi mềm
ChIJxRxYMABbNDERCTsvuozKfk8,Cơm Nam Hằng,Cơm rang thập cẩm giòn,33000,đĩa,Cơm rang lạp xưởng ngô ngọt đậu hà lan rưới trứng vàng
ChIJxRxYMABbNDERCTsvuozKfk8,Cơm Nam Hằng,Cơm thố xá xíu nóng hổi,42000,thố,"Cơm nấu niêu thố đất tạo lớp cháy giòn nhẹ, phủ thịt xá xíu đậm sốt"
ChIJxRxYMABbNDERCTsvuozKfk8,Cơm Nam Hằng,Suất cơm bình dân tự chọn (3 món mặn + rau),33000,suất,Cơm suất bình dân đầy đặn sạch sẽ cho sinh viên và người đi làm
ChIJxRxYMABbNDERCTsvuozKfk8,Cơm Nam Hằng,Cơm tấm sườn bì chả Sài Gòn,40000,đĩa,Cơm tấm ăn kèm sườn nướng mặn ngọt chả trứng bì heo thính và nước mắm chua cay
ChIJJft1fABbNDERBnkL1Q68Sts,Vịt Quay Lê Hương,Cá kho tộ miền Tây đậm vị,85000,tộ,Cá trắm đen kho tộ sánh quyện nước hàng dừa
ChIJJft1fABbNDERBnkL1Q68Sts,Vịt Quay Lê Hương,Thịt ba chỉ rang cháy cạnh,73000,đĩa,Thịt ba chỉ ba chỉ giòn rưới mỡ hành
ChIJJft1fABbNDERBnkL1Q68Sts,Vịt Quay Lê Hương,Sườn non xào chua ngọt,85000,đĩa,Sườn non xào cùng dứa và ớt chuông sốt chua cay
ChIJJft1fABbNDERBnkL1Q68Sts,Vịt Quay Lê Hương,Rau muống luộc dầm sấu / xào tỏi,33000,đĩa,Rau muống tươi xanh luộc chấm nước mắm chanh ớt
ChIJJft1fABbNDERBnkL1Q68Sts,Vịt Quay Lê Hương,Canh riêu cua đồng cà pháo,50000,bát,Canh cua đồng mát lạnh ăn kèm cà pháo giòn tan
ChIJJft1fABbNDERBnkL1Q68Sts,Vịt Quay Lê Hương,Cơm trắng gạo tám thơm,12000,niêu,Niêu cơm gạo tám dẻo thơm
ChIJRTQ4cIdbNDERva6MFUBilaI,Finger Food,Cá kho tộ miền Tây đậm vị,83000,tộ,Cá trắm đen kho tộ sánh quyện nước hàng dừa
ChIJRTQ4cIdbNDERva6MFUBilaI,Finger Food,Thịt ba chỉ rang cháy cạnh,70000,đĩa,Thịt ba chỉ ba chỉ giòn rưới mỡ hành
ChIJRTQ4cIdbNDERva6MFUBilaI,Finger Food,Sườn non xào chua ngọt,80000,đĩa,Sườn non xào cùng dứa và ớt chuông sốt chua cay
ChIJRTQ4cIdbNDERva6MFUBilaI,Finger Food,Rau muống luộc dầm sấu / xào tỏi,30000,đĩa,Rau muống tươi xanh luộc chấm nước mắm chanh ớt
ChIJRTQ4cIdbNDERva6MFUBilaI,Finger Food,Canh riêu cua đồng cà pháo,40000,bát,Canh cua đồng mát lạnh ăn kèm cà pháo giòn tan
ChIJRTQ4cIdbNDERva6MFUBilaI,Finger Food,Cơm trắng gạo tám thơm,15000,niêu,Niêu cơm gạo tám dẻo thơm
ChIJf3VfmDxbNDERzTXa8C33Uk4,Bún cá cay Hồng Sáu,Bún cá cay Hải Phòng giòn rụm,33000,bát,"Cá chiên giòn, chả cá thu thơm ngon nước dùng dọc mùng chua cay"
ChIJf3VfmDxbNDERzTXa8C33Uk4,Bún cá cay Hồng Sáu,Bún riêu cua bắp bò giò tai,35000,bát,"Bún nước với riêu cua đồng xịn kèm bắp bò tươi, giò tai heo sần sật"
ChIJf3VfmDxbNDERzTXa8C33Uk4,Bún cá cay Hồng Sáu,Bún sườn mọc dọc mùng hành hoa,37000,bát,Bún sườn non mềm nhừ kèm mọc thịt giòn dẻo
ChIJf3VfmDxbNDERzTXa8C33Uk4,Bún cá cay Hồng Sáu,Trà đá mát lạnh,8000,cốc,Trà đá mát uống kèm bún nóng
ChIJD5IMIrNbNDERjEn-PWMJ6f8,Bánh Mì Kebab 3T,Bún cá cay Hải Phòng giòn rụm,37000,bát,"Cá chiên giòn, chả cá thu thơm ngon nước dùng dọc mùng chua cay"
ChIJD5IMIrNbNDERjEn-PWMJ6f8,Bánh Mì Kebab 3T,Bún riêu cua bắp bò giò tai,38000,bát,"Bún nước với riêu cua đồng xịn kèm bắp bò tươi, giò tai heo sần sật"
ChIJD5IMIrNbNDERjEn-PWMJ6f8,Bánh Mì Kebab 3T,Bún sườn mọc dọc mùng hành hoa,35000,bát,Bún sườn non mềm nhừ kèm mọc thịt giòn dẻo
ChIJD5IMIrNbNDERjEn-PWMJ6f8,Bánh Mì Kebab 3T,Trà đá mát lạnh,8000,cốc,Trà đá mát uống kèm bún nóng
ChIJpUHC869bNDER79W1kLBluI4,Bún Đậu Cô Tuyết,"Bún đậu mắm tôm đầy đủ (Đậu, thịt chân giò, nem chua rán, chả cốm)",45000,suất,Mẹt bún đậu đầy đủ nguyên liệu tươi ngon kèm rau thơm kinh giới
ChIJpUHC869bNDER79W1kLBluI4,Bún Đậu Cô Tuyết,Bún đậu thường (Đậu chiên giòn),22000,suất,Bún đậu chay đơn giản với đậu phụ rán giòn
ChIJpUHC869bNDER79W1kLBluI4,Bún Đậu Cô Tuyết,Bún chả Hà Nội truyền thống,38000,suất,Chả miếng và chả viên nướng than hoa thơm phức trong bát nước chấm chua ngọt
ChIJpUHC869bNDER79W1kLBluI4,Bún Đậu Cô Tuyết,Nem cua bể chiên giòn,15000,chiếc,Nem cua bể giòn rụm nhiều nhân
ChIJpUHC869bNDER79W1kLBluI4,Bún Đậu Cô Tuyết,Nước sấu đá ngầm chua ngọt,15000,cốc,Đồ uống giải nhiệt cực hợp vị bún đậu
ChIJVdi8RQBbNDERodP5wk0_JSo,Ahiii Chicken,Gà rán giòn rụm tiêu cay (1 miếng),33000,miếng,Thịt gà tươi tẩm bột chiên vàng giòn da ngoài mọng nước bên trong
ChIJVdi8RQBbNDERodP5wk0_JSo,Ahiii Chicken,Burger bò phô mai xá xíu đặc biệt,43000,chiếc,"Burger kẹp bò băm nướng lò, phô mai lát béo ngậy, sốt đặc biệt"
ChIJVdi8RQBbNDERodP5wk0_JSo,Ahiii Chicken,Pizza xúc xích xông khói phô mai (Size 20cm),110000,chiếc,Đế pizza nướng giòn rưới đẫm phô mai Mozzarella nhập khẩu
ChIJVdi8RQBbNDERodP5wk0_JSo,Ahiii Chicken,Khoai tây chiên giòn cọng lớn,22000,đĩa,Khoai tây vàng giòn tơi xốp ăn kèm sốt cà chua
ChIJNxdUZwBbNDERrWkvgf7rlnQ,Cơm Tấm Bếp Mẹ Kem,Cơm rang dưa bò,45000,đĩa,Cơm rang hạt giòn tơi xào cùng cải dưa chua và thịt bò tươi mềm
ChIJNxdUZwBbNDERrWkvgf7rlnQ,Cơm Tấm Bếp Mẹ Kem,Cơm rang thập cẩm giòn,40000,đĩa,Cơm rang lạp xưởng ngô ngọt đậu hà lan rưới trứng vàng
ChIJNxdUZwBbNDERrWkvgf7rlnQ,Cơm Tấm Bếp Mẹ Kem,Cơm thố xá xíu nóng hổi,42000,thố,"Cơm nấu niêu thố đất tạo lớp cháy giòn nhẹ, phủ thịt xá xíu đậm sốt"
ChIJNxdUZwBbNDERrWkvgf7rlnQ,Cơm Tấm Bếp Mẹ Kem,Suất cơm bình dân tự chọn (3 món mặn + rau),33000,suất,Cơm suất bình dân đầy đặn sạch sẽ cho sinh viên và người đi làm
ChIJNxdUZwBbNDERrWkvgf7rlnQ,Cơm Tấm Bếp Mẹ Kem,Cơm tấm sườn bì chả Sài Gòn,40000,đĩa,Cơm tấm ăn kèm sườn nướng mặn ngọt chả trứng bì heo thính và nước mắm chua cay
ChIJZ04XLQBbNDERofaKGwvClCQ,Phở Cồ An 2,Phở chín bò ta,40000,bát,Nước dùng phở bò ninh xương ống ngọt lịm kèm thịt chín thái mỏng
ChIJZ04XLQBbNDERofaKGwvClCQ,Phở Cồ An 2,Phở tái chần,30000,bát,Phở bò với thịt bò tươi chần tái mềm ngọt
ChIJZ04XLQBbNDERofaKGwvClCQ,Phở Cồ An 2,Phở nạm gầu giòn,42000,bát,Bánh phở mềm cùng nạm bò và gầu bò giòn sần sật
ChIJZ04XLQBbNDERofaKGwvClCQ,Phở Cồ An 2,Phở tái lăn đặc biệt,43000,bát,Phở bò xào tái lăn thơm mùi tỏi phi
ChIJZ04XLQBbNDERofaKGwvClCQ,Phở Cồ An 2,Trứng gà trần,10000,quả,Trứng trần nước phở béo ngậy
ChIJZ04XLQBbNDERofaKGwvClCQ,Phở Cồ An 2,Quẩy giòn,5000,chiếc,Quẩy giòn ăn kèm nước phở
ChIJJWbjPgBbNDERpmsG6rR1Azk,Quán mỳ quảng,Bún cá cay Hải Phòng giòn rụm,37000,bát,"Cá chiên giòn, chả cá thu thơm ngon nước dùng dọc mùng chua cay"
ChIJJWbjPgBbNDERpmsG6rR1Azk,Quán mỳ quảng,Bún riêu cua bắp bò giò tai,42000,bát,"Bún nước với riêu cua đồng xịn kèm bắp bò tươi, giò tai heo sần sật"
ChIJJWbjPgBbNDERpmsG6rR1Azk,Quán mỳ quảng,Bún sườn mọc dọc mùng hành hoa,37000,bát,Bún sườn non mềm nhừ kèm mọc thịt giòn dẻo
ChIJJWbjPgBbNDERpmsG6rR1Azk,Quán mỳ quảng,Trà đá mát lạnh,5000,cốc,Trà đá mát uống kèm bún nóng
ChIJT0AmbQBbNDERvRn2nretB2w,Quán Bia Vàng 999,Bia hơi Hà Nội mát lạnh,15000,cốc,Bia hơi tươi rói rót trực tiếp từ vòi bom lạnh
ChIJT0AmbQBbNDERvRn2nretB2w,Quán Bia Vàng 999,Đậu phụ lướt ván nóng giòn,27000,đĩa,Đậu hũ non chiên lướt ván ngoài vàng giòn trong mịn mượt như thạch
ChIJT0AmbQBbNDERvRn2nretB2w,Quán Bia Vàng 999,Đĩa lạc rang muối / lạc luộc mộc mạc,12000,đĩa,Đồ nhắm bia truyền thống
ChIJT0AmbQBbNDERvRn2nretB2w,Quán Bia Vàng 999,Nộm tai heo đu đủ xanh chua ngọt,63000,đĩa,Tai heo giòn sần sật trộn đu đủ bào sợi nước nộm chua ngọt sảng khoái
ChIJT0AmbQBbNDERvRn2nretB2w,Quán Bia Vàng 999,Sụn gà chiên mắm rang muối,95000,đĩa,Sụn gà ta giòn sần sật tẩm ướp chiên xóc muối ớt tỏi
ChIJp_JZegBbNDERwbrge2vdrQY,Quán phở Minh Đức,Phở chín bò ta,37000,bát,Nước dùng phở bò ninh xương ống ngọt lịm kèm thịt chín thái mỏng
ChIJp_JZegBbNDERwbrge2vdrQY,Quán phở Minh Đức,Phở tái chần,40000,bát,Phở bò với thịt bò tươi chần tái mềm ngọt
ChIJp_JZegBbNDERwbrge2vdrQY,Quán phở Minh Đức,Phở nạm gầu giòn,45000,bát,Bánh phở mềm cùng nạm bò và gầu bò giòn sần sật
ChIJp_JZegBbNDERwbrge2vdrQY,Quán phở Minh Đức,Phở tái lăn đặc biệt,50000,bát,Phở bò xào tái lăn thơm mùi tỏi phi
ChIJp_JZegBbNDERwbrge2vdrQY,Quán phở Minh Đức,Trứng gà trần,7000,quả,Trứng trần nước phở béo ngậy
ChIJp_JZegBbNDERwbrge2vdrQY,Quán phở Minh Đức,Quẩy giòn,8000,chiếc,Quẩy giòn ăn kèm nước phở
ChIJ80scHwBbNDER4AIxGn8Mt_E,Quán vịt Xuân Lan,Cá kho tộ miền Tây đậm vị,87000,tộ,Cá trắm đen kho tộ sánh quyện nước hàng dừa
ChIJ80scHwBbNDER4AIxGn8Mt_E,Quán vịt Xuân Lan,Thịt ba chỉ rang cháy cạnh,80000,đĩa,Thịt ba chỉ ba chỉ giòn rưới mỡ hành
ChIJ80scHwBbNDER4AIxGn8Mt_E,Quán vịt Xuân Lan,Sườn non xào chua ngọt,85000,đĩa,Sườn non xào cùng dứa và ớt chuông sốt chua cay
ChIJ80scHwBbNDER4AIxGn8Mt_E,Quán vịt Xuân Lan,Rau muống luộc dầm sấu / xào tỏi,27000,đĩa,Rau muống tươi xanh luộc chấm nước mắm chanh ớt
ChIJ80scHwBbNDER4AIxGn8Mt_E,Quán vịt Xuân Lan,Canh riêu cua đồng cà pháo,47000,bát,Canh cua đồng mát lạnh ăn kèm cà pháo giòn tan
ChIJ80scHwBbNDER4AIxGn8Mt_E,Quán vịt Xuân Lan,Cơm trắng gạo tám thơm,12000,niêu,Niêu cơm gạo tám dẻo thơm
ChIJz4ExPABbNDERz4nHNFhw0KM,Phở Bò Trung Kiên,Phở chín bò ta,35000,bát,Nước dùng phở bò ninh xương ống ngọt lịm kèm thịt chín thái mỏng
ChIJz4ExPABbNDERz4nHNFhw0KM,Phở Bò Trung Kiên,Phở tái chần,37000,bát,Phở bò với thịt bò tươi chần tái mềm ngọt
ChIJz4ExPABbNDERz4nHNFhw0KM,Phở Bò Trung Kiên,Phở nạm gầu giòn,35000,bát,Bánh phở mềm cùng nạm bò và gầu bò giòn sần sật
ChIJz4ExPABbNDERz4nHNFhw0KM,Phở Bò Trung Kiên,Phở tái lăn đặc biệt,45000,bát,Phở bò xào tái lăn thơm mùi tỏi phi
ChIJz4ExPABbNDERz4nHNFhw0KM,Phở Bò Trung Kiên,Trứng gà trần,13000,quả,Trứng trần nước phở béo ngậy
ChIJz4ExPABbNDERz4nHNFhw0KM,Phở Bò Trung Kiên,Quẩy giòn,8000,chiếc,Quẩy giòn ăn kèm nước phở
ChIJ-ZsEUwBbNDERelh90WyxjV4,Bún chả Năm Hòi,"Bún đậu mắm tôm đầy đủ (Đậu, thịt chân giò, nem chua rán, chả cốm)",47000,suất,Mẹt bún đậu đầy đủ nguyên liệu tươi ngon kèm rau thơm kinh giới
ChIJ-ZsEUwBbNDERelh90WyxjV4,Bún chả Năm Hòi,Bún đậu thường (Đậu chiên giòn),22000,suất,Bún đậu chay đơn giản với đậu phụ rán giòn
ChIJ-ZsEUwBbNDERelh90WyxjV4,Bún chả Năm Hòi,Bún chả Hà Nội truyền thống,38000,suất,Chả miếng và chả viên nướng than hoa thơm phức trong bát nước chấm chua ngọt
ChIJ-ZsEUwBbNDERelh90WyxjV4,Bún chả Năm Hòi,Nem cua bể chiên giòn,12000,chiếc,Nem cua bể giòn rụm nhiều nhân
ChIJ-ZsEUwBbNDERelh90WyxjV4,Bún chả Năm Hòi,Nước sấu đá ngầm chua ngọt,12000,cốc,Đồ uống giải nhiệt cực hợp vị bún đậu
ChIJESvyEwBbNDERcGUXf-svlOI,Phở bò 999,Phở chín bò ta,30000,bát,Nước dùng phở bò ninh xương ống ngọt lịm kèm thịt chín thái mỏng
ChIJESvyEwBbNDERcGUXf-svlOI,Phở bò 999,Phở tái chần,40000,bát,Phở bò với thịt bò tươi chần tái mềm ngọt
ChIJESvyEwBbNDERcGUXf-svlOI,Phở bò 999,Phở nạm gầu giòn,40000,bát,Bánh phở mềm cùng nạm bò và gầu bò giòn sần sật
ChIJESvyEwBbNDERcGUXf-svlOI,Phở bò 999,Phở tái lăn đặc biệt,47000,bát,Phở bò xào tái lăn thơm mùi tỏi phi
ChIJESvyEwBbNDERcGUXf-svlOI,Phở bò 999,Trứng gà trần,7000,quả,Trứng trần nước phở béo ngậy
ChIJESvyEwBbNDERcGUXf-svlOI,Phở bò 999,Quẩy giòn,8000,chiếc,Quẩy giòn ăn kèm nước phở
ChIJ6zKEu5RbNDERYcLOp4c-qwc,Minh Chi Bún Chả Hà Nội,"Bún đậu mắm tôm đầy đủ (Đậu, thịt chân giò, nem chua rán, chả cốm)",40000,suất,Mẹt bún đậu đầy đủ nguyên liệu tươi ngon kèm rau thơm kinh giới
ChIJ6zKEu5RbNDERYcLOp4c-qwc,Minh Chi Bún Chả Hà Nội,Bún đậu thường (Đậu chiên giòn),22000,suất,Bún đậu chay đơn giản với đậu phụ rán giòn
ChIJ6zKEu5RbNDERYcLOp4c-qwc,Minh Chi Bún Chả Hà Nội,Bún chả Hà Nội truyền thống,45000,suất,Chả miếng và chả viên nướng than hoa thơm phức trong bát nước chấm chua ngọt
ChIJ6zKEu5RbNDERYcLOp4c-qwc,Minh Chi Bún Chả Hà Nội,Nem cua bể chiên giòn,15000,chiếc,Nem cua bể giòn rụm nhiều nhân
ChIJ6zKEu5RbNDERYcLOp4c-qwc,Minh Chi Bún Chả Hà Nội,Nước sấu đá ngầm chua ngọt,15000,cốc,Đồ uống giải nhiệt cực hợp vị bún đậu
ChIJXW6ZTwBdNDERrtpCrFMQjbo,Cánh Đồng Quán Tin Tin,Cá kho tộ miền Tây đậm vị,87000,tộ,Cá trắm đen kho tộ sánh quyện nước hàng dừa
ChIJXW6ZTwBdNDERrtpCrFMQjbo,Cánh Đồng Quán Tin Tin,Thịt ba chỉ rang cháy cạnh,70000,đĩa,Thịt ba chỉ ba chỉ giòn rưới mỡ hành
ChIJXW6ZTwBdNDERrtpCrFMQjbo,Cánh Đồng Quán Tin Tin,Sườn non xào chua ngọt,80000,đĩa,Sườn non xào cùng dứa và ớt chuông sốt chua cay
ChIJXW6ZTwBdNDERrtpCrFMQjbo,Cánh Đồng Quán Tin Tin,Rau muống luộc dầm sấu / xào tỏi,30000,đĩa,Rau muống tươi xanh luộc chấm nước mắm chanh ớt
ChIJXW6ZTwBdNDERrtpCrFMQjbo,Cánh Đồng Quán Tin Tin,Canh riêu cua đồng cà pháo,45000,bát,Canh cua đồng mát lạnh ăn kèm cà pháo giòn tan
ChIJXW6ZTwBdNDERrtpCrFMQjbo,Cánh Đồng Quán Tin Tin,Cơm trắng gạo tám thơm,12000,niêu,Niêu cơm gạo tám dẻo thơm
ChIJVVVKEgBdNDERss5c67H3030,Phương Hưởng Quán,Cá kho tộ miền Tây đậm vị,83000,tộ,Cá trắm đen kho tộ sánh quyện nước hàng dừa
ChIJVVVKEgBdNDERss5c67H3030,Phương Hưởng Quán,Thịt ba chỉ rang cháy cạnh,73000,đĩa,Thịt ba chỉ ba chỉ giòn rưới mỡ hành
ChIJVVVKEgBdNDERss5c67H3030,Phương Hưởng Quán,Sườn non xào chua ngọt,75000,đĩa,Sườn non xào cùng dứa và ớt chuông sốt chua cay
ChIJVVVKEgBdNDERss5c67H3030,Phương Hưởng Quán,Rau muống luộc dầm sấu / xào tỏi,30000,đĩa,Rau muống tươi xanh luộc chấm nước mắm chanh ớt
ChIJVVVKEgBdNDERss5c67H3030,Phương Hưởng Quán,Canh riêu cua đồng cà pháo,43000,bát,Canh cua đồng mát lạnh ăn kèm cà pháo giòn tan
ChIJVVVKEgBdNDERss5c67H3030,Phương Hưởng Quán,Cơm trắng gạo tám thơm,18000,niêu,Niêu cơm gạo tám dẻo thơm
ChIJQ4XVFQBdNDERhBM_VanL-KA,Đồng Quê Quán,Cá kho tộ miền Tây đậm vị,83000,tộ,Cá trắm đen kho tộ sánh quyện nước hàng dừa
ChIJQ4XVFQBdNDERhBM_VanL-KA,Đồng Quê Quán,Thịt ba chỉ rang cháy cạnh,75000,đĩa,Thịt ba chỉ ba chỉ giòn rưới mỡ hành
ChIJQ4XVFQBdNDERhBM_VanL-KA,Đồng Quê Quán,Sườn non xào chua ngọt,78000,đĩa,Sườn non xào cùng dứa và ớt chuông sốt chua cay
ChIJQ4XVFQBdNDERhBM_VanL-KA,Đồng Quê Quán,Rau muống luộc dầm sấu / xào tỏi,33000,đĩa,Rau muống tươi xanh luộc chấm nước mắm chanh ớt
ChIJQ4XVFQBdNDERhBM_VanL-KA,Đồng Quê Quán,Canh riêu cua đồng cà pháo,50000,bát,Canh cua đồng mát lạnh ăn kèm cà pháo giòn tan
ChIJQ4XVFQBdNDERhBM_VanL-KA,Đồng Quê Quán,Cơm trắng gạo tám thơm,18000,niêu,Niêu cơm gạo tám dẻo thơm
ChIJe1gUKwBdNDERx_4YdbrYxxE,Cơm Thu Đông,Cơm rang dưa bò,40000,đĩa,Cơm rang hạt giòn tơi xào cùng cải dưa chua và thịt bò tươi mềm
ChIJe1gUKwBdNDERx_4YdbrYxxE,Cơm Thu Đông,Cơm rang thập cẩm giòn,33000,đĩa,Cơm rang lạp xưởng ngô ngọt đậu hà lan rưới trứng vàng
ChIJe1gUKwBdNDERx_4YdbrYxxE,Cơm Thu Đông,Cơm thố xá xíu nóng hổi,45000,thố,"Cơm nấu niêu thố đất tạo lớp cháy giòn nhẹ, phủ thịt xá xíu đậm sốt"
ChIJe1gUKwBdNDERx_4YdbrYxxE,Cơm Thu Đông,Suất cơm bình dân tự chọn (3 món mặn + rau),27000,suất,Cơm suất bình dân đầy đặn sạch sẽ cho sinh viên và người đi làm
ChIJe1gUKwBdNDERx_4YdbrYxxE,Cơm Thu Đông,Cơm tấm sườn bì chả Sài Gòn,40000,đĩa,Cơm tấm ăn kèm sườn nướng mặn ngọt chả trứng bì heo thính và nước mắm chua cay
ChIJJRjxPQBbNDERwaTIuM5aF78,Quán Cơm Xe Tải 102,Cơm rang dưa bò,45000,đĩa,Cơm rang hạt giòn tơi xào cùng cải dưa chua và thịt bò tươi mềm
ChIJJRjxPQBbNDERwaTIuM5aF78,Quán Cơm Xe Tải 102,Cơm rang thập cẩm giòn,33000,đĩa,Cơm rang lạp xưởng ngô ngọt đậu hà lan rưới trứng vàng
ChIJJRjxPQBbNDERwaTIuM5aF78,Quán Cơm Xe Tải 102,Cơm thố xá xíu nóng hổi,40000,thố,"Cơm nấu niêu thố đất tạo lớp cháy giòn nhẹ, phủ thịt xá xíu đậm sốt"
ChIJJRjxPQBbNDERwaTIuM5aF78,Quán Cơm Xe Tải 102,Suất cơm bình dân tự chọn (3 món mặn + rau),33000,suất,Cơm suất bình dân đầy đặn sạch sẽ cho sinh viên và người đi làm
ChIJJRjxPQBbNDERwaTIuM5aF78,Quán Cơm Xe Tải 102,Cơm tấm sườn bì chả Sài Gòn,35000,đĩa,Cơm tấm ăn kèm sườn nướng mặn ngọt chả trứng bì heo thính và nước mắm chua cay
ChIJtW63DQBdNDERpwMFwfPLG14,Cơm Xe Tải Quán Đỏ,Cơm rang dưa bò,40000,đĩa,Cơm rang hạt giòn tơi xào cùng cải dưa chua và thịt bò tươi mềm
ChIJtW63DQBdNDERpwMFwfPLG14,Cơm Xe Tải Quán Đỏ,Cơm rang thập cẩm giòn,30000,đĩa,Cơm rang lạp xưởng ngô ngọt đậu hà lan rưới trứng vàng
ChIJtW63DQBdNDERpwMFwfPLG14,Cơm Xe Tải Quán Đỏ,Cơm thố xá xíu nóng hổi,38000,thố,"Cơm nấu niêu thố đất tạo lớp cháy giòn nhẹ, phủ thịt xá xíu đậm sốt"
ChIJtW63DQBdNDERpwMFwfPLG14,Cơm Xe Tải Quán Đỏ,Suất cơm bình dân tự chọn (3 món mặn + rau),33000,suất,Cơm suất bình dân đầy đặn sạch sẽ cho sinh viên và người đi làm
ChIJtW63DQBdNDERpwMFwfPLG14,Cơm Xe Tải Quán Đỏ,Cơm tấm sườn bì chả Sài Gòn,45000,đĩa,Cơm tấm ăn kèm sườn nướng mặn ngọt chả trứng bì heo thính và nước mắm chua cay
ChIJwxLJVwBdNDERn0BJfVHM0eo,Hào Vịt Quán,Cá kho tộ miền Tây đậm vị,85000,tộ,Cá trắm đen kho tộ sánh quyện nước hàng dừa
ChIJwxLJVwBdNDERn0BJfVHM0eo,Hào Vịt Quán,Thịt ba chỉ rang cháy cạnh,73000,đĩa,Thịt ba chỉ ba chỉ giòn rưới mỡ hành
ChIJwxLJVwBdNDERn0BJfVHM0eo,Hào Vịt Quán,Sườn non xào chua ngọt,82000,đĩa,Sườn non xào cùng dứa và ớt chuông sốt chua cay
ChIJwxLJVwBdNDERn0BJfVHM0eo,Hào Vịt Quán,Rau muống luộc dầm sấu / xào tỏi,27000,đĩa,Rau muống tươi xanh luộc chấm nước mắm chanh ớt
ChIJwxLJVwBdNDERn0BJfVHM0eo,Hào Vịt Quán,Canh riêu cua đồng cà pháo,40000,bát,Canh cua đồng mát lạnh ăn kèm cà pháo giòn tan
ChIJwxLJVwBdNDERn0BJfVHM0eo,Hào Vịt Quán,Cơm trắng gạo tám thơm,18000,niêu,Niêu cơm gạo tám dẻo thơm
ChIJnQGsGQBdNDERgr-0whD9Xj4,Quán Cơm Danh Ngọc,Cơm rang dưa bò,47000,đĩa,Cơm rang hạt giòn tơi xào cùng cải dưa chua và thịt bò tươi mềm
ChIJnQGsGQBdNDERgr-0whD9Xj4,Quán Cơm Danh Ngọc,Cơm rang thập cẩm giòn,37000,đĩa,Cơm rang lạp xưởng ngô ngọt đậu hà lan rưới trứng vàng
ChIJnQGsGQBdNDERgr-0whD9Xj4,Quán Cơm Danh Ngọc,Cơm thố xá xíu nóng hổi,45000,thố,"Cơm nấu niêu thố đất tạo lớp cháy giòn nhẹ, phủ thịt xá xíu đậm sốt"
ChIJnQGsGQBdNDERgr-0whD9Xj4,Quán Cơm Danh Ngọc,Suất cơm bình dân tự chọn (3 món mặn + rau),27000,suất,Cơm suất bình dân đầy đặn sạch sẽ cho sinh viên và người đi làm
ChIJnQGsGQBdNDERgr-0whD9Xj4,Quán Cơm Danh Ngọc,Cơm tấm sườn bì chả Sài Gòn,35000,đĩa,Cơm tấm ăn kèm sườn nướng mặn ngọt chả trứng bì heo thính và nước mắm chua cay
ChIJGY9xDQBdNDERBqb3Vk5Ogw0,Quán Cơm Lửa Việt,Cơm rang dưa bò,40000,đĩa,Cơm rang hạt giòn tơi xào cùng cải dưa chua và thịt bò tươi mềm
ChIJGY9xDQBdNDERBqb3Vk5Ogw0,Quán Cơm Lửa Việt,Cơm rang thập cẩm giòn,37000,đĩa,Cơm rang lạp xưởng ngô ngọt đậu hà lan rưới trứng vàng
ChIJGY9xDQBdNDERBqb3Vk5Ogw0,Quán Cơm Lửa Việt,Cơm thố xá xíu nóng hổi,38000,thố,"Cơm nấu niêu thố đất tạo lớp cháy giòn nhẹ, phủ thịt xá xíu đậm sốt"
ChIJGY9xDQBdNDERBqb3Vk5Ogw0,Quán Cơm Lửa Việt,Suất cơm bình dân tự chọn (3 món mặn + rau),33000,suất,Cơm suất bình dân đầy đặn sạch sẽ cho sinh viên và người đi làm
ChIJGY9xDQBdNDERBqb3Vk5Ogw0,Quán Cơm Lửa Việt,Cơm tấm sườn bì chả Sài Gòn,40000,đĩa,Cơm tấm ăn kèm sườn nướng mặn ngọt chả trứng bì heo thính và nước mắm chua cay
ChIJ2Zx9cQBdNDER4SS84fcFzvg,Vườn Bia Hà Đen,Bia hơi Hà Nội mát lạnh,9000,cốc,Bia hơi tươi rói rót trực tiếp từ vòi bom lạnh
ChIJ2Zx9cQBdNDER4SS84fcFzvg,Vườn Bia Hà Đen,Đậu phụ lướt ván nóng giòn,30000,đĩa,Đậu hũ non chiên lướt ván ngoài vàng giòn trong mịn mượt như thạch
ChIJ2Zx9cQBdNDER4SS84fcFzvg,Vườn Bia Hà Đen,Đĩa lạc rang muối / lạc luộc mộc mạc,18000,đĩa,Đồ nhắm bia truyền thống
ChIJ2Zx9cQBdNDER4SS84fcFzvg,Vườn Bia Hà Đen,Nộm tai heo đu đủ xanh chua ngọt,63000,đĩa,Tai heo giòn sần sật trộn đu đủ bào sợi nước nộm chua ngọt sảng khoái
ChIJ2Zx9cQBdNDER4SS84fcFzvg,Vườn Bia Hà Đen,Sụn gà chiên mắm rang muối,93000,đĩa,Sụn gà ta giòn sần sật tẩm ướp chiên xóc muối ớt tỏi
ChIJ17uvnA1bNDERLGa6AQZnTWc,Phượng Hoàng Quán,Cá kho tộ miền Tây đậm vị,87000,tộ,Cá trắm đen kho tộ sánh quyện nước hàng dừa
ChIJ17uvnA1bNDERLGa6AQZnTWc,Phượng Hoàng Quán,Thịt ba chỉ rang cháy cạnh,73000,đĩa,Thịt ba chỉ ba chỉ giòn rưới mỡ hành
ChIJ17uvnA1bNDERLGa6AQZnTWc,Phượng Hoàng Quán,Sườn non xào chua ngọt,82000,đĩa,Sườn non xào cùng dứa và ớt chuông sốt chua cay
ChIJ17uvnA1bNDERLGa6AQZnTWc,Phượng Hoàng Quán,Rau muống luộc dầm sấu / xào tỏi,33000,đĩa,Rau muống tươi xanh luộc chấm nước mắm chanh ớt
ChIJ17uvnA1bNDERLGa6AQZnTWc,Phượng Hoàng Quán,Canh riêu cua đồng cà pháo,43000,bát,Canh cua đồng mát lạnh ăn kèm cà pháo giòn tan
ChIJ17uvnA1bNDERLGa6AQZnTWc,Phượng Hoàng Quán,Cơm trắng gạo tám thơm,18000,niêu,Niêu cơm gạo tám dẻo thơm
ChIJaawT2DxbNDERsHA4UqB1gcM,Quán Lòng Ngon 668,Cá kho tộ miền Tây đậm vị,90000,tộ,Cá trắm đen kho tộ sánh quyện nước hàng dừa
ChIJaawT2DxbNDERsHA4UqB1gcM,Quán Lòng Ngon 668,Thịt ba chỉ rang cháy cạnh,80000,đĩa,Thịt ba chỉ ba chỉ giòn rưới mỡ hành
ChIJaawT2DxbNDERsHA4UqB1gcM,Quán Lòng Ngon 668,Sườn non xào chua ngọt,82000,đĩa,Sườn non xào cùng dứa và ớt chuông sốt chua cay
ChIJaawT2DxbNDERsHA4UqB1gcM,Quán Lòng Ngon 668,Rau muống luộc dầm sấu / xào tỏi,30000,đĩa,Rau muống tươi xanh luộc chấm nước mắm chanh ớt
ChIJaawT2DxbNDERsHA4UqB1gcM,Quán Lòng Ngon 668,Canh riêu cua đồng cà pháo,40000,bát,Canh cua đồng mát lạnh ăn kèm cà pháo giòn tan
ChIJaawT2DxbNDERsHA4UqB1gcM,Quán Lòng Ngon 668,Cơm trắng gạo tám thơm,12000,niêu,Niêu cơm gạo tám dẻo thơm
ChIJryh9fgBbNDER8TIcL04n5VM,Giang Sơn Quán,Cá kho tộ miền Tây đậm vị,87000,tộ,Cá trắm đen kho tộ sánh quyện nước hàng dừa
ChIJryh9fgBbNDER8TIcL04n5VM,Giang Sơn Quán,Thịt ba chỉ rang cháy cạnh,77000,đĩa,Thịt ba chỉ ba chỉ giòn rưới mỡ hành
ChIJryh9fgBbNDER8TIcL04n5VM,Giang Sơn Quán,Sườn non xào chua ngọt,82000,đĩa,Sườn non xào cùng dứa và ớt chuông sốt chua cay
ChIJryh9fgBbNDER8TIcL04n5VM,Giang Sơn Quán,Rau muống luộc dầm sấu / xào tỏi,30000,đĩa,Rau muống tươi xanh luộc chấm nước mắm chanh ớt
ChIJryh9fgBbNDER8TIcL04n5VM,Giang Sơn Quán,Canh riêu cua đồng cà pháo,43000,bát,Canh cua đồng mát lạnh ăn kèm cà pháo giòn tan
ChIJryh9fgBbNDER8TIcL04n5VM,Giang Sơn Quán,Cơm trắng gạo tám thơm,12000,niêu,Niêu cơm gạo tám dẻo thơm
ChIJH6_WJwBdNDERgzHcGNfFBQw,Kháng Hưng Quán,Cá kho tộ miền Tây đậm vị,83000,tộ,Cá trắm đen kho tộ sánh quyện nước hàng dừa
ChIJH6_WJwBdNDERgzHcGNfFBQw,Kháng Hưng Quán,Thịt ba chỉ rang cháy cạnh,70000,đĩa,Thịt ba chỉ ba chỉ giòn rưới mỡ hành
ChIJH6_WJwBdNDERgzHcGNfFBQw,Kháng Hưng Quán,Sườn non xào chua ngọt,78000,đĩa,Sườn non xào cùng dứa và ớt chuông sốt chua cay
ChIJH6_WJwBdNDERgzHcGNfFBQw,Kháng Hưng Quán,Rau muống luộc dầm sấu / xào tỏi,33000,đĩa,Rau muống tươi xanh luộc chấm nước mắm chanh ớt
ChIJH6_WJwBdNDERgzHcGNfFBQw,Kháng Hưng Quán,Canh riêu cua đồng cà pháo,40000,bát,Canh cua đồng mát lạnh ăn kèm cà pháo giòn tan
ChIJH6_WJwBdNDERgzHcGNfFBQw,Kháng Hưng Quán,Cơm trắng gạo tám thơm,15000,niêu,Niêu cơm gạo tám dẻo thơm
ChIJWTD06J9bNDERyyzkaT4M9EU,Quán Tuấn Ốc,Ốc luộc sả lá chanh truyền thống,40000,bát,Ốc vặn/ốc nhồi mít luộc thơm mùi sả chấm nước mắm gừng cay ngọt đặc sản
ChIJWTD06J9bNDERyyzkaT4M9EU,Quán Tuấn Ốc,Ốc móng tay xào bơ tỏi thơm lừng,72000,đĩa,Ốc móng tay tươi ngọt sốt bơ tỏi sánh béo chấm bánh mì tuyệt đỉnh
ChIJWTD06J9bNDERyyzkaT4M9EU,Quán Tuấn Ốc,Nem chua rán giòn rụm (10 cái),48000,đĩa,Nem chua rán nóng hổi chấm tương ớt cay nồng
ChIJWTD06J9bNDERyyzkaT4M9EU,Quán Tuấn Ốc,Khoai tây chiên lắc bột phô mai,30000,đĩa,Món khai vị ăn vặt khoái khẩu
ChIJWTD06J9bNDERyyzkaT4M9EU,Quán Tuấn Ốc,Trà quất mật ong khổng lồ,15000,cốc,Trà quất mát chua ngọt cực đã khát
ChIJ78XebABbNDERvVHK97cYnEY,Duy Nhất Phở bò Bún Bò Huế,"Bún bò Huế đầy đủ (Thịt bò, chả cua, tiết, mọc)",42000,bát,"Bún bò Huế chuẩn vị nước dùng thơm mùi sả, ruốc heo"
ChIJ78XebABbNDERvVHK97cYnEY,Duy Nhất Phở bò Bún Bò Huế,Bún bò Huế đặc biệt (Thêm giò heo),55000,bát,Bún bò Huế tô lớn thêm chân giò heo béo ngậy
ChIJ78XebABbNDERvVHK97cYnEY,Duy Nhất Phở bò Bún Bò Huế,Bún bò Huế tái chín,30000,bát,Bún bò với thịt bò tái chần và nạm bò chín
ChIJ78XebABbNDERvVHK97cYnEY,Duy Nhất Phở bò Bún Bò Huế,Quẩy nóng,8000,chiếc,Quẩy giòn ăn kèm bún bò
ChIJ78XebABbNDERvVHK97cYnEY,Duy Nhất Phở bò Bún Bò Huế,Giò tai heo thêm,13000,chiếc,Giò tai giòn sần sật gọi thêm
ChIJ78XebABbNDERvVHK97cYnEY,Duy Nhất Phở bò Bún Bò Huế,Trà đá,8000,cốc,Trà đá mát lạnh giải nhiệt
ChIJX1bdEQBbNDERrlrPGcpPFF4,Nhà,Cá kho tộ miền Tây đậm vị,90000,tộ,Cá trắm đen kho tộ sánh quyện nước hàng dừa
ChIJX1bdEQBbNDERrlrPGcpPFF4,Nhà,Thịt ba chỉ rang cháy cạnh,70000,đĩa,Thịt ba chỉ ba chỉ giòn rưới mỡ hành
ChIJX1bdEQBbNDERrlrPGcpPFF4,Nhà,Sườn non xào chua ngọt,82000,đĩa,Sườn non xào cùng dứa và ớt chuông sốt chua cay
ChIJX1bdEQBbNDERrlrPGcpPFF4,Nhà,Rau muống luộc dầm sấu / xào tỏi,30000,đĩa,Rau muống tươi xanh luộc chấm nước mắm chanh ớt
ChIJX1bdEQBbNDERrlrPGcpPFF4,Nhà,Canh riêu cua đồng cà pháo,40000,bát,Canh cua đồng mát lạnh ăn kèm cà pháo giòn tan
ChIJX1bdEQBbNDERrlrPGcpPFF4,Nhà,Cơm trắng gạo tám thơm,15000,niêu,Niêu cơm gạo tám dẻo thơm
ChIJw8bZJgBbNDERbXwiqBJg3Lg,Bình Yên Quán,Cá kho tộ miền Tây đậm vị,85000,tộ,Cá trắm đen kho tộ sánh quyện nước hàng dừa
ChIJw8bZJgBbNDERbXwiqBJg3Lg,Bình Yên Quán,Thịt ba chỉ rang cháy cạnh,80000,đĩa,Thịt ba chỉ ba chỉ giòn rưới mỡ hành
ChIJw8bZJgBbNDERbXwiqBJg3Lg,Bình Yên Quán,Sườn non xào chua ngọt,75000,đĩa,Sườn non xào cùng dứa và ớt chuông sốt chua cay
ChIJw8bZJgBbNDERbXwiqBJg3Lg,Bình Yên Quán,Rau muống luộc dầm sấu / xào tỏi,33000,đĩa,Rau muống tươi xanh luộc chấm nước mắm chanh ớt
ChIJw8bZJgBbNDERbXwiqBJg3Lg,Bình Yên Quán,Canh riêu cua đồng cà pháo,45000,bát,Canh cua đồng mát lạnh ăn kèm cà pháo giòn tan
ChIJw8bZJgBbNDERbXwiqBJg3Lg,Bình Yên Quán,Cơm trắng gạo tám thơm,12000,niêu,Niêu cơm gạo tám dẻo thơm
ChIJf76lDABbNDERCHVCmRei20I,Bia Hơi Chị Tép Quán,Bia hơi Hà Nội mát lạnh,15000,cốc,Bia hơi tươi rói rót trực tiếp từ vòi bom lạnh
ChIJf76lDABbNDERCHVCmRei20I,Bia Hơi Chị Tép Quán,Đậu phụ lướt ván nóng giòn,30000,đĩa,Đậu hũ non chiên lướt ván ngoài vàng giòn trong mịn mượt như thạch
ChIJf76lDABbNDERCHVCmRei20I,Bia Hơi Chị Tép Quán,Đĩa lạc rang muối / lạc luộc mộc mạc,15000,đĩa,Đồ nhắm bia truyền thống
ChIJf76lDABbNDERCHVCmRei20I,Bia Hơi Chị Tép Quán,Nộm tai heo đu đủ xanh chua ngọt,65000,đĩa,Tai heo giòn sần sật trộn đu đủ bào sợi nước nộm chua ngọt sảng khoái
ChIJf76lDABbNDERCHVCmRei20I,Bia Hơi Chị Tép Quán,Sụn gà chiên mắm rang muối,97000,đĩa,Sụn gà ta giòn sần sật tẩm ướp chiên xóc muối ớt tỏi
ChIJ-cKhNABbNDERmEzYlp3eo4I,Cơm Chị Tép,Cơm rang dưa bò,47000,đĩa,Cơm rang hạt giòn tơi xào cùng cải dưa chua và thịt bò tươi mềm
ChIJ-cKhNABbNDERmEzYlp3eo4I,Cơm Chị Tép,Cơm rang thập cẩm giòn,37000,đĩa,Cơm rang lạp xưởng ngô ngọt đậu hà lan rưới trứng vàng
ChIJ-cKhNABbNDERmEzYlp3eo4I,Cơm Chị Tép,Cơm thố xá xíu nóng hổi,38000,thố,"Cơm nấu niêu thố đất tạo lớp cháy giòn nhẹ, phủ thịt xá xíu đậm sốt"
ChIJ-cKhNABbNDERmEzYlp3eo4I,Cơm Chị Tép,Suất cơm bình dân tự chọn (3 món mặn + rau),30000,suất,Cơm suất bình dân đầy đặn sạch sẽ cho sinh viên và người đi làm
ChIJ-cKhNABbNDERmEzYlp3eo4I,Cơm Chị Tép,Cơm tấm sườn bì chả Sài Gòn,45000,đĩa,Cơm tấm ăn kèm sườn nướng mặn ngọt chả trứng bì heo thính và nước mắm chua cay
ChIJbT6oVgBbNDERn6Mwhf-ft8k,Bún Phở Tuyết Minh,Phở chín bò ta,35000,bát,Nước dùng phở bò ninh xương ống ngọt lịm kèm thịt chín thái mỏng
ChIJbT6oVgBbNDERn6Mwhf-ft8k,Bún Phở Tuyết Minh,Phở tái chần,33000,bát,Phở bò với thịt bò tươi chần tái mềm ngọt
ChIJbT6oVgBbNDERn6Mwhf-ft8k,Bún Phở Tuyết Minh,Phở nạm gầu giòn,45000,bát,Bánh phở mềm cùng nạm bò và gầu bò giòn sần sật
ChIJbT6oVgBbNDERn6Mwhf-ft8k,Bún Phở Tuyết Minh,Phở tái lăn đặc biệt,43000,bát,Phở bò xào tái lăn thơm mùi tỏi phi
ChIJbT6oVgBbNDERn6Mwhf-ft8k,Bún Phở Tuyết Minh,Trứng gà trần,13000,quả,Trứng trần nước phở béo ngậy
ChIJbT6oVgBbNDERn6Mwhf-ft8k,Bún Phở Tuyết Minh,Quẩy giòn,8000,chiếc,Quẩy giòn ăn kèm nước phở
ChIJDTsHfj5bNDERcJ_TNQ-XW6M,Cơm Huệ,Cơm rang dưa bò,40000,đĩa,Cơm rang hạt giòn tơi xào cùng cải dưa chua và thịt bò tươi mềm
ChIJDTsHfj5bNDERcJ_TNQ-XW6M,Cơm Huệ,Cơm rang thập cẩm giòn,30000,đĩa,Cơm rang lạp xưởng ngô ngọt đậu hà lan rưới trứng vàng
ChIJDTsHfj5bNDERcJ_TNQ-XW6M,Cơm Huệ,Cơm thố xá xíu nóng hổi,40000,thố,"Cơm nấu niêu thố đất tạo lớp cháy giòn nhẹ, phủ thịt xá xíu đậm sốt"
ChIJDTsHfj5bNDERcJ_TNQ-XW6M,Cơm Huệ,Suất cơm bình dân tự chọn (3 món mặn + rau),30000,suất,Cơm suất bình dân đầy đặn sạch sẽ cho sinh viên và người đi làm
ChIJDTsHfj5bNDERcJ_TNQ-XW6M,Cơm Huệ,Cơm tấm sườn bì chả Sài Gòn,38000,đĩa,Cơm tấm ăn kèm sườn nướng mặn ngọt chả trứng bì heo thính và nước mắm chua cay
ChIJHcePGuZbNDERN6LcxqNBgkU,Nhà May Minh Tư,Cá kho tộ miền Tây đậm vị,83000,tộ,Cá trắm đen kho tộ sánh quyện nước hàng dừa
ChIJHcePGuZbNDERN6LcxqNBgkU,Nhà May Minh Tư,Thịt ba chỉ rang cháy cạnh,70000,đĩa,Thịt ba chỉ ba chỉ giòn rưới mỡ hành
ChIJHcePGuZbNDERN6LcxqNBgkU,Nhà May Minh Tư,Sườn non xào chua ngọt,78000,đĩa,Sườn non xào cùng dứa và ớt chuông sốt chua cay
ChIJHcePGuZbNDERN6LcxqNBgkU,Nhà May Minh Tư,Rau muống luộc dầm sấu / xào tỏi,33000,đĩa,Rau muống tươi xanh luộc chấm nước mắm chanh ớt
ChIJHcePGuZbNDERN6LcxqNBgkU,Nhà May Minh Tư,Canh riêu cua đồng cà pháo,43000,bát,Canh cua đồng mát lạnh ăn kèm cà pháo giòn tan
ChIJHcePGuZbNDERN6LcxqNBgkU,Nhà May Minh Tư,Cơm trắng gạo tám thơm,18000,niêu,Niêu cơm gạo tám dẻo thơm
ChIJkxthnGRbNDERSBzzD2N1-aA,Buffet Lẩu Nướng Thị Mỡ,Lẩu cua đồng sườn sụn bắp bò,340000,nồi,"Nồi lẩu riêu cua đồng nguyên chất siêu nhiều gạch, kèm bắp bò sườn sụn"
ChIJkxthnGRbNDERSBzzD2N1-aA,Buffet Lẩu Nướng Thị Mỡ,Lẩu Thái hải sản chua cay,409000,nồi,"Nước lẩu Tomyum chua cay nhúng tôm, mực, ngao, nấm"
ChIJkxthnGRbNDERSBzzD2N1-aA,Buffet Lẩu Nướng Thị Mỡ,Set nướng BBQ thập cẩm bò ba chỉ,299000,set,"Bắp bò, ba chỉ heo cuộn nấm kim châm tẩm sốt BBQ nướng xèo xèo"
ChIJkxthnGRbNDERSBzzD2N1-aA,Buffet Lẩu Nướng Thị Mỡ,Ba chỉ bò Mỹ nhúng thêm,75000,đĩa,Thịt ba chỉ bò Mỹ thái mỏng cuốn nấm
ChIJkxthnGRbNDERSBzzD2N1-aA,Buffet Lẩu Nướng Thị Mỡ,Sườn sụn non heo thêm,77000,đĩa,Sườn non giòn sần sật nhúng lẩu
ChIJkxthnGRbNDERSBzzD2N1-aA,Buffet Lẩu Nướng Thị Mỡ,Rau nấm tổng hợp nhúng lẩu,30000,đĩa,"Nấm kim châm, cải thảo, rau muống tươi"
ChIJ6eKxtJRbNDERiul5sVsS23E,Quán Xưa Phổ,Cá kho tộ miền Tây đậm vị,85000,tộ,Cá trắm đen kho tộ sánh quyện nước hàng dừa
ChIJ6eKxtJRbNDERiul5sVsS23E,Quán Xưa Phổ,Thịt ba chỉ rang cháy cạnh,80000,đĩa,Thịt ba chỉ ba chỉ giòn rưới mỡ hành
ChIJ6eKxtJRbNDERiul5sVsS23E,Quán Xưa Phổ,Sườn non xào chua ngọt,82000,đĩa,Sườn non xào cùng dứa và ớt chuông sốt chua cay
ChIJ6eKxtJRbNDERiul5sVsS23E,Quán Xưa Phổ,Rau muống luộc dầm sấu / xào tỏi,33000,đĩa,Rau muống tươi xanh luộc chấm nước mắm chanh ớt
ChIJ6eKxtJRbNDERiul5sVsS23E,Quán Xưa Phổ,Canh riêu cua đồng cà pháo,40000,bát,Canh cua đồng mát lạnh ăn kèm cà pháo giòn tan
ChIJ6eKxtJRbNDERiul5sVsS23E,Quán Xưa Phổ,Cơm trắng gạo tám thơm,15000,niêu,Niêu cơm gạo tám dẻo thơm
ChIJvyQAYwBbNDERgKmvDPLeBTI,Tiger Tea 1998,Cà phê đen đá pha phin,19000,ly,Cà phê đen truyền thống đậm đà
ChIJvyQAYwBbNDERgKmvDPLeBTI,Tiger Tea 1998,Cà phê sữa đá,25000,ly,Cà phê sữa pha phin béo ngậy
ChIJvyQAYwBbNDERgKmvDPLeBTI,Tiger Tea 1998,Bạc xỉu cốt dừa,33000,ly,Nhiều sữa béo ngậy vị dừa hòa quyện chút cà phê
ChIJvyQAYwBbNDERgKmvDPLeBTI,Tiger Tea 1998,Trà đào cam sả,40000,ly,Trà đào thơm mát kết hợp lát đào cam tươi sả thơm
ChIJvyQAYwBbNDERgKmvDPLeBTI,Tiger Tea 1998,Trà sữa trân châu truyền thống,40000,ly,Trà sữa đậm trà kèm trân châu đen dai giòn
ChIJvyQAYwBbNDERgKmvDPLeBTI,Tiger Tea 1998,Sinh tố bơ sáp,30000,ly,Sinh tố bơ sáp tươi ngon xay sữa đặc ngậy béo
ChIJvyQAYwBbNDERgKmvDPLeBTI,Tiger Tea 1998,Nước ép cam nguyên chất,33000,ly,Ép cam sành tự nhiên nhiều vitamin C
ChIJTaN9A-lbNDERET9DsBluG1w,Thanh Mộc Quán,Cá kho tộ miền Tây đậm vị,83000,tộ,Cá trắm đen kho tộ sánh quyện nước hàng dừa
ChIJTaN9A-lbNDERET9DsBluG1w,Thanh Mộc Quán,Thịt ba chỉ rang cháy cạnh,77000,đĩa,Thịt ba chỉ ba chỉ giòn rưới mỡ hành
ChIJTaN9A-lbNDERET9DsBluG1w,Thanh Mộc Quán,Sườn non xào chua ngọt,75000,đĩa,Sườn non xào cùng dứa và ớt chuông sốt chua cay
ChIJTaN9A-lbNDERET9DsBluG1w,Thanh Mộc Quán,Rau muống luộc dầm sấu / xào tỏi,27000,đĩa,Rau muống tươi xanh luộc chấm nước mắm chanh ớt
ChIJTaN9A-lbNDERET9DsBluG1w,Thanh Mộc Quán,Canh riêu cua đồng cà pháo,47000,bát,Canh cua đồng mát lạnh ăn kèm cà pháo giòn tan
ChIJTaN9A-lbNDERET9DsBluG1w,Thanh Mộc Quán,Cơm trắng gạo tám thơm,12000,niêu,Niêu cơm gạo tám dẻo thơm
ChIJxzH2HOlbNDERbDbGOfFpTcg,Quán Vân Ốc,Ốc luộc sả lá chanh truyền thống,35000,bát,Ốc vặn/ốc nhồi mít luộc thơm mùi sả chấm nước mắm gừng cay ngọt đặc sản
ChIJxzH2HOlbNDERbDbGOfFpTcg,Quán Vân Ốc,Ốc móng tay xào bơ tỏi thơm lừng,68000,đĩa,Ốc móng tay tươi ngọt sốt bơ tỏi sánh béo chấm bánh mì tuyệt đỉnh
ChIJxzH2HOlbNDERbDbGOfFpTcg,Quán Vân Ốc,Nem chua rán giòn rụm (10 cái),55000,đĩa,Nem chua rán nóng hổi chấm tương ớt cay nồng
ChIJxzH2HOlbNDERbDbGOfFpTcg,Quán Vân Ốc,Khoai tây chiên lắc bột phô mai,37000,đĩa,Món khai vị ăn vặt khoái khẩu
ChIJxzH2HOlbNDERbDbGOfFpTcg,Quán Vân Ốc,Trà quất mật ong khổng lồ,12000,cốc,Trà quất mát chua ngọt cực đã khát
ChIJaeNlDABZNDERh84VA7zBWcU,🍜🍚Phở Bò Cơm Rang Mạnh Thiện Uỷ Ban😍,Phở chín bò ta,35000,bát,Nước dùng phở bò ninh xương ống ngọt lịm kèm thịt chín thái mỏng
ChIJaeNlDABZNDERh84VA7zBWcU,🍜🍚Phở Bò Cơm Rang Mạnh Thiện Uỷ Ban😍,Phở tái chần,30000,bát,Phở bò với thịt bò tươi chần tái mềm ngọt
ChIJaeNlDABZNDERh84VA7zBWcU,🍜🍚Phở Bò Cơm Rang Mạnh Thiện Uỷ Ban😍,Phở nạm gầu giòn,42000,bát,Bánh phở mềm cùng nạm bò và gầu bò giòn sần sật
ChIJaeNlDABZNDERh84VA7zBWcU,🍜🍚Phở Bò Cơm Rang Mạnh Thiện Uỷ Ban😍,Phở tái lăn đặc biệt,40000,bát,Phở bò xào tái lăn thơm mùi tỏi phi
ChIJaeNlDABZNDERh84VA7zBWcU,🍜🍚Phở Bò Cơm Rang Mạnh Thiện Uỷ Ban😍,Trứng gà trần,7000,quả,Trứng trần nước phở béo ngậy
ChIJaeNlDABZNDERh84VA7zBWcU,🍜🍚Phở Bò Cơm Rang Mạnh Thiện Uỷ Ban😍,Quẩy giòn,5000,chiếc,Quẩy giòn ăn kèm nước phở
ChIJuwzPe7GrNTER8UL8Y_RHxf0,Nhà Hàng Dê Thucom,Thịt trâu xào lá lốt,140000,đĩa,Thịt trâu tươi mềm ngọt xào lá lốt thơm lừng
ChIJuwzPe7GrNTER8UL8Y_RHxf0,Nhà Hàng Dê Thucom,Thịt trâu nhúng mẻ chua cay,140000,đĩa,Thịt trâu nhúng nước dùng mẻ chua thanh nhẹ
ChIJuwzPe7GrNTER8UL8Y_RHxf0,Nhà Hàng Dê Thucom,Dê tái chanh chấm tương gừng,170000,đĩa,Thịt dê núi hấp tái trộn vừng sả lá chanh
ChIJuwzPe7GrNTER8UL8Y_RHxf0,Nhà Hàng Dê Thucom,Dê né bản gang,160000,đĩa,Dê xào nóng hổi trên bản gang kèm đậu bắp
ChIJuwzPe7GrNTER8UL8Y_RHxf0,Nhà Hàng Dê Thucom,Lẩu dê núi nhúng mẻ,389000,nồi,Nồi lẩu dê núi ré thơm ngon kèm rau nhúng đặc sản
ChIJuwzPe7GrNTER8UL8Y_RHxf0,Nhà Hàng Dê Thucom,Cơm cháy sốt dê,70000,đĩa,Cơm cháy giòn tan rưới nước sốt dê đậm vị
ChIJk7NxUgBZNDER5wZuQmnSuq4,36 Đường 84 Kim Quan,Cá kho tộ miền Tây đậm vị,83000,tộ,Cá trắm đen kho tộ sánh quyện nước hàng dừa
ChIJk7NxUgBZNDER5wZuQmnSuq4,36 Đường 84 Kim Quan,Thịt ba chỉ rang cháy cạnh,75000,đĩa,Thịt ba chỉ ba chỉ giòn rưới mỡ hành
ChIJk7NxUgBZNDER5wZuQmnSuq4,36 Đường 84 Kim Quan,Sườn non xào chua ngọt,85000,đĩa,Sườn non xào cùng dứa và ớt chuông sốt chua cay
ChIJk7NxUgBZNDER5wZuQmnSuq4,36 Đường 84 Kim Quan,Rau muống luộc dầm sấu / xào tỏi,30000,đĩa,Rau muống tươi xanh luộc chấm nước mắm chanh ớt
ChIJk7NxUgBZNDER5wZuQmnSuq4,36 Đường 84 Kim Quan,Canh riêu cua đồng cà pháo,43000,bát,Canh cua đồng mát lạnh ăn kèm cà pháo giòn tan
ChIJk7NxUgBZNDER5wZuQmnSuq4,36 Đường 84 Kim Quan,Cơm trắng gạo tám thơm,18000,niêu,Niêu cơm gạo tám dẻo thơm
ChIJzyY8IAC3NTERQIPeZSDmiMQ,Hùng Già Quán,Cá kho tộ miền Tây đậm vị,90000,tộ,Cá trắm đen kho tộ sánh quyện nước hàng dừa
ChIJzyY8IAC3NTERQIPeZSDmiMQ,Hùng Già Quán,Thịt ba chỉ rang cháy cạnh,75000,đĩa,Thịt ba chỉ ba chỉ giòn rưới mỡ hành
ChIJzyY8IAC3NTERQIPeZSDmiMQ,Hùng Già Quán,Sườn non xào chua ngọt,82000,đĩa,Sườn non xào cùng dứa và ớt chuông sốt chua cay
ChIJzyY8IAC3NTERQIPeZSDmiMQ,Hùng Già Quán,Rau muống luộc dầm sấu / xào tỏi,27000,đĩa,Rau muống tươi xanh luộc chấm nước mắm chanh ớt
ChIJzyY8IAC3NTERQIPeZSDmiMQ,Hùng Già Quán,Canh riêu cua đồng cà pháo,50000,bát,Canh cua đồng mát lạnh ăn kèm cà pháo giòn tan
ChIJzyY8IAC3NTERQIPeZSDmiMQ,Hùng Già Quán,Cơm trắng gạo tám thơm,15000,niêu,Niêu cơm gạo tám dẻo thơm
ChIJ5fOsDQBZNDERZvhk-zo1CpY,"Phở Vịt, Vịt Quay Lạng Sơn",Phở chín bò ta,37000,bát,Nước dùng phở bò ninh xương ống ngọt lịm kèm thịt chín thái mỏng
ChIJ5fOsDQBZNDERZvhk-zo1CpY,"Phở Vịt, Vịt Quay Lạng Sơn",Phở tái chần,40000,bát,Phở bò với thịt bò tươi chần tái mềm ngọt
ChIJ5fOsDQBZNDERZvhk-zo1CpY,"Phở Vịt, Vịt Quay Lạng Sơn",Phở nạm gầu giòn,42000,bát,Bánh phở mềm cùng nạm bò và gầu bò giòn sần sật
ChIJ5fOsDQBZNDERZvhk-zo1CpY,"Phở Vịt, Vịt Quay Lạng Sơn",Phở tái lăn đặc biệt,50000,bát,Phở bò xào tái lăn thơm mùi tỏi phi
ChIJ5fOsDQBZNDERZvhk-zo1CpY,"Phở Vịt, Vịt Quay Lạng Sơn",Trứng gà trần,13000,quả,Trứng trần nước phở béo ngậy
ChIJ5fOsDQBZNDERZvhk-zo1CpY,"Phở Vịt, Vịt Quay Lạng Sơn",Quẩy giòn,5000,chiếc,Quẩy giòn ăn kèm nước phở
ChIJmzrGUgBZNDERcvkj3VsBYbQ,Bún Bò Huế 999,"Bún bò Huế đầy đủ (Thịt bò, chả cua, tiết, mọc)",38000,bát,"Bún bò Huế chuẩn vị nước dùng thơm mùi sả, ruốc heo"
ChIJmzrGUgBZNDERcvkj3VsBYbQ,Bún Bò Huế 999,Bún bò Huế đặc biệt (Thêm giò heo),55000,bát,Bún bò Huế tô lớn thêm chân giò heo béo ngậy
ChIJmzrGUgBZNDERcvkj3VsBYbQ,Bún Bò Huế 999,Bún bò Huế tái chín,37000,bát,Bún bò với thịt bò tái chần và nạm bò chín
ChIJmzrGUgBZNDERcvkj3VsBYbQ,Bún Bò Huế 999,Quẩy nóng,8000,chiếc,Quẩy giòn ăn kèm bún bò
ChIJmzrGUgBZNDERcvkj3VsBYbQ,Bún Bò Huế 999,Giò tai heo thêm,7000,chiếc,Giò tai giòn sần sật gọi thêm
ChIJmzrGUgBZNDERcvkj3VsBYbQ,Bún Bò Huế 999,Trà đá,8000,cốc,Trà đá mát lạnh giải nhiệt
ChIJ2asEOwBZNDER7729MzRnlfs,Văn Béo Quán,Cá kho tộ miền Tây đậm vị,87000,tộ,Cá trắm đen kho tộ sánh quyện nước hàng dừa
ChIJ2asEOwBZNDER7729MzRnlfs,Văn Béo Quán,Thịt ba chỉ rang cháy cạnh,80000,đĩa,Thịt ba chỉ ba chỉ giòn rưới mỡ hành
ChIJ2asEOwBZNDER7729MzRnlfs,Văn Béo Quán,Sườn non xào chua ngọt,82000,đĩa,Sườn non xào cùng dứa và ớt chuông sốt chua cay
ChIJ2asEOwBZNDER7729MzRnlfs,Văn Béo Quán,Rau muống luộc dầm sấu / xào tỏi,30000,đĩa,Rau muống tươi xanh luộc chấm nước mắm chanh ớt
ChIJ2asEOwBZNDER7729MzRnlfs,Văn Béo Quán,Canh riêu cua đồng cà pháo,50000,bát,Canh cua đồng mát lạnh ăn kèm cà pháo giòn tan
ChIJ2asEOwBZNDER7729MzRnlfs,Văn Béo Quán,Cơm trắng gạo tám thơm,12000,niêu,Niêu cơm gạo tám dẻo thơm
ChIJEQnDC6lZNDERSGShDVn9V5o,1,Bún cá cay Hải Phòng giòn rụm,33000,bát,"Cá chiên giòn, chả cá thu thơm ngon nước dùng dọc mùng chua cay"
ChIJEQnDC6lZNDERSGShDVn9V5o,1,Bún riêu cua bắp bò giò tai,38000,bát,"Bún nước với riêu cua đồng xịn kèm bắp bò tươi, giò tai heo sần sật"
ChIJEQnDC6lZNDERSGShDVn9V5o,1,Bún sườn mọc dọc mùng hành hoa,33000,bát,Bún sườn non mềm nhừ kèm mọc thịt giòn dẻo
ChIJEQnDC6lZNDERSGShDVn9V5o,1,Trà đá mát lạnh,2000,cốc,Trà đá mát uống kèm bún nóng
ChIJ54t8fgBbNDER8F6bIpbetlI,Phở Khô Gia Lai,Phở chín bò ta,35000,bát,Nước dùng phở bò ninh xương ống ngọt lịm kèm thịt chín thái mỏng
ChIJ54t8fgBbNDER8F6bIpbetlI,Phở Khô Gia Lai,Phở tái chần,30000,bát,Phở bò với thịt bò tươi chần tái mềm ngọt
ChIJ54t8fgBbNDER8F6bIpbetlI,Phở Khô Gia Lai,Phở nạm gầu giòn,40000,bát,Bánh phở mềm cùng nạm bò và gầu bò giòn sần sật
ChIJ54t8fgBbNDER8F6bIpbetlI,Phở Khô Gia Lai,Phở tái lăn đặc biệt,45000,bát,Phở bò xào tái lăn thơm mùi tỏi phi
ChIJ54t8fgBbNDER8F6bIpbetlI,Phở Khô Gia Lai,Trứng gà trần,10000,quả,Trứng trần nước phở béo ngậy
ChIJ54t8fgBbNDER8F6bIpbetlI,Phở Khô Gia Lai,Quẩy giòn,8000,chiếc,Quẩy giòn ăn kèm nước phở
ChIJJR92GQBbNDERNMV27_h1qgg,Ăn đêm tình béo,Cá kho tộ miền Tây đậm vị,85000,tộ,Cá trắm đen kho tộ sánh quyện nước hàng dừa
ChIJJR92GQBbNDERNMV27_h1qgg,Ăn đêm tình béo,Thịt ba chỉ rang cháy cạnh,75000,đĩa,Thịt ba chỉ ba chỉ giòn rưới mỡ hành
ChIJJR92GQBbNDERNMV27_h1qgg,Ăn đêm tình béo,Sườn non xào chua ngọt,78000,đĩa,Sườn non xào cùng dứa và ớt chuông sốt chua cay
ChIJJR92GQBbNDERNMV27_h1qgg,Ăn đêm tình béo,Rau muống luộc dầm sấu / xào tỏi,27000,đĩa,Rau muống tươi xanh luộc chấm nước mắm chanh ớt
ChIJJR92GQBbNDERNMV27_h1qgg,Ăn đêm tình béo,Canh riêu cua đồng cà pháo,40000,bát,Canh cua đồng mát lạnh ăn kèm cà pháo giòn tan
ChIJJR92GQBbNDERNMV27_h1qgg,Ăn đêm tình béo,Cơm trắng gạo tám thơm,15000,niêu,Niêu cơm gạo tám dẻo thơm
ChIJw6BtUgBbNDERnOXwWDEuvOQ,Bia Hơi Gió Công Nghệ,Bia hơi Hà Nội mát lạnh,9000,cốc,Bia hơi tươi rói rót trực tiếp từ vòi bom lạnh
ChIJw6BtUgBbNDERnOXwWDEuvOQ,Bia Hơi Gió Công Nghệ,Đậu phụ lướt ván nóng giòn,33000,đĩa,Đậu hũ non chiên lướt ván ngoài vàng giòn trong mịn mượt như thạch
ChIJw6BtUgBbNDERnOXwWDEuvOQ,Bia Hơi Gió Công Nghệ,Đĩa lạc rang muối / lạc luộc mộc mạc,12000,đĩa,Đồ nhắm bia truyền thống
ChIJw6BtUgBbNDERnOXwWDEuvOQ,Bia Hơi Gió Công Nghệ,Nộm tai heo đu đủ xanh chua ngọt,70000,đĩa,Tai heo giòn sần sật trộn đu đủ bào sợi nước nộm chua ngọt sảng khoái
ChIJw6BtUgBbNDERnOXwWDEuvOQ,Bia Hơi Gió Công Nghệ,Sụn gà chiên mắm rang muối,100000,đĩa,Sụn gà ta giòn sần sật tẩm ướp chiên xóc muối ớt tỏi
ChIJN7DCKwBbNDERt0oO028HBlQ,Quán Bia Cường Xoăn,Bia hơi Hà Nội mát lạnh,12000,cốc,Bia hơi tươi rói rót trực tiếp từ vòi bom lạnh
ChIJN7DCKwBbNDERt0oO028HBlQ,Quán Bia Cường Xoăn,Đậu phụ lướt ván nóng giòn,33000,đĩa,Đậu hũ non chiên lướt ván ngoài vàng giòn trong mịn mượt như thạch
ChIJN7DCKwBbNDERt0oO028HBlQ,Quán Bia Cường Xoăn,Đĩa lạc rang muối / lạc luộc mộc mạc,15000,đĩa,Đồ nhắm bia truyền thống
ChIJN7DCKwBbNDERt0oO028HBlQ,Quán Bia Cường Xoăn,Nộm tai heo đu đủ xanh chua ngọt,65000,đĩa,Tai heo giòn sần sật trộn đu đủ bào sợi nước nộm chua ngọt sảng khoái
ChIJN7DCKwBbNDERt0oO028HBlQ,Quán Bia Cường Xoăn,Sụn gà chiên mắm rang muối,90000,đĩa,Sụn gà ta giòn sần sật tẩm ướp chiên xóc muối ớt tỏi
ChIJbZTkXwBbNDERYJzw9J2c1Fk,Nhà hàng ven sông,Cá kho tộ miền Tây đậm vị,80000,tộ,Cá trắm đen kho tộ sánh quyện nước hàng dừa
ChIJbZTkXwBbNDERYJzw9J2c1Fk,Nhà hàng ven sông,Thịt ba chỉ rang cháy cạnh,77000,đĩa,Thịt ba chỉ ba chỉ giòn rưới mỡ hành
ChIJbZTkXwBbNDERYJzw9J2c1Fk,Nhà hàng ven sông,Sườn non xào chua ngọt,75000,đĩa,Sườn non xào cùng dứa và ớt chuông sốt chua cay
ChIJbZTkXwBbNDERYJzw9J2c1Fk,Nhà hàng ven sông,Rau muống luộc dầm sấu / xào tỏi,27000,đĩa,Rau muống tươi xanh luộc chấm nước mắm chanh ớt
ChIJbZTkXwBbNDERYJzw9J2c1Fk,Nhà hàng ven sông,Canh riêu cua đồng cà pháo,50000,bát,Canh cua đồng mát lạnh ăn kèm cà pháo giòn tan
ChIJbZTkXwBbNDERYJzw9J2c1Fk,Nhà hàng ven sông,Cơm trắng gạo tám thơm,12000,niêu,Niêu cơm gạo tám dẻo thơm
ChIJD0S6RwBbNDER7gPp5AicyQk,Chè Góc Nhỏ Quán,Kem tươi ốc quế sữa dừa / vani Mixue,10000,chiếc,Kem tươi thơm ngon ngậy béo ốc quế giòn tan
ChIJD0S6RwBbNDER7gPp5AicyQk,Chè Góc Nhỏ Quán,Trà sữa ba anh em thạch pudding trân châu,27000,ly,Trà sữa đậm vị kèm full topping dồi dào
ChIJD0S6RwBbNDER7gPp5AicyQk,Chè Góc Nhỏ Quán,Dương chi cam lộ xoài bưởi trân châu,40000,ly,"Sinh tố xoài, bưởi hồng cùng thạch dừa thạch đào thơm ngon mát lạnh"
ChIJD0S6RwBbNDER7gPp5AicyQk,Chè Góc Nhỏ Quán,Trà đào tứ kỳ xuân hạt đào miếng,25000,ly,Trà ô long thanh vị kết hợp thạch đào giòn ngọt
ChIJH25i4TNaNDERE9HGNNCKDIY,Bia Hơi Hà Nội Trường Nhộng,Bia hơi Hà Nội mát lạnh,12000,cốc,Bia hơi tươi rói rót trực tiếp từ vòi bom lạnh
ChIJH25i4TNaNDERE9HGNNCKDIY,Bia Hơi Hà Nội Trường Nhộng,Đậu phụ lướt ván nóng giòn,30000,đĩa,Đậu hũ non chiên lướt ván ngoài vàng giòn trong mịn mượt như thạch
ChIJH25i4TNaNDERE9HGNNCKDIY,Bia Hơi Hà Nội Trường Nhộng,Đĩa lạc rang muối / lạc luộc mộc mạc,15000,đĩa,Đồ nhắm bia truyền thống
ChIJH25i4TNaNDERE9HGNNCKDIY,Bia Hơi Hà Nội Trường Nhộng,Nộm tai heo đu đủ xanh chua ngọt,63000,đĩa,Tai heo giòn sần sật trộn đu đủ bào sợi nước nộm chua ngọt sảng khoái
ChIJH25i4TNaNDERE9HGNNCKDIY,Bia Hơi Hà Nội Trường Nhộng,Sụn gà chiên mắm rang muối,95000,đĩa,Sụn gà ta giòn sần sật tẩm ướp chiên xóc muối ớt tỏi
ChIJwXdqKC5bNDERL1E6-Ma43II,Ốc Mai Yến,Ốc luộc sả lá chanh truyền thống,42000,bát,Ốc vặn/ốc nhồi mít luộc thơm mùi sả chấm nước mắm gừng cay ngọt đặc sản
ChIJwXdqKC5bNDERL1E6-Ma43II,Ốc Mai Yến,Ốc móng tay xào bơ tỏi thơm lừng,75000,đĩa,Ốc móng tay tươi ngọt sốt bơ tỏi sánh béo chấm bánh mì tuyệt đỉnh
ChIJwXdqKC5bNDERL1E6-Ma43II,Ốc Mai Yến,Nem chua rán giòn rụm (10 cái),50000,đĩa,Nem chua rán nóng hổi chấm tương ớt cay nồng
ChIJwXdqKC5bNDERL1E6-Ma43II,Ốc Mai Yến,Khoai tây chiên lắc bột phô mai,35000,đĩa,Món khai vị ăn vặt khoái khẩu
ChIJwXdqKC5bNDERL1E6-Ma43II,Ốc Mai Yến,Trà quất mật ong khổng lồ,12000,cốc,Trà quất mát chua ngọt cực đã khát
ChIJ--_gKURbNDERs_XqGbLzswI,Quán Trâu Ngon,Thịt trâu xào lá lốt,110000,đĩa,Thịt trâu tươi mềm ngọt xào lá lốt thơm lừng
ChIJ--_gKURbNDERs_XqGbLzswI,Quán Trâu Ngon,Thịt trâu nhúng mẻ chua cay,150000,đĩa,Thịt trâu nhúng nước dùng mẻ chua thanh nhẹ
ChIJ--_gKURbNDERs_XqGbLzswI,Quán Trâu Ngon,Dê tái chanh chấm tương gừng,170000,đĩa,Thịt dê núi hấp tái trộn vừng sả lá chanh
ChIJ--_gKURbNDERs_XqGbLzswI,Quán Trâu Ngon,Dê né bản gang,140000,đĩa,Dê xào nóng hổi trên bản gang kèm đậu bắp
ChIJ--_gKURbNDERs_XqGbLzswI,Quán Trâu Ngon,Lẩu dê núi nhúng mẻ,409000,nồi,Nồi lẩu dê núi ré thơm ngon kèm rau nhúng đặc sản
ChIJ--_gKURbNDERs_XqGbLzswI,Quán Trâu Ngon,Cơm cháy sốt dê,70000,đĩa,Cơm cháy giòn tan rưới nước sốt dê đậm vị
ChIJM1rdbABbNDERV45hc7gnXLI,Lộc Vừng Quán,Cá kho tộ miền Tây đậm vị,85000,tộ,Cá trắm đen kho tộ sánh quyện nước hàng dừa
ChIJM1rdbABbNDERV45hc7gnXLI,Lộc Vừng Quán,Thịt ba chỉ rang cháy cạnh,80000,đĩa,Thịt ba chỉ ba chỉ giòn rưới mỡ hành
ChIJM1rdbABbNDERV45hc7gnXLI,Lộc Vừng Quán,Sườn non xào chua ngọt,80000,đĩa,Sườn non xào cùng dứa và ớt chuông sốt chua cay
ChIJM1rdbABbNDERV45hc7gnXLI,Lộc Vừng Quán,Rau muống luộc dầm sấu / xào tỏi,30000,đĩa,Rau muống tươi xanh luộc chấm nước mắm chanh ớt
ChIJM1rdbABbNDERV45hc7gnXLI,Lộc Vừng Quán,Canh riêu cua đồng cà pháo,45000,bát,Canh cua đồng mát lạnh ăn kèm cà pháo giòn tan
ChIJM1rdbABbNDERV45hc7gnXLI,Lộc Vừng Quán,Cơm trắng gạo tám thơm,18000,niêu,Niêu cơm gạo tám dẻo thơm
ChIJAW1WdABbNDERL7iGQQA0oZ4,Diệu Linh Vịt Quán,Cá kho tộ miền Tây đậm vị,85000,tộ,Cá trắm đen kho tộ sánh quyện nước hàng dừa
ChIJAW1WdABbNDERL7iGQQA0oZ4,Diệu Linh Vịt Quán,Thịt ba chỉ rang cháy cạnh,75000,đĩa,Thịt ba chỉ ba chỉ giòn rưới mỡ hành
ChIJAW1WdABbNDERL7iGQQA0oZ4,Diệu Linh Vịt Quán,Sườn non xào chua ngọt,78000,đĩa,Sườn non xào cùng dứa và ớt chuông sốt chua cay
ChIJAW1WdABbNDERL7iGQQA0oZ4,Diệu Linh Vịt Quán,Rau muống luộc dầm sấu / xào tỏi,27000,đĩa,Rau muống tươi xanh luộc chấm nước mắm chanh ớt
ChIJAW1WdABbNDERL7iGQQA0oZ4,Diệu Linh Vịt Quán,Canh riêu cua đồng cà pháo,50000,bát,Canh cua đồng mát lạnh ăn kèm cà pháo giòn tan
ChIJAW1WdABbNDERL7iGQQA0oZ4,Diệu Linh Vịt Quán,Cơm trắng gạo tám thơm,12000,niêu,Niêu cơm gạo tám dẻo thơm
ChIJAyKebABbNDERR-_UPFyLtd4,Bánh Mỳ Hồng Cổ Ốc,Ốc luộc sả lá chanh truyền thống,40000,bát,Ốc vặn/ốc nhồi mít luộc thơm mùi sả chấm nước mắm gừng cay ngọt đặc sản
ChIJAyKebABbNDERR-_UPFyLtd4,Bánh Mỳ Hồng Cổ Ốc,Ốc móng tay xào bơ tỏi thơm lừng,70000,đĩa,Ốc móng tay tươi ngọt sốt bơ tỏi sánh béo chấm bánh mì tuyệt đỉnh
ChIJAyKebABbNDERR-_UPFyLtd4,Bánh Mỳ Hồng Cổ Ốc,Nem chua rán giòn rụm (10 cái),55000,đĩa,Nem chua rán nóng hổi chấm tương ớt cay nồng
ChIJAyKebABbNDERR-_UPFyLtd4,Bánh Mỳ Hồng Cổ Ốc,Khoai tây chiên lắc bột phô mai,35000,đĩa,Món khai vị ăn vặt khoái khẩu
ChIJAyKebABbNDERR-_UPFyLtd4,Bánh Mỳ Hồng Cổ Ốc,Trà quất mật ong khổng lồ,15000,cốc,Trà quất mát chua ngọt cực đã khát
ChIJUcncSgBbNDERITHoiAwhWqI,Quán Bia Lẩu 68,Lẩu cua đồng sườn sụn bắp bò,360000,nồi,"Nồi lẩu riêu cua đồng nguyên chất siêu nhiều gạch, kèm bắp bò sườn sụn"
ChIJUcncSgBbNDERITHoiAwhWqI,Quán Bia Lẩu 68,Lẩu Thái hải sản chua cay,419000,nồi,"Nước lẩu Tomyum chua cay nhúng tôm, mực, ngao, nấm"
ChIJUcncSgBbNDERITHoiAwhWqI,Quán Bia Lẩu 68,Set nướng BBQ thập cẩm bò ba chỉ,299000,set,"Bắp bò, ba chỉ heo cuộn nấm kim châm tẩm sốt BBQ nướng xèo xèo"
ChIJUcncSgBbNDERITHoiAwhWqI,Quán Bia Lẩu 68,Ba chỉ bò Mỹ nhúng thêm,78000,đĩa,Thịt ba chỉ bò Mỹ thái mỏng cuốn nấm
ChIJUcncSgBbNDERITHoiAwhWqI,Quán Bia Lẩu 68,Sườn sụn non heo thêm,73000,đĩa,Sườn non giòn sần sật nhúng lẩu
ChIJUcncSgBbNDERITHoiAwhWqI,Quán Bia Lẩu 68,Rau nấm tổng hợp nhúng lẩu,33000,đĩa,"Nấm kim châm, cải thảo, rau muống tươi"
ChIJrUdmEQBbNDERTFyQtZtFvkU,Bánh Mỳ Pate Ốc,Ốc luộc sả lá chanh truyền thống,45000,bát,Ốc vặn/ốc nhồi mít luộc thơm mùi sả chấm nước mắm gừng cay ngọt đặc sản
ChIJrUdmEQBbNDERTFyQtZtFvkU,Bánh Mỳ Pate Ốc,Ốc móng tay xào bơ tỏi thơm lừng,75000,đĩa,Ốc móng tay tươi ngọt sốt bơ tỏi sánh béo chấm bánh mì tuyệt đỉnh
ChIJrUdmEQBbNDERTFyQtZtFvkU,Bánh Mỳ Pate Ốc,Nem chua rán giòn rụm (10 cái),45000,đĩa,Nem chua rán nóng hổi chấm tương ớt cay nồng
ChIJrUdmEQBbNDERTFyQtZtFvkU,Bánh Mỳ Pate Ốc,Khoai tây chiên lắc bột phô mai,33000,đĩa,Món khai vị ăn vặt khoái khẩu
ChIJrUdmEQBbNDERTFyQtZtFvkU,Bánh Mỳ Pate Ốc,Trà quất mật ong khổng lồ,15000,cốc,Trà quất mát chua ngọt cực đã khát
ChIJoy-ObgBbNDERolb4JUW4frs,Gà Vịt Nướng Đức Phước,Gà ri hấp lá chanh (Cả con),210000,con,Gà ri đồi nuôi thả tự nhiên dai ngọt da vàng giòn
ChIJoy-ObgBbNDERolb4JUW4frs,Gà Vịt Nướng Đức Phước,Gà ri nướng mật ong (Cả con),230000,con,Gà ri nướng mật ong thơm phức vàng óng
ChIJoy-ObgBbNDERolb4JUW4frs,Gà Vịt Nướng Đức Phước,Gà rang muối tỏi,120000,đĩa,Gà ta chặt miếng rang muối đậm đà sần sật
ChIJoy-ObgBbNDERolb4JUW4frs,Gà Vịt Nướng Đức Phước,Lẩu gà ri thuốc bắc,370000,nồi,Nồi lẩu gà ri thuốc bắc bổ dưỡng kèm rau nấm
ChIJoy-ObgBbNDERolb4JUW4frs,Gà Vịt Nướng Đức Phước,Xôi chim câu hành phi,85000,đĩa,Xôi nếp dẻo thơm ăn kèm thịt chim câu băm nhỏ
ChIJoy-ObgBbNDERolb4JUW4frs,Gà Vịt Nướng Đức Phước,Lòng mề gà xào mướp giá,70000,đĩa,Lòng mề gà ri giòn xào mướp hương thơm phức
ChIJFzIOAABbNDERDLGVBRqlemI,Nhà Hàng Tuấn Hưng,Cá kho tộ miền Tây đậm vị,85000,tộ,Cá trắm đen kho tộ sánh quyện nước hàng dừa
ChIJFzIOAABbNDERDLGVBRqlemI,Nhà Hàng Tuấn Hưng,Thịt ba chỉ rang cháy cạnh,70000,đĩa,Thịt ba chỉ ba chỉ giòn rưới mỡ hành
ChIJFzIOAABbNDERDLGVBRqlemI,Nhà Hàng Tuấn Hưng,Sườn non xào chua ngọt,85000,đĩa,Sườn non xào cùng dứa và ớt chuông sốt chua cay
ChIJFzIOAABbNDERDLGVBRqlemI,Nhà Hàng Tuấn Hưng,Rau muống luộc dầm sấu / xào tỏi,33000,đĩa,Rau muống tươi xanh luộc chấm nước mắm chanh ớt
ChIJFzIOAABbNDERDLGVBRqlemI,Nhà Hàng Tuấn Hưng,Canh riêu cua đồng cà pháo,40000,bát,Canh cua đồng mát lạnh ăn kèm cà pháo giòn tan
ChIJFzIOAABbNDERDLGVBRqlemI,Nhà Hàng Tuấn Hưng,Cơm trắng gạo tám thơm,18000,niêu,Niêu cơm gạo tám dẻo thơm
ChIJW-hzGgBbNDERe51b4jvqvWk,Quán Cháo Đêm Hạ Bằng,Cháo lòng heo đầy đủ dồi sụn tiết luộc,30000,bát,Cháo lòng nấu gạo tẻ sánh ngọt cùng lòng non dồi sụn gan luộc
ChIJW-hzGgBbNDERe51b4jvqvWk,Quán Cháo Đêm Hạ Bằng,Cháo sườn sụn nóng hổi hành hoa,35000,bát,Cháo bột sườn non sánh mịn giòn sần sật sườn sụn non
ChIJW-hzGgBbNDERe51b4jvqvWk,Quán Cháo Đêm Hạ Bằng,Quẩy giòn ăn cháo,2000,đĩa,Quẩy ăn kèm cháo ngon tuyệt
ChIJy53mA1hbNDERzP6LS1t83RI,Quán nước Hương Quê,Cà phê đen đá pha phin,19000,ly,Cà phê đen truyền thống đậm đà
ChIJy53mA1hbNDERzP6LS1t83RI,Quán nước Hương Quê,Cà phê sữa đá,28000,ly,Cà phê sữa pha phin béo ngậy
ChIJy53mA1hbNDERzP6LS1t83RI,Quán nước Hương Quê,Bạc xỉu cốt dừa,30000,ly,Nhiều sữa béo ngậy vị dừa hòa quyện chút cà phê
ChIJy53mA1hbNDERzP6LS1t83RI,Quán nước Hương Quê,Trà đào cam sả,30000,ly,Trà đào thơm mát kết hợp lát đào cam tươi sả thơm
ChIJy53mA1hbNDERzP6LS1t83RI,Quán nước Hương Quê,Trà sữa trân châu truyền thống,30000,ly,Trà sữa đậm trà kèm trân châu đen dai giòn
ChIJy53mA1hbNDERzP6LS1t83RI,Quán nước Hương Quê,Sinh tố bơ sáp,30000,ly,Sinh tố bơ sáp tươi ngon xay sữa đặc ngậy béo
ChIJy53mA1hbNDERzP6LS1t83RI,Quán nước Hương Quê,Nước ép cam nguyên chất,33000,ly,Ép cam sành tự nhiên nhiều vitamin C
ChIJOQ6w9wxbNDEReDQgZpOCpB0,Bún Chả Hướng Phương Nam,"Bún đậu mắm tôm đầy đủ (Đậu, thịt chân giò, nem chua rán, chả cốm)",45000,suất,Mẹt bún đậu đầy đủ nguyên liệu tươi ngon kèm rau thơm kinh giới
ChIJOQ6w9wxbNDEReDQgZpOCpB0,Bún Chả Hướng Phương Nam,Bún đậu thường (Đậu chiên giòn),22000,suất,Bún đậu chay đơn giản với đậu phụ rán giòn
ChIJOQ6w9wxbNDEReDQgZpOCpB0,Bún Chả Hướng Phương Nam,Bún chả Hà Nội truyền thống,42000,suất,Chả miếng và chả viên nướng than hoa thơm phức trong bát nước chấm chua ngọt
ChIJOQ6w9wxbNDEReDQgZpOCpB0,Bún Chả Hướng Phương Nam,Nem cua bể chiên giòn,18000,chiếc,Nem cua bể giòn rụm nhiều nhân
ChIJOQ6w9wxbNDEReDQgZpOCpB0,Bún Chả Hướng Phương Nam,Nước sấu đá ngầm chua ngọt,15000,cốc,Đồ uống giải nhiệt cực hợp vị bún đậu
ChIJPZg3HwBbNDERtz_pOrrOFcw,Thanh Hằng quán coffee,Cà phê đen đá pha phin,22000,ly,Cà phê đen truyền thống đậm đà
ChIJPZg3HwBbNDERtz_pOrrOFcw,Thanh Hằng quán coffee,Cà phê sữa đá,25000,ly,Cà phê sữa pha phin béo ngậy
ChIJPZg3HwBbNDERtz_pOrrOFcw,Thanh Hằng quán coffee,Bạc xỉu cốt dừa,27000,ly,Nhiều sữa béo ngậy vị dừa hòa quyện chút cà phê
ChIJPZg3HwBbNDERtz_pOrrOFcw,Thanh Hằng quán coffee,Trà đào cam sả,35000,ly,Trà đào thơm mát kết hợp lát đào cam tươi sả thơm
ChIJPZg3HwBbNDERtz_pOrrOFcw,Thanh Hằng quán coffee,Trà sữa trân châu truyền thống,35000,ly,Trà sữa đậm trà kèm trân châu đen dai giòn
ChIJPZg3HwBbNDERtz_pOrrOFcw,Thanh Hằng quán coffee,Sinh tố bơ sáp,37000,ly,Sinh tố bơ sáp tươi ngon xay sữa đặc ngậy béo
ChIJPZg3HwBbNDERtz_pOrrOFcw,Thanh Hằng quán coffee,Nước ép cam nguyên chất,27000,ly,Ép cam sành tự nhiên nhiều vitamin C
ChIJs6S6aABbNDERAFekMY4KLaI,So2 đường chiến thắng yên lac2 cần kiệm thạch thất hà nội,Xôi xéo ruốc hành phi,17000,đĩa,Xôi xéo thơm nếp dẻo mỡ hành phi
ChIJs6S6aABbNDERAFekMY4KLaI,So2 đường chiến thắng yên lac2 cần kiệm thạch thất hà nội,Bánh mì pate trứng giò,25000,cái,"Bánh mì giòn kẹp pate nhà làm, trứng ốp la, giò lụa"
ChIJs6S6aABbNDERAFekMY4KLaI,So2 đường chiến thắng yên lac2 cần kiệm thạch thất hà nội,Sữa đậu nành nóng,13000,cốc,Sữa đậu nành nguyên chất
ChIJs6S6aABbNDERAFekMY4KLaI,So2 đường chiến thắng yên lac2 cần kiệm thạch thất hà nội,Trà đá,3000,cốc,Trà giải khát sáng sớm
ChIJxx7-V8RbNDERDr3WNIzFblg,Nhà hàng Thanh Trúc,Cá kho tộ miền Tây đậm vị,87000,tộ,Cá trắm đen kho tộ sánh quyện nước hàng dừa
ChIJxx7-V8RbNDERDr3WNIzFblg,Nhà hàng Thanh Trúc,Thịt ba chỉ rang cháy cạnh,80000,đĩa,Thịt ba chỉ ba chỉ giòn rưới mỡ hành
ChIJxx7-V8RbNDERDr3WNIzFblg,Nhà hàng Thanh Trúc,Sườn non xào chua ngọt,75000,đĩa,Sườn non xào cùng dứa và ớt chuông sốt chua cay
ChIJxx7-V8RbNDERDr3WNIzFblg,Nhà hàng Thanh Trúc,Rau muống luộc dầm sấu / xào tỏi,30000,đĩa,Rau muống tươi xanh luộc chấm nước mắm chanh ớt
ChIJxx7-V8RbNDERDr3WNIzFblg,Nhà hàng Thanh Trúc,Canh riêu cua đồng cà pháo,40000,bát,Canh cua đồng mát lạnh ăn kèm cà pháo giòn tan
ChIJxx7-V8RbNDERDr3WNIzFblg,Nhà hàng Thanh Trúc,Cơm trắng gạo tám thơm,12000,niêu,Niêu cơm gạo tám dẻo thơm
ChIJJd1cswZaNDER2SnmPwPBzRw,Mộc Quán,Cá kho tộ miền Tây đậm vị,87000,tộ,Cá trắm đen kho tộ sánh quyện nước hàng dừa
ChIJJd1cswZaNDER2SnmPwPBzRw,Mộc Quán,Thịt ba chỉ rang cháy cạnh,80000,đĩa,Thịt ba chỉ ba chỉ giòn rưới mỡ hành
ChIJJd1cswZaNDER2SnmPwPBzRw,Mộc Quán,Sườn non xào chua ngọt,82000,đĩa,Sườn non xào cùng dứa và ớt chuông sốt chua cay
ChIJJd1cswZaNDER2SnmPwPBzRw,Mộc Quán,Rau muống luộc dầm sấu / xào tỏi,30000,đĩa,Rau muống tươi xanh luộc chấm nước mắm chanh ớt
ChIJJd1cswZaNDER2SnmPwPBzRw,Mộc Quán,Canh riêu cua đồng cà pháo,47000,bát,Canh cua đồng mát lạnh ăn kèm cà pháo giòn tan
ChIJJd1cswZaNDER2SnmPwPBzRw,Mộc Quán,Cơm trắng gạo tám thơm,15000,niêu,Niêu cơm gạo tám dẻo thơm
ChIJ_VxqBwBbNDERkmp5Vy53oaI,Nhà Hàng Cường Lệ,Cá kho tộ miền Tây đậm vị,87000,tộ,Cá trắm đen kho tộ sánh quyện nước hàng dừa
ChIJ_VxqBwBbNDERkmp5Vy53oaI,Nhà Hàng Cường Lệ,Thịt ba chỉ rang cháy cạnh,80000,đĩa,Thịt ba chỉ ba chỉ giòn rưới mỡ hành
ChIJ_VxqBwBbNDERkmp5Vy53oaI,Nhà Hàng Cường Lệ,Sườn non xào chua ngọt,82000,đĩa,Sườn non xào cùng dứa và ớt chuông sốt chua cay
ChIJ_VxqBwBbNDERkmp5Vy53oaI,Nhà Hàng Cường Lệ,Rau muống luộc dầm sấu / xào tỏi,27000,đĩa,Rau muống tươi xanh luộc chấm nước mắm chanh ớt
ChIJ_VxqBwBbNDERkmp5Vy53oaI,Nhà Hàng Cường Lệ,Canh riêu cua đồng cà pháo,50000,bát,Canh cua đồng mát lạnh ăn kèm cà pháo giòn tan
ChIJ_VxqBwBbNDERkmp5Vy53oaI,Nhà Hàng Cường Lệ,Cơm trắng gạo tám thơm,15000,niêu,Niêu cơm gạo tám dẻo thơm
ChIJV7fjBwBbNDERydNmbFbuPTM,Cơm bình dân Thanh Bình,Cơm rang dưa bò,43000,đĩa,Cơm rang hạt giòn tơi xào cùng cải dưa chua và thịt bò tươi mềm
ChIJV7fjBwBbNDERydNmbFbuPTM,Cơm bình dân Thanh Bình,Cơm rang thập cẩm giòn,35000,đĩa,Cơm rang lạp xưởng ngô ngọt đậu hà lan rưới trứng vàng
ChIJV7fjBwBbNDERydNmbFbuPTM,Cơm bình dân Thanh Bình,Cơm thố xá xíu nóng hổi,45000,thố,"Cơm nấu niêu thố đất tạo lớp cháy giòn nhẹ, phủ thịt xá xíu đậm sốt"
ChIJV7fjBwBbNDERydNmbFbuPTM,Cơm bình dân Thanh Bình,Suất cơm bình dân tự chọn (3 món mặn + rau),30000,suất,Cơm suất bình dân đầy đặn sạch sẽ cho sinh viên và người đi làm
ChIJV7fjBwBbNDERydNmbFbuPTM,Cơm bình dân Thanh Bình,Cơm tấm sườn bì chả Sài Gòn,45000,đĩa,Cơm tấm ăn kèm sườn nướng mặn ngọt chả trứng bì heo thính và nước mắm chua cay
ChIJmdrIYwBbNDERqXuTH5StCJU,Hương Hùng Quán,Cá kho tộ miền Tây đậm vị,90000,tộ,Cá trắm đen kho tộ sánh quyện nước hàng dừa
ChIJmdrIYwBbNDERqXuTH5StCJU,Hương Hùng Quán,Thịt ba chỉ rang cháy cạnh,80000,đĩa,Thịt ba chỉ ba chỉ giòn rưới mỡ hành
ChIJmdrIYwBbNDERqXuTH5StCJU,Hương Hùng Quán,Sườn non xào chua ngọt,82000,đĩa,Sườn non xào cùng dứa và ớt chuông sốt chua cay
ChIJmdrIYwBbNDERqXuTH5StCJU,Hương Hùng Quán,Rau muống luộc dầm sấu / xào tỏi,33000,đĩa,Rau muống tươi xanh luộc chấm nước mắm chanh ớt
ChIJmdrIYwBbNDERqXuTH5StCJU,Hương Hùng Quán,Canh riêu cua đồng cà pháo,47000,bát,Canh cua đồng mát lạnh ăn kèm cà pháo giòn tan
ChIJmdrIYwBbNDERqXuTH5StCJU,Hương Hùng Quán,Cơm trắng gạo tám thơm,15000,niêu,Niêu cơm gạo tám dẻo thơm
ChIJ_ZoqQQBbNDEREInz--msgng,NónViệt,Cá kho tộ miền Tây đậm vị,87000,tộ,Cá trắm đen kho tộ sánh quyện nước hàng dừa
ChIJ_ZoqQQBbNDEREInz--msgng,NónViệt,Thịt ba chỉ rang cháy cạnh,80000,đĩa,Thịt ba chỉ ba chỉ giòn rưới mỡ hành
ChIJ_ZoqQQBbNDEREInz--msgng,NónViệt,Sườn non xào chua ngọt,78000,đĩa,Sườn non xào cùng dứa và ớt chuông sốt chua cay
ChIJ_ZoqQQBbNDEREInz--msgng,NónViệt,Rau muống luộc dầm sấu / xào tỏi,30000,đĩa,Rau muống tươi xanh luộc chấm nước mắm chanh ớt
ChIJ_ZoqQQBbNDEREInz--msgng,NónViệt,Canh riêu cua đồng cà pháo,50000,bát,Canh cua đồng mát lạnh ăn kèm cà pháo giòn tan
ChIJ_ZoqQQBbNDEREInz--msgng,NónViệt,Cơm trắng gạo tám thơm,15000,niêu,Niêu cơm gạo tám dẻo thơm
ChIJe9goVBBaNDERD0vbUW2I2x0,Quán Bà Béo,Cá kho tộ miền Tây đậm vị,83000,tộ,Cá trắm đen kho tộ sánh quyện nước hàng dừa
ChIJe9goVBBaNDERD0vbUW2I2x0,Quán Bà Béo,Thịt ba chỉ rang cháy cạnh,70000,đĩa,Thịt ba chỉ ba chỉ giòn rưới mỡ hành
ChIJe9goVBBaNDERD0vbUW2I2x0,Quán Bà Béo,Sườn non xào chua ngọt,75000,đĩa,Sườn non xào cùng dứa và ớt chuông sốt chua cay
ChIJe9goVBBaNDERD0vbUW2I2x0,Quán Bà Béo,Rau muống luộc dầm sấu / xào tỏi,33000,đĩa,Rau muống tươi xanh luộc chấm nước mắm chanh ớt
ChIJe9goVBBaNDERD0vbUW2I2x0,Quán Bà Béo,Canh riêu cua đồng cà pháo,43000,bát,Canh cua đồng mát lạnh ăn kèm cà pháo giòn tan
ChIJe9goVBBaNDERD0vbUW2I2x0,Quán Bà Béo,Cơm trắng gạo tám thơm,12000,niêu,Niêu cơm gạo tám dẻo thơm
ChIJ0QcELgBbNDERj8a5WYj8ufE,Quán nhậu đêm-ăn đêm,Cá kho tộ miền Tây đậm vị,83000,tộ,Cá trắm đen kho tộ sánh quyện nước hàng dừa
ChIJ0QcELgBbNDERj8a5WYj8ufE,Quán nhậu đêm-ăn đêm,Thịt ba chỉ rang cháy cạnh,73000,đĩa,Thịt ba chỉ ba chỉ giòn rưới mỡ hành
ChIJ0QcELgBbNDERj8a5WYj8ufE,Quán nhậu đêm-ăn đêm,Sườn non xào chua ngọt,85000,đĩa,Sườn non xào cùng dứa và ớt chuông sốt chua cay
ChIJ0QcELgBbNDERj8a5WYj8ufE,Quán nhậu đêm-ăn đêm,Rau muống luộc dầm sấu / xào tỏi,27000,đĩa,Rau muống tươi xanh luộc chấm nước mắm chanh ớt
ChIJ0QcELgBbNDERj8a5WYj8ufE,Quán nhậu đêm-ăn đêm,Canh riêu cua đồng cà pháo,45000,bát,Canh cua đồng mát lạnh ăn kèm cà pháo giòn tan
ChIJ0QcELgBbNDERj8a5WYj8ufE,Quán nhậu đêm-ăn đêm,Cơm trắng gạo tám thơm,18000,niêu,Niêu cơm gạo tám dẻo thơm
ChIJo-mIbABbNDERng7CyGp2IYc,Bia hơi Ti en Ti,Bia hơi Hà Nội mát lạnh,9000,cốc,Bia hơi tươi rói rót trực tiếp từ vòi bom lạnh
ChIJo-mIbABbNDERng7CyGp2IYc,Bia hơi Ti en Ti,Đậu phụ lướt ván nóng giòn,27000,đĩa,Đậu hũ non chiên lướt ván ngoài vàng giòn trong mịn mượt như thạch
ChIJo-mIbABbNDERng7CyGp2IYc,Bia hơi Ti en Ti,Đĩa lạc rang muối / lạc luộc mộc mạc,18000,đĩa,Đồ nhắm bia truyền thống
ChIJo-mIbABbNDERng7CyGp2IYc,Bia hơi Ti en Ti,Nộm tai heo đu đủ xanh chua ngọt,70000,đĩa,Tai heo giòn sần sật trộn đu đủ bào sợi nước nộm chua ngọt sảng khoái
ChIJo-mIbABbNDERng7CyGp2IYc,Bia hơi Ti en Ti,Sụn gà chiên mắm rang muối,95000,đĩa,Sụn gà ta giòn sần sật tẩm ướp chiên xóc muối ớt tỏi
ChIJORJFcQBbNDERMndpRO_Vgeg,Trình Béo Quán,Cá kho tộ miền Tây đậm vị,85000,tộ,Cá trắm đen kho tộ sánh quyện nước hàng dừa
ChIJORJFcQBbNDERMndpRO_Vgeg,Trình Béo Quán,Thịt ba chỉ rang cháy cạnh,70000,đĩa,Thịt ba chỉ ba chỉ giòn rưới mỡ hành
ChIJORJFcQBbNDERMndpRO_Vgeg,Trình Béo Quán,Sườn non xào chua ngọt,85000,đĩa,Sườn non xào cùng dứa và ớt chuông sốt chua cay
ChIJORJFcQBbNDERMndpRO_Vgeg,Trình Béo Quán,Rau muống luộc dầm sấu / xào tỏi,30000,đĩa,Rau muống tươi xanh luộc chấm nước mắm chanh ớt
ChIJORJFcQBbNDERMndpRO_Vgeg,Trình Béo Quán,Canh riêu cua đồng cà pháo,47000,bát,Canh cua đồng mát lạnh ăn kèm cà pháo giòn tan
ChIJORJFcQBbNDERMndpRO_Vgeg,Trình Béo Quán,Cơm trắng gạo tám thơm,15000,niêu,Niêu cơm gạo tám dẻo thơm
ChIJj61dBgBbNDERXktk5dF7M2M,Lẩu Lòng Bò Tuấn Hùng,Thịt trâu xào lá lốt,140000,đĩa,Thịt trâu tươi mềm ngọt xào lá lốt thơm lừng
ChIJj61dBgBbNDERXktk5dF7M2M,Lẩu Lòng Bò Tuấn Hùng,Thịt trâu nhúng mẻ chua cay,130000,đĩa,Thịt trâu nhúng nước dùng mẻ chua thanh nhẹ
ChIJj61dBgBbNDERXktk5dF7M2M,Lẩu Lòng Bò Tuấn Hùng,Dê tái chanh chấm tương gừng,140000,đĩa,Thịt dê núi hấp tái trộn vừng sả lá chanh
ChIJj61dBgBbNDERXktk5dF7M2M,Lẩu Lòng Bò Tuấn Hùng,Dê né bản gang,140000,đĩa,Dê xào nóng hổi trên bản gang kèm đậu bắp
ChIJj61dBgBbNDERXktk5dF7M2M,Lẩu Lòng Bò Tuấn Hùng,Lẩu dê núi nhúng mẻ,399000,nồi,Nồi lẩu dê núi ré thơm ngon kèm rau nhúng đặc sản
ChIJj61dBgBbNDERXktk5dF7M2M,Lẩu Lòng Bò Tuấn Hùng,Cơm cháy sốt dê,70000,đĩa,Cơm cháy giòn tan rưới nước sốt dê đậm vị
ChIJEZHvXgBbNDER6wMalbjHx8M,Căng Tin Vườn Uơm,Cá kho tộ miền Tây đậm vị,87000,tộ,Cá trắm đen kho tộ sánh quyện nước hàng dừa
ChIJEZHvXgBbNDER6wMalbjHx8M,Căng Tin Vườn Uơm,Thịt ba chỉ rang cháy cạnh,80000,đĩa,Thịt ba chỉ ba chỉ giòn rưới mỡ hành
ChIJEZHvXgBbNDER6wMalbjHx8M,Căng Tin Vườn Uơm,Sườn non xào chua ngọt,78000,đĩa,Sườn non xào cùng dứa và ớt chuông sốt chua cay
ChIJEZHvXgBbNDER6wMalbjHx8M,Căng Tin Vườn Uơm,Rau muống luộc dầm sấu / xào tỏi,30000,đĩa,Rau muống tươi xanh luộc chấm nước mắm chanh ớt
ChIJEZHvXgBbNDER6wMalbjHx8M,Căng Tin Vườn Uơm,Canh riêu cua đồng cà pháo,47000,bát,Canh cua đồng mát lạnh ăn kèm cà pháo giòn tan
ChIJEZHvXgBbNDER6wMalbjHx8M,Căng Tin Vườn Uơm,Cơm trắng gạo tám thơm,18000,niêu,Niêu cơm gạo tám dẻo thơm
ChIJs2iBUgBZNDERwUoGKCb1byA,Bánh cuốn lạng sơn,Bánh cuốn thịt băm mộc nhĩ tráng nóng,27000,đĩa,Bánh tráng tươi tại chỗ ăn nóng kèm hành phi thơm giòn tự làm
ChIJs2iBUgBZNDERwUoGKCb1byA,Bánh cuốn lạng sơn,Bánh cuốn trứng lòng đào đặc biệt,37000,đĩa,Bánh cuốn tráng ôm trọn lòng đỏ trứng gà ta lòng đào béo ngậy
ChIJs2iBUgBZNDERwUoGKCb1byA,Bánh cuốn lạng sơn,Chả quế rán ăn kèm,13000,đĩa,Chả quế thơm ngọt ăn kèm nước mắm bánh cuốn
ChIJb7BLFBpbNDERlaf12LOP-5k,Nhà Hàng Tây Bắc,Cá kho tộ miền Tây đậm vị,90000,tộ,Cá trắm đen kho tộ sánh quyện nước hàng dừa
ChIJb7BLFBpbNDERlaf12LOP-5k,Nhà Hàng Tây Bắc,Thịt ba chỉ rang cháy cạnh,73000,đĩa,Thịt ba chỉ ba chỉ giòn rưới mỡ hành
ChIJb7BLFBpbNDERlaf12LOP-5k,Nhà Hàng Tây Bắc,Sườn non xào chua ngọt,85000,đĩa,Sườn non xào cùng dứa và ớt chuông sốt chua cay
ChIJb7BLFBpbNDERlaf12LOP-5k,Nhà Hàng Tây Bắc,Rau muống luộc dầm sấu / xào tỏi,33000,đĩa,Rau muống tươi xanh luộc chấm nước mắm chanh ớt
ChIJb7BLFBpbNDERlaf12LOP-5k,Nhà Hàng Tây Bắc,Canh riêu cua đồng cà pháo,47000,bát,Canh cua đồng mát lạnh ăn kèm cà pháo giòn tan
ChIJb7BLFBpbNDERlaf12LOP-5k,Nhà Hàng Tây Bắc,Cơm trắng gạo tám thơm,15000,niêu,Niêu cơm gạo tám dẻo thơm
ChIJlQFnVABbNDER-k-iHVAn9Do,Cơm Hoàng Tuyết 2,Cơm rang dưa bò,45000,đĩa,Cơm rang hạt giòn tơi xào cùng cải dưa chua và thịt bò tươi mềm
ChIJlQFnVABbNDER-k-iHVAn9Do,Cơm Hoàng Tuyết 2,Cơm rang thập cẩm giòn,37000,đĩa,Cơm rang lạp xưởng ngô ngọt đậu hà lan rưới trứng vàng
ChIJlQFnVABbNDER-k-iHVAn9Do,Cơm Hoàng Tuyết 2,Cơm thố xá xíu nóng hổi,35000,thố,"Cơm nấu niêu thố đất tạo lớp cháy giòn nhẹ, phủ thịt xá xíu đậm sốt"
ChIJlQFnVABbNDER-k-iHVAn9Do,Cơm Hoàng Tuyết 2,Suất cơm bình dân tự chọn (3 món mặn + rau),27000,suất,Cơm suất bình dân đầy đặn sạch sẽ cho sinh viên và người đi làm
ChIJlQFnVABbNDER-k-iHVAn9Do,Cơm Hoàng Tuyết 2,Cơm tấm sườn bì chả Sài Gòn,42000,đĩa,Cơm tấm ăn kèm sườn nướng mặn ngọt chả trứng bì heo thính và nước mắm chua cay
ChIJuxQEOABbNDERr7Vv2Dy8hqg,Tuấn Tài Quán,Cá kho tộ miền Tây đậm vị,85000,tộ,Cá trắm đen kho tộ sánh quyện nước hàng dừa
ChIJuxQEOABbNDERr7Vv2Dy8hqg,Tuấn Tài Quán,Thịt ba chỉ rang cháy cạnh,75000,đĩa,Thịt ba chỉ ba chỉ giòn rưới mỡ hành
ChIJuxQEOABbNDERr7Vv2Dy8hqg,Tuấn Tài Quán,Sườn non xào chua ngọt,80000,đĩa,Sườn non xào cùng dứa và ớt chuông sốt chua cay
ChIJuxQEOABbNDERr7Vv2Dy8hqg,Tuấn Tài Quán,Rau muống luộc dầm sấu / xào tỏi,33000,đĩa,Rau muống tươi xanh luộc chấm nước mắm chanh ớt
ChIJuxQEOABbNDERr7Vv2Dy8hqg,Tuấn Tài Quán,Canh riêu cua đồng cà pháo,40000,bát,Canh cua đồng mát lạnh ăn kèm cà pháo giòn tan
ChIJuxQEOABbNDERr7Vv2Dy8hqg,Tuấn Tài Quán,Cơm trắng gạo tám thơm,15000,niêu,Niêu cơm gạo tám dẻo thơm
ChIJ7V3ALQBbNDERvfyCFBkAsA8,Cơm Lâm Anh,Cơm rang dưa bò,50000,đĩa,Cơm rang hạt giòn tơi xào cùng cải dưa chua và thịt bò tươi mềm
ChIJ7V3ALQBbNDERvfyCFBkAsA8,Cơm Lâm Anh,Cơm rang thập cẩm giòn,35000,đĩa,Cơm rang lạp xưởng ngô ngọt đậu hà lan rưới trứng vàng
ChIJ7V3ALQBbNDERvfyCFBkAsA8,Cơm Lâm Anh,Cơm thố xá xíu nóng hổi,35000,thố,"Cơm nấu niêu thố đất tạo lớp cháy giòn nhẹ, phủ thịt xá xíu đậm sốt"
ChIJ7V3ALQBbNDERvfyCFBkAsA8,Cơm Lâm Anh,Suất cơm bình dân tự chọn (3 món mặn + rau),27000,suất,Cơm suất bình dân đầy đặn sạch sẽ cho sinh viên và người đi làm
ChIJ7V3ALQBbNDERvfyCFBkAsA8,Cơm Lâm Anh,Cơm tấm sườn bì chả Sài Gòn,42000,đĩa,Cơm tấm ăn kèm sườn nướng mặn ngọt chả trứng bì heo thính và nước mắm chua cay
ChIJ8Rn8aJ9bNDERP_CV8bBDGT4,Canh Cá Rô Đồng Thái Bình,Cá kho tộ miền Tây đậm vị,80000,tộ,Cá trắm đen kho tộ sánh quyện nước hàng dừa
ChIJ8Rn8aJ9bNDERP_CV8bBDGT4,Canh Cá Rô Đồng Thái Bình,Thịt ba chỉ rang cháy cạnh,80000,đĩa,Thịt ba chỉ ba chỉ giòn rưới mỡ hành
ChIJ8Rn8aJ9bNDERP_CV8bBDGT4,Canh Cá Rô Đồng Thái Bình,Sườn non xào chua ngọt,78000,đĩa,Sườn non xào cùng dứa và ớt chuông sốt chua cay
ChIJ8Rn8aJ9bNDERP_CV8bBDGT4,Canh Cá Rô Đồng Thái Bình,Rau muống luộc dầm sấu / xào tỏi,33000,đĩa,Rau muống tươi xanh luộc chấm nước mắm chanh ớt
ChIJ8Rn8aJ9bNDERP_CV8bBDGT4,Canh Cá Rô Đồng Thái Bình,Canh riêu cua đồng cà pháo,45000,bát,Canh cua đồng mát lạnh ăn kèm cà pháo giòn tan
ChIJ8Rn8aJ9bNDERP_CV8bBDGT4,Canh Cá Rô Đồng Thái Bình,Cơm trắng gạo tám thơm,18000,niêu,Niêu cơm gạo tám dẻo thơm
ChIJdZR8NgBbNDERDrqeAyzEVLY,Cháo Miến Lươn Xứ Nghệ,Cháo lòng heo đầy đủ dồi sụn tiết luộc,27000,bát,Cháo lòng nấu gạo tẻ sánh ngọt cùng lòng non dồi sụn gan luộc
ChIJdZR8NgBbNDERDrqeAyzEVLY,Cháo Miến Lươn Xứ Nghệ,Cháo sườn sụn nóng hổi hành hoa,37000,bát,Cháo bột sườn non sánh mịn giòn sần sật sườn sụn non
ChIJdZR8NgBbNDERDrqeAyzEVLY,Cháo Miến Lươn Xứ Nghệ,Quẩy giòn ăn cháo,8000,đĩa,Quẩy ăn kèm cháo ngon tuyệt
ChIJ-4UYMgBbNDERGL-qG0t_zPk,Quán Bia Hưởng Tuệ,Bia hơi Hà Nội mát lạnh,9000,cốc,Bia hơi tươi rói rót trực tiếp từ vòi bom lạnh
ChIJ-4UYMgBbNDERGL-qG0t_zPk,Quán Bia Hưởng Tuệ,Đậu phụ lướt ván nóng giòn,30000,đĩa,Đậu hũ non chiên lướt ván ngoài vàng giòn trong mịn mượt như thạch
ChIJ-4UYMgBbNDERGL-qG0t_zPk,Quán Bia Hưởng Tuệ,Đĩa lạc rang muối / lạc luộc mộc mạc,18000,đĩa,Đồ nhắm bia truyền thống
ChIJ-4UYMgBbNDERGL-qG0t_zPk,Quán Bia Hưởng Tuệ,Nộm tai heo đu đủ xanh chua ngọt,70000,đĩa,Tai heo giòn sần sật trộn đu đủ bào sợi nước nộm chua ngọt sảng khoái
ChIJ-4UYMgBbNDERGL-qG0t_zPk,Quán Bia Hưởng Tuệ,Sụn gà chiên mắm rang muối,100000,đĩa,Sụn gà ta giòn sần sật tẩm ướp chiên xóc muối ớt tỏi
ChIJpxCkNgBbNDERqnyZtFYrHVg,Trung Còi Quán,Cá kho tộ miền Tây đậm vị,90000,tộ,Cá trắm đen kho tộ sánh quyện nước hàng dừa
ChIJpxCkNgBbNDERqnyZtFYrHVg,Trung Còi Quán,Thịt ba chỉ rang cháy cạnh,77000,đĩa,Thịt ba chỉ ba chỉ giòn rưới mỡ hành
ChIJpxCkNgBbNDERqnyZtFYrHVg,Trung Còi Quán,Sườn non xào chua ngọt,85000,đĩa,Sườn non xào cùng dứa và ớt chuông sốt chua cay
ChIJpxCkNgBbNDERqnyZtFYrHVg,Trung Còi Quán,Rau muống luộc dầm sấu / xào tỏi,33000,đĩa,Rau muống tươi xanh luộc chấm nước mắm chanh ớt
ChIJpxCkNgBbNDERqnyZtFYrHVg,Trung Còi Quán,Canh riêu cua đồng cà pháo,50000,bát,Canh cua đồng mát lạnh ăn kèm cà pháo giòn tan
ChIJpxCkNgBbNDERqnyZtFYrHVg,Trung Còi Quán,Cơm trắng gạo tám thơm,15000,niêu,Niêu cơm gạo tám dẻo thơm
ChIJT0s2HgBbNDERgILH4Sju5Xc,Nhà hàng Tùng Duong,Cá kho tộ miền Tây đậm vị,90000,tộ,Cá trắm đen kho tộ sánh quyện nước hàng dừa
ChIJT0s2HgBbNDERgILH4Sju5Xc,Nhà hàng Tùng Duong,Thịt ba chỉ rang cháy cạnh,73000,đĩa,Thịt ba chỉ ba chỉ giòn rưới mỡ hành
ChIJT0s2HgBbNDERgILH4Sju5Xc,Nhà hàng Tùng Duong,Sườn non xào chua ngọt,75000,đĩa,Sườn non xào cùng dứa và ớt chuông sốt chua cay
ChIJT0s2HgBbNDERgILH4Sju5Xc,Nhà hàng Tùng Duong,Rau muống luộc dầm sấu / xào tỏi,27000,đĩa,Rau muống tươi xanh luộc chấm nước mắm chanh ớt
ChIJT0s2HgBbNDERgILH4Sju5Xc,Nhà hàng Tùng Duong,Canh riêu cua đồng cà pháo,47000,bát,Canh cua đồng mát lạnh ăn kèm cà pháo giòn tan
ChIJT0s2HgBbNDERgILH4Sju5Xc,Nhà hàng Tùng Duong,Cơm trắng gạo tám thơm,12000,niêu,Niêu cơm gạo tám dẻo thơm
ChIJyxECRABbNDER_ymcu7KidqQ,Phở Hải Hòa,Phở chín bò ta,35000,bát,Nước dùng phở bò ninh xương ống ngọt lịm kèm thịt chín thái mỏng
ChIJyxECRABbNDER_ymcu7KidqQ,Phở Hải Hòa,Phở tái chần,30000,bát,Phở bò với thịt bò tươi chần tái mềm ngọt
ChIJyxECRABbNDER_ymcu7KidqQ,Phở Hải Hòa,Phở nạm gầu giòn,45000,bát,Bánh phở mềm cùng nạm bò và gầu bò giòn sần sật
ChIJyxECRABbNDER_ymcu7KidqQ,Phở Hải Hòa,Phở tái lăn đặc biệt,40000,bát,Phở bò xào tái lăn thơm mùi tỏi phi
ChIJyxECRABbNDER_ymcu7KidqQ,Phở Hải Hòa,Trứng gà trần,10000,quả,Trứng trần nước phở béo ngậy
ChIJyxECRABbNDER_ymcu7KidqQ,Phở Hải Hòa,Quẩy giòn,8000,chiếc,Quẩy giòn ăn kèm nước phở
ChIJsU3kSABbNDERcvPeTA0IiAM,Phở bò gia truyền,Phở chín bò ta,35000,bát,Nước dùng phở bò ninh xương ống ngọt lịm kèm thịt chín thái mỏng
ChIJsU3kSABbNDERcvPeTA0IiAM,Phở bò gia truyền,Phở tái chần,30000,bát,Phở bò với thịt bò tươi chần tái mềm ngọt
ChIJsU3kSABbNDERcvPeTA0IiAM,Phở bò gia truyền,Phở nạm gầu giòn,45000,bát,Bánh phở mềm cùng nạm bò và gầu bò giòn sần sật
ChIJsU3kSABbNDERcvPeTA0IiAM,Phở bò gia truyền,Phở tái lăn đặc biệt,40000,bát,Phở bò xào tái lăn thơm mùi tỏi phi
ChIJsU3kSABbNDERcvPeTA0IiAM,Phở bò gia truyền,Trứng gà trần,10000,quả,Trứng trần nước phở béo ngậy
ChIJsU3kSABbNDERcvPeTA0IiAM,Phở bò gia truyền,Quẩy giòn,8000,chiếc,Quẩy giòn ăn kèm nước phở
ChIJ-1TXbABbNDERUatoHbFmKnk,Đội 2 Tân Xã Thạch Thất Hà Nội,Mì cay Seoul hải sản cấp độ 0-7,47000,tô,"Mì ramen Hàn Quốc tôm, mực, chả viên nước dùng kim chi cay chua kích thích"
ChIJ-1TXbABbNDERUatoHbFmKnk,Đội 2 Tân Xã Thạch Thất Hà Nội,Mì cay bò Mỹ cấp độ 0-7,45000,tô,Mì cay Hàn Quốc nhúng bắp bò Mỹ tươi
ChIJ-1TXbABbNDERUatoHbFmKnk,Đội 2 Tân Xã Thạch Thất Hà Nội,Kimbap chiên xù giòn tan,30000,cuộn,Cơm cuộn rong biển tẩm bột chiên xù chấm sốt mayonnaise
ChIJ-1TXbABbNDERUatoHbFmKnk,Đội 2 Tân Xã Thạch Thất Hà Nội,Tokbokki truyền thống phô mai sốt cay,30000,đĩa,"Bánh gạo Hàn Quốc xào cùng chả cá xiên, sốt tương ớt Gochujang và phô mai kéo sợi"
ChIJsUREBQBbNDER0ZWZqkZAgE4,Bún Cháo Anh Béo,Cháo lòng heo đầy đủ dồi sụn tiết luộc,27000,bát,Cháo lòng nấu gạo tẻ sánh ngọt cùng lòng non dồi sụn gan luộc
ChIJsUREBQBbNDER0ZWZqkZAgE4,Bún Cháo Anh Béo,Cháo sườn sụn nóng hổi hành hoa,30000,bát,Cháo bột sườn non sánh mịn giòn sần sật sườn sụn non
ChIJsUREBQBbNDER0ZWZqkZAgE4,Bún Cháo Anh Béo,Quẩy giòn ăn cháo,8000,đĩa,Quẩy ăn kèm cháo ngon tuyệt
ChIJ0fNiLwBZNDERasxs67XKjII,Nhà hàng Gia hưng cá sông,Cá kho tộ miền Tây đậm vị,83000,tộ,Cá trắm đen kho tộ sánh quyện nước hàng dừa
ChIJ0fNiLwBZNDERasxs67XKjII,Nhà hàng Gia hưng cá sông,Thịt ba chỉ rang cháy cạnh,80000,đĩa,Thịt ba chỉ ba chỉ giòn rưới mỡ hành
ChIJ0fNiLwBZNDERasxs67XKjII,Nhà hàng Gia hưng cá sông,Sườn non xào chua ngọt,85000,đĩa,Sườn non xào cùng dứa và ớt chuông sốt chua cay
ChIJ0fNiLwBZNDERasxs67XKjII,Nhà hàng Gia hưng cá sông,Rau muống luộc dầm sấu / xào tỏi,33000,đĩa,Rau muống tươi xanh luộc chấm nước mắm chanh ớt
ChIJ0fNiLwBZNDERasxs67XKjII,Nhà hàng Gia hưng cá sông,Canh riêu cua đồng cà pháo,43000,bát,Canh cua đồng mát lạnh ăn kèm cà pháo giòn tan
ChIJ0fNiLwBZNDERasxs67XKjII,Nhà hàng Gia hưng cá sông,Cơm trắng gạo tám thơm,15000,niêu,Niêu cơm gạo tám dẻo thơm
ChIJk_-DewBZNDERsQG4BiGF7RE,Bún Đậu Phố,"Bún đậu mắm tôm đầy đủ (Đậu, thịt chân giò, nem chua rán, chả cốm)",47000,suất,Mẹt bún đậu đầy đủ nguyên liệu tươi ngon kèm rau thơm kinh giới
ChIJk_-DewBZNDERsQG4BiGF7RE,Bún Đậu Phố,Bún đậu thường (Đậu chiên giòn),22000,suất,Bún đậu chay đơn giản với đậu phụ rán giòn
ChIJk_-DewBZNDERsQG4BiGF7RE,Bún Đậu Phố,Bún chả Hà Nội truyền thống,38000,suất,Chả miếng và chả viên nướng than hoa thơm phức trong bát nước chấm chua ngọt
ChIJk_-DewBZNDERsQG4BiGF7RE,Bún Đậu Phố,Nem cua bể chiên giòn,15000,chiếc,Nem cua bể giòn rụm nhiều nhân
ChIJk_-DewBZNDERsQG4BiGF7RE,Bún Đậu Phố,Nước sấu đá ngầm chua ngọt,18000,cốc,Đồ uống giải nhiệt cực hợp vị bún đậu
ChIJfaEOHgBbNDERdrtYJycvb7g,Vườn bia tây phương,Bia hơi Hà Nội mát lạnh,15000,cốc,Bia hơi tươi rói rót trực tiếp từ vòi bom lạnh
ChIJfaEOHgBbNDERdrtYJycvb7g,Vườn bia tây phương,Đậu phụ lướt ván nóng giòn,33000,đĩa,Đậu hũ non chiên lướt ván ngoài vàng giòn trong mịn mượt như thạch
ChIJfaEOHgBbNDERdrtYJycvb7g,Vườn bia tây phương,Đĩa lạc rang muối / lạc luộc mộc mạc,12000,đĩa,Đồ nhắm bia truyền thống
ChIJfaEOHgBbNDERdrtYJycvb7g,Vườn bia tây phương,Nộm tai heo đu đủ xanh chua ngọt,67000,đĩa,Tai heo giòn sần sật trộn đu đủ bào sợi nước nộm chua ngọt sảng khoái
ChIJfaEOHgBbNDERdrtYJycvb7g,Vườn bia tây phương,Sụn gà chiên mắm rang muối,93000,đĩa,Sụn gà ta giòn sần sật tẩm ướp chiên xóc muối ớt tỏi
ChIJ-7kwkkJbNDER2aYmqNpM6hc,Ốc bia 88 Phú Hữu,Ốc luộc sả lá chanh truyền thống,40000,bát,Ốc vặn/ốc nhồi mít luộc thơm mùi sả chấm nước mắm gừng cay ngọt đặc sản
ChIJ-7kwkkJbNDER2aYmqNpM6hc,Ốc bia 88 Phú Hữu,Ốc móng tay xào bơ tỏi thơm lừng,75000,đĩa,Ốc móng tay tươi ngọt sốt bơ tỏi sánh béo chấm bánh mì tuyệt đỉnh
ChIJ-7kwkkJbNDER2aYmqNpM6hc,Ốc bia 88 Phú Hữu,Nem chua rán giòn rụm (10 cái),50000,đĩa,Nem chua rán nóng hổi chấm tương ớt cay nồng
ChIJ-7kwkkJbNDER2aYmqNpM6hc,Ốc bia 88 Phú Hữu,Khoai tây chiên lắc bột phô mai,33000,đĩa,Món khai vị ăn vặt khoái khẩu
ChIJ-7kwkkJbNDER2aYmqNpM6hc,Ốc bia 88 Phú Hữu,Trà quất mật ong khổng lồ,18000,cốc,Trà quất mát chua ngọt cực đã khát
ChIJEaXvOQBbNDERAh6ToaRE76A,Hồng Kông Quán (CS3),Bia hơi Hà Nội mát lạnh,9000,cốc,Bia hơi tươi rói rót trực tiếp từ vòi bom lạnh
ChIJEaXvOQBbNDERAh6ToaRE76A,Hồng Kông Quán (CS3),Đậu phụ lướt ván nóng giòn,27000,đĩa,Đậu hũ non chiên lướt ván ngoài vàng giòn trong mịn mượt như thạch
ChIJEaXvOQBbNDERAh6ToaRE76A,Hồng Kông Quán (CS3),Đĩa lạc rang muối / lạc luộc mộc mạc,18000,đĩa,Đồ nhắm bia truyền thống
ChIJEaXvOQBbNDERAh6ToaRE76A,Hồng Kông Quán (CS3),Nộm tai heo đu đủ xanh chua ngọt,60000,đĩa,Tai heo giòn sần sật trộn đu đủ bào sợi nước nộm chua ngọt sảng khoái
ChIJEaXvOQBbNDERAh6ToaRE76A,Hồng Kông Quán (CS3),Sụn gà chiên mắm rang muối,97000,đĩa,Sụn gà ta giòn sần sật tẩm ướp chiên xóc muối ớt tỏi
ChIJJUY4fgBbNDERqcrqvIaCyR0,Bún Trang Nhung,Bún cá cay Hải Phòng giòn rụm,30000,bát,"Cá chiên giòn, chả cá thu thơm ngon nước dùng dọc mùng chua cay"
ChIJJUY4fgBbNDERqcrqvIaCyR0,Bún Trang Nhung,Bún riêu cua bắp bò giò tai,45000,bát,"Bún nước với riêu cua đồng xịn kèm bắp bò tươi, giò tai heo sần sật"
ChIJJUY4fgBbNDERqcrqvIaCyR0,Bún Trang Nhung,Bún sườn mọc dọc mùng hành hoa,35000,bát,Bún sườn non mềm nhừ kèm mọc thịt giòn dẻo
ChIJJUY4fgBbNDERqcrqvIaCyR0,Bún Trang Nhung,Trà đá mát lạnh,2000,cốc,Trà đá mát uống kèm bún nóng
ChIJraknFwBbNDERdmR8dCYxmf4,Tiệm Kem Vani,Kem tươi ốc quế sữa dừa / vani Mixue,13000,chiếc,Kem tươi thơm ngon ngậy béo ốc quế giòn tan
ChIJraknFwBbNDERdmR8dCYxmf4,Tiệm Kem Vani,Trà sữa ba anh em thạch pudding trân châu,27000,ly,Trà sữa đậm vị kèm full topping dồi dào
ChIJraknFwBbNDERdmR8dCYxmf4,Tiệm Kem Vani,Dương chi cam lộ xoài bưởi trân châu,35000,ly,"Sinh tố xoài, bưởi hồng cùng thạch dừa thạch đào thơm ngon mát lạnh"
ChIJraknFwBbNDERdmR8dCYxmf4,Tiệm Kem Vani,Trà đào tứ kỳ xuân hạt đào miếng,22000,ly,Trà ô long thanh vị kết hợp thạch đào giòn ngọt
ChIJ52a6QQBbNDER95Ys7S2_-M4,Quán phở 141,Phở chín bò ta,30000,bát,Nước dùng phở bò ninh xương ống ngọt lịm kèm thịt chín thái mỏng
ChIJ52a6QQBbNDER95Ys7S2_-M4,Quán phở 141,Phở tái chần,40000,bát,Phở bò với thịt bò tươi chần tái mềm ngọt
ChIJ52a6QQBbNDER95Ys7S2_-M4,Quán phở 141,Phở nạm gầu giòn,42000,bát,Bánh phở mềm cùng nạm bò và gầu bò giòn sần sật
ChIJ52a6QQBbNDER95Ys7S2_-M4,Quán phở 141,Phở tái lăn đặc biệt,43000,bát,Phở bò xào tái lăn thơm mùi tỏi phi
ChIJ52a6QQBbNDER95Ys7S2_-M4,Quán phở 141,Trứng gà trần,7000,quả,Trứng trần nước phở béo ngậy
ChIJ52a6QQBbNDER95Ys7S2_-M4,Quán phở 141,Quẩy giòn,2000,chiếc,Quẩy giòn ăn kèm nước phở
ChIJizS0UABFNDERISuO4IIKEus,Chè Duyên Hoà Lạc,Kem tươi ốc quế sữa dừa / vani Mixue,10000,chiếc,Kem tươi thơm ngon ngậy béo ốc quế giòn tan
ChIJizS0UABFNDERISuO4IIKEus,Chè Duyên Hoà Lạc,Trà sữa ba anh em thạch pudding trân châu,33000,ly,Trà sữa đậm vị kèm full topping dồi dào
ChIJizS0UABFNDERISuO4IIKEus,Chè Duyên Hoà Lạc,Dương chi cam lộ xoài bưởi trân châu,37000,ly,"Sinh tố xoài, bưởi hồng cùng thạch dừa thạch đào thơm ngon mát lạnh"
ChIJizS0UABFNDERISuO4IIKEus,Chè Duyên Hoà Lạc,Trà đào tứ kỳ xuân hạt đào miếng,28000,ly,Trà ô long thanh vị kết hợp thạch đào giòn ngọt
ChIJ6Q_QPONbNDERIIMMW6POjPU,Quán Nhậu 68,Bia hơi Hà Nội mát lạnh,12000,cốc,Bia hơi tươi rói rót trực tiếp từ vòi bom lạnh
ChIJ6Q_QPONbNDERIIMMW6POjPU,Quán Nhậu 68,Đậu phụ lướt ván nóng giòn,27000,đĩa,Đậu hũ non chiên lướt ván ngoài vàng giòn trong mịn mượt như thạch
ChIJ6Q_QPONbNDERIIMMW6POjPU,Quán Nhậu 68,Đĩa lạc rang muối / lạc luộc mộc mạc,12000,đĩa,Đồ nhắm bia truyền thống
ChIJ6Q_QPONbNDERIIMMW6POjPU,Quán Nhậu 68,Nộm tai heo đu đủ xanh chua ngọt,70000,đĩa,Tai heo giòn sần sật trộn đu đủ bào sợi nước nộm chua ngọt sảng khoái
ChIJ6Q_QPONbNDERIIMMW6POjPU,Quán Nhậu 68,Sụn gà chiên mắm rang muối,97000,đĩa,Sụn gà ta giòn sần sật tẩm ướp chiên xóc muối ớt tỏi
ChIJUyMmVABbNDERQzOzGsMtDPA,Karaoke Công Minh,"Đĩa hoa quả thập cẩm lớn (Dưa hấu, ổi, xoài, nho)",130000,đĩa,Hoa quả tươi ngon cắt lát đẹp mắt
ChIJUyMmVABbNDERQzOzGsMtDPA,Karaoke Công Minh,Khô mực nướng cồn,180000,con,Mực khô Vân Đồn nướng cồn xé tay
ChIJUyMmVABbNDERQzOzGsMtDPA,Karaoke Công Minh,Thịt bò khô xé sợi vắt chanh,82000,đĩa,Bò khô sợi cay cay ngọt ngọt
ChIJUyMmVABbNDERQzOzGsMtDPA,Karaoke Công Minh,Khoai tây chiên lắc phô mai,45000,đĩa,Khoai tây chiên giòn tan phủ bột phô mai
ChIJUyMmVABbNDERQzOzGsMtDPA,Karaoke Công Minh,Hạt hướng dương sạch,20000,đĩa,Hạt hướng dương rang thơm
ChIJUyMmVABbNDERQzOzGsMtDPA,Karaoke Công Minh,Bia Heineken lon,22000,lon,Bia ngoại ướp lạnh sẵn
ChIJUyMmVABbNDERQzOzGsMtDPA,Karaoke Công Minh,Bia Hà Nội lon,18000,lon,Bia nội truyền thống
ChIJUyMmVABbNDERQzOzGsMtDPA,Karaoke Công Minh,Nước ngọt Coca-Cola / Sting,18000,lon,Nước ngọt các loại phục vụ lạnh
ChIJI8b7zApbNDER0unfQjRkpOk,Quán Bia Hoà Cường,Bia hơi Hà Nội mát lạnh,9000,cốc,Bia hơi tươi rói rót trực tiếp từ vòi bom lạnh
ChIJI8b7zApbNDER0unfQjRkpOk,Quán Bia Hoà Cường,Đậu phụ lướt ván nóng giòn,27000,đĩa,Đậu hũ non chiên lướt ván ngoài vàng giòn trong mịn mượt như thạch
ChIJI8b7zApbNDER0unfQjRkpOk,Quán Bia Hoà Cường,Đĩa lạc rang muối / lạc luộc mộc mạc,18000,đĩa,Đồ nhắm bia truyền thống
ChIJI8b7zApbNDER0unfQjRkpOk,Quán Bia Hoà Cường,Nộm tai heo đu đủ xanh chua ngọt,70000,đĩa,Tai heo giòn sần sật trộn đu đủ bào sợi nước nộm chua ngọt sảng khoái
ChIJI8b7zApbNDER0unfQjRkpOk,Quán Bia Hoà Cường,Sụn gà chiên mắm rang muối,95000,đĩa,Sụn gà ta giòn sần sật tẩm ướp chiên xóc muối ớt tỏi
ChIJCY-tw9xbNDER-nE-zGINKnY,Nhà hàng dê núi tiến đạt,Thịt trâu xào lá lốt,120000,đĩa,Thịt trâu tươi mềm ngọt xào lá lốt thơm lừng
ChIJCY-tw9xbNDER-nE-zGINKnY,Nhà hàng dê núi tiến đạt,Thịt trâu nhúng mẻ chua cay,170000,đĩa,Thịt trâu nhúng nước dùng mẻ chua thanh nhẹ
ChIJCY-tw9xbNDER-nE-zGINKnY,Nhà hàng dê núi tiến đạt,Dê tái chanh chấm tương gừng,170000,đĩa,Thịt dê núi hấp tái trộn vừng sả lá chanh
ChIJCY-tw9xbNDER-nE-zGINKnY,Nhà hàng dê núi tiến đạt,Dê né bản gang,150000,đĩa,Dê xào nóng hổi trên bản gang kèm đậu bắp
ChIJCY-tw9xbNDER-nE-zGINKnY,Nhà hàng dê núi tiến đạt,Lẩu dê núi nhúng mẻ,409000,nồi,Nồi lẩu dê núi ré thơm ngon kèm rau nhúng đặc sản
ChIJCY-tw9xbNDER-nE-zGINKnY,Nhà hàng dê núi tiến đạt,Cơm cháy sốt dê,72000,đĩa,Cơm cháy giòn tan rưới nước sốt dê đậm vị
ChIJaRRRqaFbNDERgae8EidrEXQ,Nhà An Khánh,Cà phê đen đá pha phin,25000,ly,Cà phê đen truyền thống đậm đà
ChIJaRRRqaFbNDERgae8EidrEXQ,Nhà An Khánh,Cà phê sữa đá,25000,ly,Cà phê sữa pha phin béo ngậy
ChIJaRRRqaFbNDERgae8EidrEXQ,Nhà An Khánh,Bạc xỉu cốt dừa,30000,ly,Nhiều sữa béo ngậy vị dừa hòa quyện chút cà phê
ChIJaRRRqaFbNDERgae8EidrEXQ,Nhà An Khánh,Trà đào cam sả,37000,ly,Trà đào thơm mát kết hợp lát đào cam tươi sả thơm
ChIJaRRRqaFbNDERgae8EidrEXQ,Nhà An Khánh,Trà sữa trân châu truyền thống,30000,ly,Trà sữa đậm trà kèm trân châu đen dai giòn
ChIJaRRRqaFbNDERgae8EidrEXQ,Nhà An Khánh,Sinh tố bơ sáp,33000,ly,Sinh tố bơ sáp tươi ngon xay sữa đặc ngậy béo
ChIJaRRRqaFbNDERgae8EidrEXQ,Nhà An Khánh,Nước ép cam nguyên chất,30000,ly,Ép cam sành tự nhiên nhiều vitamin C
ChIJtQOcPABbNDERRC8_nU6Pqzs,Quán Caffe,Cà phê đen đá pha phin,19000,ly,Cà phê đen truyền thống đậm đà
ChIJtQOcPABbNDERRC8_nU6Pqzs,Quán Caffe,Cà phê sữa đá,28000,ly,Cà phê sữa pha phin béo ngậy
ChIJtQOcPABbNDERRC8_nU6Pqzs,Quán Caffe,Bạc xỉu cốt dừa,27000,ly,Nhiều sữa béo ngậy vị dừa hòa quyện chút cà phê
ChIJtQOcPABbNDERRC8_nU6Pqzs,Quán Caffe,Trà đào cam sả,33000,ly,Trà đào thơm mát kết hợp lát đào cam tươi sả thơm
ChIJtQOcPABbNDERRC8_nU6Pqzs,Quán Caffe,Trà sữa trân châu truyền thống,35000,ly,Trà sữa đậm trà kèm trân châu đen dai giòn
ChIJtQOcPABbNDERRC8_nU6Pqzs,Quán Caffe,Sinh tố bơ sáp,40000,ly,Sinh tố bơ sáp tươi ngon xay sữa đặc ngậy béo
ChIJtQOcPABbNDERRC8_nU6Pqzs,Quán Caffe,Nước ép cam nguyên chất,33000,ly,Ép cam sành tự nhiên nhiều vitamin C
ChIJaVJfJQBbNDERXLMYKROMQWA,Tiệm Trà Mẹ Bông,Cà phê đen đá pha phin,22000,ly,Cà phê đen truyền thống đậm đà
ChIJaVJfJQBbNDERXLMYKROMQWA,Tiệm Trà Mẹ Bông,Cà phê sữa đá,25000,ly,Cà phê sữa pha phin béo ngậy
ChIJaVJfJQBbNDERXLMYKROMQWA,Tiệm Trà Mẹ Bông,Bạc xỉu cốt dừa,27000,ly,Nhiều sữa béo ngậy vị dừa hòa quyện chút cà phê
ChIJaVJfJQBbNDERXLMYKROMQWA,Tiệm Trà Mẹ Bông,Trà đào cam sả,30000,ly,Trà đào thơm mát kết hợp lát đào cam tươi sả thơm
ChIJaVJfJQBbNDERXLMYKROMQWA,Tiệm Trà Mẹ Bông,Trà sữa trân châu truyền thống,40000,ly,Trà sữa đậm trà kèm trân châu đen dai giòn
ChIJaVJfJQBbNDERXLMYKROMQWA,Tiệm Trà Mẹ Bông,Sinh tố bơ sáp,37000,ly,Sinh tố bơ sáp tươi ngon xay sữa đặc ngậy béo
ChIJaVJfJQBbNDERXLMYKROMQWA,Tiệm Trà Mẹ Bông,Nước ép cam nguyên chất,30000,ly,Ép cam sành tự nhiên nhiều vitamin C
ChIJKzzPKQBbNDERJtFcOnRXuME,Trà Chanh & Coffee FinTea DL,Cà phê đen đá pha phin,25000,ly,Cà phê đen truyền thống đậm đà
ChIJKzzPKQBbNDERJtFcOnRXuME,Trà Chanh & Coffee FinTea DL,Cà phê sữa đá,28000,ly,Cà phê sữa pha phin béo ngậy
ChIJKzzPKQBbNDERJtFcOnRXuME,Trà Chanh & Coffee FinTea DL,Bạc xỉu cốt dừa,30000,ly,Nhiều sữa béo ngậy vị dừa hòa quyện chút cà phê
ChIJKzzPKQBbNDERJtFcOnRXuME,Trà Chanh & Coffee FinTea DL,Trà đào cam sả,35000,ly,Trà đào thơm mát kết hợp lát đào cam tươi sả thơm
ChIJKzzPKQBbNDERJtFcOnRXuME,Trà Chanh & Coffee FinTea DL,Trà sữa trân châu truyền thống,30000,ly,Trà sữa đậm trà kèm trân châu đen dai giòn
ChIJKzzPKQBbNDERJtFcOnRXuME,Trà Chanh & Coffee FinTea DL,Sinh tố bơ sáp,33000,ly,Sinh tố bơ sáp tươi ngon xay sữa đặc ngậy béo
ChIJKzzPKQBbNDERJtFcOnRXuME,Trà Chanh & Coffee FinTea DL,Nước ép cam nguyên chất,30000,ly,Ép cam sành tự nhiên nhiều vitamin C
ChIJYazFIABbNDERlcGPSDcZ2_M,Nhà Hàng Đầm Vực Giang,Cá kho tộ miền Tây đậm vị,87000,tộ,Cá trắm đen kho tộ sánh quyện nước hàng dừa
ChIJYazFIABbNDERlcGPSDcZ2_M,Nhà Hàng Đầm Vực Giang,Thịt ba chỉ rang cháy cạnh,80000,đĩa,Thịt ba chỉ ba chỉ giòn rưới mỡ hành
ChIJYazFIABbNDERlcGPSDcZ2_M,Nhà Hàng Đầm Vực Giang,Sườn non xào chua ngọt,82000,đĩa,Sườn non xào cùng dứa và ớt chuông sốt chua cay
ChIJYazFIABbNDERlcGPSDcZ2_M,Nhà Hàng Đầm Vực Giang,Rau muống luộc dầm sấu / xào tỏi,27000,đĩa,Rau muống tươi xanh luộc chấm nước mắm chanh ớt
ChIJYazFIABbNDERlcGPSDcZ2_M,Nhà Hàng Đầm Vực Giang,Canh riêu cua đồng cà pháo,45000,bát,Canh cua đồng mát lạnh ăn kèm cà pháo giòn tan
ChIJYazFIABbNDERlcGPSDcZ2_M,Nhà Hàng Đầm Vực Giang,Cơm trắng gạo tám thơm,12000,niêu,Niêu cơm gạo tám dẻo thơm
ChIJTQ1kVgBbNDERRwQ3BES-xrU,89 QUÁN - Bia Hơi - Thịt Chó,Bia hơi Hà Nội mát lạnh,12000,cốc,Bia hơi tươi rói rót trực tiếp từ vòi bom lạnh
ChIJTQ1kVgBbNDERRwQ3BES-xrU,89 QUÁN - Bia Hơi - Thịt Chó,Đậu phụ lướt ván nóng giòn,27000,đĩa,Đậu hũ non chiên lướt ván ngoài vàng giòn trong mịn mượt như thạch
ChIJTQ1kVgBbNDERRwQ3BES-xrU,89 QUÁN - Bia Hơi - Thịt Chó,Đĩa lạc rang muối / lạc luộc mộc mạc,15000,đĩa,Đồ nhắm bia truyền thống
ChIJTQ1kVgBbNDERRwQ3BES-xrU,89 QUÁN - Bia Hơi - Thịt Chó,Nộm tai heo đu đủ xanh chua ngọt,70000,đĩa,Tai heo giòn sần sật trộn đu đủ bào sợi nước nộm chua ngọt sảng khoái
ChIJTQ1kVgBbNDERRwQ3BES-xrU,89 QUÁN - Bia Hơi - Thịt Chó,Sụn gà chiên mắm rang muối,93000,đĩa,Sụn gà ta giòn sần sật tẩm ướp chiên xóc muối ớt tỏi
ChIJA0dYawBbNDERi-TTyH_QkWY,Quán bia Ti en Ti,Bia hơi Hà Nội mát lạnh,9000,cốc,Bia hơi tươi rói rót trực tiếp từ vòi bom lạnh
ChIJA0dYawBbNDERi-TTyH_QkWY,Quán bia Ti en Ti,Đậu phụ lướt ván nóng giòn,33000,đĩa,Đậu hũ non chiên lướt ván ngoài vàng giòn trong mịn mượt như thạch
ChIJA0dYawBbNDERi-TTyH_QkWY,Quán bia Ti en Ti,Đĩa lạc rang muối / lạc luộc mộc mạc,12000,đĩa,Đồ nhắm bia truyền thống
ChIJA0dYawBbNDERi-TTyH_QkWY,Quán bia Ti en Ti,Nộm tai heo đu đủ xanh chua ngọt,65000,đĩa,Tai heo giòn sần sật trộn đu đủ bào sợi nước nộm chua ngọt sảng khoái
ChIJA0dYawBbNDERi-TTyH_QkWY,Quán bia Ti en Ti,Sụn gà chiên mắm rang muối,93000,đĩa,Sụn gà ta giòn sần sật tẩm ướp chiên xóc muối ớt tỏi
ChIJ73N9gvNbNDERf60rcbLq5MI,Nhà Hàng Khải Thanh,Cá kho tộ miền Tây đậm vị,83000,tộ,Cá trắm đen kho tộ sánh quyện nước hàng dừa
ChIJ73N9gvNbNDERf60rcbLq5MI,Nhà Hàng Khải Thanh,Thịt ba chỉ rang cháy cạnh,77000,đĩa,Thịt ba chỉ ba chỉ giòn rưới mỡ hành
ChIJ73N9gvNbNDERf60rcbLq5MI,Nhà Hàng Khải Thanh,Sườn non xào chua ngọt,82000,đĩa,Sườn non xào cùng dứa và ớt chuông sốt chua cay
ChIJ73N9gvNbNDERf60rcbLq5MI,Nhà Hàng Khải Thanh,Rau muống luộc dầm sấu / xào tỏi,33000,đĩa,Rau muống tươi xanh luộc chấm nước mắm chanh ớt
ChIJ73N9gvNbNDERf60rcbLq5MI,Nhà Hàng Khải Thanh,Canh riêu cua đồng cà pháo,45000,bát,Canh cua đồng mát lạnh ăn kèm cà pháo giòn tan
ChIJ73N9gvNbNDERf60rcbLq5MI,Nhà Hàng Khải Thanh,Cơm trắng gạo tám thơm,12000,niêu,Niêu cơm gạo tám dẻo thơm
ChIJJQtfpuRbNDERxvahDlIfgbQ,Rượu Ngô Men Lá Tân Sơn,Cá kho tộ miền Tây đậm vị,90000,tộ,Cá trắm đen kho tộ sánh quyện nước hàng dừa
ChIJJQtfpuRbNDERxvahDlIfgbQ,Rượu Ngô Men Lá Tân Sơn,Thịt ba chỉ rang cháy cạnh,73000,đĩa,Thịt ba chỉ ba chỉ giòn rưới mỡ hành
ChIJJQtfpuRbNDERxvahDlIfgbQ,Rượu Ngô Men Lá Tân Sơn,Sườn non xào chua ngọt,75000,đĩa,Sườn non xào cùng dứa và ớt chuông sốt chua cay
ChIJJQtfpuRbNDERxvahDlIfgbQ,Rượu Ngô Men Lá Tân Sơn,Rau muống luộc dầm sấu / xào tỏi,30000,đĩa,Rau muống tươi xanh luộc chấm nước mắm chanh ớt
ChIJJQtfpuRbNDERxvahDlIfgbQ,Rượu Ngô Men Lá Tân Sơn,Canh riêu cua đồng cà pháo,50000,bát,Canh cua đồng mát lạnh ăn kèm cà pháo giòn tan
ChIJJQtfpuRbNDERxvahDlIfgbQ,Rượu Ngô Men Lá Tân Sơn,Cơm trắng gạo tám thơm,12000,niêu,Niêu cơm gạo tám dẻo thơm
ChIJFYNiC09bNDER3lC68tGjtcE,"Bánh Cuốn Phủ Lý,Bún Chả","Bún đậu mắm tôm đầy đủ (Đậu, thịt chân giò, nem chua rán, chả cốm)",43000,suất,Mẹt bún đậu đầy đủ nguyên liệu tươi ngon kèm rau thơm kinh giới
ChIJFYNiC09bNDER3lC68tGjtcE,"Bánh Cuốn Phủ Lý,Bún Chả",Bún đậu thường (Đậu chiên giòn),28000,suất,Bún đậu chay đơn giản với đậu phụ rán giòn
ChIJFYNiC09bNDER3lC68tGjtcE,"Bánh Cuốn Phủ Lý,Bún Chả",Bún chả Hà Nội truyền thống,35000,suất,Chả miếng và chả viên nướng than hoa thơm phức trong bát nước chấm chua ngọt
ChIJFYNiC09bNDER3lC68tGjtcE,"Bánh Cuốn Phủ Lý,Bún Chả",Nem cua bể chiên giòn,18000,chiếc,Nem cua bể giòn rụm nhiều nhân
ChIJFYNiC09bNDER3lC68tGjtcE,"Bánh Cuốn Phủ Lý,Bún Chả",Nước sấu đá ngầm chua ngọt,15000,cốc,Đồ uống giải nhiệt cực hợp vị bún đậu
ChIJt0GtlxZaNDERzhgTbj7ne-Q,Pink Coffee,Cà phê đen đá pha phin,19000,ly,Cà phê đen truyền thống đậm đà
ChIJt0GtlxZaNDERzhgTbj7ne-Q,Pink Coffee,Cà phê sữa đá,22000,ly,Cà phê sữa pha phin béo ngậy
ChIJt0GtlxZaNDERzhgTbj7ne-Q,Pink Coffee,Bạc xỉu cốt dừa,33000,ly,Nhiều sữa béo ngậy vị dừa hòa quyện chút cà phê
ChIJt0GtlxZaNDERzhgTbj7ne-Q,Pink Coffee,Trà đào cam sả,35000,ly,Trà đào thơm mát kết hợp lát đào cam tươi sả thơm
ChIJt0GtlxZaNDERzhgTbj7ne-Q,Pink Coffee,Trà sữa trân châu truyền thống,30000,ly,Trà sữa đậm trà kèm trân châu đen dai giòn
ChIJt0GtlxZaNDERzhgTbj7ne-Q,Pink Coffee,Sinh tố bơ sáp,40000,ly,Sinh tố bơ sáp tươi ngon xay sữa đặc ngậy béo
ChIJt0GtlxZaNDERzhgTbj7ne-Q,Pink Coffee,Nước ép cam nguyên chất,27000,ly,Ép cam sành tự nhiên nhiều vitamin C
ChIJ5XKYBwBbNDERnTT0e-OBh1o,Karaoke Thiên Đường,"Đĩa hoa quả thập cẩm lớn (Dưa hấu, ổi, xoài, nho)",130000,đĩa,Hoa quả tươi ngon cắt lát đẹp mắt
ChIJ5XKYBwBbNDERnTT0e-OBh1o,Karaoke Thiên Đường,Khô mực nướng cồn,190000,con,Mực khô Vân Đồn nướng cồn xé tay
ChIJ5XKYBwBbNDERnTT0e-OBh1o,Karaoke Thiên Đường,Thịt bò khô xé sợi vắt chanh,78000,đĩa,Bò khô sợi cay cay ngọt ngọt
ChIJ5XKYBwBbNDERnTT0e-OBh1o,Karaoke Thiên Đường,Khoai tây chiên lắc phô mai,50000,đĩa,Khoai tây chiên giòn tan phủ bột phô mai
ChIJ5XKYBwBbNDERnTT0e-OBh1o,Karaoke Thiên Đường,Hạt hướng dương sạch,20000,đĩa,Hạt hướng dương rang thơm
ChIJ5XKYBwBbNDERnTT0e-OBh1o,Karaoke Thiên Đường,Bia Heineken lon,22000,lon,Bia ngoại ướp lạnh sẵn
ChIJ5XKYBwBbNDERnTT0e-OBh1o,Karaoke Thiên Đường,Bia Hà Nội lon,18000,lon,Bia nội truyền thống
ChIJ5XKYBwBbNDERnTT0e-OBh1o,Karaoke Thiên Đường,Nước ngọt Coca-Cola / Sting,18000,lon,Nước ngọt các loại phục vụ lạnh
ChIJW38ASQBbNDERipeT4SUDn4E,🥤Trang Coffe & Tea🥤,Cà phê đen đá pha phin,25000,ly,Cà phê đen truyền thống đậm đà
ChIJW38ASQBbNDERipeT4SUDn4E,🥤Trang Coffe & Tea🥤,Cà phê sữa đá,28000,ly,Cà phê sữa pha phin béo ngậy
ChIJW38ASQBbNDERipeT4SUDn4E,🥤Trang Coffe & Tea🥤,Bạc xỉu cốt dừa,30000,ly,Nhiều sữa béo ngậy vị dừa hòa quyện chút cà phê
ChIJW38ASQBbNDERipeT4SUDn4E,🥤Trang Coffe & Tea🥤,Trà đào cam sả,40000,ly,Trà đào thơm mát kết hợp lát đào cam tươi sả thơm
ChIJW38ASQBbNDERipeT4SUDn4E,🥤Trang Coffe & Tea🥤,Trà sữa trân châu truyền thống,35000,ly,Trà sữa đậm trà kèm trân châu đen dai giòn
ChIJW38ASQBbNDERipeT4SUDn4E,🥤Trang Coffe & Tea🥤,Sinh tố bơ sáp,33000,ly,Sinh tố bơ sáp tươi ngon xay sữa đặc ngậy béo
ChIJW38ASQBbNDERipeT4SUDn4E,🥤Trang Coffe & Tea🥤,Nước ép cam nguyên chất,33000,ly,Ép cam sành tự nhiên nhiều vitamin C
ChIJf2EhRQBbNDERGG0mAvsEhB8,Phố Núi Karaoke,"Đĩa hoa quả thập cẩm lớn (Dưa hấu, ổi, xoài, nho)",170000,đĩa,Hoa quả tươi ngon cắt lát đẹp mắt
ChIJf2EhRQBbNDERGG0mAvsEhB8,Phố Núi Karaoke,Khô mực nướng cồn,170000,con,Mực khô Vân Đồn nướng cồn xé tay
ChIJf2EhRQBbNDERGG0mAvsEhB8,Phố Núi Karaoke,Thịt bò khô xé sợi vắt chanh,75000,đĩa,Bò khô sợi cay cay ngọt ngọt
ChIJf2EhRQBbNDERGG0mAvsEhB8,Phố Núi Karaoke,Khoai tây chiên lắc phô mai,43000,đĩa,Khoai tây chiên giòn tan phủ bột phô mai
ChIJf2EhRQBbNDERGG0mAvsEhB8,Phố Núi Karaoke,Hạt hướng dương sạch,17000,đĩa,Hạt hướng dương rang thơm
ChIJf2EhRQBbNDERGG0mAvsEhB8,Phố Núi Karaoke,Bia Heineken lon,25000,lon,Bia ngoại ướp lạnh sẵn
ChIJf2EhRQBbNDERGG0mAvsEhB8,Phố Núi Karaoke,Bia Hà Nội lon,15000,lon,Bia nội truyền thống
ChIJf2EhRQBbNDERGG0mAvsEhB8,Phố Núi Karaoke,Nước ngọt Coca-Cola / Sting,15000,lon,Nước ngọt các loại phục vụ lạnh
ChIJXZsxeABbNDERyIg-gOxJQO0,Karaoke Star,"Đĩa hoa quả thập cẩm lớn (Dưa hấu, ổi, xoài, nho)",140000,đĩa,Hoa quả tươi ngon cắt lát đẹp mắt
ChIJXZsxeABbNDERyIg-gOxJQO0,Karaoke Star,Khô mực nướng cồn,160000,con,Mực khô Vân Đồn nướng cồn xé tay
ChIJXZsxeABbNDERyIg-gOxJQO0,Karaoke Star,Thịt bò khô xé sợi vắt chanh,80000,đĩa,Bò khô sợi cay cay ngọt ngọt
ChIJXZsxeABbNDERyIg-gOxJQO0,Karaoke Star,Khoai tây chiên lắc phô mai,43000,đĩa,Khoai tây chiên giòn tan phủ bột phô mai
ChIJXZsxeABbNDERyIg-gOxJQO0,Karaoke Star,Hạt hướng dương sạch,23000,đĩa,Hạt hướng dương rang thơm
ChIJXZsxeABbNDERyIg-gOxJQO0,Karaoke Star,Bia Heineken lon,22000,lon,Bia ngoại ướp lạnh sẵn
ChIJXZsxeABbNDERyIg-gOxJQO0,Karaoke Star,Bia Hà Nội lon,15000,lon,Bia nội truyền thống
ChIJXZsxeABbNDERyIg-gOxJQO0,Karaoke Star,Nước ngọt Coca-Cola / Sting,18000,lon,Nước ngọt các loại phục vụ lạnh
ChIJxYZ4vuVbNDERCT8QFfGpbyk,Nhà May Thúy Xinh,Cá kho tộ miền Tây đậm vị,85000,tộ,Cá trắm đen kho tộ sánh quyện nước hàng dừa
ChIJxYZ4vuVbNDERCT8QFfGpbyk,Nhà May Thúy Xinh,Thịt ba chỉ rang cháy cạnh,75000,đĩa,Thịt ba chỉ ba chỉ giòn rưới mỡ hành
ChIJxYZ4vuVbNDERCT8QFfGpbyk,Nhà May Thúy Xinh,Sườn non xào chua ngọt,80000,đĩa,Sườn non xào cùng dứa và ớt chuông sốt chua cay
ChIJxYZ4vuVbNDERCT8QFfGpbyk,Nhà May Thúy Xinh,Rau muống luộc dầm sấu / xào tỏi,27000,đĩa,Rau muống tươi xanh luộc chấm nước mắm chanh ớt
ChIJxYZ4vuVbNDERCT8QFfGpbyk,Nhà May Thúy Xinh,Canh riêu cua đồng cà pháo,43000,bát,Canh cua đồng mát lạnh ăn kèm cà pháo giòn tan
ChIJxYZ4vuVbNDERCT8QFfGpbyk,Nhà May Thúy Xinh,Cơm trắng gạo tám thơm,12000,niêu,Niêu cơm gạo tám dẻo thơm
ChIJs6vFHQBbNDERvAy16kYTaHI,Coffee Gió,Cà phê đen đá pha phin,22000,ly,Cà phê đen truyền thống đậm đà
ChIJs6vFHQBbNDERvAy16kYTaHI,Coffee Gió,Cà phê sữa đá,28000,ly,Cà phê sữa pha phin béo ngậy
ChIJs6vFHQBbNDERvAy16kYTaHI,Coffee Gió,Bạc xỉu cốt dừa,33000,ly,Nhiều sữa béo ngậy vị dừa hòa quyện chút cà phê
ChIJs6vFHQBbNDERvAy16kYTaHI,Coffee Gió,Trà đào cam sả,35000,ly,Trà đào thơm mát kết hợp lát đào cam tươi sả thơm
ChIJs6vFHQBbNDERvAy16kYTaHI,Coffee Gió,Trà sữa trân châu truyền thống,33000,ly,Trà sữa đậm trà kèm trân châu đen dai giòn
ChIJs6vFHQBbNDERvAy16kYTaHI,Coffee Gió,Sinh tố bơ sáp,30000,ly,Sinh tố bơ sáp tươi ngon xay sữa đặc ngậy béo
ChIJs6vFHQBbNDERvAy16kYTaHI,Coffee Gió,Nước ép cam nguyên chất,27000,ly,Ép cam sành tự nhiên nhiều vitamin C
ChIJBXqBFQ1RNDERVQBJld1vxp4,Nhà của Kiên,Cá kho tộ miền Tây đậm vị,80000,tộ,Cá trắm đen kho tộ sánh quyện nước hàng dừa
ChIJBXqBFQ1RNDERVQBJld1vxp4,Nhà của Kiên,Thịt ba chỉ rang cháy cạnh,80000,đĩa,Thịt ba chỉ ba chỉ giòn rưới mỡ hành
ChIJBXqBFQ1RNDERVQBJld1vxp4,Nhà của Kiên,Sườn non xào chua ngọt,80000,đĩa,Sườn non xào cùng dứa và ớt chuông sốt chua cay
ChIJBXqBFQ1RNDERVQBJld1vxp4,Nhà của Kiên,Rau muống luộc dầm sấu / xào tỏi,30000,đĩa,Rau muống tươi xanh luộc chấm nước mắm chanh ớt
ChIJBXqBFQ1RNDERVQBJld1vxp4,Nhà của Kiên,Canh riêu cua đồng cà pháo,47000,bát,Canh cua đồng mát lạnh ăn kèm cà pháo giòn tan
ChIJBXqBFQ1RNDERVQBJld1vxp4,Nhà của Kiên,Cơm trắng gạo tám thơm,12000,niêu,Niêu cơm gạo tám dẻo thơm
ChIJGwMJ2jhbNDERVBIpRmKRQRU,Cường vinh,"Đĩa hoa quả thập cẩm lớn (Dưa hấu, ổi, xoài, nho)",170000,đĩa,Hoa quả tươi ngon cắt lát đẹp mắt
ChIJGwMJ2jhbNDERVBIpRmKRQRU,Cường vinh,Khô mực nướng cồn,160000,con,Mực khô Vân Đồn nướng cồn xé tay
ChIJGwMJ2jhbNDERVBIpRmKRQRU,Cường vinh,Thịt bò khô xé sợi vắt chanh,82000,đĩa,Bò khô sợi cay cay ngọt ngọt
ChIJGwMJ2jhbNDERVBIpRmKRQRU,Cường vinh,Khoai tây chiên lắc phô mai,43000,đĩa,Khoai tây chiên giòn tan phủ bột phô mai
ChIJGwMJ2jhbNDERVBIpRmKRQRU,Cường vinh,Hạt hướng dương sạch,23000,đĩa,Hạt hướng dương rang thơm
ChIJGwMJ2jhbNDERVBIpRmKRQRU,Cường vinh,Bia Heineken lon,28000,lon,Bia ngoại ướp lạnh sẵn
ChIJGwMJ2jhbNDERVBIpRmKRQRU,Cường vinh,Bia Hà Nội lon,15000,lon,Bia nội truyền thống
ChIJGwMJ2jhbNDERVBIpRmKRQRU,Cường vinh,Nước ngọt Coca-Cola / Sting,18000,lon,Nước ngọt các loại phục vụ lạnh
ChIJQTVEnzlbNDERiUNdbM1wKlg,Karaoke Zambar,"Đĩa hoa quả thập cẩm lớn (Dưa hấu, ổi, xoài, nho)",170000,đĩa,Hoa quả tươi ngon cắt lát đẹp mắt
ChIJQTVEnzlbNDERiUNdbM1wKlg,Karaoke Zambar,Khô mực nướng cồn,200000,con,Mực khô Vân Đồn nướng cồn xé tay
ChIJQTVEnzlbNDERiUNdbM1wKlg,Karaoke Zambar,Thịt bò khô xé sợi vắt chanh,80000,đĩa,Bò khô sợi cay cay ngọt ngọt
ChIJQTVEnzlbNDERiUNdbM1wKlg,Karaoke Zambar,Khoai tây chiên lắc phô mai,43000,đĩa,Khoai tây chiên giòn tan phủ bột phô mai
ChIJQTVEnzlbNDERiUNdbM1wKlg,Karaoke Zambar,Hạt hướng dương sạch,23000,đĩa,Hạt hướng dương rang thơm
ChIJQTVEnzlbNDERiUNdbM1wKlg,Karaoke Zambar,Bia Heineken lon,25000,lon,Bia ngoại ướp lạnh sẵn
ChIJQTVEnzlbNDERiUNdbM1wKlg,Karaoke Zambar,Bia Hà Nội lon,15000,lon,Bia nội truyền thống
ChIJQTVEnzlbNDERiUNdbM1wKlg,Karaoke Zambar,Nước ngọt Coca-Cola / Sting,18000,lon,Nước ngọt các loại phục vụ lạnh
ChIJu-bDUgBbNDERrjLul_dhMvM,Tú Linh Quán,Cá kho tộ miền Tây đậm vị,80000,tộ,Cá trắm đen kho tộ sánh quyện nước hàng dừa
ChIJu-bDUgBbNDERrjLul_dhMvM,Tú Linh Quán,Thịt ba chỉ rang cháy cạnh,70000,đĩa,Thịt ba chỉ ba chỉ giòn rưới mỡ hành
ChIJu-bDUgBbNDERrjLul_dhMvM,Tú Linh Quán,Sườn non xào chua ngọt,80000,đĩa,Sườn non xào cùng dứa và ớt chuông sốt chua cay
ChIJu-bDUgBbNDERrjLul_dhMvM,Tú Linh Quán,Rau muống luộc dầm sấu / xào tỏi,30000,đĩa,Rau muống tươi xanh luộc chấm nước mắm chanh ớt
ChIJu-bDUgBbNDERrjLul_dhMvM,Tú Linh Quán,Canh riêu cua đồng cà pháo,40000,bát,Canh cua đồng mát lạnh ăn kèm cà pháo giòn tan
ChIJu-bDUgBbNDERrjLul_dhMvM,Tú Linh Quán,Cơm trắng gạo tám thơm,18000,niêu,Niêu cơm gạo tám dẻo thơm
ChIJ2xivnodbNDERsyPQSDQBLHg,Nhà hàng Hải sản,Cá kho tộ miền Tây đậm vị,80000,tộ,Cá trắm đen kho tộ sánh quyện nước hàng dừa
ChIJ2xivnodbNDERsyPQSDQBLHg,Nhà hàng Hải sản,Thịt ba chỉ rang cháy cạnh,80000,đĩa,Thịt ba chỉ ba chỉ giòn rưới mỡ hành
ChIJ2xivnodbNDERsyPQSDQBLHg,Nhà hàng Hải sản,Sườn non xào chua ngọt,82000,đĩa,Sườn non xào cùng dứa và ớt chuông sốt chua cay
ChIJ2xivnodbNDERsyPQSDQBLHg,Nhà hàng Hải sản,Rau muống luộc dầm sấu / xào tỏi,27000,đĩa,Rau muống tươi xanh luộc chấm nước mắm chanh ớt
ChIJ2xivnodbNDERsyPQSDQBLHg,Nhà hàng Hải sản,Canh riêu cua đồng cà pháo,45000,bát,Canh cua đồng mát lạnh ăn kèm cà pháo giòn tan
ChIJ2xivnodbNDERsyPQSDQBLHg,Nhà hàng Hải sản,Cơm trắng gạo tám thơm,18000,niêu,Niêu cơm gạo tám dẻo thơm
ChIJ_xSNf7pUNDERkwHtyPmQP0s,Dũng Béo Restaurant,Cá kho tộ miền Tây đậm vị,85000,tộ,Cá trắm đen kho tộ sánh quyện nước hàng dừa
ChIJ_xSNf7pUNDERkwHtyPmQP0s,Dũng Béo Restaurant,Thịt ba chỉ rang cháy cạnh,75000,đĩa,Thịt ba chỉ ba chỉ giòn rưới mỡ hành
ChIJ_xSNf7pUNDERkwHtyPmQP0s,Dũng Béo Restaurant,Sườn non xào chua ngọt,85000,đĩa,Sườn non xào cùng dứa và ớt chuông sốt chua cay
ChIJ_xSNf7pUNDERkwHtyPmQP0s,Dũng Béo Restaurant,Rau muống luộc dầm sấu / xào tỏi,27000,đĩa,Rau muống tươi xanh luộc chấm nước mắm chanh ớt
ChIJ_xSNf7pUNDERkwHtyPmQP0s,Dũng Béo Restaurant,Canh riêu cua đồng cà pháo,40000,bát,Canh cua đồng mát lạnh ăn kèm cà pháo giòn tan
ChIJ_xSNf7pUNDERkwHtyPmQP0s,Dũng Béo Restaurant,Cơm trắng gạo tám thơm,15000,niêu,Niêu cơm gạo tám dẻo thơm
ChIJj1szNwBbNDER4ghg42y5Gas,Karaoke Anh Đào 2,"Đĩa hoa quả thập cẩm lớn (Dưa hấu, ổi, xoài, nho)",150000,đĩa,Hoa quả tươi ngon cắt lát đẹp mắt
ChIJj1szNwBbNDER4ghg42y5Gas,Karaoke Anh Đào 2,Khô mực nướng cồn,200000,con,Mực khô Vân Đồn nướng cồn xé tay
ChIJj1szNwBbNDER4ghg42y5Gas,Karaoke Anh Đào 2,Thịt bò khô xé sợi vắt chanh,75000,đĩa,Bò khô sợi cay cay ngọt ngọt
ChIJj1szNwBbNDER4ghg42y5Gas,Karaoke Anh Đào 2,Khoai tây chiên lắc phô mai,50000,đĩa,Khoai tây chiên giòn tan phủ bột phô mai
ChIJj1szNwBbNDER4ghg42y5Gas,Karaoke Anh Đào 2,Hạt hướng dương sạch,20000,đĩa,Hạt hướng dương rang thơm
ChIJj1szNwBbNDER4ghg42y5Gas,Karaoke Anh Đào 2,Bia Heineken lon,22000,lon,Bia ngoại ướp lạnh sẵn
ChIJj1szNwBbNDER4ghg42y5Gas,Karaoke Anh Đào 2,Bia Hà Nội lon,15000,lon,Bia nội truyền thống
ChIJj1szNwBbNDER4ghg42y5Gas,Karaoke Anh Đào 2,Nước ngọt Coca-Cola / Sting,12000,lon,Nước ngọt các loại phục vụ lạnh
