Place ID,Tên quán,Vĩ độ,Kinh độ,Điểm đánh giá,Số lượng đánh giá,Đường/Thôn,Thành phố,Tỉnh/Trạng thái,Mã quốc gia,Website,Số điện thoại,Danh mục chính,Google Maps URL,Là quán ăn/uống,Menu chi tiết
ChIJY2b0gbFbNDERXi74nHKx-pU,Cua Đồng Không Tên,20.9798778,105.5287437,4.1,2525,Km 1 Hồ Chí Minh,Hà Nội,"Hòa Lạc, Hà Nội",VN,,+84 902 016 669,Nhà hàng món lẩu,https://www.google.com/maps/search/?api=1&query=Cua%20%C4%90%E1%BB%93ng%20Kh%C3%B4ng%20T%C3%AAn&query_place_id=ChIJY2b0gbFbNDERXi74nHKx-pU,Có,"Lẩu cua đồng truyền thống nguyên chất: 350,000đ/nồi (Nồi lẩu riêu cua đồng đậm đà, nước lẩu ngọt lịm từ cua tươi giã tay) | Lẩu cua đồng thập cẩm: 450,000đ/nồi (Lẩu riêu cua kèm bắp bò hoa, sườn sụn heo, đậu hũ rán, giò tai) | Bắp bò hoa tươi thêm: 150,000đ/đĩa (Thịt bắp bò hoa nhiều gân sần sật tươi ngon) | Sườn non sụn nhúng lẩu thêm: 120,000đ/đĩa (Sườn heo non giòn sần sật) | Bánh đa cua Hải Phòng nhúng lẩu: 20,000đ/đĩa (Bánh đa đỏ Hải Phòng nhúng lẩu riêu ngon đúng điệu) | Ốc xào măng chua cay: 90,000đ/đĩa (Ốc đá xào măng chua cay đậm đà kích thích vị giác) | Nem chua rán giòn: 50,000đ/đĩa (Nem chua rán nóng hổi giòn rụm chấm tương ớt)"
ChIJGT99DsarNTER9MurtdDX6Ss,Trường Đại học FPT Hà Nội,21.0124167,105.5252892,4.0,1527,"Khu Công Nghệ Cao Hòa Lạc, CT03",Hà Nội,"Hòa Lạc, Hà Nội",VN,https://daihoc.fpt.edu.vn/,+84 24 7300 5588,Trường đại học,https://www.google.com/maps/search/?api=1&query=Tr%C6%B0%E1%BB%9Dng%20%C4%90%E1%BA%A1i%20h%E1%BB%8Dc%20FPT%20H%C3%A0%20N%E1%BB%99i&query_place_id=ChIJGT99DsarNTER9MurtdDX6Ss,Không,Không áp dụng (Địa điểm phi ẩm thực)
ChIJyZNniWirNTERIwPgyrSw_Ak,Chợ Hòa Lạc,21.0270926,105.5187454,4.3,1182,Đ. Hòa Lạc,Hà Nội,"Hòa Lạc, Hà Nội",VN,,+84 378 408 816,Chợ,https://www.google.com/maps/search/?api=1&query=Ch%E1%BB%A3%20H%C3%B2a%20L%E1%BA%A1c&query_place_id=ChIJyZNniWirNTERIwPgyrSw_Ak,Không,Không áp dụng (Địa điểm phi ẩm thực)
ChIJpbODHC5bNDERiW0jf14vqtc,Nhà Hàng Thanh Vũ 79,20.9785159,105.5295944,4.5,1135,Hòa Lạc - Thạch Thất,Hà Nội,"Hòa Lạc, Hà Nội",VN,http://laucuadongthanhvu79.com/,+84 963 016 661,Nhà hàng,https://www.google.com/maps/search/?api=1&query=Nh%C3%A0%20H%C3%A0ng%20Thanh%20V%C5%A9%2079&query_place_id=ChIJpbODHC5bNDERiW0jf14vqtc,Có,"Lẩu cua đồng bắp bò sườn sụn đặc biệt: 450,000đ/nồi (Món ăn thương hiệu của nhà hàng với gạch cua đồng 100% nguyên chất nhúng bắp bò tươi ngon) | Lẩu riêu cua sườn sụn gà ri: 490,000đ/nồi (Sự kết hợp hoàn hảo giữa riêu cua đồng béo ngậy và thịt gà ri Hòa Lạc dai ngọt) | Gà ri đồi hấp lá chanh: 250,000đ/con (Gà ri đồi nuôi thả tự nhiên da vàng giòn) | Gà ri nướng than hoa: 260,000đ/con (Gà ri tẩm ướp gia vị Tây Bắc nướng than hoa thơm lừng) | Ốc nhồi thịt hấp lá gừng: 120,000đ/đĩa (Ốc đồng nhồi thịt xay thơm mùi lá gừng tươi chấm nước mắm gừng) | Đậu phụ chiên hành mỡ: 35,000đ/đĩa (Đậu hũ non chiên giòn tẩm mỡ hành béo ngậy) | Trâu gác bếp Tây Bắc Sơn La: 150,000đ/đĩa (Thịt trâu gác bếp xé nhỏ vắt chanh chấm chẳm chéo) | Khoai môn lệ phố nhân đậu xanh dừa: 45,000đ/đĩa (Nhân đậu xanh dừa ngọt ngậy ngọt ngào)"
ChIJMRFZHQ1bNDERcI1udLye3Y8,Nhà Hàng Gà Ri Phú Bình 1,20.9810721,105.5267481,3.8,992,QL21A,Hà Nội,"Yên Xuân, Hà Nội",VN,http://phubinhhoalac.com.vn/,+84 24 6654 6091,Nhà hàng thịt gà,https://www.google.com/maps/search/?api=1&query=Nh%C3%A0%20H%C3%A0ng%20G%C3%A0%20Ri%20Ph%C3%BA%20B%C3%ACnh%201&query_place_id=ChIJMRFZHQ1bNDERcI1udLye3Y8,Có,"Gà ri đắp đất nướng cái bang: 280,000đ/con (Gà ri bọc lá sen đắp đất sét nướng giữ nguyên độ ngọt thơm tự nhiên) | Gà ri bó xôi chiên giòn: 290,000đ/con (Gà ri hấp chín bọc ngoài bằng lớp xôi nếp chiên phồng giòn tan) | Gà ri hấp lá chanh da giòn: 240,000đ/con (Gà ta thả đồi dai ngọt da vàng óng ả) | Gà ri chiên mắm xóc tỏi ớt: 140,000đ/đĩa (Thịt gà ri chiên giòn xóc muối ớt cay tê đậm đà) | Lẩu gà ri hầm sả gừng tươi: 380,000đ/nồi (Nước lẩu ngọt lịm thơm nồng vị sả gừng tươi hầm gà ri đồi) | Xôi trắng mỡ hành phi: 25,000đ/đĩa (Xôi nếp nương đồ dẻo thơm rưới mỡ hành)"
ChIJ199ww-tbNDERrDQxEa4TSaY,Nhà Hàng 379 Minh Nga 1,21.0207583,105.52018,3.8,558,QL21,Hà Nội,"Hòa Lạc, Hà Nội",VN,,+84 984 421 379,Nhà hàng Việt Nam,https://www.google.com/maps/search/?api=1&query=Nh%C3%A0%20H%C3%A0ng%20379%20Minh%20Nga%201&query_place_id=ChIJ199ww-tbNDERrDQxEa4TSaY,Có,"Lẩu riêu cua sườn sụn đặc sản 379: 399,000đ/nồi (Lẩu riêu cua đồng nguyên chất siêu nhiều gạch đậm vị) | Gà ri hấp hành gừng bản quán: 240,000đ/con (Gà ri thả đồi ngọt dai đậm vị hành gừng tươi) | Trâu tươi xào măng trúc Yên Tử: 140,000đ/đĩa (Thịt trâu tươi mềm ngọt xào măng trúc giòn sần sật) | Dê tái chanh tương gừng Cát Bà: 160,000đ/đĩa (Thịt dê hấp thái mỏng cuộn lá mơ chấm tương gừng đặc sản) | Cá lăng om chuối đậu đất: 220,000đ/nồi đất (Cá lăng tươi om cùng chuối xanh, đậu phụ nướng thơm mùi nghệ, mắm tôm)"
ChIJEWVJeuRbNDERZ67UxCpedgI,Phở Nam Nhất,21.0323448,105.5155642,3.8,480,QL21,Hà Nội,"Hòa Lạc, Hà Nội",VN,http://phonamnhat.com/,+84 385 748 668,Nhà hàng phở,https://www.google.com/maps/search/?api=1&query=Ph%E1%BB%9F%20Nam%20Nh%E1%BA%A5t&query_place_id=ChIJEWVJeuRbNDERZ67UxCpedgI,Có,"Phở chín bò ta: 30,000đ/bát (Nước dùng phở bò ninh xương ống ngọt lịm kèm thịt chín thái mỏng) | Phở tái chần: 37,000đ/bát (Phở bò với thịt bò tươi chần tái mềm ngọt) | Phở nạm gầu giòn: 38,000đ/bát (Bánh phở mềm cùng nạm bò và gầu bò giòn sần sật) | Phở tái lăn đặc biệt: 45,000đ/bát (Phở bò xào tái lăn thơm mùi tỏi phi) | Trứng gà trần: 13,000đ/quả (Trứng trần nước phở béo ngậy) | Quẩy giòn: 2,000đ/chiếc (Quẩy giòn ăn kèm nước phở)"
ChIJ3RJcKxlbNDER-nVm-LJCmfc,Nhà Hàng Hò Zô Ta,20.9895645,105.5111494,4.0,426,,Hà Nội,"Yên Xuân, Hà Nội",VN,https://hozota.cukcuk.vn/order-online/,+84 904 662 000,Nhà hàng,https://www.google.com/maps/search/?api=1&query=Nh%C3%A0%20H%C3%A0ng%20H%C3%B2%20Z%C3%B4%20Ta&query_place_id=ChIJ3RJcKxlbNDER-nVm-LJCmfc,Có,"Thịt dê ré nướng sả ớt: 220,000đ/đĩa (Dê núi ré thái mỏng nướng riềng sả) | Dê tái chanh thơm mát: 180,000đ/đĩa (Thịt dê hấp tái trộn thính, vừng, nước cốt chanh thơm mát) | Lẩu dê nhúng mẻ: 399,000đ/nồi (Nước lẩu mẻ chua dịu nhúng thịt dê núi tươi ngon) | Tiết canh dê núi: 15,000đ/bát (Tiết canh dê núi sạch sành sanh chuẩn vị) | Gà đồi hấp lá chanh: 230,000đ/con (Gà đồi Yên Bình hấp lá chanh ngọt dai thơm thịt) | Lẩu gà đồi nấm tươi: 350,000đ/nồi (Lẩu gà đồi kèm rau nấm tươi mát) | Cá lăng nướng riềng mẻ: 180,000đ/đĩa (Cá lăng nướng thơm lừng đậm đà) | Cháo chim câu hạt sen: 130,000đ/tô (Cháo chim câu bồi bổ sức khỏe cùng hạt sen bùi béo) | Cơm lam nướng ống tre: 15,000đ/ống (Cơm nếp nướng thơm mùi tre nứa chấm muối vừng) | Khoai tây chiên bơ tỏi: 30,000đ/đĩa (Khai vị khoai tây chiên bơ tỏi)"
ChIJDbOOXJdbNDERKd7x2P_YDZc,Nhà Hàng Gà Ri Phú Bình 2,21.0042827,105.5193727,3.7,410,,Hà Nội,"Hòa Lạc, Hà Nội",VN,http://phubinhhoalac.com.vn/,+84 981 242 299,Nhà hàng thịt gà,https://www.google.com/maps/search/?api=1&query=Nh%C3%A0%20H%C3%A0ng%20G%C3%A0%20Ri%20Ph%C3%BA%20B%C3%ACnh%202&query_place_id=ChIJDbOOXJdbNDERKd7x2P_YDZc,Có,"Gà ri luộc nước cốt dừa: 250,000đ/con (Gà ri hấp nước cốt dừa thơm béo da giòn sần sật) | Gà ri chiên nước mắm tỏi phi: 140,000đ/đĩa (Gà ri chiên vàng giòn đảo sốt nước mắm ngon tỏi phi thơm nồng) | Lẩu gà ri chua cay kiểu Thái: 380,000đ/nồi (Nồi lẩu gà nước dùng tomyum chua cay kích thích vị giác) | Lòng mề gà xào mướp giá hành hoa: 80,000đ/đĩa (Lòng mề gà ri giòn ngon xào mướp hương thơm phức) | Canh gà lá giang miền Trung: 120,000đ/tô (Canh gà lá giang chua dịu giải nhiệt mùa hè)"
ChIJwQL7kHNFNDEREPyKgxZBp6w,Vua Gà Quang Thọ,21.0072236,105.5179665,4.0,286,QL21,Hà Nội,"Hòa Lạc, Hà Nội",VN,https://www.viet-biz.com/vua-g%C3%A0-quang-th%E1%BB%8D-097-244-79-62,+84 972 447 962,Nhà hàng thịt gà,https://www.google.com/maps/search/?api=1&query=Vua%20G%C3%A0%20Quang%20Th%E1%BB%8D&query_place_id=ChIJwQL7kHNFNDEREPyKgxZBp6w,Có,"Gà ri hấp lá chanh (Cả con): 230,000đ/con (Gà ri đồi nuôi thả tự nhiên dai ngọt da vàng giòn) | Gà ri nướng mật ong (Cả con): 270,000đ/con (Gà ri nướng mật ong thơm phức vàng óng) | Gà rang muối tỏi: 120,000đ/đĩa (Gà ta chặt miếng rang muối đậm đà sần sật) | Lẩu gà ri thuốc bắc: 350,000đ/nồi (Nồi lẩu gà ri thuốc bắc bổ dưỡng kèm rau nấm) | Xôi chim câu hành phi: 80,000đ/đĩa (Xôi nếp dẻo thơm ăn kèm thịt chim câu băm nhỏ) | Lòng mề gà xào mướp giá: 75,000đ/đĩa (Lòng mề gà ri giòn xào mướp hương thơm phức)"
ChIJsZo9-IdcNDERY0zjQpEdhc0,Phở Núi,20.9949801,105.4891995,3.8,286,"XFVQ+XMW, Thôn, Miễu",Hà Nội,"Hòa Lạc, Hà Nội",VN,,+84 378 981 062,Nhà hàng phở,https://www.google.com/maps/search/?api=1&query=Ph%E1%BB%9F%20N%C3%BAi&query_place_id=ChIJsZo9-IdcNDERY0zjQpEdhc0,Có,"Phở chín bò ta: 40,000đ/bát (Nước dùng phở bò ninh xương ống ngọt lịm kèm thịt chín thái mỏng) | Phở tái chần: 33,000đ/bát (Phở bò với thịt bò tươi chần tái mềm ngọt) | Phở nạm gầu giòn: 38,000đ/bát (Bánh phở mềm cùng nạm bò và gầu bò giòn sần sật) | Phở tái lăn đặc biệt: 45,000đ/bát (Phở bò xào tái lăn thơm mùi tỏi phi) | Trứng gà trần: 10,000đ/quả (Trứng trần nước phở béo ngậy) | Quẩy giòn: 2,000đ/chiếc (Quẩy giòn ăn kèm nước phở)"
ChIJqUUTkzpbNDERi8K_NaI6aEo,Nhà Hàng Nguyễn Gia,20.9952912,105.5231476,4.3,247,Số 102 thôn 2,Hà Nội,"Hòa Lạc, Hà Nội",VN,,+84 985 292 186,Nhà hàng,https://www.google.com/maps/search/?api=1&query=Nh%C3%A0%20H%C3%A0ng%20Nguy%E1%BB%85n%20Gia&query_place_id=ChIJqUUTkzpbNDERi8K_NaI6aEo,Có,"Cá kho tộ miền Tây đậm vị: 85,000đ/tộ (Cá trắm đen kho tộ sánh quyện nước hàng dừa) | Thịt ba chỉ rang cháy cạnh: 70,000đ/đĩa (Thịt ba chỉ ba chỉ giòn rưới mỡ hành) | Sườn non xào chua ngọt: 78,000đ/đĩa (Sườn non xào cùng dứa và ớt chuông sốt chua cay) | Rau muống luộc dầm sấu / xào tỏi: 30,000đ/đĩa (Rau muống tươi xanh luộc chấm nước mắm chanh ớt) | Canh riêu cua đồng cà pháo: 47,000đ/bát (Canh cua đồng mát lạnh ăn kèm cà pháo giòn tan) | Cơm trắng gạo tám thơm: 15,000đ/niêu (Niêu cơm gạo tám dẻo thơm)"
ChIJ9TsbIK5bNDER3O46ZCuzk_E,Twitter Beans Coffee Hòa Lạc,21.0007315,105.5374401,4.2,242,"2G2P+7XW, KCNC",Hà Nội,"Hòa Lạc, Hà Nội",VN,http://twitterbeanscoffee.com/,+84 24 3205 6262,Quán cà phê,https://www.google.com/maps/search/?api=1&query=Twitter%20Beans%20Coffee%20H%C3%B2a%20L%E1%BA%A1c&query_place_id=ChIJ9TsbIK5bNDER3O46ZCuzk_E,Có,"Cà phê đen đá pha phin: 22,000đ/ly (Cà phê đen truyền thống đậm đà) | Cà phê sữa đá: 22,000đ/ly (Cà phê sữa pha phin béo ngậy) | Bạc xỉu cốt dừa: 30,000đ/ly (Nhiều sữa béo ngậy vị dừa hòa quyện chút cà phê) | Trà đào cam sả: 35,000đ/ly (Trà đào thơm mát kết hợp lát đào cam tươi sả thơm) | Trà sữa trân châu truyền thống: 37,000đ/ly (Trà sữa đậm trà kèm trân châu đen dai giòn) | Sinh tố bơ sáp: 30,000đ/ly (Sinh tố bơ sáp tươi ngon xay sữa đặc ngậy béo) | Nước ép cam nguyên chất: 30,000đ/ly (Ép cam sành tự nhiên nhiều vitamin C)"
ChIJKaEczJlbNDERVmOGRAXzVEQ,Nhà Hàng Gà Ri Hưng Thịnh,21.0023494,105.5203577,4.0,226,QL21A,Hà Nội,"Hòa Lạc, Hà Nội",VN,,+84 985 130 972,Nhà hàng thịt gà,https://www.google.com/maps/search/?api=1&query=Nh%C3%A0%20H%C3%A0ng%20G%C3%A0%20Ri%20H%C6%B0ng%20Th%E1%BB%8Bnh&query_place_id=ChIJKaEczJlbNDERVmOGRAXzVEQ,Có,"Gà ri hấp lá chanh (Cả con): 210,000đ/con (Gà ri đồi nuôi thả tự nhiên dai ngọt da vàng giòn) | Gà ri nướng mật ong (Cả con): 240,000đ/con (Gà ri nướng mật ong thơm phức vàng óng) | Gà rang muối tỏi: 140,000đ/đĩa (Gà ta chặt miếng rang muối đậm đà sần sật) | Lẩu gà ri thuốc bắc: 340,000đ/nồi (Nồi lẩu gà ri thuốc bắc bổ dưỡng kèm rau nấm) | Xôi chim câu hành phi: 78,000đ/đĩa (Xôi nếp dẻo thơm ăn kèm thịt chim câu băm nhỏ) | Lòng mề gà xào mướp giá: 68,000đ/đĩa (Lòng mề gà ri giòn xào mướp hương thơm phức)"
ChIJpYedXFtbNDER2zyVw2UmvdU,Hương Việt Quán Hoà Lạc,20.9909661,105.518909,4.1,199,276 Cụm 1,Hà Nội,"Hòa Lạc, Hà Nội",VN,https://www.facebook.com/huongvietquanhoalac,+84 944 665 588,Nhà hàng,https://www.google.com/maps/search/?api=1&query=H%C6%B0%C6%A1ng%20Vi%E1%BB%87t%20Qu%C3%A1n%20Ho%C3%A0%20L%E1%BA%A1c&query_place_id=ChIJpYedXFtbNDER2zyVw2UmvdU,Có,"Cá kho tộ miền Tây đậm vị: 83,000đ/tộ (Cá trắm đen kho tộ sánh quyện nước hàng dừa) | Thịt ba chỉ rang cháy cạnh: 77,000đ/đĩa (Thịt ba chỉ ba chỉ giòn rưới mỡ hành) | Sườn non xào chua ngọt: 75,000đ/đĩa (Sườn non xào cùng dứa và ớt chuông sốt chua cay) | Rau muống luộc dầm sấu / xào tỏi: 27,000đ/đĩa (Rau muống tươi xanh luộc chấm nước mắm chanh ớt) | Canh riêu cua đồng cà pháo: 50,000đ/bát (Canh cua đồng mát lạnh ăn kèm cà pháo giòn tan) | Cơm trắng gạo tám thơm: 15,000đ/niêu (Niêu cơm gạo tám dẻo thơm)"
ChIJ7UamdEZbNDERfmhGoEguBZ4,Mixue Tân Xã,21.0226039,105.5501403,3.9,184,"Đầu, ĐT419",Hà Nội,"Hạ Bằng, Hà Nội",VN,https://www.facebook.com/mixuetanxa2022/,+84 931 311 296,Cửa hàng kem,https://www.google.com/maps/search/?api=1&query=Mixue%20T%C3%A2n%20X%C3%A3&query_place_id=ChIJ7UamdEZbNDERfmhGoEguBZ4,Có,"Kem tươi ốc quế sữa dừa / vani Mixue: 10,000đ/chiếc (Kem tươi thơm ngon ngậy béo ốc quế giòn tan) | Trà sữa ba anh em thạch pudding trân châu: 27,000đ/ly (Trà sữa đậm vị kèm full topping dồi dào) | Dương chi cam lộ xoài bưởi trân châu: 37,000đ/ly (Sinh tố xoài, bưởi hồng cùng thạch dừa thạch đào thơm ngon mát lạnh) | Trà đào tứ kỳ xuân hạt đào miếng: 28,000đ/ly (Trà ô long thanh vị kết hợp thạch đào giòn ngọt)"
ChIJY-Qe7gxbNDERYsbo4AU5ZwY,Cafe Hòa Lạc,20.9838198,105.5263565,4.1,175,Số 48 Thôn 2,Hà Nội,"Yên Xuân, Hà Nội",VN,http://minhhongart.com/,+84 904 150 161,Quán cà phê,https://www.google.com/maps/search/?api=1&query=Cafe%20H%C3%B2a%20L%E1%BA%A1c&query_place_id=ChIJY-Qe7gxbNDERYsbo4AU5ZwY,Có,"Cà phê đen đá pha phin: 22,000đ/ly (Cà phê đen truyền thống đậm đà) | Cà phê sữa đá: 28,000đ/ly (Cà phê sữa pha phin béo ngậy) | Bạc xỉu cốt dừa: 27,000đ/ly (Nhiều sữa béo ngậy vị dừa hòa quyện chút cà phê) | Trà đào cam sả: 37,000đ/ly (Trà đào thơm mát kết hợp lát đào cam tươi sả thơm) | Trà sữa trân châu truyền thống: 37,000đ/ly (Trà sữa đậm trà kèm trân châu đen dai giòn) | Sinh tố bơ sáp: 35,000đ/ly (Sinh tố bơ sáp tươi ngon xay sữa đặc ngậy béo) | Nước ép cam nguyên chất: 27,000đ/ly (Ép cam sành tự nhiên nhiều vitamin C)"
ChIJrYN5DQBbNDERsY8cb9cKSJs,Bay Cafe & Restaurant Dê Núi- Cơm Niêu,20.9843603,105.526113,4.8,167,QL21,Hà Nội,"Yên Xuân, Hà Nội",VN,,+84 866 889 199,Quán cà phê,https://www.google.com/maps/search/?api=1&query=Bay%20Cafe%20%26%20Restaurant%20D%C3%AA%20N%C3%BAi-%20C%C6%A1m%20Ni%C3%AAu&query_place_id=ChIJrYN5DQBbNDERsY8cb9cKSJs,Có,"Thịt trâu xào lá lốt: 140,000đ/đĩa (Thịt trâu tươi mềm ngọt xào lá lốt thơm lừng) | Thịt trâu nhúng mẻ chua cay: 170,000đ/đĩa (Thịt trâu nhúng nước dùng mẻ chua thanh nhẹ) | Dê tái chanh chấm tương gừng: 160,000đ/đĩa (Thịt dê núi hấp tái trộn vừng sả lá chanh) | Dê né bản gang: 170,000đ/đĩa (Dê xào nóng hổi trên bản gang kèm đậu bắp) | Lẩu dê núi nhúng mẻ: 419,000đ/nồi (Nồi lẩu dê núi ré thơm ngon kèm rau nhúng đặc sản) | Cơm cháy sốt dê: 70,000đ/đĩa (Cơm cháy giòn tan rưới nước sốt dê đậm vị)"
ChIJfb98R7VbNDERRaXmEAYSbdM,Phở Mạnh Cường,20.996107,105.5230812,4.6,164,"21, Khu Công Nghệ Cao Hòa Lạc, Ngã tư, CT03",Hà Nội,"Hòa Lạc, Hà Nội",VN,http://phomanhcuong.com/,+84 989 500 556,Nhà hàng,https://www.google.com/maps/search/?api=1&query=Ph%E1%BB%9F%20M%E1%BA%A1nh%20C%C6%B0%E1%BB%9Dng&query_place_id=ChIJfb98R7VbNDERRaXmEAYSbdM,Có,"Phở chín bò ta: 37,000đ/bát (Nước dùng phở bò ninh xương ống ngọt lịm kèm thịt chín thái mỏng) | Phở tái chần: 37,000đ/bát (Phở bò với thịt bò tươi chần tái mềm ngọt) | Phở nạm gầu giòn: 38,000đ/bát (Bánh phở mềm cùng nạm bò và gầu bò giòn sần sật) | Phở tái lăn đặc biệt: 47,000đ/bát (Phở bò xào tái lăn thơm mùi tỏi phi) | Trứng gà trần: 7,000đ/quả (Trứng trần nước phở béo ngậy) | Quẩy giòn: 8,000đ/chiếc (Quẩy giòn ăn kèm nước phở)"
ChIJj13NpapbNDER4-6jOFaKPzA,Quán Bà Thủy Cơm Xe Tải,20.9892859,105.5031845,3.9,156,"Qua 200m đối diện đường vào thôn, Trại Mới",Hà Nội,"Yên Xuân, Hà Nội",VN,,+84 982 174 512,Nhà hàng cơm,https://www.google.com/maps/search/?api=1&query=Qu%C3%A1n%20B%C3%A0%20Th%E1%BB%A7y%20C%C6%A1m%20Xe%20T%E1%BA%A3i&query_place_id=ChIJj13NpapbNDER4-6jOFaKPzA,Có,"Cơm rang dưa bò: 47,000đ/đĩa (Cơm rang hạt giòn tơi xào cùng cải dưa chua và thịt bò tươi mềm) | Cơm rang thập cẩm giòn: 33,000đ/đĩa (Cơm rang lạp xưởng ngô ngọt đậu hà lan rưới trứng vàng) | Cơm thố xá xíu nóng hổi: 45,000đ/thố (Cơm nấu niêu thố đất tạo lớp cháy giòn nhẹ, phủ thịt xá xíu đậm sốt) | Suất cơm bình dân tự chọn (3 món mặn + rau): 27,000đ/suất (Cơm suất bình dân đầy đặn sạch sẽ cho sinh viên và người đi làm) | Cơm tấm sườn bì chả Sài Gòn: 38,000đ/đĩa (Cơm tấm ăn kèm sườn nướng mặn ngọt chả trứng bì heo thính và nước mắm chua cay)"
ChIJq8yDd5NbNDERh26BP8ERiOs,ChickSpot 22,21.0126916,105.519082,4.9,154,67 QL21,Hà Nội,"Hòa Lạc, Hà Nội",VN,https://order.chickspot22.com/,+84 362 698 586,Nhà hàng Việt Nam,https://www.google.com/maps/search/?api=1&query=ChickSpot%2022&query_place_id=ChIJq8yDd5NbNDERh26BP8ERiOs,Có,"Cá kho tộ miền Tây đậm vị: 80,000đ/tộ (Cá trắm đen kho tộ sánh quyện nước hàng dừa) | Thịt ba chỉ rang cháy cạnh: 80,000đ/đĩa (Thịt ba chỉ ba chỉ giòn rưới mỡ hành) | Sườn non xào chua ngọt: 82,000đ/đĩa (Sườn non xào cùng dứa và ớt chuông sốt chua cay) | Rau muống luộc dầm sấu / xào tỏi: 33,000đ/đĩa (Rau muống tươi xanh luộc chấm nước mắm chanh ớt) | Canh riêu cua đồng cà pháo: 43,000đ/bát (Canh cua đồng mát lạnh ăn kèm cà pháo giòn tan) | Cơm trắng gạo tám thơm: 12,000đ/niêu (Niêu cơm gạo tám dẻo thơm)"
ChIJgVpkxQdRNDERNOcrIj2xxqw,Hanashi,21.0191263,105.5493468,4.5,148,59 đường vành đai Công Nghệ Cao,Hà Nội,"Hạ Bằng, Hà Nội",VN,,+84 856 574 444,Quán cà phê,https://www.google.com/maps/search/?api=1&query=Hanashi&query_place_id=ChIJgVpkxQdRNDERNOcrIj2xxqw,Có,"Cà phê đen đá pha phin: 19,000đ/ly (Cà phê đen truyền thống đậm đà) | Cà phê sữa đá: 28,000đ/ly (Cà phê sữa pha phin béo ngậy) | Bạc xỉu cốt dừa: 27,000đ/ly (Nhiều sữa béo ngậy vị dừa hòa quyện chút cà phê) | Trà đào cam sả: 37,000đ/ly (Trà đào thơm mát kết hợp lát đào cam tươi sả thơm) | Trà sữa trân châu truyền thống: 30,000đ/ly (Trà sữa đậm trà kèm trân châu đen dai giòn) | Sinh tố bơ sáp: 35,000đ/ly (Sinh tố bơ sáp tươi ngon xay sữa đặc ngậy béo) | Nước ép cam nguyên chất: 30,000đ/ly (Ép cam sành tự nhiên nhiều vitamin C)"
ChIJleqIeHdbNDERt0kgA7Rr4-4,Cafe Xưa,20.9739955,105.509242,4.2,147,Đồng Chằm,Hà Nội,"Quốc Oai, Hà Nội",VN,,+84 912 308 968,Quán cà phê,https://www.google.com/maps/search/?api=1&query=Cafe%20X%C6%B0a&query_place_id=ChIJleqIeHdbNDERt0kgA7Rr4-4,Có,"Cà phê đen đá pha phin: 19,000đ/ly (Cà phê đen truyền thống đậm đà) | Cà phê sữa đá: 22,000đ/ly (Cà phê sữa pha phin béo ngậy) | Bạc xỉu cốt dừa: 33,000đ/ly (Nhiều sữa béo ngậy vị dừa hòa quyện chút cà phê) | Trà đào cam sả: 35,000đ/ly (Trà đào thơm mát kết hợp lát đào cam tươi sả thơm) | Trà sữa trân châu truyền thống: 30,000đ/ly (Trà sữa đậm trà kèm trân châu đen dai giòn) | Sinh tố bơ sáp: 40,000đ/ly (Sinh tố bơ sáp tươi ngon xay sữa đặc ngậy béo) | Nước ép cam nguyên chất: 30,000đ/ly (Ép cam sành tự nhiên nhiều vitamin C)"
ChIJqQf_CgpbNDERFhQFQiFQxro,Karaoke Hoa Hồng Massage,20.991018,105.5213884,4.0,140,Số 234 Cụm 1,Hà Nội,"Hòa Lạc, Hà Nội",VN,,+84 964 933 999,Quán bar karaoke,https://www.google.com/maps/search/?api=1&query=Karaoke%20Hoa%20H%E1%BB%93ng%20Massage&query_place_id=ChIJqQf_CgpbNDERFhQFQiFQxro,Có,"Đĩa hoa quả thập cẩm lớn (Dưa hấu, ổi, xoài, nho): 140,000đ/đĩa (Hoa quả tươi ngon cắt lát đẹp mắt) | Khô mực nướng cồn: 160,000đ/con (Mực khô Vân Đồn nướng cồn xé tay) | Thịt bò khô xé sợi vắt chanh: 80,000đ/đĩa (Bò khô sợi cay cay ngọt ngọt) | Khoai tây chiên lắc phô mai: 45,000đ/đĩa (Khoai tây chiên giòn tan phủ bột phô mai) | Hạt hướng dương sạch: 20,000đ/đĩa (Hạt hướng dương rang thơm) | Bia Heineken lon: 28,000đ/lon (Bia ngoại ướp lạnh sẵn) | Bia Hà Nội lon: 18,000đ/lon (Bia nội truyền thống) | Nước ngọt Coca-Cola / Sting: 18,000đ/lon (Nước ngọt các loại phục vụ lạnh)"
ChIJQSH98H5dNDERImRr5FyLhXo,Quán Trâu Tám Hương,20.9720576,105.4966373,4.3,138,XFCW+RMC,Hà Nội,"Yên Xuân, Hà Nội",VN,,+84 973 446 288,Nhà hàng,https://www.google.com/maps/search/?api=1&query=Qu%C3%A1n%20Tr%C3%A2u%20T%C3%A1m%20H%C6%B0%C6%A1ng&query_place_id=ChIJQSH98H5dNDERImRr5FyLhXo,Có,"Thịt trâu xào lá lốt: 120,000đ/đĩa (Thịt trâu tươi mềm ngọt xào lá lốt thơm lừng) | Thịt trâu nhúng mẻ chua cay: 170,000đ/đĩa (Thịt trâu nhúng nước dùng mẻ chua thanh nhẹ) | Dê tái chanh chấm tương gừng: 160,000đ/đĩa (Thịt dê núi hấp tái trộn vừng sả lá chanh) | Dê né bản gang: 150,000đ/đĩa (Dê xào nóng hổi trên bản gang kèm đậu bắp) | Lẩu dê núi nhúng mẻ: 389,000đ/nồi (Nồi lẩu dê núi ré thơm ngon kèm rau nhúng đặc sản) | Cơm cháy sốt dê: 72,000đ/đĩa (Cơm cháy giòn tan rưới nước sốt dê đậm vị)"
ChIJ1_fw2f1dNDERZbnL2Tv-g-U,Nhà Hàng Mít,21.001928,105.4789159,4.1,133,2F3H+3R3,Hà Nội,"Yên Xuân, Hà Nội",VN,,+84 966 824 761,Nhà hàng,https://www.google.com/maps/search/?api=1&query=Nh%C3%A0%20H%C3%A0ng%20M%C3%ADt&query_place_id=ChIJ1_fw2f1dNDERZbnL2Tv-g-U,Có,"Cá kho tộ miền Tây đậm vị: 85,000đ/tộ (Cá trắm đen kho tộ sánh quyện nước hàng dừa) | Thịt ba chỉ rang cháy cạnh: 70,000đ/đĩa (Thịt ba chỉ ba chỉ giòn rưới mỡ hành) | Sườn non xào chua ngọt: 78,000đ/đĩa (Sườn non xào cùng dứa và ớt chuông sốt chua cay) | Rau muống luộc dầm sấu / xào tỏi: 33,000đ/đĩa (Rau muống tươi xanh luộc chấm nước mắm chanh ớt) | Canh riêu cua đồng cà pháo: 47,000đ/bát (Canh cua đồng mát lạnh ăn kèm cà pháo giòn tan) | Cơm trắng gạo tám thơm: 15,000đ/niêu (Niêu cơm gạo tám dẻo thơm)"
ChIJnXn0ddZbNDERzUuRUdXk5Xc,Tê Tê Chicken,21.0098102,105.5186572,4.0,131,,Hà Nội,"Hòa Lạc, Hà Nội",VN,https://www.facebook.com/profile.php?id=61557834340814,+84 838 633 399,Quán gà rán mang đi,https://www.google.com/maps/search/?api=1&query=T%C3%AA%20T%C3%AA%20Chicken&query_place_id=ChIJnXn0ddZbNDERzUuRUdXk5Xc,Có,"Gà ri hấp lá chanh (Cả con): 210,000đ/con (Gà ri đồi nuôi thả tự nhiên dai ngọt da vàng giòn) | Gà ri nướng mật ong (Cả con): 250,000đ/con (Gà ri nướng mật ong thơm phức vàng óng) | Gà rang muối tỏi: 110,000đ/đĩa (Gà ta chặt miếng rang muối đậm đà sần sật) | Lẩu gà ri thuốc bắc: 360,000đ/nồi (Nồi lẩu gà ri thuốc bắc bổ dưỡng kèm rau nấm) | Xôi chim câu hành phi: 75,000đ/đĩa (Xôi nếp dẻo thơm ăn kèm thịt chim câu băm nhỏ) | Lòng mề gà xào mướp giá: 70,000đ/đĩa (Lòng mề gà ri giòn xào mướp hương thơm phức)"
ChIJg_OFbQBbNDERnimNYFnBxKk,Yihetang Hoà Lạc,21.0218995,105.5504031,4.7,130,"229 Mục Uyên, 1 Hạ Bằng",Hà Nội,"Hạ Bằng, Hà Nội",VN,https://www.facebook.com/share/17FMk61SjV/?mibextid=wwXIfr,+84 989 082 788,Trà trân châu,https://www.google.com/maps/search/?api=1&query=Yihetang%20Ho%C3%A0%20L%E1%BA%A1c&query_place_id=ChIJg_OFbQBbNDERnimNYFnBxKk,Có,"Cà phê đen đá pha phin: 19,000đ/ly (Cà phê đen truyền thống đậm đà) | Cà phê sữa đá: 22,000đ/ly (Cà phê sữa pha phin béo ngậy) | Bạc xỉu cốt dừa: 33,000đ/ly (Nhiều sữa béo ngậy vị dừa hòa quyện chút cà phê) | Trà đào cam sả: 40,000đ/ly (Trà đào thơm mát kết hợp lát đào cam tươi sả thơm) | Trà sữa trân châu truyền thống: 33,000đ/ly (Trà sữa đậm trà kèm trân châu đen dai giòn) | Sinh tố bơ sáp: 35,000đ/ly (Sinh tố bơ sáp tươi ngon xay sữa đặc ngậy béo) | Nước ép cam nguyên chất: 30,000đ/ly (Ép cam sành tự nhiên nhiều vitamin C)"
ChIJKZYG_kBbNDERapsG7905qKg,1988 BBQ,21.0173838,105.5196691,4.0,127,Số 342,Hà Nội,"Hòa Lạc, Hà Nội",VN,,+84 329 656 565,Nhà hàng,https://www.google.com/maps/search/?api=1&query=1988%20BBQ&query_place_id=ChIJKZYG_kBbNDERapsG7905qKg,Có,"Lẩu cua đồng sườn sụn bắp bò: 350,000đ/nồi (Nồi lẩu riêu cua đồng nguyên chất siêu nhiều gạch, kèm bắp bò sườn sụn) | Lẩu Thái hải sản chua cay: 379,000đ/nồi (Nước lẩu Tomyum chua cay nhúng tôm, mực, ngao, nấm) | Set nướng BBQ thập cẩm bò ba chỉ: 289,000đ/set (Bắp bò, ba chỉ heo cuộn nấm kim châm tẩm sốt BBQ nướng xèo xèo) | Ba chỉ bò Mỹ nhúng thêm: 80,000đ/đĩa (Thịt ba chỉ bò Mỹ thái mỏng cuốn nấm) | Sườn sụn non heo thêm: 77,000đ/đĩa (Sườn non giòn sần sật nhúng lẩu) | Rau nấm tổng hợp nhúng lẩu: 27,000đ/đĩa (Nấm kim châm, cải thảo, rau muống tươi)"
ChIJ-UsoJwBbNDERk-mzYh2_GEE,CƠM SẠCH 17,21.0040296,105.5196142,4.9,126,2G39+HVC,Hà Nội,"Hòa Lạc, Hà Nội",VN,,+84 822 783 123,Nhà hàng,https://www.google.com/maps/search/?api=1&query=C%C6%A0M%20S%E1%BA%A0CH%2017&query_place_id=ChIJ-UsoJwBbNDERk-mzYh2_GEE,Có,"Cơm rang dưa bò: 45,000đ/đĩa (Cơm rang hạt giòn tơi xào cùng cải dưa chua và thịt bò tươi mềm) | Cơm rang thập cẩm giòn: 35,000đ/đĩa (Cơm rang lạp xưởng ngô ngọt đậu hà lan rưới trứng vàng) | Cơm thố xá xíu nóng hổi: 45,000đ/thố (Cơm nấu niêu thố đất tạo lớp cháy giòn nhẹ, phủ thịt xá xíu đậm sốt) | Suất cơm bình dân tự chọn (3 món mặn + rau): 30,000đ/suất (Cơm suất bình dân đầy đặn sạch sẽ cho sinh viên và người đi làm) | Cơm tấm sườn bì chả Sài Gòn: 40,000đ/đĩa (Cơm tấm ăn kèm sườn nướng mặn ngọt chả trứng bì heo thính và nước mắm chua cay)"
ChIJI8k5qGJcNDER1C-7pW0-bgA,Nhà Hàng Mường Nhé,20.995111,105.4882077,3.5,120,,Hà Nội,"Yên Xuân, Hà Nội",VN,,+84 904 877 977,Nhà hàng,https://www.google.com/maps/search/?api=1&query=Nh%C3%A0%20H%C3%A0ng%20M%C6%B0%E1%BB%9Dng%20Nh%C3%A9&query_place_id=ChIJI8k5qGJcNDER1C-7pW0-bgA,Có,"Thịt trâu xào lá lốt: 140,000đ/đĩa (Thịt trâu tươi mềm ngọt xào lá lốt thơm lừng) | Thịt trâu nhúng mẻ chua cay: 130,000đ/đĩa (Thịt trâu nhúng nước dùng mẻ chua thanh nhẹ) | Dê tái chanh chấm tương gừng: 140,000đ/đĩa (Thịt dê núi hấp tái trộn vừng sả lá chanh) | Dê né bản gang: 170,000đ/đĩa (Dê xào nóng hổi trên bản gang kèm đậu bắp) | Lẩu dê núi nhúng mẻ: 419,000đ/nồi (Nồi lẩu dê núi ré thơm ngon kèm rau nhúng đặc sản) | Cơm cháy sốt dê: 75,000đ/đĩa (Cơm cháy giòn tan rưới nước sốt dê đậm vị)"
ChIJ51wf8adbNDERPUTpGxvPvt4,Nhà Hàng Gà Thành Trung,20.9979039,105.5225144,4.1,119,Số 10 Cụm 1,Hà Nội,"Thạch Thất, Hà Nội",VN,https://garithanhtrung.com/,+84 974 255 619,Nhà hàng thịt gà,https://www.google.com/maps/search/?api=1&query=Nh%C3%A0%20H%C3%A0ng%20G%C3%A0%20Th%C3%A0nh%20Trung&query_place_id=ChIJ51wf8adbNDERPUTpGxvPvt4,Có,"Gà ri hấp lá chanh (Cả con): 210,000đ/con (Gà ri đồi nuôi thả tự nhiên dai ngọt da vàng giòn) | Gà ri nướng mật ong (Cả con): 230,000đ/con (Gà ri nướng mật ong thơm phức vàng óng) | Gà rang muối tỏi: 110,000đ/đĩa (Gà ta chặt miếng rang muối đậm đà sần sật) | Lẩu gà ri thuốc bắc: 360,000đ/nồi (Nồi lẩu gà ri thuốc bắc bổ dưỡng kèm rau nấm) | Xôi chim câu hành phi: 75,000đ/đĩa (Xôi nếp dẻo thơm ăn kèm thịt chim câu băm nhỏ) | Lòng mề gà xào mướp giá: 75,000đ/đĩa (Lòng mề gà ri giòn xào mướp hương thơm phức)"
ChIJ2eMGmA9aNDERWMo-kIk9FxI,Tuấn Hường Restaurant Lẩu Cua Đồng,21.0193315,105.5849081,4.0,117,2H9M+PXM,Hà Nội,"Hạ Bằng, Hà Nội",VN,,+84 962 868 988,Nhà hàng món lẩu,https://www.google.com/maps/search/?api=1&query=Tu%E1%BA%A5n%20H%C6%B0%E1%BB%9Dng%20Restaurant%20L%E1%BA%A9u%20Cua%20%C4%90%E1%BB%93ng&query_place_id=ChIJ2eMGmA9aNDERWMo-kIk9FxI,Có,"Lẩu cua đồng sườn sụn bắp bò: 330,000đ/nồi (Nồi lẩu riêu cua đồng nguyên chất siêu nhiều gạch, kèm bắp bò sườn sụn) | Lẩu Thái hải sản chua cay: 419,000đ/nồi (Nước lẩu Tomyum chua cay nhúng tôm, mực, ngao, nấm) | Set nướng BBQ thập cẩm bò ba chỉ: 279,000đ/set (Bắp bò, ba chỉ heo cuộn nấm kim châm tẩm sốt BBQ nướng xèo xèo) | Ba chỉ bò Mỹ nhúng thêm: 85,000đ/đĩa (Thịt ba chỉ bò Mỹ thái mỏng cuốn nấm) | Sườn sụn non heo thêm: 73,000đ/đĩa (Sườn non giòn sần sật nhúng lẩu) | Rau nấm tổng hợp nhúng lẩu: 33,000đ/đĩa (Nấm kim châm, cải thảo, rau muống tươi)"
ChIJv3IixJJbNDERZvijf46LUfs,Lẩu Cua Đồng Hoà Lạc 36,20.979115,105.5289229,4.1,116,"XGHH+JHV, QL21A",Hà Nội,"Hòa Lạc, Hà Nội",VN,,+84 966 698 936,Nhà hàng món lẩu,https://www.google.com/maps/search/?api=1&query=L%E1%BA%A9u%20Cua%20%C4%90%E1%BB%93ng%20Ho%C3%A0%20L%E1%BA%A1c%2036&query_place_id=ChIJv3IixJJbNDERZvijf46LUfs,Có,"Lẩu cua đồng sườn sụn bắp bò: 340,000đ/nồi (Nồi lẩu riêu cua đồng nguyên chất siêu nhiều gạch, kèm bắp bò sườn sụn) | Lẩu Thái hải sản chua cay: 389,000đ/nồi (Nước lẩu Tomyum chua cay nhúng tôm, mực, ngao, nấm) | Set nướng BBQ thập cẩm bò ba chỉ: 279,000đ/set (Bắp bò, ba chỉ heo cuộn nấm kim châm tẩm sốt BBQ nướng xèo xèo) | Ba chỉ bò Mỹ nhúng thêm: 75,000đ/đĩa (Thịt ba chỉ bò Mỹ thái mỏng cuốn nấm) | Sườn sụn non heo thêm: 80,000đ/đĩa (Sườn non giòn sần sật nhúng lẩu) | Rau nấm tổng hợp nhúng lẩu: 30,000đ/đĩa (Nấm kim châm, cải thảo, rau muống tươi)"
ChIJ6f6N3XhbNDERQgnadWt3m7k,Get&Go Cafe,21.0018632,105.5211946,4.7,115,QL21B,Hà Nội,"Hòa Lạc, Hà Nội",VN,http://getngo.vn/,+84 981 469 889,Quán cà phê,https://www.google.com/maps/search/?api=1&query=Get%26Go%20Cafe&query_place_id=ChIJ6f6N3XhbNDERQgnadWt3m7k,Có,"Cà phê đen đá pha phin: 22,000đ/ly (Cà phê đen truyền thống đậm đà) | Cà phê sữa đá: 28,000đ/ly (Cà phê sữa pha phin béo ngậy) | Bạc xỉu cốt dừa: 30,000đ/ly (Nhiều sữa béo ngậy vị dừa hòa quyện chút cà phê) | Trà đào cam sả: 35,000đ/ly (Trà đào thơm mát kết hợp lát đào cam tươi sả thơm) | Trà sữa trân châu truyền thống: 37,000đ/ly (Trà sữa đậm trà kèm trân châu đen dai giòn) | Sinh tố bơ sáp: 30,000đ/ly (Sinh tố bơ sáp tươi ngon xay sữa đặc ngậy béo) | Nước ép cam nguyên chất: 33,000đ/ly (Ép cam sành tự nhiên nhiều vitamin C)"
ChIJW4E-xCdbNDER9ybwhxqF1Cg,The Coffee 68,21.0228396,105.5202922,4.1,115,Số 176 QL21,Hà Nội,"Hòa Lạc, Hà Nội",VN,,+84 988 434 471,Quán cà phê,https://www.google.com/maps/search/?api=1&query=The%20Coffee%2068&query_place_id=ChIJW4E-xCdbNDER9ybwhxqF1Cg,Có,"Cà phê đen đá pha phin: 25,000đ/ly (Cà phê đen truyền thống đậm đà) | Cà phê sữa đá: 22,000đ/ly (Cà phê sữa pha phin béo ngậy) | Bạc xỉu cốt dừa: 27,000đ/ly (Nhiều sữa béo ngậy vị dừa hòa quyện chút cà phê) | Trà đào cam sả: 35,000đ/ly (Trà đào thơm mát kết hợp lát đào cam tươi sả thơm) | Trà sữa trân châu truyền thống: 35,000đ/ly (Trà sữa đậm trà kèm trân châu đen dai giòn) | Sinh tố bơ sáp: 30,000đ/ly (Sinh tố bơ sáp tươi ngon xay sữa đặc ngậy béo) | Nước ép cam nguyên chất: 27,000đ/ly (Ép cam sành tự nhiên nhiều vitamin C)"
ChIJSRUyoPBbNDERZ0cyVVHmDsE,Bún Bò Huế Ngô Thúy,21.0155064,105.5192278,4.4,113,4 Đ. Hòa Lạc,Hà Nội,"Hạ Bằng, Hà Nội",VN,,+84 978 339 559,Quán mì,https://www.google.com/maps/search/?api=1&query=B%C3%BAn%20B%C3%B2%20Hu%E1%BA%BF%20Ng%C3%B4%20Th%C3%BAy&query_place_id=ChIJSRUyoPBbNDERZ0cyVVHmDsE,Có,"Bún bò Huế đầy đủ (Thịt bò, chả cua, tiết, mọc): 45,000đ/bát (Bún bò Huế chuẩn vị nước dùng thơm mùi sả, ruốc heo) | Bún bò Huế đặc biệt (Thêm giò heo): 50,000đ/bát (Bún bò Huế tô lớn thêm chân giò heo béo ngậy) | Bún bò Huế tái chín: 33,000đ/bát (Bún bò với thịt bò tái chần và nạm bò chín) | Quẩy nóng: 5,000đ/chiếc (Quẩy giòn ăn kèm bún bò) | Giò tai heo thêm: 7,000đ/chiếc (Giò tai giòn sần sật gọi thêm) | Trà đá: 2,000đ/cốc (Trà đá mát lạnh giải nhiệt)"
ChIJp_3CFfpbNDERyvG1es3SL5Q,Bún Bò Huế Thái Anh 688,21.005818,105.518907,4.3,111,2G49+8HF,Hà Nội,"Hòa Lạc, Hà Nội",VN,,+84 346 636 000,Quán mì,https://www.google.com/maps/search/?api=1&query=B%C3%BAn%20B%C3%B2%20Hu%E1%BA%BF%20Th%C3%A1i%20Anh%20688&query_place_id=ChIJp_3CFfpbNDERyvG1es3SL5Q,Có,"Bún bò Huế đầy đủ (Thịt bò, chả cua, tiết, mọc): 40,000đ/bát (Bún bò Huế chuẩn vị nước dùng thơm mùi sả, ruốc heo) | Bún bò Huế đặc biệt (Thêm giò heo): 50,000đ/bát (Bún bò Huế tô lớn thêm chân giò heo béo ngậy) | Bún bò Huế tái chín: 30,000đ/bát (Bún bò với thịt bò tái chần và nạm bò chín) | Quẩy nóng: 8,000đ/chiếc (Quẩy giòn ăn kèm bún bò) | Giò tai heo thêm: 13,000đ/chiếc (Giò tai giòn sần sật gọi thêm) | Trà đá: 5,000đ/cốc (Trà đá mát lạnh giải nhiệt)"
ChIJqWASayRRNDERbwzYXdfrsfE,Nếp - Trà Và Cà Phê Pha Máy,21.0194245,105.5494236,4.8,111,53 Đường Vành Đai Công Nghệ,Hà Nội,"Hạ Bằng, Hà Nội",VN,http://nepvanhoa.vn/,+84 822 446 936,Quán cà phê,https://www.google.com/maps/search/?api=1&query=N%E1%BA%BFp%20-%20Tr%C3%A0%20V%C3%A0%20C%C3%A0%20Ph%C3%AA%20Pha%20M%C3%A1y&query_place_id=ChIJqWASayRRNDERbwzYXdfrsfE,Có,"Cà phê đen đá pha phin: 22,000đ/ly (Cà phê đen truyền thống đậm đà) | Cà phê sữa đá: 22,000đ/ly (Cà phê sữa pha phin béo ngậy) | Bạc xỉu cốt dừa: 30,000đ/ly (Nhiều sữa béo ngậy vị dừa hòa quyện chút cà phê) | Trà đào cam sả: 37,000đ/ly (Trà đào thơm mát kết hợp lát đào cam tươi sả thơm) | Trà sữa trân châu truyền thống: 37,000đ/ly (Trà sữa đậm trà kèm trân châu đen dai giòn) | Sinh tố bơ sáp: 37,000đ/ly (Sinh tố bơ sáp tươi ngon xay sữa đặc ngậy béo) | Nước ép cam nguyên chất: 27,000đ/ly (Ép cam sành tự nhiên nhiều vitamin C)"
ChIJaQCONZFbNDERzLchgfrwEHQ,Hoà Lạc Viên,21.0088688,105.5175422,4.0,109,"2G59+G2V, Quốc lộ 21",Hà Nội,"Hòa Lạc, Hà Nội",VN,,+84 24 3368 7396,Nhà hàng,https://www.google.com/maps/search/?api=1&query=Ho%C3%A0%20L%E1%BA%A1c%20Vi%C3%AAn&query_place_id=ChIJaQCONZFbNDERzLchgfrwEHQ,Có,"Cá kho tộ miền Tây đậm vị: 83,000đ/tộ (Cá trắm đen kho tộ sánh quyện nước hàng dừa) | Thịt ba chỉ rang cháy cạnh: 77,000đ/đĩa (Thịt ba chỉ ba chỉ giòn rưới mỡ hành) | Sườn non xào chua ngọt: 82,000đ/đĩa (Sườn non xào cùng dứa và ớt chuông sốt chua cay) | Rau muống luộc dầm sấu / xào tỏi: 33,000đ/đĩa (Rau muống tươi xanh luộc chấm nước mắm chanh ớt) | Canh riêu cua đồng cà pháo: 50,000đ/bát (Canh cua đồng mát lạnh ăn kèm cà pháo giòn tan) | Cơm trắng gạo tám thơm: 15,000đ/niêu (Niêu cơm gạo tám dẻo thơm)"
ChIJibp3tPRbNDERwYXYHMhlLrg,Nhà khách Đại học Quốc gia Hà Nội,20.9960068,105.5140911,4.1,107,"XGW7+CJ4, Tuyến Đ. Số 11",Hà Nội,"Hòa Lạc, Hà Nội",VN,,,Nhà khách,https://www.google.com/maps/search/?api=1&query=Nh%C3%A0%20kh%C3%A1ch%20%C4%90%E1%BA%A1i%20h%E1%BB%8Dc%20Qu%E1%BB%91c%20gia%20H%C3%A0%20N%E1%BB%99i&query_place_id=ChIJibp3tPRbNDERwYXYHMhlLrg,Không,Không áp dụng (Địa điểm phi ẩm thực)
ChIJlemwCLpbNDER_akNoTeV1t0,Phở Vũ Gia Truyền,20.9936539,105.5232127,3.5,106,,Hà Nội,"Hòa Lạc, Hà Nội",VN,http://phovugiatruyen.com/,+84 767 215 789,Nhà hàng phở,https://www.google.com/maps/search/?api=1&query=Ph%E1%BB%9F%20V%C5%A9%20Gia%20Truy%E1%BB%81n&query_place_id=ChIJlemwCLpbNDER_akNoTeV1t0,Có,"Phở chín bò ta: 35,000đ/bát (Nước dùng phở bò ninh xương ống ngọt lịm kèm thịt chín thái mỏng) | Phở tái chần: 33,000đ/bát (Phở bò với thịt bò tươi chần tái mềm ngọt) | Phở nạm gầu giòn: 40,000đ/bát (Bánh phở mềm cùng nạm bò và gầu bò giòn sần sật) | Phở tái lăn đặc biệt: 43,000đ/bát (Phở bò xào tái lăn thơm mùi tỏi phi) | Trứng gà trần: 10,000đ/quả (Trứng trần nước phở béo ngậy) | Quẩy giòn: 5,000đ/chiếc (Quẩy giòn ăn kèm nước phở)"
ChIJ45cwWgBbNDERRZWaGajQ1ps,Chốn Xin Chào Cafe,20.9956381,105.522022,5.0,103,664 Đường Thôn 2,Hà Nội,"Hòa Lạc, Hà Nội",VN,https://www.facebook.com/profile.php?id=100084720642611,+84 326 236 346,Quán cà phê,https://www.google.com/maps/search/?api=1&query=Ch%E1%BB%91n%20Xin%20Ch%C3%A0o%20Cafe&query_place_id=ChIJ45cwWgBbNDERRZWaGajQ1ps,Có,"Cà phê đen đá pha phin: 22,000đ/ly (Cà phê đen truyền thống đậm đà) | Cà phê sữa đá: 28,000đ/ly (Cà phê sữa pha phin béo ngậy) | Bạc xỉu cốt dừa: 27,000đ/ly (Nhiều sữa béo ngậy vị dừa hòa quyện chút cà phê) | Trà đào cam sả: 35,000đ/ly (Trà đào thơm mát kết hợp lát đào cam tươi sả thơm) | Trà sữa trân châu truyền thống: 40,000đ/ly (Trà sữa đậm trà kèm trân châu đen dai giòn) | Sinh tố bơ sáp: 33,000đ/ly (Sinh tố bơ sáp tươi ngon xay sữa đặc ngậy béo) | Nước ép cam nguyên chất: 27,000đ/ly (Ép cam sành tự nhiên nhiều vitamin C)"
ChIJbXvJ3_hbNDERkTfN17KHvAs,Nhà Hàng Gà Hà Đạo,21.035585,105.5136338,4.2,99,Đồng Trạng,Hà Nội,"Hòa Lạc, Hà Nội",VN,,+84 329 909 391,Nhà hàng thịt gà,https://www.google.com/maps/search/?api=1&query=Nh%C3%A0%20H%C3%A0ng%20G%C3%A0%20H%C3%A0%20%C4%90%E1%BA%A1o&query_place_id=ChIJbXvJ3_hbNDERkTfN17KHvAs,Có,"Gà ri hấp lá chanh (Cả con): 220,000đ/con (Gà ri đồi nuôi thả tự nhiên dai ngọt da vàng giòn) | Gà ri nướng mật ong (Cả con): 230,000đ/con (Gà ri nướng mật ong thơm phức vàng óng) | Gà rang muối tỏi: 130,000đ/đĩa (Gà ta chặt miếng rang muối đậm đà sần sật) | Lẩu gà ri thuốc bắc: 360,000đ/nồi (Nồi lẩu gà ri thuốc bắc bổ dưỡng kèm rau nấm) | Xôi chim câu hành phi: 82,000đ/đĩa (Xôi nếp dẻo thơm ăn kèm thịt chim câu băm nhỏ) | Lòng mề gà xào mướp giá: 72,000đ/đĩa (Lòng mề gà ri giòn xào mướp hương thơm phức)"
ChIJjeK6NbVbNDERr78CS12xC-g,Cơm Niêu Phú Ông,20.9993563,105.5219907,3.9,99,"Khu Công Nghệ Cao Hòa Lạc, Số 572 - QL21",Hà Nội,"Hòa Lạc, Hà Nội",VN,,+84 983 426 633,Nhà hàng cơm,https://www.google.com/maps/search/?api=1&query=C%C6%A1m%20Ni%C3%AAu%20Ph%C3%BA%20%C3%94ng&query_place_id=ChIJjeK6NbVbNDERr78CS12xC-g,Có,"Cơm rang dưa bò: 45,000đ/đĩa (Cơm rang hạt giòn tơi xào cùng cải dưa chua và thịt bò tươi mềm) | Cơm rang thập cẩm giòn: 30,000đ/đĩa (Cơm rang lạp xưởng ngô ngọt đậu hà lan rưới trứng vàng) | Cơm thố xá xíu nóng hổi: 40,000đ/thố (Cơm nấu niêu thố đất tạo lớp cháy giòn nhẹ, phủ thịt xá xíu đậm sốt) | Suất cơm bình dân tự chọn (3 món mặn + rau): 33,000đ/suất (Cơm suất bình dân đầy đặn sạch sẽ cho sinh viên và người đi làm) | Cơm tấm sườn bì chả Sài Gòn: 38,000đ/đĩa (Cơm tấm ăn kèm sườn nướng mặn ngọt chả trứng bì heo thính và nước mắm chua cay)"
ChIJY4hb3GBaNDEREhBPxrcp4lM,Trúc Linh Quán Cua Đồng,20.9906125,105.5733281,4.2,98,XHRF+68W,Hà Nội,"Hạ Bằng, Hà Nội",VN,,+84 987 755 699,Nhà hàng,https://www.google.com/maps/search/?api=1&query=Tr%C3%BAc%20Linh%20Qu%C3%A1n%20Cua%20%C4%90%E1%BB%93ng&query_place_id=ChIJY4hb3GBaNDEREhBPxrcp4lM,Có,"Cá kho tộ miền Tây đậm vị: 87,000đ/tộ (Cá trắm đen kho tộ sánh quyện nước hàng dừa) | Thịt ba chỉ rang cháy cạnh: 75,000đ/đĩa (Thịt ba chỉ ba chỉ giòn rưới mỡ hành) | Sườn non xào chua ngọt: 75,000đ/đĩa (Sườn non xào cùng dứa và ớt chuông sốt chua cay) | Rau muống luộc dầm sấu / xào tỏi: 30,000đ/đĩa (Rau muống tươi xanh luộc chấm nước mắm chanh ớt) | Canh riêu cua đồng cà pháo: 43,000đ/bát (Canh cua đồng mát lạnh ăn kèm cà pháo giòn tan) | Cơm trắng gạo tám thơm: 15,000đ/niêu (Niêu cơm gạo tám dẻo thơm)"
ChIJKQ8MhhZaNDER6MnpGDF6iKE,Nhà Hàng Tuấn Tú,21.0168659,105.5740611,3.8,95,2H8F+PJV,Hà Nội,"Hạ Bằng, Hà Nội",VN,,+84 966 787 666,Nhà hàng món cá,https://www.google.com/maps/search/?api=1&query=Nh%C3%A0%20H%C3%A0ng%20Tu%E1%BA%A5n%20T%C3%BA&query_place_id=ChIJKQ8MhhZaNDER6MnpGDF6iKE,Có,"Cá kho tộ miền Tây đậm vị: 83,000đ/tộ (Cá trắm đen kho tộ sánh quyện nước hàng dừa) | Thịt ba chỉ rang cháy cạnh: 75,000đ/đĩa (Thịt ba chỉ ba chỉ giòn rưới mỡ hành) | Sườn non xào chua ngọt: 82,000đ/đĩa (Sườn non xào cùng dứa và ớt chuông sốt chua cay) | Rau muống luộc dầm sấu / xào tỏi: 27,000đ/đĩa (Rau muống tươi xanh luộc chấm nước mắm chanh ớt) | Canh riêu cua đồng cà pháo: 50,000đ/bát (Canh cua đồng mát lạnh ăn kèm cà pháo giòn tan) | Cơm trắng gạo tám thơm: 18,000đ/niêu (Niêu cơm gạo tám dẻo thơm)"
ChIJOWdAxlJbNDERP9R6PqI48MU,TheHill BBQ,20.9819092,105.5310192,4.6,93,Lô 25 Khu tái định,Hà Nội,"Phú Cát, Hà Nội",VN,https://www.facebook.com/TheHillBBQ,+84 816 188 588,Nhà hàng món nướng,https://www.google.com/maps/search/?api=1&query=TheHill%20BBQ&query_place_id=ChIJOWdAxlJbNDERP9R6PqI48MU,Có,"Lẩu cua đồng sườn sụn bắp bò: 350,000đ/nồi (Nồi lẩu riêu cua đồng nguyên chất siêu nhiều gạch, kèm bắp bò sườn sụn) | Lẩu Thái hải sản chua cay: 409,000đ/nồi (Nước lẩu Tomyum chua cay nhúng tôm, mực, ngao, nấm) | Set nướng BBQ thập cẩm bò ba chỉ: 289,000đ/set (Bắp bò, ba chỉ heo cuộn nấm kim châm tẩm sốt BBQ nướng xèo xèo) | Ba chỉ bò Mỹ nhúng thêm: 75,000đ/đĩa (Thịt ba chỉ bò Mỹ thái mỏng cuốn nấm) | Sườn sụn non heo thêm: 80,000đ/đĩa (Sườn non giòn sần sật nhúng lẩu) | Rau nấm tổng hợp nhúng lẩu: 30,000đ/đĩa (Nấm kim châm, cải thảo, rau muống tươi)"
ChIJq-olQU9cNDERPoCUlg3Aa3s,Nhà Nghỉ Yên Bình 2,21.0136487,105.4638378,3.4,93,"2F77+FG4, CT03",Hà Nội,"Hòa Lạc, Hà Nội",VN,,,Nhà hàng,https://www.google.com/maps/search/?api=1&query=Nh%C3%A0%20Ngh%E1%BB%89%20Y%C3%AAn%20B%C3%ACnh%202&query_place_id=ChIJq-olQU9cNDERPoCUlg3Aa3s,Có,"Cá kho tộ miền Tây đậm vị: 90,000đ/tộ (Cá trắm đen kho tộ sánh quyện nước hàng dừa) | Thịt ba chỉ rang cháy cạnh: 80,000đ/đĩa (Thịt ba chỉ ba chỉ giòn rưới mỡ hành) | Sườn non xào chua ngọt: 80,000đ/đĩa (Sườn non xào cùng dứa và ớt chuông sốt chua cay) | Rau muống luộc dầm sấu / xào tỏi: 33,000đ/đĩa (Rau muống tươi xanh luộc chấm nước mắm chanh ớt) | Canh riêu cua đồng cà pháo: 50,000đ/bát (Canh cua đồng mát lạnh ăn kèm cà pháo giòn tan) | Cơm trắng gạo tám thơm: 15,000đ/niêu (Niêu cơm gạo tám dẻo thơm)"
ChIJmR4LOGf9NDER11_bqb1OV5E,Nhà Hàng Thanh Bình Lẩu Cua Đồng Gà Ri,21.0508671,105.5029921,4.6,92,7PGQ+45,Hà Nội,"Đoài Phương, Hà Nội",VN,,+84 368 898 456,Nhà hàng món lẩu,https://www.google.com/maps/search/?api=1&query=Nh%C3%A0%20H%C3%A0ng%20Thanh%20B%C3%ACnh%20L%E1%BA%A9u%20Cua%20%C4%90%E1%BB%93ng%20G%C3%A0%20Ri&query_place_id=ChIJmR4LOGf9NDER11_bqb1OV5E,Có,"Gà ri hấp lá chanh (Cả con): 210,000đ/con (Gà ri đồi nuôi thả tự nhiên dai ngọt da vàng giòn) | Gà ri nướng mật ong (Cả con): 270,000đ/con (Gà ri nướng mật ong thơm phức vàng óng) | Gà rang muối tỏi: 140,000đ/đĩa (Gà ta chặt miếng rang muối đậm đà sần sật) | Lẩu gà ri thuốc bắc: 350,000đ/nồi (Nồi lẩu gà ri thuốc bắc bổ dưỡng kèm rau nấm) | Xôi chim câu hành phi: 85,000đ/đĩa (Xôi nếp dẻo thơm ăn kèm thịt chim câu băm nhỏ) | Lòng mề gà xào mướp giá: 68,000đ/đĩa (Lòng mề gà ri giòn xào mướp hương thơm phức)"
ChIJQTXNxOBbNDER_26jAuEmTJc,Phở Hoàn Vộc,20.9942947,105.5233947,4.1,88,"Ngã 3, CT03",Hà Nội,"Hòa Lạc, Hà Nội",VN,,+84 984 297 886,Nhà hàng phở,https://www.google.com/maps/search/?api=1&query=Ph%E1%BB%9F%20Ho%C3%A0n%20V%E1%BB%99c&query_place_id=ChIJQTXNxOBbNDER_26jAuEmTJc,Có,"Phở chín bò ta: 33,000đ/bát (Nước dùng phở bò ninh xương ống ngọt lịm kèm thịt chín thái mỏng) | Phở tái chần: 37,000đ/bát (Phở bò với thịt bò tươi chần tái mềm ngọt) | Phở nạm gầu giòn: 42,000đ/bát (Bánh phở mềm cùng nạm bò và gầu bò giòn sần sật) | Phở tái lăn đặc biệt: 45,000đ/bát (Phở bò xào tái lăn thơm mùi tỏi phi) | Trứng gà trần: 10,000đ/quả (Trứng trần nước phở béo ngậy) | Quẩy giòn: 2,000đ/chiếc (Quẩy giòn ăn kèm nước phở)"
ChIJiTDv0slbNDERshz2T81XdFs,Nhà Chung cafe,21.0191434,105.5524231,4.8,85,Ngã 4 Mục Uyên,Hà Nội,"Hạ Bằng, Hà Nội",VN,,+84 867 789 198,Quán cà phê,https://www.google.com/maps/search/?api=1&query=Nh%C3%A0%20Chung%20cafe&query_place_id=ChIJiTDv0slbNDERshz2T81XdFs,Có,"Cà phê đen đá pha phin: 25,000đ/ly (Cà phê đen truyền thống đậm đà) | Cà phê sữa đá: 28,000đ/ly (Cà phê sữa pha phin béo ngậy) | Bạc xỉu cốt dừa: 27,000đ/ly (Nhiều sữa béo ngậy vị dừa hòa quyện chút cà phê) | Trà đào cam sả: 40,000đ/ly (Trà đào thơm mát kết hợp lát đào cam tươi sả thơm) | Trà sữa trân châu truyền thống: 35,000đ/ly (Trà sữa đậm trà kèm trân châu đen dai giòn) | Sinh tố bơ sáp: 37,000đ/ly (Sinh tố bơ sáp tươi ngon xay sữa đặc ngậy béo) | Nước ép cam nguyên chất: 33,000đ/ly (Ép cam sành tự nhiên nhiều vitamin C)"
ChIJbTzvh1BbNDERsRh8dzH49P0,Bún Bò Huế Ngự Bình,20.9990271,105.5227494,4.4,85,XGXF+J39,Hà Nội,"Hòa Lạc, Hà Nội",VN,,+84 359 763 599,Quán mì,https://www.google.com/maps/search/?api=1&query=B%C3%BAn%20B%C3%B2%20Hu%E1%BA%BF%20Ng%E1%BB%B1%20B%C3%ACnh&query_place_id=ChIJbTzvh1BbNDERsRh8dzH49P0,Có,"Bún bò Huế đầy đủ (Thịt bò, chả cua, tiết, mọc): 38,000đ/bát (Bún bò Huế chuẩn vị nước dùng thơm mùi sả, ruốc heo) | Bún bò Huế đặc biệt (Thêm giò heo): 45,000đ/bát (Bún bò Huế tô lớn thêm chân giò heo béo ngậy) | Bún bò Huế tái chín: 35,000đ/bát (Bún bò với thịt bò tái chần và nạm bò chín) | Quẩy nóng: 2,000đ/chiếc (Quẩy giòn ăn kèm bún bò) | Giò tai heo thêm: 13,000đ/chiếc (Giò tai giòn sần sật gọi thêm) | Trà đá: 8,000đ/cốc (Trà đá mát lạnh giải nhiệt)"
ChIJrxGnrV9bNDERDU4f5yb20dI,Sữa 559,20.9895698,105.5379764,3.9,85,"Khu Công Nghệ Cao Hòa Lạc, CT03",Hà Nội,"Hòa Lạc, Hà Nội",VN,,+84 924 229 999,Quán cà phê,https://www.google.com/maps/search/?api=1&query=S%E1%BB%AFa%20559&query_place_id=ChIJrxGnrV9bNDERDU4f5yb20dI,Có,"Cà phê đen đá pha phin: 19,000đ/ly (Cà phê đen truyền thống đậm đà) | Cà phê sữa đá: 25,000đ/ly (Cà phê sữa pha phin béo ngậy) | Bạc xỉu cốt dừa: 33,000đ/ly (Nhiều sữa béo ngậy vị dừa hòa quyện chút cà phê) | Trà đào cam sả: 33,000đ/ly (Trà đào thơm mát kết hợp lát đào cam tươi sả thơm) | Trà sữa trân châu truyền thống: 35,000đ/ly (Trà sữa đậm trà kèm trân châu đen dai giòn) | Sinh tố bơ sáp: 35,000đ/ly (Sinh tố bơ sáp tươi ngon xay sữa đặc ngậy béo) | Nước ép cam nguyên chất: 27,000đ/ly (Ép cam sành tự nhiên nhiều vitamin C)"
ChIJsbtj40pZNDERS--N3C51zCI,Ohio BBQ & Hotpot,21.0230264,105.5502255,4.3,81,88 ĐT419,Hà Nội,"Hạ Bằng, Hà Nội",VN,,+84 923 290 111,Nhà hàng tiệc đứng,https://www.google.com/maps/search/?api=1&query=Ohio%20BBQ%20%26%20Hotpot&query_place_id=ChIJsbtj40pZNDERS--N3C51zCI,Có,"Lẩu cua đồng sườn sụn bắp bò: 340,000đ/nồi (Nồi lẩu riêu cua đồng nguyên chất siêu nhiều gạch, kèm bắp bò sườn sụn) | Lẩu Thái hải sản chua cay: 419,000đ/nồi (Nước lẩu Tomyum chua cay nhúng tôm, mực, ngao, nấm) | Set nướng BBQ thập cẩm bò ba chỉ: 279,000đ/set (Bắp bò, ba chỉ heo cuộn nấm kim châm tẩm sốt BBQ nướng xèo xèo) | Ba chỉ bò Mỹ nhúng thêm: 80,000đ/đĩa (Thịt ba chỉ bò Mỹ thái mỏng cuốn nấm) | Sườn sụn non heo thêm: 75,000đ/đĩa (Sườn non giòn sần sật nhúng lẩu) | Rau nấm tổng hợp nhúng lẩu: 30,000đ/đĩa (Nấm kim châm, cải thảo, rau muống tươi)"
ChIJBy-9KZxbNDERLSJdMfS-wC8,Fuca Hidden Coffee,21.0019209,105.5197134,4.8,80,,Hà Nội,"Hòa Lạc, Hà Nội",VN,,+84 886 363 737,Quán cà phê,https://www.google.com/maps/search/?api=1&query=Fuca%20Hidden%20Coffee&query_place_id=ChIJBy-9KZxbNDERLSJdMfS-wC8,Có,"Cà phê đen đá pha phin: 22,000đ/ly (Cà phê đen truyền thống đậm đà) | Cà phê sữa đá: 28,000đ/ly (Cà phê sữa pha phin béo ngậy) | Bạc xỉu cốt dừa: 33,000đ/ly (Nhiều sữa béo ngậy vị dừa hòa quyện chút cà phê) | Trà đào cam sả: 37,000đ/ly (Trà đào thơm mát kết hợp lát đào cam tươi sả thơm) | Trà sữa trân châu truyền thống: 30,000đ/ly (Trà sữa đậm trà kèm trân châu đen dai giòn) | Sinh tố bơ sáp: 30,000đ/ly (Sinh tố bơ sáp tươi ngon xay sữa đặc ngậy béo) | Nước ép cam nguyên chất: 33,000đ/ly (Ép cam sành tự nhiên nhiều vitamin C)"
ChIJO6NAf3dbNDERTHl3dEBzAmo,Nhà Hàng Lâm Sơn Trang,20.9900009,105.4988874,3.8,78,,Hà Nội,"Yên Xuân, Hà Nội",VN,,+84 985 243 668,Nhà hàng thịt gà,https://www.google.com/maps/search/?api=1&query=Nh%C3%A0%20H%C3%A0ng%20L%C3%A2m%20S%C6%A1n%20Trang&query_place_id=ChIJO6NAf3dbNDERTHl3dEBzAmo,Có,"Gà ri hấp lá chanh (Cả con): 230,000đ/con (Gà ri đồi nuôi thả tự nhiên dai ngọt da vàng giòn) | Gà ri nướng mật ong (Cả con): 240,000đ/con (Gà ri nướng mật ong thơm phức vàng óng) | Gà rang muối tỏi: 150,000đ/đĩa (Gà ta chặt miếng rang muối đậm đà sần sật) | Lẩu gà ri thuốc bắc: 330,000đ/nồi (Nồi lẩu gà ri thuốc bắc bổ dưỡng kèm rau nấm) | Xôi chim câu hành phi: 82,000đ/đĩa (Xôi nếp dẻo thơm ăn kèm thịt chim câu băm nhỏ) | Lòng mề gà xào mướp giá: 65,000đ/đĩa (Lòng mề gà ri giòn xào mướp hương thơm phức)"
ChIJk5Kqa_RbNDERuXPQu4wdXGw,Chihiro - Drink & Food,21.0195513,105.5515197,4.3,76,,Hà Nội,"Hạ Bằng, Hà Nội",VN,,+84 971 958 185,Nhà hàng Hàn Quốc,https://www.google.com/maps/search/?api=1&query=Chihiro%20-%20Drink%20%26%20Food&query_place_id=ChIJk5Kqa_RbNDERuXPQu4wdXGw,Có,"Mì cay Seoul hải sản cấp độ 0-7: 45,000đ/tô (Mì ramen Hàn Quốc tôm, mực, chả viên nước dùng kim chi cay chua kích thích) | Mì cay bò Mỹ cấp độ 0-7: 43,000đ/tô (Mì cay Hàn Quốc nhúng bắp bò Mỹ tươi) | Kimbap chiên xù giòn tan: 37,000đ/cuộn (Cơm cuộn rong biển tẩm bột chiên xù chấm sốt mayonnaise) | Tokbokki truyền thống phô mai sốt cay: 30,000đ/đĩa (Bánh gạo Hàn Quốc xào cùng chả cá xiên, sốt tương ớt Gochujang và phô mai kéo sợi)"
ChIJxcb3FwBbNDERIwu54fwyCFk,Mây Lang Thang Cafe,21.0008138,105.520821,4.5,74,ngõ 2 đường TTGDQP,Hà Nội,"Hòa Lạc, Hà Nội",VN,,+84 984 916 161,Quán cà phê,https://www.google.com/maps/search/?api=1&query=M%C3%A2y%20Lang%20Thang%20Cafe&query_place_id=ChIJxcb3FwBbNDERIwu54fwyCFk,Có,"Cà phê đen đá pha phin: 25,000đ/ly (Cà phê đen truyền thống đậm đà) | Cà phê sữa đá: 22,000đ/ly (Cà phê sữa pha phin béo ngậy) | Bạc xỉu cốt dừa: 33,000đ/ly (Nhiều sữa béo ngậy vị dừa hòa quyện chút cà phê) | Trà đào cam sả: 37,000đ/ly (Trà đào thơm mát kết hợp lát đào cam tươi sả thơm) | Trà sữa trân châu truyền thống: 35,000đ/ly (Trà sữa đậm trà kèm trân châu đen dai giòn) | Sinh tố bơ sáp: 33,000đ/ly (Sinh tố bơ sáp tươi ngon xay sữa đặc ngậy béo) | Nước ép cam nguyên chất: 27,000đ/ly (Ép cam sành tự nhiên nhiều vitamin C)"
ChIJ5xkVxPFbNDERSXhXMftf7PY,Bún Chả Năm Hoài,21.021874,105.5207212,4.3,72,Số 221 thôn 4,Hà Nội,"Hòa Lạc, Hà Nội",VN,,+84 969 828 386,Quán mì,https://www.google.com/maps/search/?api=1&query=B%C3%BAn%20Ch%E1%BA%A3%20N%C4%83m%20Ho%C3%A0i&query_place_id=ChIJ5xkVxPFbNDERSXhXMftf7PY,Có,"Bún đậu mắm tôm đầy đủ (Đậu, thịt chân giò, nem chua rán, chả cốm): 50,000đ/suất (Mẹt bún đậu đầy đủ nguyên liệu tươi ngon kèm rau thơm kinh giới) | Bún đậu thường (Đậu chiên giòn): 22,000đ/suất (Bún đậu chay đơn giản với đậu phụ rán giòn) | Bún chả Hà Nội truyền thống: 35,000đ/suất (Chả miếng và chả viên nướng than hoa thơm phức trong bát nước chấm chua ngọt) | Nem cua bể chiên giòn: 15,000đ/chiếc (Nem cua bể giòn rụm nhiều nhân) | Nước sấu đá ngầm chua ngọt: 12,000đ/cốc (Đồ uống giải nhiệt cực hợp vị bún đậu)"
ChIJ45tN5QxbNDERKK0_gbG-CfA,Tuyết Trọng Restaurant,20.9831642,105.5262401,3.4,69,"XGMG+7F9, QL21A",Hà Nội,"Yên Xuân, Hà Nội",VN,,+84 971 442 221,Nhà hàng,https://www.google.com/maps/search/?api=1&query=Tuy%E1%BA%BFt%20Tr%E1%BB%8Dng%20Restaurant&query_place_id=ChIJ45tN5QxbNDERKK0_gbG-CfA,Có,"Cá kho tộ miền Tây đậm vị: 85,000đ/tộ (Cá trắm đen kho tộ sánh quyện nước hàng dừa) | Thịt ba chỉ rang cháy cạnh: 80,000đ/đĩa (Thịt ba chỉ ba chỉ giòn rưới mỡ hành) | Sườn non xào chua ngọt: 82,000đ/đĩa (Sườn non xào cùng dứa và ớt chuông sốt chua cay) | Rau muống luộc dầm sấu / xào tỏi: 27,000đ/đĩa (Rau muống tươi xanh luộc chấm nước mắm chanh ớt) | Canh riêu cua đồng cà pháo: 40,000đ/bát (Canh cua đồng mát lạnh ăn kèm cà pháo giòn tan) | Cơm trắng gạo tám thơm: 12,000đ/niêu (Niêu cơm gạo tám dẻo thơm)"
ChIJT3KQYfxbNDER0LOmPOknGag,Mixue Phú Cát,20.9841042,105.528119,3.4,69,,Hà Nội,"Hòa Lạc, Hà Nội",VN,,+84 982 349 276,Cửa hàng kem,https://www.google.com/maps/search/?api=1&query=Mixue%20Ph%C3%BA%20C%C3%A1t&query_place_id=ChIJT3KQYfxbNDER0LOmPOknGag,Có,"Kem tươi ốc quế sữa dừa / vani Mixue: 10,000đ/chiếc (Kem tươi thơm ngon ngậy béo ốc quế giòn tan) | Trà sữa ba anh em thạch pudding trân châu: 30,000đ/ly (Trà sữa đậm vị kèm full topping dồi dào) | Dương chi cam lộ xoài bưởi trân châu: 37,000đ/ly (Sinh tố xoài, bưởi hồng cùng thạch dừa thạch đào thơm ngon mát lạnh) | Trà đào tứ kỳ xuân hạt đào miếng: 28,000đ/ly (Trà ô long thanh vị kết hợp thạch đào giòn ngọt)"
ChIJZ2rtVXFFNDERDanPMQAVbkk,Nhà Hàng Hồ Câu Đỗ Hiệp,21.0076774,105.5194116,4.0,67,"2G59+3QF, QL21A",Hà Nội,"Hòa Lạc, Hà Nội",VN,,+84 967 430 066,Nhà hàng món cá,https://www.google.com/maps/search/?api=1&query=Nh%C3%A0%20H%C3%A0ng%20H%E1%BB%93%20C%C3%A2u%20%C4%90%E1%BB%97%20Hi%E1%BB%87p&query_place_id=ChIJZ2rtVXFFNDERDanPMQAVbkk,Có,"Cá kho tộ miền Tây đậm vị: 83,000đ/tộ (Cá trắm đen kho tộ sánh quyện nước hàng dừa) | Thịt ba chỉ rang cháy cạnh: 75,000đ/đĩa (Thịt ba chỉ ba chỉ giòn rưới mỡ hành) | Sườn non xào chua ngọt: 80,000đ/đĩa (Sườn non xào cùng dứa và ớt chuông sốt chua cay) | Rau muống luộc dầm sấu / xào tỏi: 30,000đ/đĩa (Rau muống tươi xanh luộc chấm nước mắm chanh ớt) | Canh riêu cua đồng cà pháo: 50,000đ/bát (Canh cua đồng mát lạnh ăn kèm cà pháo giòn tan) | Cơm trắng gạo tám thơm: 15,000đ/niêu (Niêu cơm gạo tám dẻo thơm)"
ChIJAeuDI0lcNDERDEeeakqgo_M,Phở Bò Thủy Toàn,21.0160021,105.4619265,3.4,67,,Hà Nội,"Yên Bài, Hà Nội",VN,,,Nhà hàng phở,https://www.google.com/maps/search/?api=1&query=Ph%C6%A1%CC%89%20Bo%CC%80%20Thu%CC%89y%20Toa%CC%80n&query_place_id=ChIJAeuDI0lcNDERDEeeakqgo_M,Có,"Phở chín bò ta: 30,000đ/bát (Nước dùng phở bò ninh xương ống ngọt lịm kèm thịt chín thái mỏng) | Phở tái chần: 33,000đ/bát (Phở bò với thịt bò tươi chần tái mềm ngọt) | Phở nạm gầu giòn: 35,000đ/bát (Bánh phở mềm cùng nạm bò và gầu bò giòn sần sật) | Phở tái lăn đặc biệt: 50,000đ/bát (Phở bò xào tái lăn thơm mùi tỏi phi) | Trứng gà trần: 13,000đ/quả (Trứng trần nước phở béo ngậy) | Quẩy giòn: 8,000đ/chiếc (Quẩy giòn ăn kèm nước phở)"
ChIJnYKM4bNZNDER0Ym8-PXTa4g,Mai Garden Sơn Tây,21.0474979,105.5210927,4.9,63,Số 47 đường Hoa Bằng Lăng,Hà Nội,"Đoài Phương, Hà Nội",VN,https://sites.google.com/view/maigardensontay/trang-ch%E1%BB%A7,+84 989 245 655,Khách sạn nghỉ dưỡng,https://www.google.com/maps/search/?api=1&query=Mai%20Garden%20S%C6%A1n%20T%C3%A2y&query_place_id=ChIJnYKM4bNZNDER0Ym8-PXTa4g,Không,Không áp dụng (Địa điểm phi ẩm thực)
ChIJT0qrpKtZNDEREZ-rlqiI1gY,Bún Cá Đạo Thủy,21.0423669,105.5096993,4.4,62,"2GR5+WVW, QL21A",Hà Nội,"Hòa Lạc, Hà Nội",VN,,+84 985 294 656,Nhà hàng chuyên phục vụ bữa sáng,https://www.google.com/maps/search/?api=1&query=B%C3%BAn%20C%C3%A1%20%C4%90%E1%BA%A1o%20Th%E1%BB%A7y&query_place_id=ChIJT0qrpKtZNDEREZ-rlqiI1gY,Có,"Bún cá cay Hải Phòng giòn rụm: 33,000đ/bát (Cá chiên giòn, chả cá thu thơm ngon nước dùng dọc mùng chua cay) | Bún riêu cua bắp bò giò tai: 45,000đ/bát (Bún nước với riêu cua đồng xịn kèm bắp bò tươi, giò tai heo sần sật) | Bún sườn mọc dọc mùng hành hoa: 30,000đ/bát (Bún sườn non mềm nhừ kèm mọc thịt giòn dẻo) | Trà đá mát lạnh: 8,000đ/cốc (Trà đá mát uống kèm bún nóng)"
ChIJy3QmB0RbNDERbQUQ2PjR020,Nhà Hàng Thanh Thuý,21.0011266,105.5201713,4.1,62,,Hà Nội,"Hòa Lạc, Hà Nội",VN,,+84 848 555 111,Nhà hàng thịt gà,https://www.google.com/maps/search/?api=1&query=Nh%C3%A0%20H%C3%A0ng%20Thanh%20Thu%C3%BD&query_place_id=ChIJy3QmB0RbNDERbQUQ2PjR020,Có,"Gà ri hấp lá chanh (Cả con): 240,000đ/con (Gà ri đồi nuôi thả tự nhiên dai ngọt da vàng giòn) | Gà ri nướng mật ong (Cả con): 230,000đ/con (Gà ri nướng mật ong thơm phức vàng óng) | Gà rang muối tỏi: 150,000đ/đĩa (Gà ta chặt miếng rang muối đậm đà sần sật) | Lẩu gà ri thuốc bắc: 330,000đ/nồi (Nồi lẩu gà ri thuốc bắc bổ dưỡng kèm rau nấm) | Xôi chim câu hành phi: 78,000đ/đĩa (Xôi nếp dẻo thơm ăn kèm thịt chim câu băm nhỏ) | Lòng mề gà xào mướp giá: 68,000đ/đĩa (Lòng mề gà ri giòn xào mướp hương thơm phức)"
ChIJR5zQEnpaNDER4t0PXs2iDP4,Nhà Sàn Ao Quê,20.9965652,105.587079,3.8,62,XHWP+JRG,Hà Nội,"Kiều Phú, Hà Nội",VN,,,Nhà hàng,https://www.google.com/maps/search/?api=1&query=Nh%C3%A0%20S%C3%A0n%20Ao%20Qu%C3%AA&query_place_id=ChIJR5zQEnpaNDER4t0PXs2iDP4,Có,"Cá kho tộ miền Tây đậm vị: 85,000đ/tộ (Cá trắm đen kho tộ sánh quyện nước hàng dừa) | Thịt ba chỉ rang cháy cạnh: 70,000đ/đĩa (Thịt ba chỉ ba chỉ giòn rưới mỡ hành) | Sườn non xào chua ngọt: 80,000đ/đĩa (Sườn non xào cùng dứa và ớt chuông sốt chua cay) | Rau muống luộc dầm sấu / xào tỏi: 27,000đ/đĩa (Rau muống tươi xanh luộc chấm nước mắm chanh ớt) | Canh riêu cua đồng cà pháo: 50,000đ/bát (Canh cua đồng mát lạnh ăn kèm cà pháo giòn tan) | Cơm trắng gạo tám thơm: 15,000đ/niêu (Niêu cơm gạo tám dẻo thơm)"
ChIJ53IFtWRbNDERMcEuZ2CEqUQ,Cơm Thu Thủy,21.0044467,105.5192376,3.9,61,,Hà Nội,"Hòa Lạc, Hà Nội",VN,,+84 989 021 687,Nhà hàng cơm,https://www.google.com/maps/search/?api=1&query=C%C6%A1m%20Thu%20Th%E1%BB%A7y&query_place_id=ChIJ53IFtWRbNDERMcEuZ2CEqUQ,Có,"Cơm rang dưa bò: 43,000đ/đĩa (Cơm rang hạt giòn tơi xào cùng cải dưa chua và thịt bò tươi mềm) | Cơm rang thập cẩm giòn: 33,000đ/đĩa (Cơm rang lạp xưởng ngô ngọt đậu hà lan rưới trứng vàng) | Cơm thố xá xíu nóng hổi: 45,000đ/thố (Cơm nấu niêu thố đất tạo lớp cháy giòn nhẹ, phủ thịt xá xíu đậm sốt) | Suất cơm bình dân tự chọn (3 món mặn + rau): 30,000đ/suất (Cơm suất bình dân đầy đặn sạch sẽ cho sinh viên và người đi làm) | Cơm tấm sườn bì chả Sài Gòn: 45,000đ/đĩa (Cơm tấm ăn kèm sườn nướng mặn ngọt chả trứng bì heo thính và nước mắm chua cay)"
ChIJ2_mo_IZZNDERv0u3edGz0n8,Cafe Anh Hìu,21.0420625,105.5097637,4.5,60,,Hà Nội,"Hòa Lạc, Hà Nội",VN,,+84 983 304 684,Quán cà phê,https://www.google.com/maps/search/?api=1&query=Cafe%20Anh%20H%C3%ACu&query_place_id=ChIJ2_mo_IZZNDERv0u3edGz0n8,Có,"Cà phê đen đá pha phin: 22,000đ/ly (Cà phê đen truyền thống đậm đà) | Cà phê sữa đá: 28,000đ/ly (Cà phê sữa pha phin béo ngậy) | Bạc xỉu cốt dừa: 33,000đ/ly (Nhiều sữa béo ngậy vị dừa hòa quyện chút cà phê) | Trà đào cam sả: 30,000đ/ly (Trà đào thơm mát kết hợp lát đào cam tươi sả thơm) | Trà sữa trân châu truyền thống: 40,000đ/ly (Trà sữa đậm trà kèm trân châu đen dai giòn) | Sinh tố bơ sáp: 33,000đ/ly (Sinh tố bơ sáp tươi ngon xay sữa đặc ngậy béo) | Nước ép cam nguyên chất: 30,000đ/ly (Ép cam sành tự nhiên nhiều vitamin C)"
ChIJyaga7a1bNDERBWc8jjjMMoc,Bánh Gato Thành Phát,21.0264747,105.5192644,4.7,59,36 QL21A,Hà Nội,"Hòa Lạc, Hà Nội",VN,,+84 906 066 585,Tiệm bánh,https://www.google.com/maps/search/?api=1&query=B%C3%A1nh%20Gato%20Th%C3%A0nh%20Ph%C3%A1t&query_place_id=ChIJyaga7a1bNDERBWc8jjjMMoc,Có,"Đĩa hoa quả thập cẩm lớn (Dưa hấu, ổi, xoài, nho): 170,000đ/đĩa (Hoa quả tươi ngon cắt lát đẹp mắt) | Khô mực nướng cồn: 170,000đ/con (Mực khô Vân Đồn nướng cồn xé tay) | Thịt bò khô xé sợi vắt chanh: 75,000đ/đĩa (Bò khô sợi cay cay ngọt ngọt) | Khoai tây chiên lắc phô mai: 47,000đ/đĩa (Khoai tây chiên giòn tan phủ bột phô mai) | Hạt hướng dương sạch: 17,000đ/đĩa (Hạt hướng dương rang thơm) | Bia Heineken lon: 25,000đ/lon (Bia ngoại ướp lạnh sẵn) | Bia Hà Nội lon: 21,000đ/lon (Bia nội truyền thống) | Nước ngọt Coca-Cola / Sting: 12,000đ/lon (Nước ngọt các loại phục vụ lạnh)"
ChIJhew77uhbNDERiRsYusfDfKA,Cafe Minh Đức,21.0249847,105.5202616,3.8,57,2GFC+X4R,Hà Nội,"Hòa Lạc, Hà Nội",VN,,+84 947 791 990,Quán cà phê,https://www.google.com/maps/search/?api=1&query=Cafe%20Minh%20%C4%90%E1%BB%A9c&query_place_id=ChIJhew77uhbNDERiRsYusfDfKA,Có,"Cà phê đen đá pha phin: 19,000đ/ly (Cà phê đen truyền thống đậm đà) | Cà phê sữa đá: 25,000đ/ly (Cà phê sữa pha phin béo ngậy) | Bạc xỉu cốt dừa: 33,000đ/ly (Nhiều sữa béo ngậy vị dừa hòa quyện chút cà phê) | Trà đào cam sả: 37,000đ/ly (Trà đào thơm mát kết hợp lát đào cam tươi sả thơm) | Trà sữa trân châu truyền thống: 40,000đ/ly (Trà sữa đậm trà kèm trân châu đen dai giòn) | Sinh tố bơ sáp: 30,000đ/ly (Sinh tố bơ sáp tươi ngon xay sữa đặc ngậy béo) | Nước ép cam nguyên chất: 33,000đ/ly (Ép cam sành tự nhiên nhiều vitamin C)"
ChIJw0fdcQBbNDERmgLWRTadOV8,Mỳ cay seoul deli 7 cấp độ,21.0220837,105.5503783,4.0,56,221 thôn Mục Yên 1,Hà Nội,"Hạ Bằng, Hà Nội",VN,,+84 978 591 101,Nhà hàng Hàn Quốc,https://www.google.com/maps/search/?api=1&query=M%E1%BB%B3%20cay%20seoul%20deli%207%20c%E1%BA%A5p%20%C4%91%E1%BB%99&query_place_id=ChIJw0fdcQBbNDERmgLWRTadOV8,Có,"Mì cay Seoul hải sản cấp độ 0-7: 47,000đ/tô (Mì ramen Hàn Quốc tôm, mực, chả viên nước dùng kim chi cay chua kích thích) | Mì cay bò Mỹ cấp độ 0-7: 43,000đ/tô (Mì cay Hàn Quốc nhúng bắp bò Mỹ tươi) | Kimbap chiên xù giòn tan: 40,000đ/cuộn (Cơm cuộn rong biển tẩm bột chiên xù chấm sốt mayonnaise) | Tokbokki truyền thống phô mai sốt cay: 35,000đ/đĩa (Bánh gạo Hàn Quốc xào cùng chả cá xiên, sốt tương ớt Gochujang và phô mai kéo sợi)"
ChIJ5Qk3JUlbNDERTcYmf1MgwzE,Pizza Fat,21.0124583,105.5190182,3.5,55,2G69+XJJ,Hà Nội,"Hòa Lạc, Hà Nội",VN,,,Nhà hàng pizza,https://www.google.com/maps/search/?api=1&query=Pizza%20Fat&query_place_id=ChIJ5Qk3JUlbNDERTcYmf1MgwzE,Có,"Gà rán giòn rụm tiêu cay (1 miếng): 35,000đ/miếng (Thịt gà tươi tẩm bột chiên vàng giòn da ngoài mọng nước bên trong) | Burger bò phô mai xá xíu đặc biệt: 43,000đ/chiếc (Burger kẹp bò băm nướng lò, phô mai lát béo ngậy, sốt đặc biệt) | Pizza xúc xích xông khói phô mai (Size 20cm): 100,000đ/chiếc (Đế pizza nướng giòn rưới đẫm phô mai Mozzarella nhập khẩu) | Khoai tây chiên giòn cọng lớn: 28,000đ/đĩa (Khoai tây vàng giòn tơi xốp ăn kèm sốt cà chua)"
ChIJteoiDOlbNDERuPJg6VauBKw,Ẩm Thực Thái Linh Gà Cá,21.0231961,105.5206533,4.0,55,Số 189 QL21A,Hà Nội,"Hòa Lạc, Hà Nội",VN,https://amthucthailinh.com/,+84 913 862 212,Nhà hàng,https://www.google.com/maps/search/?api=1&query=%E1%BA%A8m%20Th%E1%BB%B1c%20Th%C3%A1i%20Linh%20G%C3%A0%20C%C3%A1&query_place_id=ChIJteoiDOlbNDERuPJg6VauBKw,Có,"Gà ri hấp lá chanh (Cả con): 210,000đ/con (Gà ri đồi nuôi thả tự nhiên dai ngọt da vàng giòn) | Gà ri nướng mật ong (Cả con): 260,000đ/con (Gà ri nướng mật ong thơm phức vàng óng) | Gà rang muối tỏi: 150,000đ/đĩa (Gà ta chặt miếng rang muối đậm đà sần sật) | Lẩu gà ri thuốc bắc: 370,000đ/nồi (Nồi lẩu gà ri thuốc bắc bổ dưỡng kèm rau nấm) | Xôi chim câu hành phi: 82,000đ/đĩa (Xôi nếp dẻo thơm ăn kèm thịt chim câu băm nhỏ) | Lòng mề gà xào mướp giá: 75,000đ/đĩa (Lòng mề gà ri giòn xào mướp hương thơm phức)"
ChIJHYgROgBbNDERS9-86VBGjq0,Nhà Hàng Đức Dê Tươi,20.9948555,105.5232424,4.8,54,QL21,Hà Nội,"Hòa Lạc, Hà Nội",VN,,+84 813 307 666,Nhà hàng,https://www.google.com/maps/search/?api=1&query=Nh%C3%A0%20H%C3%A0ng%20%C4%90%E1%BB%A9c%20D%C3%AA%20T%C6%B0%C6%A1i&query_place_id=ChIJHYgROgBbNDERS9-86VBGjq0,Có,"Thịt trâu xào lá lốt: 110,000đ/đĩa (Thịt trâu tươi mềm ngọt xào lá lốt thơm lừng) | Thịt trâu nhúng mẻ chua cay: 140,000đ/đĩa (Thịt trâu nhúng nước dùng mẻ chua thanh nhẹ) | Dê tái chanh chấm tương gừng: 140,000đ/đĩa (Thịt dê núi hấp tái trộn vừng sả lá chanh) | Dê né bản gang: 180,000đ/đĩa (Dê xào nóng hổi trên bản gang kèm đậu bắp) | Lẩu dê núi nhúng mẻ: 419,000đ/nồi (Nồi lẩu dê núi ré thơm ngon kèm rau nhúng đặc sản) | Cơm cháy sốt dê: 75,000đ/đĩa (Cơm cháy giòn tan rưới nước sốt dê đậm vị)"
ChIJ1WGgXBpbNDERy7BekdVbTRo,Nhà Hàng Duy Anh,20.9955967,105.5230778,4.1,54,"XGWF+66P, QL21",Hà Nội,"Hòa Lạc, Hà Nội",VN,,+84 916 028 834,Nhà hàng,https://www.google.com/maps/search/?api=1&query=Nh%C3%A0%20H%C3%A0ng%20Duy%20Anh&query_place_id=ChIJ1WGgXBpbNDERy7BekdVbTRo,Có,"Cá kho tộ miền Tây đậm vị: 85,000đ/tộ (Cá trắm đen kho tộ sánh quyện nước hàng dừa) | Thịt ba chỉ rang cháy cạnh: 77,000đ/đĩa (Thịt ba chỉ ba chỉ giòn rưới mỡ hành) | Sườn non xào chua ngọt: 85,000đ/đĩa (Sườn non xào cùng dứa và ớt chuông sốt chua cay) | Rau muống luộc dầm sấu / xào tỏi: 33,000đ/đĩa (Rau muống tươi xanh luộc chấm nước mắm chanh ớt) | Canh riêu cua đồng cà pháo: 47,000đ/bát (Canh cua đồng mát lạnh ăn kèm cà pháo giòn tan) | Cơm trắng gạo tám thơm: 18,000đ/niêu (Niêu cơm gạo tám dẻo thơm)"
ChIJi1eENgBbNDER9XP7e61RyWU,Deuseyo,21.0128007,105.5187514,4.3,50,Số 88 Thôn 3,Hà Nội,"Hòa Lạc, Hà Nội",VN,,+84 822 446 936,Nhà hàng Hàn Quốc,https://www.google.com/maps/search/?api=1&query=Deuseyo&query_place_id=ChIJi1eENgBbNDER9XP7e61RyWU,Có,"Mì cay Seoul hải sản cấp độ 0-7: 45,000đ/tô (Mì ramen Hàn Quốc tôm, mực, chả viên nước dùng kim chi cay chua kích thích) | Mì cay bò Mỹ cấp độ 0-7: 40,000đ/tô (Mì cay Hàn Quốc nhúng bắp bò Mỹ tươi) | Kimbap chiên xù giòn tan: 30,000đ/cuộn (Cơm cuộn rong biển tẩm bột chiên xù chấm sốt mayonnaise) | Tokbokki truyền thống phô mai sốt cay: 37,000đ/đĩa (Bánh gạo Hàn Quốc xào cùng chả cá xiên, sốt tương ớt Gochujang và phô mai kéo sợi)"
ChIJq7_teQBbNDERSk4lHk4PzHA,MukZone Cafe & Camping,20.9947466,105.5149541,4.7,50,XGV7+VXW,Hà Nội,"Hòa Lạc, Hà Nội",VN,,,Quán cà phê,https://www.google.com/maps/search/?api=1&query=MukZone%20Cafe%20%26%20Camping&query_place_id=ChIJq7_teQBbNDERSk4lHk4PzHA,Có,"Cà phê đen đá pha phin: 25,000đ/ly (Cà phê đen truyền thống đậm đà) | Cà phê sữa đá: 25,000đ/ly (Cà phê sữa pha phin béo ngậy) | Bạc xỉu cốt dừa: 27,000đ/ly (Nhiều sữa béo ngậy vị dừa hòa quyện chút cà phê) | Trà đào cam sả: 37,000đ/ly (Trà đào thơm mát kết hợp lát đào cam tươi sả thơm) | Trà sữa trân châu truyền thống: 40,000đ/ly (Trà sữa đậm trà kèm trân châu đen dai giòn) | Sinh tố bơ sáp: 35,000đ/ly (Sinh tố bơ sáp tươi ngon xay sữa đặc ngậy béo) | Nước ép cam nguyên chất: 27,000đ/ly (Ép cam sành tự nhiên nhiều vitamin C)"
ChIJO19H3ThbNDERPIbU20Yn3wQ,Lang Thang Cà Phê - Hòa Lạc,20.9944915,105.5233454,4.7,50,XGVF+R8M,Hà Nội,"Hòa Lạc, Hà Nội",VN,,+84 978 846 466,Quán cà phê,https://www.google.com/maps/search/?api=1&query=Lang%20Thang%20C%C3%A0%20Ph%C3%AA%20-%20H%C3%B2a%20L%E1%BA%A1c&query_place_id=ChIJO19H3ThbNDERPIbU20Yn3wQ,Có,"Cà phê đen đá pha phin: 19,000đ/ly (Cà phê đen truyền thống đậm đà) | Cà phê sữa đá: 22,000đ/ly (Cà phê sữa pha phin béo ngậy) | Bạc xỉu cốt dừa: 27,000đ/ly (Nhiều sữa béo ngậy vị dừa hòa quyện chút cà phê) | Trà đào cam sả: 40,000đ/ly (Trà đào thơm mát kết hợp lát đào cam tươi sả thơm) | Trà sữa trân châu truyền thống: 40,000đ/ly (Trà sữa đậm trà kèm trân châu đen dai giòn) | Sinh tố bơ sáp: 33,000đ/ly (Sinh tố bơ sáp tươi ngon xay sữa đặc ngậy béo) | Nước ép cam nguyên chất: 30,000đ/ly (Ép cam sành tự nhiên nhiều vitamin C)"
ChIJqy8rBx9bNDERlFLhCaQJXNw,Cơm Thố Anh Nguyễn Hoà Lạc,21.0069212,105.5185249,2.4,49,"2G49+J7M, QL21A",Hà Nội,"Hòa Lạc, Hà Nội",VN,https://comthoanhnguyen.com.vn/,+84 987 469 933,Nhà hàng cơm,https://www.google.com/maps/search/?api=1&query=C%C6%A1m%20Th%E1%BB%91%20Anh%20Nguy%E1%BB%85n%20Ho%C3%A0%20L%E1%BA%A1c&query_place_id=ChIJqy8rBx9bNDERlFLhCaQJXNw,Có,"Cơm rang dưa bò: 43,000đ/đĩa (Cơm rang hạt giòn tơi xào cùng cải dưa chua và thịt bò tươi mềm) | Cơm rang thập cẩm giòn: 30,000đ/đĩa (Cơm rang lạp xưởng ngô ngọt đậu hà lan rưới trứng vàng) | Cơm thố xá xíu nóng hổi: 35,000đ/thố (Cơm nấu niêu thố đất tạo lớp cháy giòn nhẹ, phủ thịt xá xíu đậm sốt) | Suất cơm bình dân tự chọn (3 món mặn + rau): 27,000đ/suất (Cơm suất bình dân đầy đặn sạch sẽ cho sinh viên và người đi làm) | Cơm tấm sườn bì chả Sài Gòn: 38,000đ/đĩa (Cơm tấm ăn kèm sườn nướng mặn ngọt chả trứng bì heo thính và nước mắm chua cay)"
ChIJjf4hqp1eNDERrIsV9IQaVCc,Hòa Thuận Quán Ẩm Thực Tây Bắc,21.0458856,105.4684117,4.0,49,2FW9+993,Hà Nội,"Đoài Phương, Hà Nội",VN,,,Nhà hàng,https://www.google.com/maps/search/?api=1&query=H%C3%B2a%20Thu%E1%BA%ADn%20Qu%C3%A1n%20%E1%BA%A8m%20Th%E1%BB%B1c%20T%C3%A2y%20B%E1%BA%AFc&query_place_id=ChIJjf4hqp1eNDERrIsV9IQaVCc,Có,"Cá kho tộ miền Tây đậm vị: 85,000đ/tộ (Cá trắm đen kho tộ sánh quyện nước hàng dừa) | Thịt ba chỉ rang cháy cạnh: 77,000đ/đĩa (Thịt ba chỉ ba chỉ giòn rưới mỡ hành) | Sườn non xào chua ngọt: 78,000đ/đĩa (Sườn non xào cùng dứa và ớt chuông sốt chua cay) | Rau muống luộc dầm sấu / xào tỏi: 27,000đ/đĩa (Rau muống tươi xanh luộc chấm nước mắm chanh ớt) | Canh riêu cua đồng cà pháo: 40,000đ/bát (Canh cua đồng mát lạnh ăn kèm cà pháo giòn tan) | Cơm trắng gạo tám thơm: 12,000đ/niêu (Niêu cơm gạo tám dẻo thơm)"
ChIJLXTaz5lbNDERiT2n-g-RImg,Nhà Hàng Huy Cường,21.0027249,105.5202969,3.9,48,7 Thôn 6,Hà Nội,"Hòa Lạc, Hà Nội",VN,,+84 916 611 972,Nhà hàng,https://www.google.com/maps/search/?api=1&query=Nh%C3%A0%20H%C3%A0ng%20Huy%20C%C6%B0%E1%BB%9Dng&query_place_id=ChIJLXTaz5lbNDERiT2n-g-RImg,Có,"Cá kho tộ miền Tây đậm vị: 80,000đ/tộ (Cá trắm đen kho tộ sánh quyện nước hàng dừa) | Thịt ba chỉ rang cháy cạnh: 80,000đ/đĩa (Thịt ba chỉ ba chỉ giòn rưới mỡ hành) | Sườn non xào chua ngọt: 75,000đ/đĩa (Sườn non xào cùng dứa và ớt chuông sốt chua cay) | Rau muống luộc dầm sấu / xào tỏi: 30,000đ/đĩa (Rau muống tươi xanh luộc chấm nước mắm chanh ớt) | Canh riêu cua đồng cà pháo: 40,000đ/bát (Canh cua đồng mát lạnh ăn kèm cà pháo giòn tan) | Cơm trắng gạo tám thơm: 15,000đ/niêu (Niêu cơm gạo tám dẻo thơm)"
ChIJy1k8MwBbNDERrbnE5kfdIV0,Bếp 1996 cs2,21.0267205,105.5492183,4.2,48,2GGX+MMP,Hà Nội,"Hạ Bằng, Hà Nội",VN,https://www.facebook.com/share/15t9E9QAHk/?mibextid=wwXIfr,+84 362 096 396,Nhà hàng gia đình,https://www.google.com/maps/search/?api=1&query=B%E1%BA%BFp%201996%20cs2&query_place_id=ChIJy1k8MwBbNDERrbnE5kfdIV0,Có,"Cá kho tộ miền Tây đậm vị: 80,000đ/tộ (Cá trắm đen kho tộ sánh quyện nước hàng dừa) | Thịt ba chỉ rang cháy cạnh: 77,000đ/đĩa (Thịt ba chỉ ba chỉ giòn rưới mỡ hành) | Sườn non xào chua ngọt: 82,000đ/đĩa (Sườn non xào cùng dứa và ớt chuông sốt chua cay) | Rau muống luộc dầm sấu / xào tỏi: 30,000đ/đĩa (Rau muống tươi xanh luộc chấm nước mắm chanh ớt) | Canh riêu cua đồng cà pháo: 40,000đ/bát (Canh cua đồng mát lạnh ăn kèm cà pháo giòn tan) | Cơm trắng gạo tám thơm: 12,000đ/niêu (Niêu cơm gạo tám dẻo thơm)"
ChIJOQy8BINZNDERRlspIBuMkPU,Canh Cá rô Dung Thuận,21.0404171,105.5114488,4.6,47,2GR6+5H,Hà Nội,"Đoài Phương, Hà Nội",VN,,+84 985 229 876,Quán mì,https://www.google.com/maps/search/?api=1&query=Canh%20C%C3%A1%20r%C3%B4%20Dung%20Thu%E1%BA%ADn&query_place_id=ChIJOQy8BINZNDERRlspIBuMkPU,Có,"Bún cá cay Hải Phòng giòn rụm: 37,000đ/bát (Cá chiên giòn, chả cá thu thơm ngon nước dùng dọc mùng chua cay) | Bún riêu cua bắp bò giò tai: 38,000đ/bát (Bún nước với riêu cua đồng xịn kèm bắp bò tươi, giò tai heo sần sật) | Bún sườn mọc dọc mùng hành hoa: 35,000đ/bát (Bún sườn non mềm nhừ kèm mọc thịt giòn dẻo) | Trà đá mát lạnh: 5,000đ/cốc (Trà đá mát uống kèm bún nóng)"
ChIJvdvYZwBbNDERg8p_hFpZ-Oo,Vườn Bia Panorama,20.9840425,105.527769,4.9,47,XGMH+J46,Hà Nội,"Hòa Lạc, Hà Nội",VN,,+84 865 403 959,Nhà hàng,https://www.google.com/maps/search/?api=1&query=V%C6%B0%E1%BB%9Dn%20Bia%20Panorama&query_place_id=ChIJvdvYZwBbNDERg8p_hFpZ-Oo,Có,"Bia hơi Hà Nội mát lạnh: 9,000đ/cốc (Bia hơi tươi rói rót trực tiếp từ vòi bom lạnh) | Đậu phụ lướt ván nóng giòn: 33,000đ/đĩa (Đậu hũ non chiên lướt ván ngoài vàng giòn trong mịn mượt như thạch) | Đĩa lạc rang muối / lạc luộc mộc mạc: 18,000đ/đĩa (Đồ nhắm bia truyền thống) | Nộm tai heo đu đủ xanh chua ngọt: 67,000đ/đĩa (Tai heo giòn sần sật trộn đu đủ bào sợi nước nộm chua ngọt sảng khoái) | Sụn gà chiên mắm rang muối: 93,000đ/đĩa (Sụn gà ta giòn sần sật tẩm ướp chiên xóc muối ớt tỏi)"
ChIJx5qc3GRZNDERbmdOG23SBD0,Pizza fat',21.0503,105.5681267,4.2,46,127 ĐT420,Hà Nội,"Thạch Thất, Hà Nội",VN,,+84 393 692 286,Nhà hàng pizza,https://www.google.com/maps/search/?api=1&query=Pizza%20fat'&query_place_id=ChIJx5qc3GRZNDERbmdOG23SBD0,Có,"Gà rán giòn rụm tiêu cay (1 miếng): 35,000đ/miếng (Thịt gà tươi tẩm bột chiên vàng giòn da ngoài mọng nước bên trong) | Burger bò phô mai xá xíu đặc biệt: 40,000đ/chiếc (Burger kẹp bò băm nướng lò, phô mai lát béo ngậy, sốt đặc biệt) | Pizza xúc xích xông khói phô mai (Size 20cm): 110,000đ/chiếc (Đế pizza nướng giòn rưới đẫm phô mai Mozzarella nhập khẩu) | Khoai tây chiên giòn cọng lớn: 22,000đ/đĩa (Khoai tây vàng giòn tơi xốp ăn kèm sốt cà chua)"
ChIJTwvNjxZaNDER3M28jn3cW8c,Nhà Hàng Sông Quê,21.0169143,105.574427,4.0,46,2H8F+QQ7,Hà Nội,"Hạ Bằng, Hà Nội",VN,,+84 938 581 988,Nhà hàng,https://www.google.com/maps/search/?api=1&query=Nh%C3%A0%20H%C3%A0ng%20S%C3%B4ng%20Qu%C3%AA&query_place_id=ChIJTwvNjxZaNDER3M28jn3cW8c,Có,"Cá kho tộ miền Tây đậm vị: 83,000đ/tộ (Cá trắm đen kho tộ sánh quyện nước hàng dừa) | Thịt ba chỉ rang cháy cạnh: 73,000đ/đĩa (Thịt ba chỉ ba chỉ giòn rưới mỡ hành) | Sườn non xào chua ngọt: 82,000đ/đĩa (Sườn non xào cùng dứa và ớt chuông sốt chua cay) | Rau muống luộc dầm sấu / xào tỏi: 27,000đ/đĩa (Rau muống tươi xanh luộc chấm nước mắm chanh ớt) | Canh riêu cua đồng cà pháo: 47,000đ/bát (Canh cua đồng mát lạnh ăn kèm cà pháo giòn tan) | Cơm trắng gạo tám thơm: 15,000đ/niêu (Niêu cơm gạo tám dẻo thơm)"
ChIJaV3SX1JZNDERyqbYgr4DJ64,Jolie Cafe,21.0451669,105.5078633,4.7,44,Số 431 thôn đoàn kết,Hà Nội,"Đoài Phương, Hà Nội",VN,,+84 987 581 694,Quán cà phê,https://www.google.com/maps/search/?api=1&query=Jolie%20Cafe&query_place_id=ChIJaV3SX1JZNDERyqbYgr4DJ64,Có,"Cà phê đen đá pha phin: 19,000đ/ly (Cà phê đen truyền thống đậm đà) | Cà phê sữa đá: 25,000đ/ly (Cà phê sữa pha phin béo ngậy) | Bạc xỉu cốt dừa: 27,000đ/ly (Nhiều sữa béo ngậy vị dừa hòa quyện chút cà phê) | Trà đào cam sả: 33,000đ/ly (Trà đào thơm mát kết hợp lát đào cam tươi sả thơm) | Trà sữa trân châu truyền thống: 33,000đ/ly (Trà sữa đậm trà kèm trân châu đen dai giòn) | Sinh tố bơ sáp: 40,000đ/ly (Sinh tố bơ sáp tươi ngon xay sữa đặc ngậy béo) | Nước ép cam nguyên chất: 33,000đ/ly (Ép cam sành tự nhiên nhiều vitamin C)"
ChIJm6pyf5BbNDER-ymTqyq0eag,Cơm Thu Hằng,20.9869035,105.5253818,4.1,44,XGPG+Q56,Hà Nội,"Yên Xuân, Hà Nội",VN,,+84 368 313 125,Nhà hàng cơm,https://www.google.com/maps/search/?api=1&query=C%C6%A1m%20Thu%20H%E1%BA%B1ng&query_place_id=ChIJm6pyf5BbNDER-ymTqyq0eag,Có,"Cơm rang dưa bò: 47,000đ/đĩa (Cơm rang hạt giòn tơi xào cùng cải dưa chua và thịt bò tươi mềm) | Cơm rang thập cẩm giòn: 37,000đ/đĩa (Cơm rang lạp xưởng ngô ngọt đậu hà lan rưới trứng vàng) | Cơm thố xá xíu nóng hổi: 40,000đ/thố (Cơm nấu niêu thố đất tạo lớp cháy giòn nhẹ, phủ thịt xá xíu đậm sốt) | Suất cơm bình dân tự chọn (3 món mặn + rau): 33,000đ/suất (Cơm suất bình dân đầy đặn sạch sẽ cho sinh viên và người đi làm) | Cơm tấm sườn bì chả Sài Gòn: 40,000đ/đĩa (Cơm tấm ăn kèm sườn nướng mặn ngọt chả trứng bì heo thính và nước mắm chua cay)"
ChIJ3_pnIUNbNDERMHeogH3Sqmw,Highlands Coffee FV3 FPT Hoa Lac,21.0150898,105.539854,4.2,44,Hi-tech,Hà Nội,"Thạch Thất, Hà Nội",VN,https://www.highlandscoffee.com.vn/,,Quán cà phê,https://www.google.com/maps/search/?api=1&query=Highlands%20Coffee%20FV3%20FPT%20Hoa%20Lac&query_place_id=ChIJ3_pnIUNbNDERMHeogH3Sqmw,Có,"Cà phê đen đá pha phin: 22,000đ/ly (Cà phê đen truyền thống đậm đà) | Cà phê sữa đá: 22,000đ/ly (Cà phê sữa pha phin béo ngậy) | Bạc xỉu cốt dừa: 30,000đ/ly (Nhiều sữa béo ngậy vị dừa hòa quyện chút cà phê) | Trà đào cam sả: 40,000đ/ly (Trà đào thơm mát kết hợp lát đào cam tươi sả thơm) | Trà sữa trân châu truyền thống: 37,000đ/ly (Trà sữa đậm trà kèm trân châu đen dai giòn) | Sinh tố bơ sáp: 35,000đ/ly (Sinh tố bơ sáp tươi ngon xay sữa đặc ngậy béo) | Nước ép cam nguyên chất: 30,000đ/ly (Ép cam sành tự nhiên nhiều vitamin C)"
ChIJ2yjwNylbNDERyZaC9Pfdtss,Black Rose Coffee Audio,21.0236249,105.5205079,4.2,44,"2GFC+C6R, QL21",Hà Nội,"Hòa Lạc, Hà Nội",VN,,+84 915 005 235,Quán cà phê,https://www.google.com/maps/search/?api=1&query=Black%20Rose%20Coffee%20Audio&query_place_id=ChIJ2yjwNylbNDERyZaC9Pfdtss,Có,"Cà phê đen đá pha phin: 22,000đ/ly (Cà phê đen truyền thống đậm đà) | Cà phê sữa đá: 22,000đ/ly (Cà phê sữa pha phin béo ngậy) | Bạc xỉu cốt dừa: 27,000đ/ly (Nhiều sữa béo ngậy vị dừa hòa quyện chút cà phê) | Trà đào cam sả: 33,000đ/ly (Trà đào thơm mát kết hợp lát đào cam tươi sả thơm) | Trà sữa trân châu truyền thống: 35,000đ/ly (Trà sữa đậm trà kèm trân châu đen dai giòn) | Sinh tố bơ sáp: 37,000đ/ly (Sinh tố bơ sáp tươi ngon xay sữa đặc ngậy béo) | Nước ép cam nguyên chất: 33,000đ/ly (Ép cam sành tự nhiên nhiều vitamin C)"
ChIJY1LH5plbNDERiv3TWq22j5o,Home Cafe Chill Out Place,20.9845334,105.5292752,4.8,44,Thôn 1 khu tái đinh cư Bắc,Hà Nội,"Hòa Lạc, Hà Nội",VN,,+84 865 082 265,Quán cà phê,https://www.google.com/maps/search/?api=1&query=Home%20Cafe%20Chill%20Out%20Place&query_place_id=ChIJY1LH5plbNDERiv3TWq22j5o,Có,"Cà phê đen đá pha phin: 22,000đ/ly (Cà phê đen truyền thống đậm đà) | Cà phê sữa đá: 22,000đ/ly (Cà phê sữa pha phin béo ngậy) | Bạc xỉu cốt dừa: 27,000đ/ly (Nhiều sữa béo ngậy vị dừa hòa quyện chút cà phê) | Trà đào cam sả: 37,000đ/ly (Trà đào thơm mát kết hợp lát đào cam tươi sả thơm) | Trà sữa trân châu truyền thống: 40,000đ/ly (Trà sữa đậm trà kèm trân châu đen dai giòn) | Sinh tố bơ sáp: 35,000đ/ly (Sinh tố bơ sáp tươi ngon xay sữa đặc ngậy béo) | Nước ép cam nguyên chất: 33,000đ/ly (Ép cam sành tự nhiên nhiều vitamin C)"
ChIJ247QHL1bNDERrf5PRUbvitg,Mây Coffee,21.0189187,105.5491941,4.4,43,"2G9X+HM8, Đường Bờ Hồ",Hà Nội,"Hạ Bằng, Hà Nội",VN,https://www.facebook.com/profile.php?id=100092040984540&mibextid=ZbWKwL,+84 347 730 631,Quán cà phê,https://www.google.com/maps/search/?api=1&query=M%C3%A2y%20Coffee&query_place_id=ChIJ247QHL1bNDERrf5PRUbvitg,Có,"Cà phê đen đá pha phin: 22,000đ/ly (Cà phê đen truyền thống đậm đà) | Cà phê sữa đá: 25,000đ/ly (Cà phê sữa pha phin béo ngậy) | Bạc xỉu cốt dừa: 33,000đ/ly (Nhiều sữa béo ngậy vị dừa hòa quyện chút cà phê) | Trà đào cam sả: 40,000đ/ly (Trà đào thơm mát kết hợp lát đào cam tươi sả thơm) | Trà sữa trân châu truyền thống: 40,000đ/ly (Trà sữa đậm trà kèm trân châu đen dai giòn) | Sinh tố bơ sáp: 33,000đ/ly (Sinh tố bơ sáp tươi ngon xay sữa đặc ngậy béo) | Nước ép cam nguyên chất: 33,000đ/ly (Ép cam sành tự nhiên nhiều vitamin C)"
ChIJX_BlZgBbNDERDUm1Hoks38s,Xíu Coffee&Date,21.027045,105.547718,4.8,43,"2GGX+R3V, Unnamed",Hà Nội,"Hạ Bằng, Hà Nội",VN,https://www.facebook.com/share/16RQrcvqH3/?mibextid=wwXIfr,+84 986 836 800,Quán cà phê,https://www.google.com/maps/search/?api=1&query=X%C3%ADu%20Coffee%26Date&query_place_id=ChIJX_BlZgBbNDERDUm1Hoks38s,Có,"Cà phê đen đá pha phin: 22,000đ/ly (Cà phê đen truyền thống đậm đà) | Cà phê sữa đá: 25,000đ/ly (Cà phê sữa pha phin béo ngậy) | Bạc xỉu cốt dừa: 33,000đ/ly (Nhiều sữa béo ngậy vị dừa hòa quyện chút cà phê) | Trà đào cam sả: 40,000đ/ly (Trà đào thơm mát kết hợp lát đào cam tươi sả thơm) | Trà sữa trân châu truyền thống: 30,000đ/ly (Trà sữa đậm trà kèm trân châu đen dai giòn) | Sinh tố bơ sáp: 30,000đ/ly (Sinh tố bơ sáp tươi ngon xay sữa đặc ngậy béo) | Nước ép cam nguyên chất: 30,000đ/ly (Ép cam sành tự nhiên nhiều vitamin C)"
ChIJQ6oEpPJbNDERFio1HWcOy68,Nhà Hàng Thanh Xuân,21.0322299,105.5157162,4.3,42,"2GJ8+V7W, Qua Cầu Hòa Lạc (Đi Xuân Mai, QL21A",Hà Nội,"Hòa Lạc, Hà Nội",VN,,+84 945 931 186,Nhà hàng,https://www.google.com/maps/search/?api=1&query=Nh%C3%A0%20H%C3%A0ng%20Thanh%20Xu%C3%A2n&query_place_id=ChIJQ6oEpPJbNDERFio1HWcOy68,Có,"Cá kho tộ miền Tây đậm vị: 83,000đ/tộ (Cá trắm đen kho tộ sánh quyện nước hàng dừa) | Thịt ba chỉ rang cháy cạnh: 73,000đ/đĩa (Thịt ba chỉ ba chỉ giòn rưới mỡ hành) | Sườn non xào chua ngọt: 82,000đ/đĩa (Sườn non xào cùng dứa và ớt chuông sốt chua cay) | Rau muống luộc dầm sấu / xào tỏi: 27,000đ/đĩa (Rau muống tươi xanh luộc chấm nước mắm chanh ớt) | Canh riêu cua đồng cà pháo: 40,000đ/bát (Canh cua đồng mát lạnh ăn kèm cà pháo giòn tan) | Cơm trắng gạo tám thơm: 12,000đ/niêu (Niêu cơm gạo tám dẻo thơm)"
ChIJ2V87OwBbNDERea7m-dwT2v0,Ramen Ten,21.0114501,105.5184829,3.8,41,"2G69+H9Q, QL21A",Hà Nội,"Hòa Lạc, Hà Nội",VN,,+84 916 327 945,Nhà hàng Nhật Bản,https://www.google.com/maps/search/?api=1&query=Ramen%20Ten&query_place_id=ChIJ2V87OwBbNDERea7m-dwT2v0,Có,"Cá kho tộ miền Tây đậm vị: 87,000đ/tộ (Cá trắm đen kho tộ sánh quyện nước hàng dừa) | Thịt ba chỉ rang cháy cạnh: 80,000đ/đĩa (Thịt ba chỉ ba chỉ giòn rưới mỡ hành) | Sườn non xào chua ngọt: 85,000đ/đĩa (Sườn non xào cùng dứa và ớt chuông sốt chua cay) | Rau muống luộc dầm sấu / xào tỏi: 27,000đ/đĩa (Rau muống tươi xanh luộc chấm nước mắm chanh ớt) | Canh riêu cua đồng cà pháo: 43,000đ/bát (Canh cua đồng mát lạnh ăn kèm cà pháo giòn tan) | Cơm trắng gạo tám thơm: 15,000đ/niêu (Niêu cơm gạo tám dẻo thơm)"
ChIJ70rKbwBbNDER781j3wwZUZE,Ngọt Coffee,21.0177861,105.5493472,4.8,41,Số 69 Đường Mục,Hà Nội,"Hạ Bằng, Hà Nội",VN,https://www.facebook.com/share/1EsDjK6L7B/?mibextid=wwXIfr,+84 328 833 158,Quán cà phê,https://www.google.com/maps/search/?api=1&query=Ng%E1%BB%8Dt%20Coffee&query_place_id=ChIJ70rKbwBbNDER781j3wwZUZE,Có,"Cà phê đen đá pha phin: 25,000đ/ly (Cà phê đen truyền thống đậm đà) | Cà phê sữa đá: 22,000đ/ly (Cà phê sữa pha phin béo ngậy) | Bạc xỉu cốt dừa: 33,000đ/ly (Nhiều sữa béo ngậy vị dừa hòa quyện chút cà phê) | Trà đào cam sả: 37,000đ/ly (Trà đào thơm mát kết hợp lát đào cam tươi sả thơm) | Trà sữa trân châu truyền thống: 40,000đ/ly (Trà sữa đậm trà kèm trân châu đen dai giòn) | Sinh tố bơ sáp: 33,000đ/ly (Sinh tố bơ sáp tươi ngon xay sữa đặc ngậy béo) | Nước ép cam nguyên chất: 27,000đ/ly (Ép cam sành tự nhiên nhiều vitamin C)"
ChIJA1K-_0lbNDERsIAWQC-QL-0,Gà ri Mạnh Cường,21.0038968,105.5196938,3.9,40,QL21A,Hà Nội,"Hòa Lạc, Hà Nội",VN,,+84 983 508 066,Nhà hàng thịt gà,https://www.google.com/maps/search/?api=1&query=G%C3%A0%20ri%20Ma%CC%A3nh%20C%C6%B0%C6%A1%CC%80ng&query_place_id=ChIJA1K-_0lbNDERsIAWQC-QL-0,Có,"Gà ri hấp lá chanh (Cả con): 250,000đ/con (Gà ri đồi nuôi thả tự nhiên dai ngọt da vàng giòn) | Gà ri nướng mật ong (Cả con): 260,000đ/con (Gà ri nướng mật ong thơm phức vàng óng) | Gà rang muối tỏi: 130,000đ/đĩa (Gà ta chặt miếng rang muối đậm đà sần sật) | Lẩu gà ri thuốc bắc: 360,000đ/nồi (Nồi lẩu gà ri thuốc bắc bổ dưỡng kèm rau nấm) | Xôi chim câu hành phi: 80,000đ/đĩa (Xôi nếp dẻo thơm ăn kèm thịt chim câu băm nhỏ) | Lòng mề gà xào mướp giá: 68,000đ/đĩa (Lòng mề gà ri giòn xào mướp hương thơm phức)"
ChIJ2RaSeBJbNDERTrfHd_B985c,Nhà Hàng Nam Cường 1,20.9777278,105.529666,3.8,40,,Hà Nội,"Phú Cát, Hà Nội",VN,,+84 974 048 256,Nhà hàng,https://www.google.com/maps/search/?api=1&query=Nh%C3%A0%20H%C3%A0ng%20Nam%20C%C6%B0%E1%BB%9Dng%201&query_place_id=ChIJ2RaSeBJbNDERTrfHd_B985c,Có,"Cá kho tộ miền Tây đậm vị: 90,000đ/tộ (Cá trắm đen kho tộ sánh quyện nước hàng dừa) | Thịt ba chỉ rang cháy cạnh: 70,000đ/đĩa (Thịt ba chỉ ba chỉ giòn rưới mỡ hành) | Sườn non xào chua ngọt: 75,000đ/đĩa (Sườn non xào cùng dứa và ớt chuông sốt chua cay) | Rau muống luộc dầm sấu / xào tỏi: 30,000đ/đĩa (Rau muống tươi xanh luộc chấm nước mắm chanh ớt) | Canh riêu cua đồng cà pháo: 43,000đ/bát (Canh cua đồng mát lạnh ăn kèm cà pháo giòn tan) | Cơm trắng gạo tám thơm: 18,000đ/niêu (Niêu cơm gạo tám dẻo thơm)"
ChIJI_uGCY5bNDER6WFYDbc0AhI,Phở Phú Hưng,20.994005,105.5859944,4.6,40,CT03,Hà Nội,"Kiều Phú, Hà Nội",VN,,+84 975 663 159,Nhà hàng phở,https://www.google.com/maps/search/?api=1&query=Ph%E1%BB%9F%20Ph%C3%BA%20H%C6%B0ng&query_place_id=ChIJI_uGCY5bNDER6WFYDbc0AhI,Có,"Phở chín bò ta: 30,000đ/bát (Nước dùng phở bò ninh xương ống ngọt lịm kèm thịt chín thái mỏng) | Phở tái chần: 37,000đ/bát (Phở bò với thịt bò tươi chần tái mềm ngọt) | Phở nạm gầu giòn: 35,000đ/bát (Bánh phở mềm cùng nạm bò và gầu bò giòn sần sật) | Phở tái lăn đặc biệt: 47,000đ/bát (Phở bò xào tái lăn thơm mùi tỏi phi) | Trứng gà trần: 7,000đ/quả (Trứng trần nước phở béo ngậy) | Quẩy giòn: 5,000đ/chiếc (Quẩy giòn ăn kèm nước phở)"
ChIJ21WpJh9dNDERn44jE132eQw,Phở Bò Hữu Nghĩa,21.0133929,105.4644853,4.1,38,2F77+9Q5,Hà Nội,"Hòa Lạc, Hà Nội",VN,,,Nhà hàng phở,https://www.google.com/maps/search/?api=1&query=Ph%E1%BB%9F%20B%C3%B2%20H%E1%BB%AFu%20Ngh%C4%A9a&query_place_id=ChIJ21WpJh9dNDERn44jE132eQw,Có,"Phở chín bò ta: 40,000đ/bát (Nước dùng phở bò ninh xương ống ngọt lịm kèm thịt chín thái mỏng) | Phở tái chần: 30,000đ/bát (Phở bò với thịt bò tươi chần tái mềm ngọt) | Phở nạm gầu giòn: 35,000đ/bát (Bánh phở mềm cùng nạm bò và gầu bò giòn sần sật) | Phở tái lăn đặc biệt: 43,000đ/bát (Phở bò xào tái lăn thơm mùi tỏi phi) | Trứng gà trần: 13,000đ/quả (Trứng trần nước phở béo ngậy) | Quẩy giòn: 8,000đ/chiếc (Quẩy giòn ăn kèm nước phở)"
ChIJibwgHhZbNDERJ4qil0Zfeoo,Quán Cây Sung,21.0085591,105.5608416,3.8,38,2H56+C8G,Hà Nội,"Hạ Bằng, Hà Nội",VN,,,Nhà hàng,https://www.google.com/maps/search/?api=1&query=Qu%C3%A1n%20C%C3%A2y%20Sung&query_place_id=ChIJibwgHhZbNDERJ4qil0Zfeoo,Có,"Cá kho tộ miền Tây đậm vị: 83,000đ/tộ (Cá trắm đen kho tộ sánh quyện nước hàng dừa) | Thịt ba chỉ rang cháy cạnh: 70,000đ/đĩa (Thịt ba chỉ ba chỉ giòn rưới mỡ hành) | Sườn non xào chua ngọt: 85,000đ/đĩa (Sườn non xào cùng dứa và ớt chuông sốt chua cay) | Rau muống luộc dầm sấu / xào tỏi: 27,000đ/đĩa (Rau muống tươi xanh luộc chấm nước mắm chanh ớt) | Canh riêu cua đồng cà pháo: 45,000đ/bát (Canh cua đồng mát lạnh ăn kèm cà pháo giòn tan) | Cơm trắng gạo tám thơm: 18,000đ/niêu (Niêu cơm gạo tám dẻo thơm)"
ChIJfVxHu4FbNDERnTDxwrivh1U,Hola Sun Cafe Vườn (Hoà lạc),20.9959834,105.5224688,4.9,38,Số 604 Cụm 1,Hà Nội,"Hòa Lạc, Hà Nội",VN,http://cafehoalac.com/,+84 925 851 866,Quán cà phê,https://www.google.com/maps/search/?api=1&query=Hola%20Sun%20Cafe%20V%C6%B0%E1%BB%9Dn%20(Ho%C3%A0%20l%E1%BA%A1c)&query_place_id=ChIJfVxHu4FbNDERnTDxwrivh1U,Có,"Cà phê đen đá pha phin: 25,000đ/ly (Cà phê đen truyền thống đậm đà) | Cà phê sữa đá: 25,000đ/ly (Cà phê sữa pha phin béo ngậy) | Bạc xỉu cốt dừa: 27,000đ/ly (Nhiều sữa béo ngậy vị dừa hòa quyện chút cà phê) | Trà đào cam sả: 37,000đ/ly (Trà đào thơm mát kết hợp lát đào cam tươi sả thơm) | Trà sữa trân châu truyền thống: 30,000đ/ly (Trà sữa đậm trà kèm trân châu đen dai giòn) | Sinh tố bơ sáp: 37,000đ/ly (Sinh tố bơ sáp tươi ngon xay sữa đặc ngậy béo) | Nước ép cam nguyên chất: 33,000đ/ly (Ép cam sành tự nhiên nhiều vitamin C)"
ChIJ21NGT7NdNDERrTDfRry-vLs,Lam Restaurant,20.990204,105.4860088,4.2,37,Miễu,Hà Nội,"Yên Xuân, Hà Nội",VN,,+84 975 317 799,Nhà hàng,https://www.google.com/maps/search/?api=1&query=Lam%20Restaurant&query_place_id=ChIJ21NGT7NdNDERrTDfRry-vLs,Có,"Cá kho tộ miền Tây đậm vị: 80,000đ/tộ (Cá trắm đen kho tộ sánh quyện nước hàng dừa) | Thịt ba chỉ rang cháy cạnh: 70,000đ/đĩa (Thịt ba chỉ ba chỉ giòn rưới mỡ hành) | Sườn non xào chua ngọt: 82,000đ/đĩa (Sườn non xào cùng dứa và ớt chuông sốt chua cay) | Rau muống luộc dầm sấu / xào tỏi: 33,000đ/đĩa (Rau muống tươi xanh luộc chấm nước mắm chanh ớt) | Canh riêu cua đồng cà pháo: 50,000đ/bát (Canh cua đồng mát lạnh ăn kèm cà pháo giòn tan) | Cơm trắng gạo tám thơm: 15,000đ/niêu (Niêu cơm gạo tám dẻo thơm)"
ChIJn8yfJJJbNDERjqdNY5ZWWHg,Chè Ngon Jolly,21.0101253,105.518196,4.6,36,,Hà Nội,"Hòa Lạc, Hà Nội",VN,,+84 869 958 939,Nhà hàng món chè bánh lọt,https://www.google.com/maps/search/?api=1&query=Ch%C3%A8%20Ngon%20Jolly&query_place_id=ChIJn8yfJJJbNDERjqdNY5ZWWHg,Có,"Kem tươi ốc quế sữa dừa / vani Mixue: 7,000đ/chiếc (Kem tươi thơm ngon ngậy béo ốc quế giòn tan) | Trà sữa ba anh em thạch pudding trân châu: 30,000đ/ly (Trà sữa đậm vị kèm full topping dồi dào) | Dương chi cam lộ xoài bưởi trân châu: 33,000đ/ly (Sinh tố xoài, bưởi hồng cùng thạch dừa thạch đào thơm ngon mát lạnh) | Trà đào tứ kỳ xuân hạt đào miếng: 22,000đ/ly (Trà ô long thanh vị kết hợp thạch đào giòn ngọt)"
ChIJd-eANFtbNDER3JG_m9Zhrqs,Bún Chả Nem Hùng Anh,21.0110297,105.5188437,3.3,36,2G69+CG8,Hà Nội,"Hòa Lạc, Hà Nội",VN,,+84 342 436 528,Quán ăn nhỏ,https://www.google.com/maps/search/?api=1&query=B%C3%BAn%20Ch%E1%BA%A3%20Nem%20H%C3%B9ng%20Anh&query_place_id=ChIJd-eANFtbNDER3JG_m9Zhrqs,Có,"Bún đậu mắm tôm đầy đủ (Đậu, thịt chân giò, nem chua rán, chả cốm): 47,000đ/suất (Mẹt bún đậu đầy đủ nguyên liệu tươi ngon kèm rau thơm kinh giới) | Bún đậu thường (Đậu chiên giòn): 22,000đ/suất (Bún đậu chay đơn giản với đậu phụ rán giòn) | Bún chả Hà Nội truyền thống: 40,000đ/suất (Chả miếng và chả viên nướng than hoa thơm phức trong bát nước chấm chua ngọt) | Nem cua bể chiên giòn: 15,000đ/chiếc (Nem cua bể giòn rụm nhiều nhân) | Nước sấu đá ngầm chua ngọt: 12,000đ/cốc (Đồ uống giải nhiệt cực hợp vị bún đậu)"
ChIJVwMY9w9aNDERcx6gU2LTDiQ,Tây Phương Quán,21.020641,105.5835029,4.1,36,ngõ 89 xóm Hoà Bình,Hà Nội,"Hạ Bằng, Hà Nội",VN,,+84 977 285 468,Nhà hàng,https://www.google.com/maps/search/?api=1&query=T%C3%A2y%20Ph%C6%B0%C6%A1ng%20Qu%C3%A1n&query_place_id=ChIJVwMY9w9aNDERcx6gU2LTDiQ,Có,"Cá kho tộ miền Tây đậm vị: 87,000đ/tộ (Cá trắm đen kho tộ sánh quyện nước hàng dừa) | Thịt ba chỉ rang cháy cạnh: 73,000đ/đĩa (Thịt ba chỉ ba chỉ giòn rưới mỡ hành) | Sườn non xào chua ngọt: 82,000đ/đĩa (Sườn non xào cùng dứa và ớt chuông sốt chua cay) | Rau muống luộc dầm sấu / xào tỏi: 30,000đ/đĩa (Rau muống tươi xanh luộc chấm nước mắm chanh ớt) | Canh riêu cua đồng cà pháo: 47,000đ/bát (Canh cua đồng mát lạnh ăn kèm cà pháo giòn tan) | Cơm trắng gạo tám thơm: 18,000đ/niêu (Niêu cơm gạo tám dẻo thơm)"
ChIJUxdgYvxbNDERx-afBtmOFqE,Nhà Hàng Hùng Râu,20.9943472,105.5866696,4.3,36,Cầu Chui Dân Sinh Số 15ĐCT08,Hà Nội,"Kiều Phú, Hà Nội",VN,,+84 985 517 988,Nhà hàng,https://www.google.com/maps/search/?api=1&query=Nh%C3%A0%20H%C3%A0ng%20Hu%CC%80ng%20R%C3%A2u&query_place_id=ChIJUxdgYvxbNDERx-afBtmOFqE,Có,"Cá kho tộ miền Tây đậm vị: 87,000đ/tộ (Cá trắm đen kho tộ sánh quyện nước hàng dừa) | Thịt ba chỉ rang cháy cạnh: 77,000đ/đĩa (Thịt ba chỉ ba chỉ giòn rưới mỡ hành) | Sườn non xào chua ngọt: 75,000đ/đĩa (Sườn non xào cùng dứa và ớt chuông sốt chua cay) | Rau muống luộc dầm sấu / xào tỏi: 33,000đ/đĩa (Rau muống tươi xanh luộc chấm nước mắm chanh ớt) | Canh riêu cua đồng cà pháo: 40,000đ/bát (Canh cua đồng mát lạnh ăn kèm cà pháo giòn tan) | Cơm trắng gạo tám thơm: 15,000đ/niêu (Niêu cơm gạo tám dẻo thơm)"
ChIJTZinv-lbNDERxSZbjbT79js,Quán Tổ Chim,21.0004454,105.5216595,4.1,34,"2G2C+5MF, QL21",Hà Nội,"Hòa Lạc, Hà Nội",VN,,+84 932 292 116,Nhà hàng,https://www.google.com/maps/search/?api=1&query=Qu%C3%A1n%20T%E1%BB%95%20Chim&query_place_id=ChIJTZinv-lbNDERxSZbjbT79js,Có,"Cá kho tộ miền Tây đậm vị: 90,000đ/tộ (Cá trắm đen kho tộ sánh quyện nước hàng dừa) | Thịt ba chỉ rang cháy cạnh: 80,000đ/đĩa (Thịt ba chỉ ba chỉ giòn rưới mỡ hành) | Sườn non xào chua ngọt: 80,000đ/đĩa (Sườn non xào cùng dứa và ớt chuông sốt chua cay) | Rau muống luộc dầm sấu / xào tỏi: 33,000đ/đĩa (Rau muống tươi xanh luộc chấm nước mắm chanh ớt) | Canh riêu cua đồng cà pháo: 43,000đ/bát (Canh cua đồng mát lạnh ăn kèm cà pháo giòn tan) | Cơm trắng gạo tám thơm: 12,000đ/niêu (Niêu cơm gạo tám dẻo thơm)"
ChIJC5hAhppbNDERMKynnnJP2M8,Buk Bbq & Hotpot,21.0176617,105.5483525,3.3,34,,Hà Nội,"Hạ Bằng, Hà Nội",VN,,+84 961 961 851,Nhà hàng,https://www.google.com/maps/search/?api=1&query=Buk%20Bbq%20%26%20Hotpot&query_place_id=ChIJC5hAhppbNDERMKynnnJP2M8,Có,"Lẩu cua đồng sườn sụn bắp bò: 330,000đ/nồi (Nồi lẩu riêu cua đồng nguyên chất siêu nhiều gạch, kèm bắp bò sườn sụn) | Lẩu Thái hải sản chua cay: 419,000đ/nồi (Nước lẩu Tomyum chua cay nhúng tôm, mực, ngao, nấm) | Set nướng BBQ thập cẩm bò ba chỉ: 289,000đ/set (Bắp bò, ba chỉ heo cuộn nấm kim châm tẩm sốt BBQ nướng xèo xèo) | Ba chỉ bò Mỹ nhúng thêm: 80,000đ/đĩa (Thịt ba chỉ bò Mỹ thái mỏng cuốn nấm) | Sườn sụn non heo thêm: 80,000đ/đĩa (Sườn non giòn sần sật nhúng lẩu) | Rau nấm tổng hợp nhúng lẩu: 30,000đ/đĩa (Nấm kim châm, cải thảo, rau muống tươi)"
ChIJPyFj8qBRNDERRDnm1VaOaCE,Muội Coffee & Tea,21.0527296,105.579871,4.9,34,ngõ 238 ĐT419,Hà Nội,"Thạch Thất, Hà Nội",VN,,+84 969 642 761,Quán cà phê,https://www.google.com/maps/search/?api=1&query=Mu%E1%BB%99i%20Coffee%20%26%20Tea&query_place_id=ChIJPyFj8qBRNDERRDnm1VaOaCE,Có,"Cà phê đen đá pha phin: 22,000đ/ly (Cà phê đen truyền thống đậm đà) | Cà phê sữa đá: 28,000đ/ly (Cà phê sữa pha phin béo ngậy) | Bạc xỉu cốt dừa: 33,000đ/ly (Nhiều sữa béo ngậy vị dừa hòa quyện chút cà phê) | Trà đào cam sả: 30,000đ/ly (Trà đào thơm mát kết hợp lát đào cam tươi sả thơm) | Trà sữa trân châu truyền thống: 35,000đ/ly (Trà sữa đậm trà kèm trân châu đen dai giòn) | Sinh tố bơ sáp: 40,000đ/ly (Sinh tố bơ sáp tươi ngon xay sữa đặc ngậy béo) | Nước ép cam nguyên chất: 27,000đ/ly (Ép cam sành tự nhiên nhiều vitamin C)"
ChIJg8QNYgBbNDERLEXykX7C-PE,Thềm Cafe,21.0227921,105.550495,4.9,34,2HF2+43C,Hà Nội,"Hạ Bằng, Hà Nội",VN,,+84 984 143 876,Quán cà phê,https://www.google.com/maps/search/?api=1&query=Th%E1%BB%81m%20Cafe&query_place_id=ChIJg8QNYgBbNDERLEXykX7C-PE,Có,"Cà phê đen đá pha phin: 25,000đ/ly (Cà phê đen truyền thống đậm đà) | Cà phê sữa đá: 25,000đ/ly (Cà phê sữa pha phin béo ngậy) | Bạc xỉu cốt dừa: 30,000đ/ly (Nhiều sữa béo ngậy vị dừa hòa quyện chút cà phê) | Trà đào cam sả: 40,000đ/ly (Trà đào thơm mát kết hợp lát đào cam tươi sả thơm) | Trà sữa trân châu truyền thống: 30,000đ/ly (Trà sữa đậm trà kèm trân châu đen dai giòn) | Sinh tố bơ sáp: 33,000đ/ly (Sinh tố bơ sáp tươi ngon xay sữa đặc ngậy béo) | Nước ép cam nguyên chất: 33,000đ/ly (Ép cam sành tự nhiên nhiều vitamin C)"
ChIJAaL7_GlbNDERk8kScBxGkkI,Mỳ Cay Seoul Hàn Quốc,21.0042483,105.5193841,3.4,33,2G39+QP7,Hà Nội,"Hòa Lạc, Hà Nội",VN,https://www.facebook.com/datbavi.hn?mibextid=LQQJ4d,+84 984 117 955,Nhà hàng,https://www.google.com/maps/search/?api=1&query=M%E1%BB%B3%20Cay%20Seoul%20H%C3%A0n%20Qu%E1%BB%91c&query_place_id=ChIJAaL7_GlbNDERk8kScBxGkkI,Có,"Ốc luộc sả lá chanh truyền thống: 45,000đ/bát (Ốc vặn/ốc nhồi mít luộc thơm mùi sả chấm nước mắm gừng cay ngọt đặc sản) | Ốc móng tay xào bơ tỏi thơm lừng: 75,000đ/đĩa (Ốc móng tay tươi ngọt sốt bơ tỏi sánh béo chấm bánh mì tuyệt đỉnh) | Nem chua rán giòn rụm (10 cái): 50,000đ/đĩa (Nem chua rán nóng hổi chấm tương ớt cay nồng) | Khoai tây chiên lắc bột phô mai: 40,000đ/đĩa (Món khai vị ăn vặt khoái khẩu) | Trà quất mật ong khổng lồ: 15,000đ/cốc (Trà quất mát chua ngọt cực đã khát)"
ChIJ-b8u2r1ZNDERcmSjgsuhv_Y,Cổ Đông Quán Trâu,21.0555067,105.5202496,4.5,33,Unnamed,Hà Nội,"Đoài Phương, Hà Nội",VN,,+84 978 461 883,Nhà hàng,https://www.google.com/maps/search/?api=1&query=C%E1%BB%95%20%C4%90%C3%B4ng%20Qu%C3%A1n%20Tr%C3%A2u&query_place_id=ChIJ-b8u2r1ZNDERcmSjgsuhv_Y,Có,"Thịt trâu xào lá lốt: 140,000đ/đĩa (Thịt trâu tươi mềm ngọt xào lá lốt thơm lừng) | Thịt trâu nhúng mẻ chua cay: 170,000đ/đĩa (Thịt trâu nhúng nước dùng mẻ chua thanh nhẹ) | Dê tái chanh chấm tương gừng: 170,000đ/đĩa (Thịt dê núi hấp tái trộn vừng sả lá chanh) | Dê né bản gang: 170,000đ/đĩa (Dê xào nóng hổi trên bản gang kèm đậu bắp) | Lẩu dê núi nhúng mẻ: 399,000đ/nồi (Nồi lẩu dê núi ré thơm ngon kèm rau nhúng đặc sản) | Cơm cháy sốt dê: 65,000đ/đĩa (Cơm cháy giòn tan rưới nước sốt dê đậm vị)"
ChIJzdcuH0ZbNDER7ueyzv-Q1nI,Gà Ri Ngọc Đăng,20.9836296,105.5263498,4.5,32,QL21A,Hà Nội,"Yên Xuân, Hà Nội",VN,,+84 372 254 930,Nhà hàng thịt gà,https://www.google.com/maps/search/?api=1&query=G%C3%A0%20Ri%20Ng%E1%BB%8Dc%20%C4%90%C4%83ng&query_place_id=ChIJzdcuH0ZbNDER7ueyzv-Q1nI,Có,"Gà ri hấp lá chanh (Cả con): 220,000đ/con (Gà ri đồi nuôi thả tự nhiên dai ngọt da vàng giòn) | Gà ri nướng mật ong (Cả con): 230,000đ/con (Gà ri nướng mật ong thơm phức vàng óng) | Gà rang muối tỏi: 150,000đ/đĩa (Gà ta chặt miếng rang muối đậm đà sần sật) | Lẩu gà ri thuốc bắc: 370,000đ/nồi (Nồi lẩu gà ri thuốc bắc bổ dưỡng kèm rau nấm) | Xôi chim câu hành phi: 78,000đ/đĩa (Xôi nếp dẻo thơm ăn kèm thịt chim câu băm nhỏ) | Lòng mề gà xào mướp giá: 75,000đ/đĩa (Lòng mề gà ri giòn xào mướp hương thơm phức)"
ChIJTal7h8VbNDERz4d3aifgDXA,Gà Mái Ghẹ - Gửi Trọn Hương Vị Đồng Quê,20.9906519,105.5192681,4.1,32,,Hà Nội,"Hòa Lạc, Hà Nội",VN,https://www.chaoquan.vn/,+84 963 236 886,Nhà hàng,https://www.google.com/maps/search/?api=1&query=G%C3%A0%20M%C3%A1i%20Gh%E1%BA%B9%20-%20G%E1%BB%ADi%20Tr%E1%BB%8Dn%20H%C6%B0%C6%A1ng%20V%E1%BB%8B%20%C4%90%E1%BB%93ng%20Qu%C3%AA&query_place_id=ChIJTal7h8VbNDERz4d3aifgDXA,Có,"Gà ri hấp lá chanh (Cả con): 250,000đ/con (Gà ri đồi nuôi thả tự nhiên dai ngọt da vàng giòn) | Gà ri nướng mật ong (Cả con): 240,000đ/con (Gà ri nướng mật ong thơm phức vàng óng) | Gà rang muối tỏi: 120,000đ/đĩa (Gà ta chặt miếng rang muối đậm đà sần sật) | Lẩu gà ri thuốc bắc: 330,000đ/nồi (Nồi lẩu gà ri thuốc bắc bổ dưỡng kèm rau nấm) | Xôi chim câu hành phi: 75,000đ/đĩa (Xôi nếp dẻo thơm ăn kèm thịt chim câu băm nhỏ) | Lòng mề gà xào mướp giá: 68,000đ/đĩa (Lòng mề gà ri giòn xào mướp hương thơm phức)"
ChIJwZ0bom9bNDER8mvZsORDO3c,Mơ Coffee,21.0059303,105.5314212,4.3,32,Khu Công Nghệ Cao Hòa Lạc,Hà Nội,"Hòa Lạc, Hà Nội",VN,,+84 868 288 100,Quán cà phê,https://www.google.com/maps/search/?api=1&query=M%C6%A1%20Coffee&query_place_id=ChIJwZ0bom9bNDER8mvZsORDO3c,Có,"Cà phê đen đá pha phin: 25,000đ/ly (Cà phê đen truyền thống đậm đà) | Cà phê sữa đá: 28,000đ/ly (Cà phê sữa pha phin béo ngậy) | Bạc xỉu cốt dừa: 33,000đ/ly (Nhiều sữa béo ngậy vị dừa hòa quyện chút cà phê) | Trà đào cam sả: 37,000đ/ly (Trà đào thơm mát kết hợp lát đào cam tươi sả thơm) | Trà sữa trân châu truyền thống: 40,000đ/ly (Trà sữa đậm trà kèm trân châu đen dai giòn) | Sinh tố bơ sáp: 37,000đ/ly (Sinh tố bơ sáp tươi ngon xay sữa đặc ngậy béo) | Nước ép cam nguyên chất: 33,000đ/ly (Ép cam sành tự nhiên nhiều vitamin C)"
ChIJB9Zdm5dbNDERumxr6yV-RUM,Nhà Hàng Thanh Dũng,20.9993601,105.5220029,3.9,31,"XGXC+PRR, QL21A",Hà Nội,"Hòa Lạc, Hà Nội",VN,,+84 24 3368 5342,Nhà hàng,https://www.google.com/maps/search/?api=1&query=Nh%C3%A0%20H%C3%A0ng%20Thanh%20D%C5%A9ng&query_place_id=ChIJB9Zdm5dbNDERumxr6yV-RUM,Có,"Cá kho tộ miền Tây đậm vị: 90,000đ/tộ (Cá trắm đen kho tộ sánh quyện nước hàng dừa) | Thịt ba chỉ rang cháy cạnh: 70,000đ/đĩa (Thịt ba chỉ ba chỉ giòn rưới mỡ hành) | Sườn non xào chua ngọt: 80,000đ/đĩa (Sườn non xào cùng dứa và ớt chuông sốt chua cay) | Rau muống luộc dầm sấu / xào tỏi: 27,000đ/đĩa (Rau muống tươi xanh luộc chấm nước mắm chanh ớt) | Canh riêu cua đồng cà pháo: 50,000đ/bát (Canh cua đồng mát lạnh ăn kèm cà pháo giòn tan) | Cơm trắng gạo tám thơm: 12,000đ/niêu (Niêu cơm gạo tám dẻo thơm)"
ChIJjdRxIgBZNDERLF-q-5EZlXQ,MIXUE THẠCH THẤT - 396 Đồng Cam,21.0496747,105.5827551,4.6,31,396 Đồng Cam,Hà Nội,"Thạch Thất, Hà Nội",VN,,+84 355 365 399,Cửa hàng kem,https://www.google.com/maps/search/?api=1&query=MIXUE%20TH%E1%BA%A0CH%20TH%E1%BA%A4T%20-%20396%20%C4%90%E1%BB%93ng%20Cam&query_place_id=ChIJjdRxIgBZNDERLF-q-5EZlXQ,Có,"Kem tươi ốc quế sữa dừa / vani Mixue: 10,000đ/chiếc (Kem tươi thơm ngon ngậy béo ốc quế giòn tan) | Trà sữa ba anh em thạch pudding trân châu: 33,000đ/ly (Trà sữa đậm vị kèm full topping dồi dào) | Dương chi cam lộ xoài bưởi trân châu: 30,000đ/ly (Sinh tố xoài, bưởi hồng cùng thạch dừa thạch đào thơm ngon mát lạnh) | Trà đào tứ kỳ xuân hạt đào miếng: 22,000đ/ly (Trà ô long thanh vị kết hợp thạch đào giòn ngọt)"
ChIJWzBz2aJFNDERoRQ4cxRHTe4,Nhà Hàng Về Bản Em,20.9789665,105.5292298,4.1,30,,Hà Nội,"Hòa Lạc, Hà Nội",VN,https://vebanem.vn/,+84 852 485 333,Nhà hàng,https://www.google.com/maps/search/?api=1&query=Nh%C3%A0%20H%C3%A0ng%20V%E1%BB%81%20B%E1%BA%A3n%20Em&query_place_id=ChIJWzBz2aJFNDERoRQ4cxRHTe4,Có,"Cá kho tộ miền Tây đậm vị: 87,000đ/tộ (Cá trắm đen kho tộ sánh quyện nước hàng dừa) | Thịt ba chỉ rang cháy cạnh: 77,000đ/đĩa (Thịt ba chỉ ba chỉ giòn rưới mỡ hành) | Sườn non xào chua ngọt: 80,000đ/đĩa (Sườn non xào cùng dứa và ớt chuông sốt chua cay) | Rau muống luộc dầm sấu / xào tỏi: 30,000đ/đĩa (Rau muống tươi xanh luộc chấm nước mắm chanh ớt) | Canh riêu cua đồng cà pháo: 40,000đ/bát (Canh cua đồng mát lạnh ăn kèm cà pháo giòn tan) | Cơm trắng gạo tám thơm: 12,000đ/niêu (Niêu cơm gạo tám dẻo thơm)"
ChIJPYQEjXRdNDERvXhVLxZg0Dc,Bay Homestay,20.9816227,105.4897101,4.1,30,"XFJQ+MV4, Trại Mới",Hà Nội,"Yên Xuân, Hà Nội",VN,,+84 866 889 199,Căn hộ nghỉ dưỡng cho thuê,https://www.google.com/maps/search/?api=1&query=Bay%20Homestay&query_place_id=ChIJPYQEjXRdNDERvXhVLxZg0Dc,Không,Không áp dụng (Địa điểm phi ẩm thực)
ChIJecNITFtbNDERjvjA_AZcYsQ,Bún Đậu 1966,21.0169586,105.5524514,4.7,30,"2H82+QXP, Unnamed",Hà Nội,"Hạ Bằng, Hà Nội",VN,,+84 969 636 037,Nhà hàng đậu hũ,https://www.google.com/maps/search/?api=1&query=B%C3%BAn%20%C4%90%E1%BA%ADu%201966&query_place_id=ChIJecNITFtbNDERjvjA_AZcYsQ,Có,"Bún đậu mắm tôm đầy đủ (Đậu, thịt chân giò, nem chua rán, chả cốm): 50,000đ/suất (Mẹt bún đậu đầy đủ nguyên liệu tươi ngon kèm rau thơm kinh giới) | Bún đậu thường (Đậu chiên giòn): 28,000đ/suất (Bún đậu chay đơn giản với đậu phụ rán giòn) | Bún chả Hà Nội truyền thống: 45,000đ/suất (Chả miếng và chả viên nướng than hoa thơm phức trong bát nước chấm chua ngọt) | Nem cua bể chiên giòn: 18,000đ/chiếc (Nem cua bể giòn rụm nhiều nhân) | Nước sấu đá ngầm chua ngọt: 12,000đ/cốc (Đồ uống giải nhiệt cực hợp vị bún đậu)"
ChIJGVWRTc9bNDERFEaO5cmd-Ls,Mì Cay SEOUL Thạch Hòa,21.0107978,105.518329,3.3,29,160 Thôn 3,Hà Nội,"Hòa Lạc, Hà Nội",VN,https://micayseoul.com/,+84 961 579 086,Nhà hàng Hàn Quốc,https://www.google.com/maps/search/?api=1&query=M%C3%AC%20Cay%20SEOUL%20Th%E1%BA%A1ch%20H%C3%B2a&query_place_id=ChIJGVWRTc9bNDERFEaO5cmd-Ls,Có,"Mì cay Seoul hải sản cấp độ 0-7: 43,000đ/tô (Mì ramen Hàn Quốc tôm, mực, chả viên nước dùng kim chi cay chua kích thích) | Mì cay bò Mỹ cấp độ 0-7: 40,000đ/tô (Mì cay Hàn Quốc nhúng bắp bò Mỹ tươi) | Kimbap chiên xù giòn tan: 37,000đ/cuộn (Cơm cuộn rong biển tẩm bột chiên xù chấm sốt mayonnaise) | Tokbokki truyền thống phô mai sốt cay: 40,000đ/đĩa (Bánh gạo Hàn Quốc xào cùng chả cá xiên, sốt tương ớt Gochujang và phô mai kéo sợi)"
ChIJMTO69ABbNDERCwFqQQaO9rU,Nhà Hàng Na Lá Cọ,20.977477,105.5253952,4.7,29,,Hà Nội,"Yên Xuân, Hà Nội",VN,,+84 981 112 191,Nhà hàng,https://www.google.com/maps/search/?api=1&query=Nh%C3%A0%20H%C3%A0ng%20Na%20L%C3%A1%20C%E1%BB%8D&query_place_id=ChIJMTO69ABbNDERCwFqQQaO9rU,Có,"Cá kho tộ miền Tây đậm vị: 90,000đ/tộ (Cá trắm đen kho tộ sánh quyện nước hàng dừa) | Thịt ba chỉ rang cháy cạnh: 80,000đ/đĩa (Thịt ba chỉ ba chỉ giòn rưới mỡ hành) | Sườn non xào chua ngọt: 85,000đ/đĩa (Sườn non xào cùng dứa và ớt chuông sốt chua cay) | Rau muống luộc dầm sấu / xào tỏi: 27,000đ/đĩa (Rau muống tươi xanh luộc chấm nước mắm chanh ớt) | Canh riêu cua đồng cà pháo: 43,000đ/bát (Canh cua đồng mát lạnh ăn kèm cà pháo giòn tan) | Cơm trắng gạo tám thơm: 12,000đ/niêu (Niêu cơm gạo tám dẻo thơm)"
ChIJw3w69xBbNDERbBabmbiIHn4,Quang Vinh Quán Cơm,20.9838909,105.5276032,4.2,29,"XGMH+H25, Tại khu tái định cư bắc phú cát",Hà Nội,"Hòa Lạc, Hà Nội",VN,,+84 916 091 358,Nhà hàng cơm,https://www.google.com/maps/search/?api=1&query=Quang%20Vinh%20Qu%C3%A1n%20C%C6%A1m&query_place_id=ChIJw3w69xBbNDERbBabmbiIHn4,Có,"Cơm rang dưa bò: 50,000đ/đĩa (Cơm rang hạt giòn tơi xào cùng cải dưa chua và thịt bò tươi mềm) | Cơm rang thập cẩm giòn: 37,000đ/đĩa (Cơm rang lạp xưởng ngô ngọt đậu hà lan rưới trứng vàng) | Cơm thố xá xíu nóng hổi: 45,000đ/thố (Cơm nấu niêu thố đất tạo lớp cháy giòn nhẹ, phủ thịt xá xíu đậm sốt) | Suất cơm bình dân tự chọn (3 món mặn + rau): 27,000đ/suất (Cơm suất bình dân đầy đặn sạch sẽ cho sinh viên và người đi làm) | Cơm tấm sườn bì chả Sài Gòn: 40,000đ/đĩa (Cơm tấm ăn kèm sườn nướng mặn ngọt chả trứng bì heo thính và nước mắm chua cay)"
ChIJJxydaJ9bNDERcuQU3mlteLo,Nga Toản,20.9869179,105.5313144,3.7,29,XGPJ+QG8,Hà Nội,"Hòa Lạc, Hà Nội",VN,,+84 378 387 368,Nhà hàng phở,https://www.google.com/maps/search/?api=1&query=Nga%20To%E1%BA%A3n&query_place_id=ChIJJxydaJ9bNDERcuQU3mlteLo,Có,"Phở chín bò ta: 35,000đ/bát (Nước dùng phở bò ninh xương ống ngọt lịm kèm thịt chín thái mỏng) | Phở tái chần: 35,000đ/bát (Phở bò với thịt bò tươi chần tái mềm ngọt) | Phở nạm gầu giòn: 38,000đ/bát (Bánh phở mềm cùng nạm bò và gầu bò giòn sần sật) | Phở tái lăn đặc biệt: 43,000đ/bát (Phở bò xào tái lăn thơm mùi tỏi phi) | Trứng gà trần: 7,000đ/quả (Trứng trần nước phở béo ngậy) | Quẩy giòn: 8,000đ/chiếc (Quẩy giòn ăn kèm nước phở)"
ChIJZa42vnNbNDERL7p1U1bs9fI,Bình Giang Quán,20.9807373,105.556377,4.5,29,xóm đường đôi thôn 5,Hà Nội,"Phú Cát, Hà Nội",VN,,,Nhà hàng,https://www.google.com/maps/search/?api=1&query=B%C3%ACnh%20Giang%20Qu%C3%A1n&query_place_id=ChIJZa42vnNbNDERL7p1U1bs9fI,Có,"Cá kho tộ miền Tây đậm vị: 85,000đ/tộ (Cá trắm đen kho tộ sánh quyện nước hàng dừa) | Thịt ba chỉ rang cháy cạnh: 80,000đ/đĩa (Thịt ba chỉ ba chỉ giòn rưới mỡ hành) | Sườn non xào chua ngọt: 78,000đ/đĩa (Sườn non xào cùng dứa và ớt chuông sốt chua cay) | Rau muống luộc dầm sấu / xào tỏi: 33,000đ/đĩa (Rau muống tươi xanh luộc chấm nước mắm chanh ớt) | Canh riêu cua đồng cà pháo: 40,000đ/bát (Canh cua đồng mát lạnh ăn kèm cà pháo giòn tan) | Cơm trắng gạo tám thơm: 15,000đ/niêu (Niêu cơm gạo tám dẻo thơm)"
ChIJW3HcIKhbNDERg9SetG4bAvc,Nhà Hàng Tuấn Trâu,21.0175602,105.5791692,4.2,29,,Hà Nội,"Hạ Bằng, Hà Nội",VN,,+84 988 345 658,Nhà hàng,https://www.google.com/maps/search/?api=1&query=Nh%C3%A0%20H%C3%A0ng%20Tu%E1%BA%A5n%20Tr%C3%A2u&query_place_id=ChIJW3HcIKhbNDERg9SetG4bAvc,Có,"Thịt trâu xào lá lốt: 130,000đ/đĩa (Thịt trâu tươi mềm ngọt xào lá lốt thơm lừng) | Thịt trâu nhúng mẻ chua cay: 140,000đ/đĩa (Thịt trâu nhúng nước dùng mẻ chua thanh nhẹ) | Dê tái chanh chấm tương gừng: 150,000đ/đĩa (Thịt dê núi hấp tái trộn vừng sả lá chanh) | Dê né bản gang: 180,000đ/đĩa (Dê xào nóng hổi trên bản gang kèm đậu bắp) | Lẩu dê núi nhúng mẻ: 419,000đ/nồi (Nồi lẩu dê núi ré thơm ngon kèm rau nhúng đặc sản) | Cơm cháy sốt dê: 65,000đ/đĩa (Cơm cháy giòn tan rưới nước sốt dê đậm vị)"
ChIJJ2hiRwBbNDERk4M-9irleAw,Nhà Chung Cafe 2,21.0194254,105.5504889,4.9,28,Ngõ 52 Tân Xã,Hà Nội,"Hạ Bằng, Hà Nội",VN,,+84 867 571 098,Quán cà phê,https://www.google.com/maps/search/?api=1&query=Nh%C3%A0%20Chung%20Cafe%202&query_place_id=ChIJJ2hiRwBbNDERk4M-9irleAw,Có,"Cà phê đen đá pha phin: 22,000đ/ly (Cà phê đen truyền thống đậm đà) | Cà phê sữa đá: 22,000đ/ly (Cà phê sữa pha phin béo ngậy) | Bạc xỉu cốt dừa: 27,000đ/ly (Nhiều sữa béo ngậy vị dừa hòa quyện chút cà phê) | Trà đào cam sả: 35,000đ/ly (Trà đào thơm mát kết hợp lát đào cam tươi sả thơm) | Trà sữa trân châu truyền thống: 35,000đ/ly (Trà sữa đậm trà kèm trân châu đen dai giòn) | Sinh tố bơ sáp: 33,000đ/ly (Sinh tố bơ sáp tươi ngon xay sữa đặc ngậy béo) | Nước ép cam nguyên chất: 27,000đ/ly (Ép cam sành tự nhiên nhiều vitamin C)"
ChIJfTORIu9bNDER2IlSPvO-11g,Nướng Ven Hồ Hà Quý,21.0176375,105.5482656,4.4,28,2G9X+382,Hà Nội,"Hạ Bằng, Hà Nội",VN,,+84 944 931 919,Nhà hàng món nướng,https://www.google.com/maps/search/?api=1&query=N%C6%B0%E1%BB%9Bng%20Ven%20H%E1%BB%93%20H%C3%A0%20Qu%C3%BD&query_place_id=ChIJfTORIu9bNDER2IlSPvO-11g,Có,"Lẩu cua đồng sườn sụn bắp bò: 350,000đ/nồi (Nồi lẩu riêu cua đồng nguyên chất siêu nhiều gạch, kèm bắp bò sườn sụn) | Lẩu Thái hải sản chua cay: 399,000đ/nồi (Nước lẩu Tomyum chua cay nhúng tôm, mực, ngao, nấm) | Set nướng BBQ thập cẩm bò ba chỉ: 319,000đ/set (Bắp bò, ba chỉ heo cuộn nấm kim châm tẩm sốt BBQ nướng xèo xèo) | Ba chỉ bò Mỹ nhúng thêm: 82,000đ/đĩa (Thịt ba chỉ bò Mỹ thái mỏng cuốn nấm) | Sườn sụn non heo thêm: 80,000đ/đĩa (Sườn non giòn sần sật nhúng lẩu) | Rau nấm tổng hợp nhúng lẩu: 27,000đ/đĩa (Nấm kim châm, cải thảo, rau muống tươi)"
ChIJwbQpFWZbNDERW1A4GuxaRi8,Bún Đậu Sơn béo,21.0035888,105.5198113,2.4,27,Thôn 3 QL21,Hà Nội,"Hòa Lạc, Hà Nội",VN,,+84 866 823 822,Nhà hàng gia đình,https://www.google.com/maps/search/?api=1&query=B%C3%BAn%20%C4%90%E1%BA%ADu%20S%C6%A1n%20b%C3%A9o&query_place_id=ChIJwbQpFWZbNDERW1A4GuxaRi8,Có,"Bún đậu mắm tôm đầy đủ (Đậu, thịt chân giò, nem chua rán, chả cốm): 50,000đ/suất (Mẹt bún đậu đầy đủ nguyên liệu tươi ngon kèm rau thơm kinh giới) | Bún đậu thường (Đậu chiên giòn): 28,000đ/suất (Bún đậu chay đơn giản với đậu phụ rán giòn) | Bún chả Hà Nội truyền thống: 38,000đ/suất (Chả miếng và chả viên nướng than hoa thơm phức trong bát nước chấm chua ngọt) | Nem cua bể chiên giòn: 15,000đ/chiếc (Nem cua bể giòn rụm nhiều nhân) | Nước sấu đá ngầm chua ngọt: 12,000đ/cốc (Đồ uống giải nhiệt cực hợp vị bún đậu)"
ChIJS5m0LwlbNDERZ02OmeaOUn8,Nhà Hàng Phú Vinh,20.9857248,105.5321686,4.3,27,XGPJ+7VM,Hà Nội,"Hòa Lạc, Hà Nội",VN,,+84 369 843 198,Nhà hàng,https://www.google.com/maps/search/?api=1&query=Nh%C3%A0%20H%C3%A0ng%20Ph%C3%BA%20Vinh&query_place_id=ChIJS5m0LwlbNDERZ02OmeaOUn8,Có,"Cá kho tộ miền Tây đậm vị: 90,000đ/tộ (Cá trắm đen kho tộ sánh quyện nước hàng dừa) | Thịt ba chỉ rang cháy cạnh: 80,000đ/đĩa (Thịt ba chỉ ba chỉ giòn rưới mỡ hành) | Sườn non xào chua ngọt: 80,000đ/đĩa (Sườn non xào cùng dứa và ớt chuông sốt chua cay) | Rau muống luộc dầm sấu / xào tỏi: 27,000đ/đĩa (Rau muống tươi xanh luộc chấm nước mắm chanh ớt) | Canh riêu cua đồng cà pháo: 45,000đ/bát (Canh cua đồng mát lạnh ăn kèm cà pháo giòn tan) | Cơm trắng gạo tám thơm: 12,000đ/niêu (Niêu cơm gạo tám dẻo thơm)"
ChIJtwiW-99ZNDER4s68GCSjoT0,Venus 88 Coffee,21.0447867,105.5537816,4.1,27,"2HV3+WG7 Đối Diện Cổng Làng Yên Mỹ, ĐT420",Hà Nội,"Hạ Bằng, Hà Nội",VN,https://www.facebook.com/venus88coffee,+84 966 607 648,Quán cà phê,https://www.google.com/maps/search/?api=1&query=Venus%2088%20Coffee&query_place_id=ChIJtwiW-99ZNDER4s68GCSjoT0,Có,"Cà phê đen đá pha phin: 19,000đ/ly (Cà phê đen truyền thống đậm đà) | Cà phê sữa đá: 28,000đ/ly (Cà phê sữa pha phin béo ngậy) | Bạc xỉu cốt dừa: 30,000đ/ly (Nhiều sữa béo ngậy vị dừa hòa quyện chút cà phê) | Trà đào cam sả: 35,000đ/ly (Trà đào thơm mát kết hợp lát đào cam tươi sả thơm) | Trà sữa trân châu truyền thống: 30,000đ/ly (Trà sữa đậm trà kèm trân châu đen dai giòn) | Sinh tố bơ sáp: 33,000đ/ly (Sinh tố bơ sáp tươi ngon xay sữa đặc ngậy béo) | Nước ép cam nguyên chất: 33,000đ/ly (Ép cam sành tự nhiên nhiều vitamin C)"
ChIJ-8SysvZZNDER2EhyAErbwKA,Cafe Du Miên Bi a,21.0549602,105.5710174,4.7,27,cầu phú thứ,Hà Nội,"Thạch Thất, Hà Nội",VN,https://m.facebook.com/profile.php?id=341556879878938,+84 962 399 689,Quán cà phê,https://www.google.com/maps/search/?api=1&query=Cafe%20Du%20Mi%C3%AAn%20Bi%20a&query_place_id=ChIJ-8SysvZZNDER2EhyAErbwKA,Có,"Cà phê đen đá pha phin: 22,000đ/ly (Cà phê đen truyền thống đậm đà) | Cà phê sữa đá: 28,000đ/ly (Cà phê sữa pha phin béo ngậy) | Bạc xỉu cốt dừa: 33,000đ/ly (Nhiều sữa béo ngậy vị dừa hòa quyện chút cà phê) | Trà đào cam sả: 37,000đ/ly (Trà đào thơm mát kết hợp lát đào cam tươi sả thơm) | Trà sữa trân châu truyền thống: 33,000đ/ly (Trà sữa đậm trà kèm trân châu đen dai giòn) | Sinh tố bơ sáp: 35,000đ/ly (Sinh tố bơ sáp tươi ngon xay sữa đặc ngậy béo) | Nước ép cam nguyên chất: 33,000đ/ly (Ép cam sành tự nhiên nhiều vitamin C)"
ChIJ7bIg7_xbNDER0JiAJVkhpt0,Young Food&Drink,21.0178117,105.5488984,4.5,27,Số 68 đường Muc Uyên - Công Nghệ,Hà Nội,"Hạ Bằng, Hà Nội",VN,,+84 335 990 484,Quán cà phê,https://www.google.com/maps/search/?api=1&query=Young%20Food%26Drink&query_place_id=ChIJ7bIg7_xbNDER0JiAJVkhpt0,Có,"Cà phê đen đá pha phin: 19,000đ/ly (Cà phê đen truyền thống đậm đà) | Cà phê sữa đá: 25,000đ/ly (Cà phê sữa pha phin béo ngậy) | Bạc xỉu cốt dừa: 27,000đ/ly (Nhiều sữa béo ngậy vị dừa hòa quyện chút cà phê) | Trà đào cam sả: 30,000đ/ly (Trà đào thơm mát kết hợp lát đào cam tươi sả thơm) | Trà sữa trân châu truyền thống: 40,000đ/ly (Trà sữa đậm trà kèm trân châu đen dai giòn) | Sinh tố bơ sáp: 37,000đ/ly (Sinh tố bơ sáp tươi ngon xay sữa đặc ngậy béo) | Nước ép cam nguyên chất: 27,000đ/ly (Ép cam sành tự nhiên nhiều vitamin C)"
ChIJa0CLQgBbNDERglPO9MrQl9o,Sun Food - Ăn vặt 24h,21.0232744,105.5214341,5.0,26,2GFC+8H7,Hà Nội,"Hòa Lạc, Hà Nội",VN,,,Nhà hàng,https://www.google.com/maps/search/?api=1&query=Sun%20Food%20-%20%C4%82n%20v%E1%BA%B7t%2024h&query_place_id=ChIJa0CLQgBbNDERglPO9MrQl9o,Có,"Ốc luộc sả lá chanh truyền thống: 38,000đ/bát (Ốc vặn/ốc nhồi mít luộc thơm mùi sả chấm nước mắm gừng cay ngọt đặc sản) | Ốc móng tay xào bơ tỏi thơm lừng: 68,000đ/đĩa (Ốc móng tay tươi ngọt sốt bơ tỏi sánh béo chấm bánh mì tuyệt đỉnh) | Nem chua rán giòn rụm (10 cái): 50,000đ/đĩa (Nem chua rán nóng hổi chấm tương ớt cay nồng) | Khoai tây chiên lắc bột phô mai: 30,000đ/đĩa (Món khai vị ăn vặt khoái khẩu) | Trà quất mật ong khổng lồ: 12,000đ/cốc (Trà quất mát chua ngọt cực đã khát)"
ChIJX497GgBbNDERQSBWesGo78k,Khu Dịch Vụ AURORA Service Area,20.9968895,105.5145611,4.6,26,XGW7+HJF,Hà Nội,"Hòa Lạc, Hà Nội",VN,,+84 375 363 992,Nhà hàng,https://www.google.com/maps/search/?api=1&query=Khu%20D%E1%BB%8Bch%20V%E1%BB%A5%20AURORA%20Service%20Area&query_place_id=ChIJX497GgBbNDERQSBWesGo78k,Có,"Cá kho tộ miền Tây đậm vị: 87,000đ/tộ (Cá trắm đen kho tộ sánh quyện nước hàng dừa) | Thịt ba chỉ rang cháy cạnh: 75,000đ/đĩa (Thịt ba chỉ ba chỉ giòn rưới mỡ hành) | Sườn non xào chua ngọt: 82,000đ/đĩa (Sườn non xào cùng dứa và ớt chuông sốt chua cay) | Rau muống luộc dầm sấu / xào tỏi: 27,000đ/đĩa (Rau muống tươi xanh luộc chấm nước mắm chanh ớt) | Canh riêu cua đồng cà pháo: 43,000đ/bát (Canh cua đồng mát lạnh ăn kèm cà pháo giòn tan) | Cơm trắng gạo tám thơm: 12,000đ/niêu (Niêu cơm gạo tám dẻo thơm)"
ChIJ4TSep3taNDER3jL-oPyOJyI,Nhà Hàng Chiến Hong Kong,20.993837,105.5855836,4.1,26,CT03,Hà Nội,"Kiều Phú, Hà Nội",VN,,+84 824 111 113,Nhà hàng,https://www.google.com/maps/search/?api=1&query=Nh%C3%A0%20H%C3%A0ng%20Chi%E1%BA%BFn%20Hong%20Kong&query_place_id=ChIJ4TSep3taNDER3jL-oPyOJyI,Có,"Cá kho tộ miền Tây đậm vị: 85,000đ/tộ (Cá trắm đen kho tộ sánh quyện nước hàng dừa) | Thịt ba chỉ rang cháy cạnh: 77,000đ/đĩa (Thịt ba chỉ ba chỉ giòn rưới mỡ hành) | Sườn non xào chua ngọt: 75,000đ/đĩa (Sườn non xào cùng dứa và ớt chuông sốt chua cay) | Rau muống luộc dầm sấu / xào tỏi: 33,000đ/đĩa (Rau muống tươi xanh luộc chấm nước mắm chanh ớt) | Canh riêu cua đồng cà pháo: 45,000đ/bát (Canh cua đồng mát lạnh ăn kèm cà pháo giòn tan) | Cơm trắng gạo tám thơm: 15,000đ/niêu (Niêu cơm gạo tám dẻo thơm)"
ChIJUdaBfxlbNDERnHpo5VmEWnw,Góc Phố Quán,21.0017943,105.5219975,4.5,25,2G2C+FHX,Hà Nội,"Hòa Lạc, Hà Nội",VN,,,Nhà hàng,https://www.google.com/maps/search/?api=1&query=G%C3%B3c%20Ph%E1%BB%91%20Qu%C3%A1n&query_place_id=ChIJUdaBfxlbNDERnHpo5VmEWnw,Có,"Cá kho tộ miền Tây đậm vị: 87,000đ/tộ (Cá trắm đen kho tộ sánh quyện nước hàng dừa) | Thịt ba chỉ rang cháy cạnh: 70,000đ/đĩa (Thịt ba chỉ ba chỉ giòn rưới mỡ hành) | Sườn non xào chua ngọt: 78,000đ/đĩa (Sườn non xào cùng dứa và ớt chuông sốt chua cay) | Rau muống luộc dầm sấu / xào tỏi: 27,000đ/đĩa (Rau muống tươi xanh luộc chấm nước mắm chanh ớt) | Canh riêu cua đồng cà pháo: 45,000đ/bát (Canh cua đồng mát lạnh ăn kèm cà pháo giòn tan) | Cơm trắng gạo tám thơm: 15,000đ/niêu (Niêu cơm gạo tám dẻo thơm)"
ChIJV7e0NRFaNDER_-xiipPEhW0,Nhà Hàng Gia Hân,21.0172794,105.5772078,4.1,25,2H8G+WV8,Hà Nội,"Hạ Bằng, Hà Nội",VN,https://www.facebook.com/phuong.kieu.1,+84 978 177 014,Nhà hàng,https://www.google.com/maps/search/?api=1&query=Nh%C3%A0%20H%C3%A0ng%20Gia%20H%C3%A2n&query_place_id=ChIJV7e0NRFaNDER_-xiipPEhW0,Có,"Cá kho tộ miền Tây đậm vị: 83,000đ/tộ (Cá trắm đen kho tộ sánh quyện nước hàng dừa) | Thịt ba chỉ rang cháy cạnh: 80,000đ/đĩa (Thịt ba chỉ ba chỉ giòn rưới mỡ hành) | Sườn non xào chua ngọt: 78,000đ/đĩa (Sườn non xào cùng dứa và ớt chuông sốt chua cay) | Rau muống luộc dầm sấu / xào tỏi: 27,000đ/đĩa (Rau muống tươi xanh luộc chấm nước mắm chanh ớt) | Canh riêu cua đồng cà pháo: 45,000đ/bát (Canh cua đồng mát lạnh ăn kèm cà pháo giòn tan) | Cơm trắng gạo tám thơm: 18,000đ/niêu (Niêu cơm gạo tám dẻo thơm)"
ChIJX7G3CgBZNDERE6Yb5eNLgCs,Jamstation Nhà Trên Xe,21.0566718,105.5321993,4.6,25,"3G4J+MV8, Ngõ 53",Hà Nội,"Đoài Phương, Hà Nội",VN,,+84 365 053 089,Căn hộ nghỉ dưỡng cho thuê,https://www.google.com/maps/search/?api=1&query=Jamstation%20Nh%C3%A0%20Tr%C3%AAn%20Xe&query_place_id=ChIJX7G3CgBZNDERE6Yb5eNLgCs,Không,Không áp dụng (Địa điểm phi ẩm thực)
ChIJhzsIQABbNDERJ_muMVWCfNY,Cơm Thố Bách Khoa,21.0055421,105.5185257,3.5,24,2G49+6C6,Hà Nội,"Hòa Lạc, Hà Nội",VN,,,Nhà hàng cơm,https://www.google.com/maps/search/?api=1&query=C%C6%A1m%20Th%E1%BB%91%20B%C3%A1ch%20Khoa&query_place_id=ChIJhzsIQABbNDERJ_muMVWCfNY,Có,"Cơm rang dưa bò: 50,000đ/đĩa (Cơm rang hạt giòn tơi xào cùng cải dưa chua và thịt bò tươi mềm) | Cơm rang thập cẩm giòn: 30,000đ/đĩa (Cơm rang lạp xưởng ngô ngọt đậu hà lan rưới trứng vàng) | Cơm thố xá xíu nóng hổi: 35,000đ/thố (Cơm nấu niêu thố đất tạo lớp cháy giòn nhẹ, phủ thịt xá xíu đậm sốt) | Suất cơm bình dân tự chọn (3 món mặn + rau): 33,000đ/suất (Cơm suất bình dân đầy đặn sạch sẽ cho sinh viên và người đi làm) | Cơm tấm sườn bì chả Sài Gòn: 45,000đ/đĩa (Cơm tấm ăn kèm sườn nướng mặn ngọt chả trứng bì heo thính và nước mắm chua cay)"
ChIJw0vkVwBbNDERgsd3QXtK--k,Hoà Lạc Quán,21.007818,105.5178904,4.0,24,2G59+45C,Hà Nội,"Hòa Lạc, Hà Nội",VN,,+84 969 090 643,Nhà hàng,https://www.google.com/maps/search/?api=1&query=Ho%C3%A0%20L%E1%BA%A1c%20Qu%C3%A1n&query_place_id=ChIJw0vkVwBbNDERgsd3QXtK--k,Có,"Cá kho tộ miền Tây đậm vị: 83,000đ/tộ (Cá trắm đen kho tộ sánh quyện nước hàng dừa) | Thịt ba chỉ rang cháy cạnh: 73,000đ/đĩa (Thịt ba chỉ ba chỉ giòn rưới mỡ hành) | Sườn non xào chua ngọt: 80,000đ/đĩa (Sườn non xào cùng dứa và ớt chuông sốt chua cay) | Rau muống luộc dầm sấu / xào tỏi: 27,000đ/đĩa (Rau muống tươi xanh luộc chấm nước mắm chanh ớt) | Canh riêu cua đồng cà pháo: 43,000đ/bát (Canh cua đồng mát lạnh ăn kèm cà pháo giòn tan) | Cơm trắng gạo tám thơm: 18,000đ/niêu (Niêu cơm gạo tám dẻo thơm)"
ChIJux3JsslbNDERMDT_j9os_ZU,Gà Rán Five Star Tân Xã,21.0191559,105.5522168,4.1,24,Số 5 Đường Mục Uyên,Hà Nội,"Hạ Bằng, Hà Nội",VN,,+84 973 351 263,Quán gà rán mang đi,https://www.google.com/maps/search/?api=1&query=G%C3%A0%20R%C3%A1n%20Five%20Star%20T%C3%A2n%20X%C3%A3&query_place_id=ChIJux3JsslbNDERMDT_j9os_ZU,Có,"Gà ri hấp lá chanh (Cả con): 210,000đ/con (Gà ri đồi nuôi thả tự nhiên dai ngọt da vàng giòn) | Gà ri nướng mật ong (Cả con): 240,000đ/con (Gà ri nướng mật ong thơm phức vàng óng) | Gà rang muối tỏi: 150,000đ/đĩa (Gà ta chặt miếng rang muối đậm đà sần sật) | Lẩu gà ri thuốc bắc: 340,000đ/nồi (Nồi lẩu gà ri thuốc bắc bổ dưỡng kèm rau nấm) | Xôi chim câu hành phi: 80,000đ/đĩa (Xôi nếp dẻo thơm ăn kèm thịt chim câu băm nhỏ) | Lòng mề gà xào mướp giá: 72,000đ/đĩa (Lòng mề gà ri giòn xào mướp hương thơm phức)"
ChIJ0-uFJWNbNDER6mww_kRPA6k,Khu du lịch sinh thái đồi thông Quang Huy,21.0233043,105.5849606,4.4,24,2HCP+R5F,Hà Nội,"Hạ Bằng, Hà Nội",VN,http://quanghuydulich.vn/,+84 966 615 662,Nhà hàng,https://www.google.com/maps/search/?api=1&query=Khu%20du%20l%E1%BB%8Bch%20sinh%20th%C3%A1i%20%C4%91%E1%BB%93i%20th%C3%B4ng%20Quang%20Huy&query_place_id=ChIJ0-uFJWNbNDER6mww_kRPA6k,Có,"Cá kho tộ miền Tây đậm vị: 80,000đ/tộ (Cá trắm đen kho tộ sánh quyện nước hàng dừa) | Thịt ba chỉ rang cháy cạnh: 70,000đ/đĩa (Thịt ba chỉ ba chỉ giòn rưới mỡ hành) | Sườn non xào chua ngọt: 80,000đ/đĩa (Sườn non xào cùng dứa và ớt chuông sốt chua cay) | Rau muống luộc dầm sấu / xào tỏi: 33,000đ/đĩa (Rau muống tươi xanh luộc chấm nước mắm chanh ớt) | Canh riêu cua đồng cà pháo: 50,000đ/bát (Canh cua đồng mát lạnh ăn kèm cà pháo giòn tan) | Cơm trắng gạo tám thơm: 18,000đ/niêu (Niêu cơm gạo tám dẻo thơm)"
ChIJUxRpx6NbNDERaJB1C9yMp70,"Xóm Thái, cs Hòa Lạc - Ẩm Thực Thái",21.0138861,105.5189374,4.6,23,"Số 48 Thôn 3, xã",Hà Nội,"Hòa Lạc, Hà Nội",VN,,+84 971 004 296,Nhà hàng Thái Lan,https://www.google.com/maps/search/?api=1&query=X%C3%B3m%20Th%C3%A1i%2C%20cs%20H%C3%B2a%20L%E1%BA%A1c%20-%20%E1%BA%A8m%20Th%E1%BB%B1c%20Th%C3%A1i&query_place_id=ChIJUxRpx6NbNDERaJB1C9yMp70,Có,"Cá kho tộ miền Tây đậm vị: 85,000đ/tộ (Cá trắm đen kho tộ sánh quyện nước hàng dừa) | Thịt ba chỉ rang cháy cạnh: 75,000đ/đĩa (Thịt ba chỉ ba chỉ giòn rưới mỡ hành) | Sườn non xào chua ngọt: 78,000đ/đĩa (Sườn non xào cùng dứa và ớt chuông sốt chua cay) | Rau muống luộc dầm sấu / xào tỏi: 33,000đ/đĩa (Rau muống tươi xanh luộc chấm nước mắm chanh ớt) | Canh riêu cua đồng cà pháo: 47,000đ/bát (Canh cua đồng mát lạnh ăn kèm cà pháo giòn tan) | Cơm trắng gạo tám thơm: 12,000đ/niêu (Niêu cơm gạo tám dẻo thơm)"
ChIJK2AAP5dbNDERsQ-PtvW4jpY,Nhà Hàng Trâu Tươi 2HS,21.0197514,105.5211386,3.9,23,QL21A,Hà Nội,"Hòa Lạc, Hà Nội",VN,,+84 912 365 255,Nhà hàng,https://www.google.com/maps/search/?api=1&query=Nh%C3%A0%20H%C3%A0ng%20Tr%C3%A2u%20T%C6%B0%C6%A1i%202HS&query_place_id=ChIJK2AAP5dbNDERsQ-PtvW4jpY,Có,"Thịt trâu xào lá lốt: 120,000đ/đĩa (Thịt trâu tươi mềm ngọt xào lá lốt thơm lừng) | Thịt trâu nhúng mẻ chua cay: 130,000đ/đĩa (Thịt trâu nhúng nước dùng mẻ chua thanh nhẹ) | Dê tái chanh chấm tương gừng: 170,000đ/đĩa (Thịt dê núi hấp tái trộn vừng sả lá chanh) | Dê né bản gang: 160,000đ/đĩa (Dê xào nóng hổi trên bản gang kèm đậu bắp) | Lẩu dê núi nhúng mẻ: 379,000đ/nồi (Nồi lẩu dê núi ré thơm ngon kèm rau nhúng đặc sản) | Cơm cháy sốt dê: 68,000đ/đĩa (Cơm cháy giòn tan rưới nước sốt dê đậm vị)"
ChIJW8ybGPhaNDERHEHRr9WmNj4,Nhà Hàng Dốc Tiên,20.9869084,105.5585249,3.7,23,"XHP5+QC6, Thôn Khoang Mái",Hà Nội,"Hạ Bằng, Hà Nội",VN,,+84 936 646 242,Nhà hàng,https://www.google.com/maps/search/?api=1&query=Nh%C3%A0%20H%C3%A0ng%20D%E1%BB%91c%20Ti%C3%AAn&query_place_id=ChIJW8ybGPhaNDERHEHRr9WmNj4,Có,"Ốc luộc sả lá chanh truyền thống: 38,000đ/bát (Ốc vặn/ốc nhồi mít luộc thơm mùi sả chấm nước mắm gừng cay ngọt đặc sản) | Ốc móng tay xào bơ tỏi thơm lừng: 65,000đ/đĩa (Ốc móng tay tươi ngọt sốt bơ tỏi sánh béo chấm bánh mì tuyệt đỉnh) | Nem chua rán giòn rụm (10 cái): 45,000đ/đĩa (Nem chua rán nóng hổi chấm tương ớt cay nồng) | Khoai tây chiên lắc bột phô mai: 30,000đ/đĩa (Món khai vị ăn vặt khoái khẩu) | Trà quất mật ong khổng lồ: 15,000đ/cốc (Trà quất mát chua ngọt cực đã khát)"
ChIJBRDkFT9bNDERkhBYjyTUkm0,Trà Đá BĐS Đồng Trúc,20.9898659,105.5663769,4.3,23,"XHQ8+WHR, Unnamed Road",Hà Nội,"Hạ Bằng, Hà Nội",VN,,+84 973 126 869,Quán cà phê,https://www.google.com/maps/search/?api=1&query=Tr%C3%A0%20%C4%90%C3%A1%20B%C4%90S%20%C4%90%E1%BB%93ng%20Tr%C3%BAc&query_place_id=ChIJBRDkFT9bNDERkhBYjyTUkm0,Có,"Cà phê đen đá pha phin: 19,000đ/ly (Cà phê đen truyền thống đậm đà) | Cà phê sữa đá: 28,000đ/ly (Cà phê sữa pha phin béo ngậy) | Bạc xỉu cốt dừa: 30,000đ/ly (Nhiều sữa béo ngậy vị dừa hòa quyện chút cà phê) | Trà đào cam sả: 30,000đ/ly (Trà đào thơm mát kết hợp lát đào cam tươi sả thơm) | Trà sữa trân châu truyền thống: 30,000đ/ly (Trà sữa đậm trà kèm trân châu đen dai giòn) | Sinh tố bơ sáp: 30,000đ/ly (Sinh tố bơ sáp tươi ngon xay sữa đặc ngậy béo) | Nước ép cam nguyên chất: 30,000đ/ly (Ép cam sành tự nhiên nhiều vitamin C)"
ChIJ-b5ocfRbNDER_nbt3R13PTY,Highlands Coffee Dai Hoc FPT HN,21.0132101,105.524657,4.3,23,Hi-tech,Hà Nội,"Hòa Lạc, Hà Nội",VN,https://www.highlandscoffee.com.vn/,+84 24 5678 0014,Quán cà phê,https://www.google.com/maps/search/?api=1&query=Highlands%20Coffee%20Dai%20Hoc%20FPT%20HN&query_place_id=ChIJ-b5ocfRbNDER_nbt3R13PTY,Có,"Cà phê đen đá pha phin: 22,000đ/ly (Cà phê đen truyền thống đậm đà) | Cà phê sữa đá: 25,000đ/ly (Cà phê sữa pha phin béo ngậy) | Bạc xỉu cốt dừa: 27,000đ/ly (Nhiều sữa béo ngậy vị dừa hòa quyện chút cà phê) | Trà đào cam sả: 30,000đ/ly (Trà đào thơm mát kết hợp lát đào cam tươi sả thơm) | Trà sữa trân châu truyền thống: 33,000đ/ly (Trà sữa đậm trà kèm trân châu đen dai giòn) | Sinh tố bơ sáp: 35,000đ/ly (Sinh tố bơ sáp tươi ngon xay sữa đặc ngậy béo) | Nước ép cam nguyên chất: 33,000đ/ly (Ép cam sành tự nhiên nhiều vitamin C)"
ChIJRStLRwBbNDERDzXZFIpV_ys,YAKI Buffet,21.0093183,105.5185615,4.5,22,147 Cụm 3,Hà Nội,"Hòa Lạc, Hà Nội",VN,https://www.facebook.com/share/18q1fwwpxZ/?mibextid=wwXIfr,+84 382 683 890,Nhà hàng tiệc đứng,https://www.google.com/maps/search/?api=1&query=YAKI%20Buffet&query_place_id=ChIJRStLRwBbNDERDzXZFIpV_ys,Có,"Lẩu cua đồng sườn sụn bắp bò: 360,000đ/nồi (Nồi lẩu riêu cua đồng nguyên chất siêu nhiều gạch, kèm bắp bò sườn sụn) | Lẩu Thái hải sản chua cay: 409,000đ/nồi (Nước lẩu Tomyum chua cay nhúng tôm, mực, ngao, nấm) | Set nướng BBQ thập cẩm bò ba chỉ: 289,000đ/set (Bắp bò, ba chỉ heo cuộn nấm kim châm tẩm sốt BBQ nướng xèo xèo) | Ba chỉ bò Mỹ nhúng thêm: 78,000đ/đĩa (Thịt ba chỉ bò Mỹ thái mỏng cuốn nấm) | Sườn sụn non heo thêm: 75,000đ/đĩa (Sườn non giòn sần sật nhúng lẩu) | Rau nấm tổng hợp nhúng lẩu: 33,000đ/đĩa (Nấm kim châm, cải thảo, rau muống tươi)"
ChIJp05nUXZbNDER5qi2_6wZ1N0,Phở Bò Chí Hiếu,20.9900572,105.5156869,3.5,22,XGR8+27F,Hà Nội,"Yên Xuân, Hà Nội",VN,,,Nhà hàng phở,https://www.google.com/maps/search/?api=1&query=Ph%E1%BB%9F%20B%C3%B2%20Ch%C3%AD%20Hi%E1%BA%BFu&query_place_id=ChIJp05nUXZbNDER5qi2_6wZ1N0,Có,"Phở chín bò ta: 30,000đ/bát (Nước dùng phở bò ninh xương ống ngọt lịm kèm thịt chín thái mỏng) | Phở tái chần: 40,000đ/bát (Phở bò với thịt bò tươi chần tái mềm ngọt) | Phở nạm gầu giòn: 42,000đ/bát (Bánh phở mềm cùng nạm bò và gầu bò giòn sần sật) | Phở tái lăn đặc biệt: 45,000đ/bát (Phở bò xào tái lăn thơm mùi tỏi phi) | Trứng gà trần: 10,000đ/quả (Trứng trần nước phở béo ngậy) | Quẩy giòn: 2,000đ/chiếc (Quẩy giòn ăn kèm nước phở)"
ChIJXSaL_b5bNDERxA-KsH156KI,Billiards Club 386,20.9851875,105.5316875,5.0,22,XGPJ+3MC,Hà Nội,"Hòa Lạc, Hà Nội",VN,,+84 365 828 386,Tổ hợp thể thao,https://www.google.com/maps/search/?api=1&query=Billiards%20Club%20386&query_place_id=ChIJXSaL_b5bNDERxA-KsH156KI,Không,Không áp dụng (Địa điểm phi ẩm thực)
ChIJb2cIKdlZNDERWiJjmK6D604,Nhất Thuỷ Quán,21.0431336,105.5094659,3.7,21,2GV5+7Q4,Hà Nội,"Đoài Phương, Hà Nội",VN,,+84 982 760 976,Quán ăn nhỏ,https://www.google.com/maps/search/?api=1&query=Nh%E1%BA%A5t%20Thu%E1%BB%B7%20Qu%C3%A1n&query_place_id=ChIJb2cIKdlZNDERWiJjmK6D604,Có,"Cá kho tộ miền Tây đậm vị: 90,000đ/tộ (Cá trắm đen kho tộ sánh quyện nước hàng dừa) | Thịt ba chỉ rang cháy cạnh: 70,000đ/đĩa (Thịt ba chỉ ba chỉ giòn rưới mỡ hành) | Sườn non xào chua ngọt: 85,000đ/đĩa (Sườn non xào cùng dứa và ớt chuông sốt chua cay) | Rau muống luộc dầm sấu / xào tỏi: 27,000đ/đĩa (Rau muống tươi xanh luộc chấm nước mắm chanh ớt) | Canh riêu cua đồng cà pháo: 47,000đ/bát (Canh cua đồng mát lạnh ăn kèm cà pháo giòn tan) | Cơm trắng gạo tám thơm: 18,000đ/niêu (Niêu cơm gạo tám dẻo thơm)"
ChIJ_xinXQBbNDER6XVdDnMAKw8,Bánh tráng Mon,21.0041584,105.5194549,4.8,21,2G39+MQF,Hà Nội,"Hòa Lạc, Hà Nội",VN,,+84 971 069 888,Nhà hàng ăn nhanh,https://www.google.com/maps/search/?api=1&query=B%C3%A1nh%20tr%C3%A1ng%20Mon&query_place_id=ChIJ_xinXQBbNDER6XVdDnMAKw8,Có,"Gà rán giòn rụm tiêu cay (1 miếng): 40,000đ/miếng (Thịt gà tươi tẩm bột chiên vàng giòn da ngoài mọng nước bên trong) | Burger bò phô mai xá xíu đặc biệt: 50,000đ/chiếc (Burger kẹp bò băm nướng lò, phô mai lát béo ngậy, sốt đặc biệt) | Pizza xúc xích xông khói phô mai (Size 20cm): 100,000đ/chiếc (Đế pizza nướng giòn rưới đẫm phô mai Mozzarella nhập khẩu) | Khoai tây chiên giòn cọng lớn: 25,000đ/đĩa (Khoai tây vàng giòn tơi xốp ăn kèm sốt cà chua)"
ChIJ9bCavsdZNDERny5HDcFTzHg,Chu Coffee,21.0415853,105.5875204,4.0,21,chu coffe,Hà Nội,"Thạch Thất, Hà Nội",VN,,+84 927 923 838,Quán cà phê,https://www.google.com/maps/search/?api=1&query=Chu%20Coffee&query_place_id=ChIJ9bCavsdZNDERny5HDcFTzHg,Có,"Cà phê đen đá pha phin: 25,000đ/ly (Cà phê đen truyền thống đậm đà) | Cà phê sữa đá: 22,000đ/ly (Cà phê sữa pha phin béo ngậy) | Bạc xỉu cốt dừa: 27,000đ/ly (Nhiều sữa béo ngậy vị dừa hòa quyện chút cà phê) | Trà đào cam sả: 37,000đ/ly (Trà đào thơm mát kết hợp lát đào cam tươi sả thơm) | Trà sữa trân châu truyền thống: 40,000đ/ly (Trà sữa đậm trà kèm trân châu đen dai giòn) | Sinh tố bơ sáp: 35,000đ/ly (Sinh tố bơ sáp tươi ngon xay sữa đặc ngậy béo) | Nước ép cam nguyên chất: 33,000đ/ly (Ép cam sành tự nhiên nhiều vitamin C)"
ChIJjfjnGdtbNDERN5hEmIS-QWA,Xôi Quê,21.0066161,105.5181721,3.8,20,296 Thôn 3,Hà Nội,"Hòa Lạc, Hà Nội",VN,,+84 328 541 685,Quán ăn nhỏ,https://www.google.com/maps/search/?api=1&query=X%C3%B4i%20Qu%C3%AA&query_place_id=ChIJjfjnGdtbNDERN5hEmIS-QWA,Có,"Xôi xéo ruốc hành phi: 17,000đ/đĩa (Xôi xéo thơm nếp dẻo mỡ hành phi) | Bánh mì pate trứng giò: 22,000đ/cái (Bánh mì giòn kẹp pate nhà làm, trứng ốp la, giò lụa) | Sữa đậu nành nóng: 10,000đ/cốc (Sữa đậu nành nguyên chất) | Trà đá: 3,000đ/cốc (Trà giải khát sáng sớm)"
ChIJ6zp0QRJbNDER3AJ4q6Ug1mI,Bún Chả Nhất,21.0012361,105.5215227,4.1,20,Số 498 Thôn 3,Hà Nội,"Hòa Lạc, Hà Nội",VN,,+84 989 157 979,Nhà hàng,https://www.google.com/maps/search/?api=1&query=B%C3%BAn%20Ch%E1%BA%A3%20Nh%E1%BA%A5t&query_place_id=ChIJ6zp0QRJbNDER3AJ4q6Ug1mI,Có,"Bún đậu mắm tôm đầy đủ (Đậu, thịt chân giò, nem chua rán, chả cốm): 45,000đ/suất (Mẹt bún đậu đầy đủ nguyên liệu tươi ngon kèm rau thơm kinh giới) | Bún đậu thường (Đậu chiên giòn): 28,000đ/suất (Bún đậu chay đơn giản với đậu phụ rán giòn) | Bún chả Hà Nội truyền thống: 38,000đ/suất (Chả miếng và chả viên nướng than hoa thơm phức trong bát nước chấm chua ngọt) | Nem cua bể chiên giòn: 12,000đ/chiếc (Nem cua bể giòn rụm nhiều nhân) | Nước sấu đá ngầm chua ngọt: 15,000đ/cốc (Đồ uống giải nhiệt cực hợp vị bún đậu)"
ChIJZ29YfRtbNDERRpcp1JaeDoc,Nhà Hàng Vườn Xanh 1,20.9780756,105.5298682,4.7,20,Cầu Rau,Hà Nội,"Phú Cát, Hà Nội",VN,,+84 967 158 355,Nhà hàng,https://www.google.com/maps/search/?api=1&query=Nh%C3%A0%20H%C3%A0ng%20V%C6%B0%E1%BB%9Dn%20Xanh%201&query_place_id=ChIJZ29YfRtbNDERRpcp1JaeDoc,Có,"Cá kho tộ miền Tây đậm vị: 90,000đ/tộ (Cá trắm đen kho tộ sánh quyện nước hàng dừa) | Thịt ba chỉ rang cháy cạnh: 75,000đ/đĩa (Thịt ba chỉ ba chỉ giòn rưới mỡ hành) | Sườn non xào chua ngọt: 78,000đ/đĩa (Sườn non xào cùng dứa và ớt chuông sốt chua cay) | Rau muống luộc dầm sấu / xào tỏi: 30,000đ/đĩa (Rau muống tươi xanh luộc chấm nước mắm chanh ớt) | Canh riêu cua đồng cà pháo: 50,000đ/bát (Canh cua đồng mát lạnh ăn kèm cà pháo giòn tan) | Cơm trắng gạo tám thơm: 12,000đ/niêu (Niêu cơm gạo tám dẻo thơm)"
ChIJ_1gtuJJbNDERjpgld2bv5T0,Bánh Cuốn Thanh Đức,21.0255179,105.5200053,4.1,20,"2GGC+622, QL21A",Hà Nội,"Hòa Lạc, Hà Nội",VN,,+84 344 384 683,Quán mì,https://www.google.com/maps/search/?api=1&query=B%C3%A1nh%20Cu%E1%BB%91n%20Thanh%20%C4%90%E1%BB%A9c&query_place_id=ChIJ_1gtuJJbNDERjpgld2bv5T0,Có,"Bánh cuốn thịt băm mộc nhĩ tráng nóng: 30,000đ/đĩa (Bánh tráng tươi tại chỗ ăn nóng kèm hành phi thơm giòn tự làm) | Bánh cuốn trứng lòng đào đặc biệt: 30,000đ/đĩa (Bánh cuốn tráng ôm trọn lòng đỏ trứng gà ta lòng đào béo ngậy) | Chả quế rán ăn kèm: 10,000đ/đĩa (Chả quế thơm ngọt ăn kèm nước mắm bánh cuốn)"
ChIJI6t9yPZZNDERFfQalg-3nko,TocoToco,21.0494228,105.5829005,4.0,20,410 đồng cam,Hà Nội,"Thạch Thất, Hà Nội",VN,https://www.facebook.com/TocoTocoThachThat410DongCam,,Quán cà phê,https://www.google.com/maps/search/?api=1&query=TocoToco&query_place_id=ChIJI6t9yPZZNDERFfQalg-3nko,Có,"Cà phê đen đá pha phin: 19,000đ/ly (Cà phê đen truyền thống đậm đà) | Cà phê sữa đá: 25,000đ/ly (Cà phê sữa pha phin béo ngậy) | Bạc xỉu cốt dừa: 30,000đ/ly (Nhiều sữa béo ngậy vị dừa hòa quyện chút cà phê) | Trà đào cam sả: 30,000đ/ly (Trà đào thơm mát kết hợp lát đào cam tươi sả thơm) | Trà sữa trân châu truyền thống: 33,000đ/ly (Trà sữa đậm trà kèm trân châu đen dai giòn) | Sinh tố bơ sáp: 30,000đ/ly (Sinh tố bơ sáp tươi ngon xay sữa đặc ngậy béo) | Nước ép cam nguyên chất: 33,000đ/ly (Ép cam sành tự nhiên nhiều vitamin C)"
ChIJvTcO4WVaNDERx7GAikkCK28,Cafe Đàm Đồng Trúc,20.9971281,105.5766388,3.4,20,Unnamed Rd,Hà Nội,"Hạ Bằng, Hà Nội",VN,,+84 975 889 955,Quán cà phê,https://www.google.com/maps/search/?api=1&query=Cafe%20%C4%90a%CC%80m%20%C4%90%C3%B4%CC%80ng%20Tru%CC%81c&query_place_id=ChIJvTcO4WVaNDERx7GAikkCK28,Có,"Cà phê đen đá pha phin: 25,000đ/ly (Cà phê đen truyền thống đậm đà) | Cà phê sữa đá: 22,000đ/ly (Cà phê sữa pha phin béo ngậy) | Bạc xỉu cốt dừa: 33,000đ/ly (Nhiều sữa béo ngậy vị dừa hòa quyện chút cà phê) | Trà đào cam sả: 33,000đ/ly (Trà đào thơm mát kết hợp lát đào cam tươi sả thơm) | Trà sữa trân châu truyền thống: 40,000đ/ly (Trà sữa đậm trà kèm trân châu đen dai giòn) | Sinh tố bơ sáp: 35,000đ/ly (Sinh tố bơ sáp tươi ngon xay sữa đặc ngậy béo) | Nước ép cam nguyên chất: 30,000đ/ly (Ép cam sành tự nhiên nhiều vitamin C)"
ChIJW3usDwBbNDERcqz6pmeOmqs,Lemon House Bắc Phú Cát,20.983736,105.5270259,4.0,20,"XGMG+FQC, Đầu đường đôi TĐC Bắc",Hà Nội,"Hòa Lạc, Hà Nội",VN,https://www.facebook.com/profile.php?id=61567089777153&mibextid=ZbWKwL,+84 979 443 339,Quán cà phê,https://www.google.com/maps/search/?api=1&query=Lemon%20House%20B%E1%BA%AFc%20Ph%C3%BA%20C%C3%A1t&query_place_id=ChIJW3usDwBbNDERcqz6pmeOmqs,Có,"Cà phê đen đá pha phin: 25,000đ/ly (Cà phê đen truyền thống đậm đà) | Cà phê sữa đá: 25,000đ/ly (Cà phê sữa pha phin béo ngậy) | Bạc xỉu cốt dừa: 30,000đ/ly (Nhiều sữa béo ngậy vị dừa hòa quyện chút cà phê) | Trà đào cam sả: 40,000đ/ly (Trà đào thơm mát kết hợp lát đào cam tươi sả thơm) | Trà sữa trân châu truyền thống: 33,000đ/ly (Trà sữa đậm trà kèm trân châu đen dai giòn) | Sinh tố bơ sáp: 37,000đ/ly (Sinh tố bơ sáp tươi ngon xay sữa đặc ngậy béo) | Nước ép cam nguyên chất: 27,000đ/ly (Ép cam sành tự nhiên nhiều vitamin C)"
ChIJMe_URABbNDERASAIIIGoV34,HaBi Streets Cuisine,21.0129007,105.5187394,4.9,19,Số 84 thôn 3,Hà Nội,"Hòa Lạc, Hà Nội",VN,https://www.facebook.com/HaBiStreetsCuisine?mibextid=LQQJ4d,+84 335 714 986,Nhà hàng,https://www.google.com/maps/search/?api=1&query=HaBi%20Streets%20Cuisine&query_place_id=ChIJMe_URABbNDERASAIIIGoV34,Có,"Cá kho tộ miền Tây đậm vị: 83,000đ/tộ (Cá trắm đen kho tộ sánh quyện nước hàng dừa) | Thịt ba chỉ rang cháy cạnh: 80,000đ/đĩa (Thịt ba chỉ ba chỉ giòn rưới mỡ hành) | Sườn non xào chua ngọt: 75,000đ/đĩa (Sườn non xào cùng dứa và ớt chuông sốt chua cay) | Rau muống luộc dầm sấu / xào tỏi: 27,000đ/đĩa (Rau muống tươi xanh luộc chấm nước mắm chanh ớt) | Canh riêu cua đồng cà pháo: 40,000đ/bát (Canh cua đồng mát lạnh ăn kèm cà pháo giòn tan) | Cơm trắng gạo tám thơm: 15,000đ/niêu (Niêu cơm gạo tám dẻo thơm)"
ChIJvxWwfrlbNDERFYNGAz62eVY,Bánh Cuốn Nam Kều,21.0134351,105.5192922,4.6,19,"thôn 3 - xã, 35 cụm 1",Hà Nội,"Hòa Lạc, Hà Nội",VN,,+84 327 103 326,Nhà hàng,https://www.google.com/maps/search/?api=1&query=B%C3%A1nh%20Cu%E1%BB%91n%20Nam%20K%E1%BB%81u&query_place_id=ChIJvxWwfrlbNDERFYNGAz62eVY,Có,"Bánh cuốn thịt băm mộc nhĩ tráng nóng: 33,000đ/đĩa (Bánh tráng tươi tại chỗ ăn nóng kèm hành phi thơm giòn tự làm) | Bánh cuốn trứng lòng đào đặc biệt: 37,000đ/đĩa (Bánh cuốn tráng ôm trọn lòng đỏ trứng gà ta lòng đào béo ngậy) | Chả quế rán ăn kèm: 10,000đ/đĩa (Chả quế thơm ngọt ăn kèm nước mắm bánh cuốn)"
ChIJ5UDAv1BbNDERWmOadSE_vGQ,Bia Hơi Tiến Nhị,20.9853551,105.5306933,3.6,19,,Hà Nội,"Hòa Lạc, Hà Nội",VN,,+84 947 337 968,Nhà hàng,https://www.google.com/maps/search/?api=1&query=Bia%20H%C6%A1i%20Ti%E1%BA%BFn%20Nh%E1%BB%8B&query_place_id=ChIJ5UDAv1BbNDERWmOadSE_vGQ,Có,"Bia hơi Hà Nội mát lạnh: 9,000đ/cốc (Bia hơi tươi rói rót trực tiếp từ vòi bom lạnh) | Đậu phụ lướt ván nóng giòn: 27,000đ/đĩa (Đậu hũ non chiên lướt ván ngoài vàng giòn trong mịn mượt như thạch) | Đĩa lạc rang muối / lạc luộc mộc mạc: 12,000đ/đĩa (Đồ nhắm bia truyền thống) | Nộm tai heo đu đủ xanh chua ngọt: 70,000đ/đĩa (Tai heo giòn sần sật trộn đu đủ bào sợi nước nộm chua ngọt sảng khoái) | Sụn gà chiên mắm rang muối: 90,000đ/đĩa (Sụn gà ta giòn sần sật tẩm ướp chiên xóc muối ớt tỏi)"
ChIJ9zSnNEFbNDEReJy158HTiTE,Nhà Hàng Duy Nghĩa,20.984536,105.5553897,4.3,19,Km 26+500,Hà Nội,"Hạ Bằng, Hà Nội",VN,,+84 973 974 272,Nhà hàng,https://www.google.com/maps/search/?api=1&query=Nh%C3%A0%20H%C3%A0ng%20Duy%20Ngh%C4%A9a&query_place_id=ChIJ9zSnNEFbNDEReJy158HTiTE,Có,"Cá kho tộ miền Tây đậm vị: 87,000đ/tộ (Cá trắm đen kho tộ sánh quyện nước hàng dừa) | Thịt ba chỉ rang cháy cạnh: 70,000đ/đĩa (Thịt ba chỉ ba chỉ giòn rưới mỡ hành) | Sườn non xào chua ngọt: 82,000đ/đĩa (Sườn non xào cùng dứa và ớt chuông sốt chua cay) | Rau muống luộc dầm sấu / xào tỏi: 27,000đ/đĩa (Rau muống tươi xanh luộc chấm nước mắm chanh ớt) | Canh riêu cua đồng cà pháo: 47,000đ/bát (Canh cua đồng mát lạnh ăn kèm cà pháo giòn tan) | Cơm trắng gạo tám thơm: 12,000đ/niêu (Niêu cơm gạo tám dẻo thơm)"
ChIJ10ol6GZbNDERnSmgvxdtO0k,Mốc Tea & Coffee,21.0216666,105.5206975,4.7,19,225 Thôn 4,Hà Nội,"Hòa Lạc, Hà Nội",VN,http://moccoffee95.vn/,,Quán cà phê,https://www.google.com/maps/search/?api=1&query=M%E1%BB%91c%20Tea%20%26%20Coffee&query_place_id=ChIJ10ol6GZbNDERnSmgvxdtO0k,Có,"Cà phê đen đá pha phin: 19,000đ/ly (Cà phê đen truyền thống đậm đà) | Cà phê sữa đá: 22,000đ/ly (Cà phê sữa pha phin béo ngậy) | Bạc xỉu cốt dừa: 30,000đ/ly (Nhiều sữa béo ngậy vị dừa hòa quyện chút cà phê) | Trà đào cam sả: 37,000đ/ly (Trà đào thơm mát kết hợp lát đào cam tươi sả thơm) | Trà sữa trân châu truyền thống: 30,000đ/ly (Trà sữa đậm trà kèm trân châu đen dai giòn) | Sinh tố bơ sáp: 33,000đ/ly (Sinh tố bơ sáp tươi ngon xay sữa đặc ngậy béo) | Nước ép cam nguyên chất: 33,000đ/ly (Ép cam sành tự nhiên nhiều vitamin C)"
ChIJdfZ_sV9bNDER6naCGcDXwK0,Nhà Hàng 666,21.0077912,105.5179067,4.3,18,"21°00'28.2""N 105°31'04.5""E",Hà Nội,"Hòa Lạc, Hà Nội",VN,https://www.google.com.vn/search?tbm=isch&q=666#imgrc=L0QB86Q2T2XE5M,+84 982 283 666,Nhà hàng,https://www.google.com/maps/search/?api=1&query=Nh%C3%A0%20H%C3%A0ng%20666&query_place_id=ChIJdfZ_sV9bNDER6naCGcDXwK0,Có,"Cá kho tộ miền Tây đậm vị: 85,000đ/tộ (Cá trắm đen kho tộ sánh quyện nước hàng dừa) | Thịt ba chỉ rang cháy cạnh: 70,000đ/đĩa (Thịt ba chỉ ba chỉ giòn rưới mỡ hành) | Sườn non xào chua ngọt: 80,000đ/đĩa (Sườn non xào cùng dứa và ớt chuông sốt chua cay) | Rau muống luộc dầm sấu / xào tỏi: 33,000đ/đĩa (Rau muống tươi xanh luộc chấm nước mắm chanh ớt) | Canh riêu cua đồng cà pháo: 45,000đ/bát (Canh cua đồng mát lạnh ăn kèm cà pháo giòn tan) | Cơm trắng gạo tám thơm: 12,000đ/niêu (Niêu cơm gạo tám dẻo thơm)"
ChIJX6jz915bNDERVqDt80JWN7g,VNU - LIC Cafeteria,20.9974251,105.5125967,4.2,18,"Đường Khoa Học Tự Nhiên, Tuyến Đ. Số 11",Hà Nội,"Hòa Lạc, Hà Nội",VN,https://www.facebook.com/CafeteriaHoaLac,+84 372 536 536,Quán cà phê,https://www.google.com/maps/search/?api=1&query=VNU%20-%20LIC%20Cafeteria&query_place_id=ChIJX6jz915bNDERVqDt80JWN7g,Có,"Cà phê đen đá pha phin: 22,000đ/ly (Cà phê đen truyền thống đậm đà) | Cà phê sữa đá: 22,000đ/ly (Cà phê sữa pha phin béo ngậy) | Bạc xỉu cốt dừa: 27,000đ/ly (Nhiều sữa béo ngậy vị dừa hòa quyện chút cà phê) | Trà đào cam sả: 33,000đ/ly (Trà đào thơm mát kết hợp lát đào cam tươi sả thơm) | Trà sữa trân châu truyền thống: 37,000đ/ly (Trà sữa đậm trà kèm trân châu đen dai giòn) | Sinh tố bơ sáp: 37,000đ/ly (Sinh tố bơ sáp tươi ngon xay sữa đặc ngậy béo) | Nước ép cam nguyên chất: 33,000đ/ly (Ép cam sành tự nhiên nhiều vitamin C)"
ChIJqQNmd1pbNDERyrzTy4YKJyI,Ốc Bống ( Địa chỉ duy nhất ),21.0034534,105.5199786,4.0,17,Đ. 21A,Hà Nội,"Hòa Lạc, Hà Nội",VN,,,Nhà hàng bán đồ ăn mang về,https://www.google.com/maps/search/?api=1&query=%E1%BB%90c%20B%E1%BB%91ng%20(%20%C4%90%E1%BB%8Ba%20ch%E1%BB%89%20duy%20nh%E1%BA%A5t%20)&query_place_id=ChIJqQNmd1pbNDERyrzTy4YKJyI,Có,"Ốc luộc sả lá chanh truyền thống: 35,000đ/bát (Ốc vặn/ốc nhồi mít luộc thơm mùi sả chấm nước mắm gừng cay ngọt đặc sản) | Ốc móng tay xào bơ tỏi thơm lừng: 65,000đ/đĩa (Ốc móng tay tươi ngọt sốt bơ tỏi sánh béo chấm bánh mì tuyệt đỉnh) | Nem chua rán giòn rụm (10 cái): 52,000đ/đĩa (Nem chua rán nóng hổi chấm tương ớt cay nồng) | Khoai tây chiên lắc bột phô mai: 37,000đ/đĩa (Món khai vị ăn vặt khoái khẩu) | Trà quất mật ong khổng lồ: 18,000đ/cốc (Trà quất mát chua ngọt cực đã khát)"
ChIJVcCXdC1bNDERzIIStdLdri0,Nhà hàng Gà Ri Hiền Hân,21.0035753,105.5192832,4.4,17,,Hà Nội,"Hòa Lạc, Hà Nội",VN,,+84 915 313 525,Nhà hàng thịt gà,https://www.google.com/maps/search/?api=1&query=Nh%C3%A0%20h%C3%A0ng%20G%C3%A0%20Ri%20Hi%E1%BB%81n%20H%C3%A2n&query_place_id=ChIJVcCXdC1bNDERzIIStdLdri0,Có,"Gà ri hấp lá chanh (Cả con): 240,000đ/con (Gà ri đồi nuôi thả tự nhiên dai ngọt da vàng giòn) | Gà ri nướng mật ong (Cả con): 240,000đ/con (Gà ri nướng mật ong thơm phức vàng óng) | Gà rang muối tỏi: 140,000đ/đĩa (Gà ta chặt miếng rang muối đậm đà sần sật) | Lẩu gà ri thuốc bắc: 360,000đ/nồi (Nồi lẩu gà ri thuốc bắc bổ dưỡng kèm rau nấm) | Xôi chim câu hành phi: 75,000đ/đĩa (Xôi nếp dẻo thơm ăn kèm thịt chim câu băm nhỏ) | Lòng mề gà xào mướp giá: 68,000đ/đĩa (Lòng mề gà ri giòn xào mướp hương thơm phức)"
ChIJl7uGQ1-rNTER8ETImCd4G-s,Cây Sung Quán,20.984487,105.5274928,3.9,17,"XGMG+QXX, QL21A",Hà Nội,"Hòa Lạc, Hà Nội",VN,,,Nhà hàng,https://www.google.com/maps/search/?api=1&query=C%C3%A2y%20Sung%20Qu%C3%A1n&query_place_id=ChIJl7uGQ1-rNTER8ETImCd4G-s,Có,"Cá kho tộ miền Tây đậm vị: 87,000đ/tộ (Cá trắm đen kho tộ sánh quyện nước hàng dừa) | Thịt ba chỉ rang cháy cạnh: 70,000đ/đĩa (Thịt ba chỉ ba chỉ giòn rưới mỡ hành) | Sườn non xào chua ngọt: 78,000đ/đĩa (Sườn non xào cùng dứa và ớt chuông sốt chua cay) | Rau muống luộc dầm sấu / xào tỏi: 30,000đ/đĩa (Rau muống tươi xanh luộc chấm nước mắm chanh ớt) | Canh riêu cua đồng cà pháo: 47,000đ/bát (Canh cua đồng mát lạnh ăn kèm cà pháo giòn tan) | Cơm trắng gạo tám thơm: 12,000đ/niêu (Niêu cơm gạo tám dẻo thơm)"
ChIJXyi3PfVbNDERsSslPx1ozGI,Phở Bò Cơm Rang Meo Meo 975,21.0191699,105.5204726,4.3,17,"Số 296, QL21A",Hà Nội,"Hòa Lạc, Hà Nội",VN,,+84 981 890 636,Nhà hàng phở,https://www.google.com/maps/search/?api=1&query=Ph%E1%BB%9F%20B%C3%B2%20C%C6%A1m%20Rang%20Meo%20Meo%20975&query_place_id=ChIJXyi3PfVbNDERsSslPx1ozGI,Có,"Phở chín bò ta: 33,000đ/bát (Nước dùng phở bò ninh xương ống ngọt lịm kèm thịt chín thái mỏng) | Phở tái chần: 30,000đ/bát (Phở bò với thịt bò tươi chần tái mềm ngọt) | Phở nạm gầu giòn: 38,000đ/bát (Bánh phở mềm cùng nạm bò và gầu bò giòn sần sật) | Phở tái lăn đặc biệt: 43,000đ/bát (Phở bò xào tái lăn thơm mùi tỏi phi) | Trứng gà trần: 13,000đ/quả (Trứng trần nước phở béo ngậy) | Quẩy giòn: 8,000đ/chiếc (Quẩy giòn ăn kèm nước phở)"
ChIJfy1yj_pbNDERUMJyG0tycbA,Gà Rán Bonkon 03,21.0174267,105.54847,4.5,17,88 Mục Uyên 1,Hà Nội,"Hạ Bằng, Hà Nội",VN,,+84 916 991 999,Quán gà rán mang đi,https://www.google.com/maps/search/?api=1&query=G%C3%A0%20R%C3%A1n%20Bonkon%2003&query_place_id=ChIJfy1yj_pbNDERUMJyG0tycbA,Có,"Gà ri hấp lá chanh (Cả con): 230,000đ/con (Gà ri đồi nuôi thả tự nhiên dai ngọt da vàng giòn) | Gà ri nướng mật ong (Cả con): 230,000đ/con (Gà ri nướng mật ong thơm phức vàng óng) | Gà rang muối tỏi: 130,000đ/đĩa (Gà ta chặt miếng rang muối đậm đà sần sật) | Lẩu gà ri thuốc bắc: 350,000đ/nồi (Nồi lẩu gà ri thuốc bắc bổ dưỡng kèm rau nấm) | Xôi chim câu hành phi: 80,000đ/đĩa (Xôi nếp dẻo thơm ăn kèm thịt chim câu băm nhỏ) | Lòng mề gà xào mướp giá: 75,000đ/đĩa (Lòng mề gà ri giòn xào mướp hương thơm phức)"
ChIJRQJb_G9ZNDERsV0Ewr0JqSg,Nhà Hàng Minh Đạt,21.0396591,105.5744576,4.4,17,,Hà Nội,"Thạch Thất, Hà Nội",VN,,+84 906 080 578,Nhà hàng,https://www.google.com/maps/search/?api=1&query=Nh%C3%A0%20H%C3%A0ng%20Minh%20%C4%90%E1%BA%A1t&query_place_id=ChIJRQJb_G9ZNDERsV0Ewr0JqSg,Có,"Cá kho tộ miền Tây đậm vị: 87,000đ/tộ (Cá trắm đen kho tộ sánh quyện nước hàng dừa) | Thịt ba chỉ rang cháy cạnh: 80,000đ/đĩa (Thịt ba chỉ ba chỉ giòn rưới mỡ hành) | Sườn non xào chua ngọt: 80,000đ/đĩa (Sườn non xào cùng dứa và ớt chuông sốt chua cay) | Rau muống luộc dầm sấu / xào tỏi: 27,000đ/đĩa (Rau muống tươi xanh luộc chấm nước mắm chanh ớt) | Canh riêu cua đồng cà pháo: 40,000đ/bát (Canh cua đồng mát lạnh ăn kèm cà pháo giòn tan) | Cơm trắng gạo tám thơm: 12,000đ/niêu (Niêu cơm gạo tám dẻo thơm)"
ChIJRejSN5BbNDERN82sYiS5tZk,The Broker Coffee,20.9943647,105.5233323,4.6,17,140 Đ. Thôn 2,Hà Nội,"Hòa Lạc, Hà Nội",VN,,+84 904 888 968,Quán cà phê,https://www.google.com/maps/search/?api=1&query=The%20Broker%20Coffee&query_place_id=ChIJRejSN5BbNDERN82sYiS5tZk,Có,"Cà phê đen đá pha phin: 22,000đ/ly (Cà phê đen truyền thống đậm đà) | Cà phê sữa đá: 28,000đ/ly (Cà phê sữa pha phin béo ngậy) | Bạc xỉu cốt dừa: 30,000đ/ly (Nhiều sữa béo ngậy vị dừa hòa quyện chút cà phê) | Trà đào cam sả: 35,000đ/ly (Trà đào thơm mát kết hợp lát đào cam tươi sả thơm) | Trà sữa trân châu truyền thống: 33,000đ/ly (Trà sữa đậm trà kèm trân châu đen dai giòn) | Sinh tố bơ sáp: 30,000đ/ly (Sinh tố bơ sáp tươi ngon xay sữa đặc ngậy béo) | Nước ép cam nguyên chất: 27,000đ/ly (Ép cam sành tự nhiên nhiều vitamin C)"
ChIJo7uTG-dbNDERGCTF3O1o6a8,Cafe Yến,21.00048,105.559348,3.8,17,cafe yến,Hà Nội,"Hạ Bằng, Hà Nội",VN,https://www.facebook.com/profile.php?id=100063775321773,+84 943 732 931,Quán cà phê,https://www.google.com/maps/search/?api=1&query=Cafe%20Y%E1%BA%BFn&query_place_id=ChIJo7uTG-dbNDERGCTF3O1o6a8,Có,"Cà phê đen đá pha phin: 22,000đ/ly (Cà phê đen truyền thống đậm đà) | Cà phê sữa đá: 25,000đ/ly (Cà phê sữa pha phin béo ngậy) | Bạc xỉu cốt dừa: 27,000đ/ly (Nhiều sữa béo ngậy vị dừa hòa quyện chút cà phê) | Trà đào cam sả: 33,000đ/ly (Trà đào thơm mát kết hợp lát đào cam tươi sả thơm) | Trà sữa trân châu truyền thống: 40,000đ/ly (Trà sữa đậm trà kèm trân châu đen dai giòn) | Sinh tố bơ sáp: 33,000đ/ly (Sinh tố bơ sáp tươi ngon xay sữa đặc ngậy béo) | Nước ép cam nguyên chất: 30,000đ/ly (Ép cam sành tự nhiên nhiều vitamin C)"
ChIJVYTIRpFZNDERsryU2XHG5u0,Cơm Xe Tải Cây Mít,21.054863,105.5006219,4.6,16,"3G32+W6X, QL21A",Hà Nội,"Đoài Phương, Hà Nội",VN,,,Nhà hàng cơm,https://www.google.com/maps/search/?api=1&query=C%C6%A1m%20Xe%20T%E1%BA%A3i%20C%C3%A2y%20M%C3%ADt&query_place_id=ChIJVYTIRpFZNDERsryU2XHG5u0,Có,"Cơm rang dưa bò: 43,000đ/đĩa (Cơm rang hạt giòn tơi xào cùng cải dưa chua và thịt bò tươi mềm) | Cơm rang thập cẩm giòn: 37,000đ/đĩa (Cơm rang lạp xưởng ngô ngọt đậu hà lan rưới trứng vàng) | Cơm thố xá xíu nóng hổi: 38,000đ/thố (Cơm nấu niêu thố đất tạo lớp cháy giòn nhẹ, phủ thịt xá xíu đậm sốt) | Suất cơm bình dân tự chọn (3 món mặn + rau): 33,000đ/suất (Cơm suất bình dân đầy đặn sạch sẽ cho sinh viên và người đi làm) | Cơm tấm sườn bì chả Sài Gòn: 35,000đ/đĩa (Cơm tấm ăn kèm sườn nướng mặn ngọt chả trứng bì heo thính và nước mắm chua cay)"
ChIJ0cXjz79bNDER2axzlhlk7nw,Nhà Hàng Dê Sơn Dương Thạch Hòa,20.9902187,105.5137053,4.6,16,Cụm 3 thôn 2,Hà Nội,"Hòa Lạc, Hà Nội",VN,,+84 382 233 568,Nhà hàng,https://www.google.com/maps/search/?api=1&query=Nh%C3%A0%20H%C3%A0ng%20D%C3%AA%20S%C6%A1n%20D%C6%B0%C6%A1ng%20Th%E1%BA%A1ch%20H%C3%B2a&query_place_id=ChIJ0cXjz79bNDER2axzlhlk7nw,Có,"Thịt trâu xào lá lốt: 150,000đ/đĩa (Thịt trâu tươi mềm ngọt xào lá lốt thơm lừng) | Thịt trâu nhúng mẻ chua cay: 130,000đ/đĩa (Thịt trâu nhúng nước dùng mẻ chua thanh nhẹ) | Dê tái chanh chấm tương gừng: 150,000đ/đĩa (Thịt dê núi hấp tái trộn vừng sả lá chanh) | Dê né bản gang: 170,000đ/đĩa (Dê xào nóng hổi trên bản gang kèm đậu bắp) | Lẩu dê núi nhúng mẻ: 399,000đ/nồi (Nồi lẩu dê núi ré thơm ngon kèm rau nhúng đặc sản) | Cơm cháy sốt dê: 75,000đ/đĩa (Cơm cháy giòn tan rưới nước sốt dê đậm vị)"
ChIJvTreDApbNDERWhP4eze4qLk,Phở Thúy Mùi 351,21.01732,105.552532,4.6,16,2H82+VWG,Hà Nội,"Hạ Bằng, Hà Nội",VN,,+84 388 800 400,Nhà hàng phở,https://www.google.com/maps/search/?api=1&query=Ph%E1%BB%9F%20Th%C3%BAy%20M%C3%B9i%20351&query_place_id=ChIJvTreDApbNDERWhP4eze4qLk,Có,"Phở chín bò ta: 40,000đ/bát (Nước dùng phở bò ninh xương ống ngọt lịm kèm thịt chín thái mỏng) | Phở tái chần: 30,000đ/bát (Phở bò với thịt bò tươi chần tái mềm ngọt) | Phở nạm gầu giòn: 38,000đ/bát (Bánh phở mềm cùng nạm bò và gầu bò giòn sần sật) | Phở tái lăn đặc biệt: 40,000đ/bát (Phở bò xào tái lăn thơm mùi tỏi phi) | Trứng gà trần: 10,000đ/quả (Trứng trần nước phở béo ngậy) | Quẩy giòn: 2,000đ/chiếc (Quẩy giòn ăn kèm nước phở)"
ChIJKUzecgBbNDERvysep4ntmio,Phê đây,21.017789,105.551985,4.9,16,"2H82+XQC, 108 Tân Xã",Hà Nội,"Hạ Bằng, Hà Nội",VN,,+84 983 021 001,Quán cà phê,https://www.google.com/maps/search/?api=1&query=Ph%C3%AA%20%C4%91%C3%A2y&query_place_id=ChIJKUzecgBbNDERvysep4ntmio,Có,"Cà phê đen đá pha phin: 25,000đ/ly (Cà phê đen truyền thống đậm đà) | Cà phê sữa đá: 25,000đ/ly (Cà phê sữa pha phin béo ngậy) | Bạc xỉu cốt dừa: 30,000đ/ly (Nhiều sữa béo ngậy vị dừa hòa quyện chút cà phê) | Trà đào cam sả: 30,000đ/ly (Trà đào thơm mát kết hợp lát đào cam tươi sả thơm) | Trà sữa trân châu truyền thống: 35,000đ/ly (Trà sữa đậm trà kèm trân châu đen dai giòn) | Sinh tố bơ sáp: 35,000đ/ly (Sinh tố bơ sáp tươi ngon xay sữa đặc ngậy béo) | Nước ép cam nguyên chất: 27,000đ/ly (Ép cam sành tự nhiên nhiều vitamin C)"
ChIJzfwgKmhbNDERuYVQzpwYUC8,Phở Bò Phan Thị,20.9835836,105.5267933,2.8,16,XGMG+CCM,Hà Nội,"Hòa Lạc, Hà Nội",VN,,+84 925 288 288,Nhà hàng phở,https://www.google.com/maps/search/?api=1&query=Ph%E1%BB%9F%20B%C3%B2%20Phan%20Th%E1%BB%8B&query_place_id=ChIJzfwgKmhbNDERuYVQzpwYUC8,Có,"Phở chín bò ta: 35,000đ/bát (Nước dùng phở bò ninh xương ống ngọt lịm kèm thịt chín thái mỏng) | Phở tái chần: 33,000đ/bát (Phở bò với thịt bò tươi chần tái mềm ngọt) | Phở nạm gầu giòn: 42,000đ/bát (Bánh phở mềm cùng nạm bò và gầu bò giòn sần sật) | Phở tái lăn đặc biệt: 43,000đ/bát (Phở bò xào tái lăn thơm mùi tỏi phi) | Trứng gà trần: 7,000đ/quả (Trứng trần nước phở béo ngậy) | Quẩy giòn: 8,000đ/chiếc (Quẩy giòn ăn kèm nước phở)"
ChIJ9T3_ZN6tNTER4tFvkFcq2LA,Lẩu Bò Đức Béo,20.9960629,105.5231039,5.0,16,"Ngã tư, Khu Công Nghệ Cao Hòa Lạc, 21 ĐL Thăng Long",Hà Nội,"Hòa Lạc, Hà Nội",VN,https://www.facebook.com/lauboducbeo,+84 962 413 658,Nhà hàng món lẩu,https://www.google.com/maps/search/?api=1&query=L%E1%BA%A9u%20B%C3%B2%20%C4%90%E1%BB%A9c%20B%C3%A9o&query_place_id=ChIJ9T3_ZN6tNTER4tFvkFcq2LA,Có,"Thịt trâu xào lá lốt: 140,000đ/đĩa (Thịt trâu tươi mềm ngọt xào lá lốt thơm lừng) | Thịt trâu nhúng mẻ chua cay: 150,000đ/đĩa (Thịt trâu nhúng nước dùng mẻ chua thanh nhẹ) | Dê tái chanh chấm tương gừng: 160,000đ/đĩa (Thịt dê núi hấp tái trộn vừng sả lá chanh) | Dê né bản gang: 170,000đ/đĩa (Dê xào nóng hổi trên bản gang kèm đậu bắp) | Lẩu dê núi nhúng mẻ: 419,000đ/nồi (Nồi lẩu dê núi ré thơm ngon kèm rau nhúng đặc sản) | Cơm cháy sốt dê: 68,000đ/đĩa (Cơm cháy giòn tan rưới nước sốt dê đậm vị)"
ChIJaU5Mr2tZNDEROzOQJlTebQM,Nhà Hàng Thập Phương,21.0406606,105.516432,4.5,15,Số 150 Đồng Trạng,Hà Nội,"Đoài Phương, Hà Nội",VN,,+84 984 945 519,Nhà hàng,https://www.google.com/maps/search/?api=1&query=Nha%CC%80%20Ha%CC%80ng%20Th%C3%A2%CC%A3p%20Ph%C6%B0%C6%A1ng&query_place_id=ChIJaU5Mr2tZNDEROzOQJlTebQM,Có,"Cá kho tộ miền Tây đậm vị: 90,000đ/tộ (Cá trắm đen kho tộ sánh quyện nước hàng dừa) | Thịt ba chỉ rang cháy cạnh: 80,000đ/đĩa (Thịt ba chỉ ba chỉ giòn rưới mỡ hành) | Sườn non xào chua ngọt: 80,000đ/đĩa (Sườn non xào cùng dứa và ớt chuông sốt chua cay) | Rau muống luộc dầm sấu / xào tỏi: 30,000đ/đĩa (Rau muống tươi xanh luộc chấm nước mắm chanh ớt) | Canh riêu cua đồng cà pháo: 50,000đ/bát (Canh cua đồng mát lạnh ăn kèm cà pháo giòn tan) | Cơm trắng gạo tám thơm: 18,000đ/niêu (Niêu cơm gạo tám dẻo thơm)"
ChIJ2Y20cPJbNDERtVlRmRWsfOE,Canteen HOLA,21.0009689,105.5194904,3.4,15,,Hà Nội,"Hòa Lạc, Hà Nội",VN,,,Nhà hàng,https://www.google.com/maps/search/?api=1&query=Canteen%20HOLA&query_place_id=ChIJ2Y20cPJbNDERtVlRmRWsfOE,Có,"Cá kho tộ miền Tây đậm vị: 85,000đ/tộ (Cá trắm đen kho tộ sánh quyện nước hàng dừa) | Thịt ba chỉ rang cháy cạnh: 70,000đ/đĩa (Thịt ba chỉ ba chỉ giòn rưới mỡ hành) | Sườn non xào chua ngọt: 80,000đ/đĩa (Sườn non xào cùng dứa và ớt chuông sốt chua cay) | Rau muống luộc dầm sấu / xào tỏi: 27,000đ/đĩa (Rau muống tươi xanh luộc chấm nước mắm chanh ớt) | Canh riêu cua đồng cà pháo: 45,000đ/bát (Canh cua đồng mát lạnh ăn kèm cà pháo giòn tan) | Cơm trắng gạo tám thơm: 12,000đ/niêu (Niêu cơm gạo tám dẻo thơm)"
ChIJFwmFHgBbNDERDN0v2ofB0zI,Heemang Chicken Tân Xã,21.0192063,105.551729,4.4,15,Ngã Tư Mục Uyên,Hà Nội,"Hạ Bằng, Hà Nội",VN,,+84 858 211 368,Nhà hàng Hàn Quốc,https://www.google.com/maps/search/?api=1&query=Heemang%20Chicken%20T%C3%A2n%20X%C3%A3&query_place_id=ChIJFwmFHgBbNDERDN0v2ofB0zI,Có,"Mì cay Seoul hải sản cấp độ 0-7: 40,000đ/tô (Mì ramen Hàn Quốc tôm, mực, chả viên nước dùng kim chi cay chua kích thích) | Mì cay bò Mỹ cấp độ 0-7: 50,000đ/tô (Mì cay Hàn Quốc nhúng bắp bò Mỹ tươi) | Kimbap chiên xù giòn tan: 30,000đ/cuộn (Cơm cuộn rong biển tẩm bột chiên xù chấm sốt mayonnaise) | Tokbokki truyền thống phô mai sốt cay: 30,000đ/đĩa (Bánh gạo Hàn Quốc xào cùng chả cá xiên, sốt tương ớt Gochujang và phô mai kéo sợi)"
ChIJA9QdMxpbNDER7gpk1pra184,Bún Đậu Đồng Mô 3,21.0185815,105.5506415,4.1,15,Cơ Sở 3,Hà Nội,"Hạ Bằng, Hà Nội",VN,http://bundaudongmo.com/,+84 969 186 155,Nhà hàng Việt Nam,https://www.google.com/maps/search/?api=1&query=B%C3%BAn%20%C4%90%E1%BA%ADu%20%C4%90%E1%BB%93ng%20M%C3%B4%203&query_place_id=ChIJA9QdMxpbNDER7gpk1pra184,Có,"Bún đậu mắm tôm đầy đủ (Đậu, thịt chân giò, nem chua rán, chả cốm): 50,000đ/suất (Mẹt bún đậu đầy đủ nguyên liệu tươi ngon kèm rau thơm kinh giới) | Bún đậu thường (Đậu chiên giòn): 28,000đ/suất (Bún đậu chay đơn giản với đậu phụ rán giòn) | Bún chả Hà Nội truyền thống: 40,000đ/suất (Chả miếng và chả viên nướng than hoa thơm phức trong bát nước chấm chua ngọt) | Nem cua bể chiên giòn: 12,000đ/chiếc (Nem cua bể giòn rụm nhiều nhân) | Nước sấu đá ngầm chua ngọt: 15,000đ/cốc (Đồ uống giải nhiệt cực hợp vị bún đậu)"
ChIJze8rZgBbNDER5vq3PlbfUOU,House Of Fuca Cafe,21.0013014,105.5200747,4.9,15,2G29+HX7,Hà Nội,"Hòa Lạc, Hà Nội",VN,,+84 886 363 737,Quán cà phê,https://www.google.com/maps/search/?api=1&query=House%20Of%20Fuca%20Cafe&query_place_id=ChIJze8rZgBbNDER5vq3PlbfUOU,Có,"Cà phê đen đá pha phin: 22,000đ/ly (Cà phê đen truyền thống đậm đà) | Cà phê sữa đá: 25,000đ/ly (Cà phê sữa pha phin béo ngậy) | Bạc xỉu cốt dừa: 27,000đ/ly (Nhiều sữa béo ngậy vị dừa hòa quyện chút cà phê) | Trà đào cam sả: 35,000đ/ly (Trà đào thơm mát kết hợp lát đào cam tươi sả thơm) | Trà sữa trân châu truyền thống: 33,000đ/ly (Trà sữa đậm trà kèm trân châu đen dai giòn) | Sinh tố bơ sáp: 35,000đ/ly (Sinh tố bơ sáp tươi ngon xay sữa đặc ngậy béo) | Nước ép cam nguyên chất: 27,000đ/ly (Ép cam sành tự nhiên nhiều vitamin C)"
ChIJIWYAmbtZNDERSXzLy27mO64,Gà Rán Five Star,21.0558868,105.5730674,4.2,15,6 ĐT80,Hà Nội,"Thạch Thất, Hà Nội",VN,https://www.facebook.com/gabaytt/,+84 373 119 462,Quán gà rán mang đi,https://www.google.com/maps/search/?api=1&query=G%C3%A0%20R%C3%A1n%20Five%20Star&query_place_id=ChIJIWYAmbtZNDERSXzLy27mO64,Có,"Gà ri hấp lá chanh (Cả con): 210,000đ/con (Gà ri đồi nuôi thả tự nhiên dai ngọt da vàng giòn) | Gà ri nướng mật ong (Cả con): 230,000đ/con (Gà ri nướng mật ong thơm phức vàng óng) | Gà rang muối tỏi: 110,000đ/đĩa (Gà ta chặt miếng rang muối đậm đà sần sật) | Lẩu gà ri thuốc bắc: 350,000đ/nồi (Nồi lẩu gà ri thuốc bắc bổ dưỡng kèm rau nấm) | Xôi chim câu hành phi: 85,000đ/đĩa (Xôi nếp dẻo thơm ăn kèm thịt chim câu băm nhỏ) | Lòng mề gà xào mướp giá: 75,000đ/đĩa (Lòng mề gà ri giòn xào mướp hương thơm phức)"
ChIJuZcicn5bNDERLuMXKjKBaRQ,Miền Trung Quán,21.0325642,105.515945,4.2,14,,Hà Nội,"Hạ Bằng, Hà Nội",VN,,+84 989 496 007,Nhà hàng,https://www.google.com/maps/search/?api=1&query=Mi%E1%BB%81n%20Trung%20Qu%C3%A1n&query_place_id=ChIJuZcicn5bNDERLuMXKjKBaRQ,Có,"Cá kho tộ miền Tây đậm vị: 90,000đ/tộ (Cá trắm đen kho tộ sánh quyện nước hàng dừa) | Thịt ba chỉ rang cháy cạnh: 70,000đ/đĩa (Thịt ba chỉ ba chỉ giòn rưới mỡ hành) | Sườn non xào chua ngọt: 80,000đ/đĩa (Sườn non xào cùng dứa và ớt chuông sốt chua cay) | Rau muống luộc dầm sấu / xào tỏi: 33,000đ/đĩa (Rau muống tươi xanh luộc chấm nước mắm chanh ớt) | Canh riêu cua đồng cà pháo: 50,000đ/bát (Canh cua đồng mát lạnh ăn kèm cà pháo giòn tan) | Cơm trắng gạo tám thơm: 12,000đ/niêu (Niêu cơm gạo tám dẻo thơm)"
ChIJWfrbxTBbNDER4Eh2ryso44M,Legacy Phu Cat,20.9810867,105.5321632,3.1,14,"Nhà hàng CX1, Khu đô thị Phú Cát, Xã",Hà Nội,"Hòa Lạc, Hà Nội",VN,,+84 934 433 688,Trung tâm cộng đồng,https://www.google.com/maps/search/?api=1&query=Legacy%20Phu%20Cat&query_place_id=ChIJWfrbxTBbNDER4Eh2ryso44M,Không,Không áp dụng (Địa điểm phi ẩm thực)
ChIJ_Rg9uHdbNDERKPqMMYK01UE,Phở Ngân Ninh,20.9835057,105.5263337,4.7,14,XGMG+CG4,Hà Nội,"Yên Xuân, Hà Nội",VN,,+84 962 365 366,Nhà hàng phở,https://www.google.com/maps/search/?api=1&query=Ph%E1%BB%9F%20Ng%C3%A2n%20Ninh&query_place_id=ChIJ_Rg9uHdbNDERKPqMMYK01UE,Có,"Phở chín bò ta: 35,000đ/bát (Nước dùng phở bò ninh xương ống ngọt lịm kèm thịt chín thái mỏng) | Phở tái chần: 30,000đ/bát (Phở bò với thịt bò tươi chần tái mềm ngọt) | Phở nạm gầu giòn: 42,000đ/bát (Bánh phở mềm cùng nạm bò và gầu bò giòn sần sật) | Phở tái lăn đặc biệt: 45,000đ/bát (Phở bò xào tái lăn thơm mùi tỏi phi) | Trứng gà trần: 13,000đ/quả (Trứng trần nước phở béo ngậy) | Quẩy giòn: 8,000đ/chiếc (Quẩy giòn ăn kèm nước phở)"
ChIJn_mnEtBZNDER5lQc7xFVbu4,Morri Coffee,21.0501868,105.5637783,4.4,14,291 Đường 84,Hà Nội,"Thạch Thất, Hà Nội",VN,,+84 965 748 671,Quán cà phê,https://www.google.com/maps/search/?api=1&query=Morri%20Coffee&query_place_id=ChIJn_mnEtBZNDER5lQc7xFVbu4,Có,"Cà phê đen đá pha phin: 22,000đ/ly (Cà phê đen truyền thống đậm đà) | Cà phê sữa đá: 22,000đ/ly (Cà phê sữa pha phin béo ngậy) | Bạc xỉu cốt dừa: 33,000đ/ly (Nhiều sữa béo ngậy vị dừa hòa quyện chút cà phê) | Trà đào cam sả: 33,000đ/ly (Trà đào thơm mát kết hợp lát đào cam tươi sả thơm) | Trà sữa trân châu truyền thống: 40,000đ/ly (Trà sữa đậm trà kèm trân châu đen dai giòn) | Sinh tố bơ sáp: 30,000đ/ly (Sinh tố bơ sáp tươi ngon xay sữa đặc ngậy béo) | Nước ép cam nguyên chất: 27,000đ/ly (Ép cam sành tự nhiên nhiều vitamin C)"
ChIJ28IdPABbNDER4MuWJmGPQGo,HL Garden Coffee n' Chill,20.9855625,105.5309844,3.6,14,XGPJ+69H,Hà Nội,"Hòa Lạc, Hà Nội",VN,,+84 859 999 918,Quán cà phê,https://www.google.com/maps/search/?api=1&query=HL%20Garden%20Coffee%20n'%20Chill&query_place_id=ChIJ28IdPABbNDER4MuWJmGPQGo,Có,"Cà phê đen đá pha phin: 25,000đ/ly (Cà phê đen truyền thống đậm đà) | Cà phê sữa đá: 25,000đ/ly (Cà phê sữa pha phin béo ngậy) | Bạc xỉu cốt dừa: 33,000đ/ly (Nhiều sữa béo ngậy vị dừa hòa quyện chút cà phê) | Trà đào cam sả: 35,000đ/ly (Trà đào thơm mát kết hợp lát đào cam tươi sả thơm) | Trà sữa trân châu truyền thống: 40,000đ/ly (Trà sữa đậm trà kèm trân châu đen dai giòn) | Sinh tố bơ sáp: 40,000đ/ly (Sinh tố bơ sáp tươi ngon xay sữa đặc ngậy béo) | Nước ép cam nguyên chất: 30,000đ/ly (Ép cam sành tự nhiên nhiều vitamin C)"
ChIJMbTuErpUNDERn_YpZunfXeQ,Nguyên Đăng Quán,20.987434,105.5364803,4.2,13,XGPP+XHH,Hà Nội,"Hòa Lạc, Hà Nội",VN,,+84 973 476 322,Nhà hàng,https://www.google.com/maps/search/?api=1&query=Nguy%C3%AAn%20%C4%90%C4%83ng%20Qu%C3%A1n&query_place_id=ChIJMbTuErpUNDERn_YpZunfXeQ,Có,"Cá kho tộ miền Tây đậm vị: 87,000đ/tộ (Cá trắm đen kho tộ sánh quyện nước hàng dừa) | Thịt ba chỉ rang cháy cạnh: 80,000đ/đĩa (Thịt ba chỉ ba chỉ giòn rưới mỡ hành) | Sườn non xào chua ngọt: 75,000đ/đĩa (Sườn non xào cùng dứa và ớt chuông sốt chua cay) | Rau muống luộc dầm sấu / xào tỏi: 27,000đ/đĩa (Rau muống tươi xanh luộc chấm nước mắm chanh ớt) | Canh riêu cua đồng cà pháo: 45,000đ/bát (Canh cua đồng mát lạnh ăn kèm cà pháo giòn tan) | Cơm trắng gạo tám thơm: 12,000đ/niêu (Niêu cơm gạo tám dẻo thơm)"
ChIJhZVOZT5bNDERjdqhNWPYdSQ,Nhà Hàng Vua Cá,21.0174814,105.5196824,4.0,13,"2G89+XVW, QL21A",Hà Nội,"Hòa Lạc, Hà Nội",VN,,+84 964 135 555,Nhà hàng món cá,https://www.google.com/maps/search/?api=1&query=Nh%C3%A0%20H%C3%A0ng%20Vua%20C%C3%A1&query_place_id=ChIJhZVOZT5bNDERjdqhNWPYdSQ,Có,"Cá kho tộ miền Tây đậm vị: 83,000đ/tộ (Cá trắm đen kho tộ sánh quyện nước hàng dừa) | Thịt ba chỉ rang cháy cạnh: 77,000đ/đĩa (Thịt ba chỉ ba chỉ giòn rưới mỡ hành) | Sườn non xào chua ngọt: 85,000đ/đĩa (Sườn non xào cùng dứa và ớt chuông sốt chua cay) | Rau muống luộc dầm sấu / xào tỏi: 27,000đ/đĩa (Rau muống tươi xanh luộc chấm nước mắm chanh ớt) | Canh riêu cua đồng cà pháo: 43,000đ/bát (Canh cua đồng mát lạnh ăn kèm cà pháo giòn tan) | Cơm trắng gạo tám thơm: 18,000đ/niêu (Niêu cơm gạo tám dẻo thơm)"
ChIJSxK7JohbNDERx_tngzMUnBY,Quán lòng Hạ Bằng,21.0108834,105.5563221,4.5,13,"2H64+9G4, Thôn 7",Hà Nội,"Hạ Bằng, Hà Nội",VN,,+84 342 640 082,Nhà hàng,https://www.google.com/maps/search/?api=1&query=Qu%C3%A1n%20l%C3%B2ng%20H%E1%BA%A1%20B%E1%BA%B1ng&query_place_id=ChIJSxK7JohbNDERx_tngzMUnBY,Có,"Cá kho tộ miền Tây đậm vị: 90,000đ/tộ (Cá trắm đen kho tộ sánh quyện nước hàng dừa) | Thịt ba chỉ rang cháy cạnh: 77,000đ/đĩa (Thịt ba chỉ ba chỉ giòn rưới mỡ hành) | Sườn non xào chua ngọt: 78,000đ/đĩa (Sườn non xào cùng dứa và ớt chuông sốt chua cay) | Rau muống luộc dầm sấu / xào tỏi: 33,000đ/đĩa (Rau muống tươi xanh luộc chấm nước mắm chanh ớt) | Canh riêu cua đồng cà pháo: 43,000đ/bát (Canh cua đồng mát lạnh ăn kèm cà pháo giòn tan) | Cơm trắng gạo tám thơm: 12,000đ/niêu (Niêu cơm gạo tám dẻo thơm)"
ChIJL65-BQVbNDERP27tefgocNI,Nhà Hàng Hương Thịnh,21.006938,105.5650117,4.3,13,2H48+Q2C,Hà Nội,"Hạ Bằng, Hà Nội",VN,,+84 928 681 992,Nhà hàng,https://www.google.com/maps/search/?api=1&query=Nh%C3%A0%20H%C3%A0ng%20H%C6%B0%C6%A1ng%20Th%E1%BB%8Bnh&query_place_id=ChIJL65-BQVbNDERP27tefgocNI,Có,"Cá kho tộ miền Tây đậm vị: 83,000đ/tộ (Cá trắm đen kho tộ sánh quyện nước hàng dừa) | Thịt ba chỉ rang cháy cạnh: 70,000đ/đĩa (Thịt ba chỉ ba chỉ giòn rưới mỡ hành) | Sườn non xào chua ngọt: 82,000đ/đĩa (Sườn non xào cùng dứa và ớt chuông sốt chua cay) | Rau muống luộc dầm sấu / xào tỏi: 30,000đ/đĩa (Rau muống tươi xanh luộc chấm nước mắm chanh ớt) | Canh riêu cua đồng cà pháo: 43,000đ/bát (Canh cua đồng mát lạnh ăn kèm cà pháo giòn tan) | Cơm trắng gạo tám thơm: 18,000đ/niêu (Niêu cơm gạo tám dẻo thơm)"
ChIJKbXhxpZbNDERah6WMjXNsGc,Quán Chú Béo,21.0195143,105.5514858,3.8,13,2H92+RH5,Hà Nội,"Hạ Bằng, Hà Nội",VN,,,Quán ăn nhỏ,https://www.google.com/maps/search/?api=1&query=Qu%C3%A1n%20Ch%C3%BA%20B%C3%A9o&query_place_id=ChIJKbXhxpZbNDERah6WMjXNsGc,Có,"Cá kho tộ miền Tây đậm vị: 90,000đ/tộ (Cá trắm đen kho tộ sánh quyện nước hàng dừa) | Thịt ba chỉ rang cháy cạnh: 70,000đ/đĩa (Thịt ba chỉ ba chỉ giòn rưới mỡ hành) | Sườn non xào chua ngọt: 82,000đ/đĩa (Sườn non xào cùng dứa và ớt chuông sốt chua cay) | Rau muống luộc dầm sấu / xào tỏi: 27,000đ/đĩa (Rau muống tươi xanh luộc chấm nước mắm chanh ớt) | Canh riêu cua đồng cà pháo: 47,000đ/bát (Canh cua đồng mát lạnh ăn kèm cà pháo giòn tan) | Cơm trắng gạo tám thơm: 12,000đ/niêu (Niêu cơm gạo tám dẻo thơm)"
ChIJSQdIFmFbNDERX-DkSRV7Xow,Sài Gòn Cafe Trà Chanh,20.9892092,105.5311043,4.4,13,XGQJ+MCQ,Hà Nội,"Hòa Lạc, Hà Nội",VN,,,Quán cà phê,https://www.google.com/maps/search/?api=1&query=S%C3%A0i%20G%C3%B2n%20Cafe%20Tr%C3%A0%20Chanh&query_place_id=ChIJSQdIFmFbNDERX-DkSRV7Xow,Có,"Cà phê đen đá pha phin: 25,000đ/ly (Cà phê đen truyền thống đậm đà) | Cà phê sữa đá: 22,000đ/ly (Cà phê sữa pha phin béo ngậy) | Bạc xỉu cốt dừa: 33,000đ/ly (Nhiều sữa béo ngậy vị dừa hòa quyện chút cà phê) | Trà đào cam sả: 33,000đ/ly (Trà đào thơm mát kết hợp lát đào cam tươi sả thơm) | Trà sữa trân châu truyền thống: 35,000đ/ly (Trà sữa đậm trà kèm trân châu đen dai giòn) | Sinh tố bơ sáp: 30,000đ/ly (Sinh tố bơ sáp tươi ngon xay sữa đặc ngậy béo) | Nước ép cam nguyên chất: 30,000đ/ly (Ép cam sành tự nhiên nhiều vitamin C)"
ChIJVwlbafJbNDERvU3tregNaFg,Osaka Coffee hoà lạc,21.0047021,105.5341305,4.6,13,Khu Công Nghệ Cao Hòa Lạc,Hà Nội,"Hòa Lạc, Hà Nội",VN,,,Quán cà phê,https://www.google.com/maps/search/?api=1&query=Osaka%20Coffee%20ho%C3%A0%20l%E1%BA%A1c&query_place_id=ChIJVwlbafJbNDERvU3tregNaFg,Có,"Cà phê đen đá pha phin: 25,000đ/ly (Cà phê đen truyền thống đậm đà) | Cà phê sữa đá: 22,000đ/ly (Cà phê sữa pha phin béo ngậy) | Bạc xỉu cốt dừa: 27,000đ/ly (Nhiều sữa béo ngậy vị dừa hòa quyện chút cà phê) | Trà đào cam sả: 40,000đ/ly (Trà đào thơm mát kết hợp lát đào cam tươi sả thơm) | Trà sữa trân châu truyền thống: 40,000đ/ly (Trà sữa đậm trà kèm trân châu đen dai giòn) | Sinh tố bơ sáp: 40,000đ/ly (Sinh tố bơ sáp tươi ngon xay sữa đặc ngậy béo) | Nước ép cam nguyên chất: 33,000đ/ly (Ép cam sành tự nhiên nhiều vitamin C)"
ChIJTy2d5CpZNDERZFPGKVADs0I,Nhà Hàng Hải Sản Hải Phương,21.0486875,105.5048281,3.4,12,2GX3+FWG,Hà Nội,"Đoài Phương, Hà Nội",VN,,+84 989 148 686,Nhà hàng hải sản,https://www.google.com/maps/search/?api=1&query=Nh%C3%A0%20H%C3%A0ng%20H%E1%BA%A3i%20S%E1%BA%A3n%20H%E1%BA%A3i%20Ph%C6%B0%C6%A1ng&query_place_id=ChIJTy2d5CpZNDERZFPGKVADs0I,Có,"Cá kho tộ miền Tây đậm vị: 87,000đ/tộ (Cá trắm đen kho tộ sánh quyện nước hàng dừa) | Thịt ba chỉ rang cháy cạnh: 80,000đ/đĩa (Thịt ba chỉ ba chỉ giòn rưới mỡ hành) | Sườn non xào chua ngọt: 80,000đ/đĩa (Sườn non xào cùng dứa và ớt chuông sốt chua cay) | Rau muống luộc dầm sấu / xào tỏi: 33,000đ/đĩa (Rau muống tươi xanh luộc chấm nước mắm chanh ớt) | Canh riêu cua đồng cà pháo: 45,000đ/bát (Canh cua đồng mát lạnh ăn kèm cà pháo giòn tan) | Cơm trắng gạo tám thơm: 15,000đ/niêu (Niêu cơm gạo tám dẻo thơm)"
ChIJL4rgDqxbNDERN82akdq4EnA,Ghiền BBQ,21.0121863,105.5186341,4.7,12,2G69+VCF,Hà Nội,"Hòa Lạc, Hà Nội",VN,https://www.facebook.com/Ghi%E1%BB%81n-BBQ-104740305680710/,+84 372 311 859,Nhà hàng,https://www.google.com/maps/search/?api=1&query=Ghi%E1%BB%81n%20BBQ&query_place_id=ChIJL4rgDqxbNDERN82akdq4EnA,Có,"Lẩu cua đồng sườn sụn bắp bò: 360,000đ/nồi (Nồi lẩu riêu cua đồng nguyên chất siêu nhiều gạch, kèm bắp bò sườn sụn) | Lẩu Thái hải sản chua cay: 399,000đ/nồi (Nước lẩu Tomyum chua cay nhúng tôm, mực, ngao, nấm) | Set nướng BBQ thập cẩm bò ba chỉ: 309,000đ/set (Bắp bò, ba chỉ heo cuộn nấm kim châm tẩm sốt BBQ nướng xèo xèo) | Ba chỉ bò Mỹ nhúng thêm: 75,000đ/đĩa (Thịt ba chỉ bò Mỹ thái mỏng cuốn nấm) | Sườn sụn non heo thêm: 75,000đ/đĩa (Sườn non giòn sần sật nhúng lẩu) | Rau nấm tổng hợp nhúng lẩu: 27,000đ/đĩa (Nấm kim châm, cải thảo, rau muống tươi)"
ChIJQcqgwpZbNDERqdDkIT5HefE,Cơm Nguyễn Tuấn,21.0094139,105.5180446,3.3,12,214 thôn 3,Hà Nội,"Hòa Lạc, Hà Nội",VN,https://www.facebook.com/canhdung.nguyen.927?mibextid=ZbWKwL,+84 983 556 183,Nhà hàng cơm,https://www.google.com/maps/search/?api=1&query=C%C6%A1m%20Nguy%E1%BB%85n%20Tu%E1%BA%A5n&query_place_id=ChIJQcqgwpZbNDERqdDkIT5HefE,Có,"Cơm rang dưa bò: 50,000đ/đĩa (Cơm rang hạt giòn tơi xào cùng cải dưa chua và thịt bò tươi mềm) | Cơm rang thập cẩm giòn: 30,000đ/đĩa (Cơm rang lạp xưởng ngô ngọt đậu hà lan rưới trứng vàng) | Cơm thố xá xíu nóng hổi: 35,000đ/thố (Cơm nấu niêu thố đất tạo lớp cháy giòn nhẹ, phủ thịt xá xíu đậm sốt) | Suất cơm bình dân tự chọn (3 món mặn + rau): 30,000đ/suất (Cơm suất bình dân đầy đặn sạch sẽ cho sinh viên và người đi làm) | Cơm tấm sườn bì chả Sài Gòn: 38,000đ/đĩa (Cơm tấm ăn kèm sườn nướng mặn ngọt chả trứng bì heo thính và nước mắm chua cay)"
ChIJd3uUfXZbNDERStRucLjwWi0,Gangsta Nướng Chảo Gang,21.0054091,105.5185575,4.0,12,"Số nhà 334, Thôn 3, Thạch Hoà, Thạch Thất",Hà Nội,"Hòa Lạc, Hà Nội",VN,,+84 922 810 810,Nhà hàng,https://www.google.com/maps/search/?api=1&query=Gangsta%20N%C6%B0%E1%BB%9Bng%20Ch%E1%BA%A3o%20Gang&query_place_id=ChIJd3uUfXZbNDERStRucLjwWi0,Có,"Lẩu cua đồng sườn sụn bắp bò: 360,000đ/nồi (Nồi lẩu riêu cua đồng nguyên chất siêu nhiều gạch, kèm bắp bò sườn sụn) | Lẩu Thái hải sản chua cay: 379,000đ/nồi (Nước lẩu Tomyum chua cay nhúng tôm, mực, ngao, nấm) | Set nướng BBQ thập cẩm bò ba chỉ: 279,000đ/set (Bắp bò, ba chỉ heo cuộn nấm kim châm tẩm sốt BBQ nướng xèo xèo) | Ba chỉ bò Mỹ nhúng thêm: 78,000đ/đĩa (Thịt ba chỉ bò Mỹ thái mỏng cuốn nấm) | Sườn sụn non heo thêm: 70,000đ/đĩa (Sườn non giòn sần sật nhúng lẩu) | Rau nấm tổng hợp nhúng lẩu: 30,000đ/đĩa (Nấm kim châm, cải thảo, rau muống tươi)"
ChIJF6qydgBdNDERCvLMWgCZoPQ,Nhà Hàng Phú Cường,20.9912946,105.4953499,4.0,12,XFRW+G49,Hà Nội,"Yên Xuân, Hà Nội",VN,,+84 866 946 335,Nhà hàng,https://www.google.com/maps/search/?api=1&query=Nh%C3%A0%20H%C3%A0ng%20Ph%C3%BA%20C%C6%B0%E1%BB%9Dng&query_place_id=ChIJF6qydgBdNDERCvLMWgCZoPQ,Có,"Cá kho tộ miền Tây đậm vị: 83,000đ/tộ (Cá trắm đen kho tộ sánh quyện nước hàng dừa) | Thịt ba chỉ rang cháy cạnh: 75,000đ/đĩa (Thịt ba chỉ ba chỉ giòn rưới mỡ hành) | Sườn non xào chua ngọt: 78,000đ/đĩa (Sườn non xào cùng dứa và ớt chuông sốt chua cay) | Rau muống luộc dầm sấu / xào tỏi: 30,000đ/đĩa (Rau muống tươi xanh luộc chấm nước mắm chanh ớt) | Canh riêu cua đồng cà pháo: 47,000đ/bát (Canh cua đồng mát lạnh ăn kèm cà pháo giòn tan) | Cơm trắng gạo tám thơm: 15,000đ/niêu (Niêu cơm gạo tám dẻo thơm)"
ChIJtz0AOxdbNDERtL9zzfMEF28,Nhà Hàng Lẩu Trâu Sơn Hải,21.0170233,105.5196114,3.9,12,"360, Thôn 4",Hà Nội,"Hòa Lạc, Hà Nội",VN,https://www.facebook.com/thittrauSonHai,+84 948 344 388,Nhà hàng,https://www.google.com/maps/search/?api=1&query=Nh%C3%A0%20H%C3%A0ng%20L%E1%BA%A9u%20Tr%C3%A2u%20S%C6%A1n%20H%E1%BA%A3i&query_place_id=ChIJtz0AOxdbNDERtL9zzfMEF28,Có,"Thịt trâu xào lá lốt: 140,000đ/đĩa (Thịt trâu tươi mềm ngọt xào lá lốt thơm lừng) | Thịt trâu nhúng mẻ chua cay: 140,000đ/đĩa (Thịt trâu nhúng nước dùng mẻ chua thanh nhẹ) | Dê tái chanh chấm tương gừng: 140,000đ/đĩa (Thịt dê núi hấp tái trộn vừng sả lá chanh) | Dê né bản gang: 150,000đ/đĩa (Dê xào nóng hổi trên bản gang kèm đậu bắp) | Lẩu dê núi nhúng mẻ: 409,000đ/nồi (Nồi lẩu dê núi ré thơm ngon kèm rau nhúng đặc sản) | Cơm cháy sốt dê: 72,000đ/đĩa (Cơm cháy giòn tan rưới nước sốt dê đậm vị)"
ChIJ7xBwXXBbNDERceXz7JzEn-c,Ẩm Thực Đồng Quê,21.0086094,105.5587199,5.0,12,2H55+CFX,Hà Nội,"Hạ Bằng, Hà Nội",VN,,+84 383 418 699,Nhà hàng gia đình,https://www.google.com/maps/search/?api=1&query=%E1%BA%A8m%20Th%E1%BB%B1c%20%C4%90%E1%BB%93ng%20Qu%C3%AA&query_place_id=ChIJ7xBwXXBbNDERceXz7JzEn-c,Có,"Cá kho tộ miền Tây đậm vị: 87,000đ/tộ (Cá trắm đen kho tộ sánh quyện nước hàng dừa) | Thịt ba chỉ rang cháy cạnh: 73,000đ/đĩa (Thịt ba chỉ ba chỉ giòn rưới mỡ hành) | Sườn non xào chua ngọt: 82,000đ/đĩa (Sườn non xào cùng dứa và ớt chuông sốt chua cay) | Rau muống luộc dầm sấu / xào tỏi: 30,000đ/đĩa (Rau muống tươi xanh luộc chấm nước mắm chanh ớt) | Canh riêu cua đồng cà pháo: 50,000đ/bát (Canh cua đồng mát lạnh ăn kèm cà pháo giòn tan) | Cơm trắng gạo tám thơm: 18,000đ/niêu (Niêu cơm gạo tám dẻo thơm)"
ChIJozWt2klaNDER-irKieKTcKo,Lẩu chó Vinh Bính,21.0130965,105.5567818,4.4,12,,Hà Nội,"Thạch Thất, Hà Nội",VN,,+84 363 769 711,Nhà hàng gia đình,https://www.google.com/maps/search/?api=1&query=L%E1%BA%A9u%20ch%C3%B3%20Vinh%20B%C3%ADnh&query_place_id=ChIJozWt2klaNDER-irKieKTcKo,Có,"Lẩu cua đồng sườn sụn bắp bò: 370,000đ/nồi (Nồi lẩu riêu cua đồng nguyên chất siêu nhiều gạch, kèm bắp bò sườn sụn) | Lẩu Thái hải sản chua cay: 379,000đ/nồi (Nước lẩu Tomyum chua cay nhúng tôm, mực, ngao, nấm) | Set nướng BBQ thập cẩm bò ba chỉ: 299,000đ/set (Bắp bò, ba chỉ heo cuộn nấm kim châm tẩm sốt BBQ nướng xèo xèo) | Ba chỉ bò Mỹ nhúng thêm: 80,000đ/đĩa (Thịt ba chỉ bò Mỹ thái mỏng cuốn nấm) | Sườn sụn non heo thêm: 73,000đ/đĩa (Sườn non giòn sần sật nhúng lẩu) | Rau nấm tổng hợp nhúng lẩu: 33,000đ/đĩa (Nấm kim châm, cải thảo, rau muống tươi)"
ChIJ7fOQNvZbNDERXBREa5JXDbo,Tiệm Nhà Thương,21.0114292,105.5556589,4.8,12,2H64+7FH,Hà Nội,"Hạ Bằng, Hà Nội",VN,,+84 369 796 637,Quán cà phê,https://www.google.com/maps/search/?api=1&query=Ti%E1%BB%87m%20Nh%C3%A0%20Th%C6%B0%C6%A1ng&query_place_id=ChIJ7fOQNvZbNDERXBREa5JXDbo,Có,"Cà phê đen đá pha phin: 22,000đ/ly (Cà phê đen truyền thống đậm đà) | Cà phê sữa đá: 25,000đ/ly (Cà phê sữa pha phin béo ngậy) | Bạc xỉu cốt dừa: 27,000đ/ly (Nhiều sữa béo ngậy vị dừa hòa quyện chút cà phê) | Trà đào cam sả: 33,000đ/ly (Trà đào thơm mát kết hợp lát đào cam tươi sả thơm) | Trà sữa trân châu truyền thống: 40,000đ/ly (Trà sữa đậm trà kèm trân châu đen dai giòn) | Sinh tố bơ sáp: 33,000đ/ly (Sinh tố bơ sáp tươi ngon xay sữa đặc ngậy béo) | Nước ép cam nguyên chất: 33,000đ/ly (Ép cam sành tự nhiên nhiều vitamin C)"
ChIJxaIua8dbNDERMDnc0aXEcg8,Quán Vịt Vân Hiền,21.019883,105.5513258,4.4,12,2H92+XG4,Hà Nội,"Hạ Bằng, Hà Nội",VN,,+84 374 304 531,Nhà hàng,https://www.google.com/maps/search/?api=1&query=Qu%C3%A1n%20V%E1%BB%8Bt%20V%C3%A2n%20Hi%E1%BB%81n&query_place_id=ChIJxaIua8dbNDERMDnc0aXEcg8,Có,"Cá kho tộ miền Tây đậm vị: 80,000đ/tộ (Cá trắm đen kho tộ sánh quyện nước hàng dừa) | Thịt ba chỉ rang cháy cạnh: 73,000đ/đĩa (Thịt ba chỉ ba chỉ giòn rưới mỡ hành) | Sườn non xào chua ngọt: 78,000đ/đĩa (Sườn non xào cùng dứa và ớt chuông sốt chua cay) | Rau muống luộc dầm sấu / xào tỏi: 33,000đ/đĩa (Rau muống tươi xanh luộc chấm nước mắm chanh ớt) | Canh riêu cua đồng cà pháo: 50,000đ/bát (Canh cua đồng mát lạnh ăn kèm cà pháo giòn tan) | Cơm trắng gạo tám thơm: 18,000đ/niêu (Niêu cơm gạo tám dẻo thơm)"
ChIJsSHzQDpbNDER3QqvgnlSwYE,Nhà Sàn Cá Lăng Anh Dũng,21.0169692,105.5745447,4.8,12,2H8F+QQ7,Hà Nội,"Hạ Bằng, Hà Nội",VN,,+84 938 581 988,Nhà hàng món cá,https://www.google.com/maps/search/?api=1&query=Nh%C3%A0%20S%C3%A0n%20C%C3%A1%20L%C4%83ng%20Anh%20D%C5%A9ng&query_place_id=ChIJsSHzQDpbNDER3QqvgnlSwYE,Có,"Cá kho tộ miền Tây đậm vị: 90,000đ/tộ (Cá trắm đen kho tộ sánh quyện nước hàng dừa) | Thịt ba chỉ rang cháy cạnh: 80,000đ/đĩa (Thịt ba chỉ ba chỉ giòn rưới mỡ hành) | Sườn non xào chua ngọt: 82,000đ/đĩa (Sườn non xào cùng dứa và ớt chuông sốt chua cay) | Rau muống luộc dầm sấu / xào tỏi: 27,000đ/đĩa (Rau muống tươi xanh luộc chấm nước mắm chanh ớt) | Canh riêu cua đồng cà pháo: 47,000đ/bát (Canh cua đồng mát lạnh ăn kèm cà pháo giòn tan) | Cơm trắng gạo tám thơm: 15,000đ/niêu (Niêu cơm gạo tám dẻo thơm)"
ChIJex6l_P5bNDERrKgu36UvtRU,Vườn Ẩm Thực Tuấn Thoan,21.0043791,105.5634106,4.6,12,2H37+Q9J,Hà Nội,"Hạ Bằng, Hà Nội",VN,,+84 987 672 737,Nhà hàng,https://www.google.com/maps/search/?api=1&query=V%C6%B0%E1%BB%9Dn%20%E1%BA%A8m%20Th%E1%BB%B1c%20Tu%E1%BA%A5n%20Thoan&query_place_id=ChIJex6l_P5bNDERrKgu36UvtRU,Có,"Cá kho tộ miền Tây đậm vị: 83,000đ/tộ (Cá trắm đen kho tộ sánh quyện nước hàng dừa) | Thịt ba chỉ rang cháy cạnh: 77,000đ/đĩa (Thịt ba chỉ ba chỉ giòn rưới mỡ hành) | Sườn non xào chua ngọt: 80,000đ/đĩa (Sườn non xào cùng dứa và ớt chuông sốt chua cay) | Rau muống luộc dầm sấu / xào tỏi: 27,000đ/đĩa (Rau muống tươi xanh luộc chấm nước mắm chanh ớt) | Canh riêu cua đồng cà pháo: 50,000đ/bát (Canh cua đồng mát lạnh ăn kèm cà pháo giòn tan) | Cơm trắng gạo tám thơm: 15,000đ/niêu (Niêu cơm gạo tám dẻo thơm)"
ChIJmdYnPwJbNDERklqjc5FAASo,ToTa Coffee,20.996209,105.5704027,4.8,12,đường Đồng Trúc,Hà Nội,"Hạ Bằng, Hà Nội",VN,,+84 972 853 723,Quán cà phê,https://www.google.com/maps/search/?api=1&query=ToTa%20Coffee&query_place_id=ChIJmdYnPwJbNDERklqjc5FAASo,Có,"Cà phê đen đá pha phin: 25,000đ/ly (Cà phê đen truyền thống đậm đà) | Cà phê sữa đá: 25,000đ/ly (Cà phê sữa pha phin béo ngậy) | Bạc xỉu cốt dừa: 27,000đ/ly (Nhiều sữa béo ngậy vị dừa hòa quyện chút cà phê) | Trà đào cam sả: 37,000đ/ly (Trà đào thơm mát kết hợp lát đào cam tươi sả thơm) | Trà sữa trân châu truyền thống: 37,000đ/ly (Trà sữa đậm trà kèm trân châu đen dai giòn) | Sinh tố bơ sáp: 33,000đ/ly (Sinh tố bơ sáp tươi ngon xay sữa đặc ngậy béo) | Nước ép cam nguyên chất: 27,000đ/ly (Ép cam sành tự nhiên nhiều vitamin C)"
ChIJEYiITwBbNDER3WtawC8TXHs,England Coffee,21.021961,105.5909293,5.0,12,"2HCR+Q9M, Đường H06",Hà Nội,"Tây Phương, Hà Nội",VN,,,Quán cà phê,https://www.google.com/maps/search/?api=1&query=England%20Coffee&query_place_id=ChIJEYiITwBbNDER3WtawC8TXHs,Có,"Cà phê đen đá pha phin: 22,000đ/ly (Cà phê đen truyền thống đậm đà) | Cà phê sữa đá: 22,000đ/ly (Cà phê sữa pha phin béo ngậy) | Bạc xỉu cốt dừa: 30,000đ/ly (Nhiều sữa béo ngậy vị dừa hòa quyện chút cà phê) | Trà đào cam sả: 33,000đ/ly (Trà đào thơm mát kết hợp lát đào cam tươi sả thơm) | Trà sữa trân châu truyền thống: 35,000đ/ly (Trà sữa đậm trà kèm trân châu đen dai giòn) | Sinh tố bơ sáp: 40,000đ/ly (Sinh tố bơ sáp tươi ngon xay sữa đặc ngậy béo) | Nước ép cam nguyên chất: 27,000đ/ly (Ép cam sành tự nhiên nhiều vitamin C)"
ChIJ6QhXa15bNDERlv3Yk27NFMI,Karaoke Minh Dũng,21.02274,105.5837068,4.1,12,2HFM+3FW,Hà Nội,"Hạ Bằng, Hà Nội",VN,,,Quán cà phê,https://www.google.com/maps/search/?api=1&query=Karaoke%20Minh%20D%C5%A9ng&query_place_id=ChIJ6QhXa15bNDERlv3Yk27NFMI,Có,"Đĩa hoa quả thập cẩm lớn (Dưa hấu, ổi, xoài, nho): 140,000đ/đĩa (Hoa quả tươi ngon cắt lát đẹp mắt) | Khô mực nướng cồn: 190,000đ/con (Mực khô Vân Đồn nướng cồn xé tay) | Thịt bò khô xé sợi vắt chanh: 85,000đ/đĩa (Bò khô sợi cay cay ngọt ngọt) | Khoai tây chiên lắc phô mai: 43,000đ/đĩa (Khoai tây chiên giòn tan phủ bột phô mai) | Hạt hướng dương sạch: 20,000đ/đĩa (Hạt hướng dương rang thơm) | Bia Heineken lon: 22,000đ/lon (Bia ngoại ướp lạnh sẵn) | Bia Hà Nội lon: 21,000đ/lon (Bia nội truyền thống) | Nước ngọt Coca-Cola / Sting: 15,000đ/lon (Nước ngọt các loại phục vụ lạnh)"
ChIJK_7gTgBbNDERHfCYyiBoq3M,An Coffee,21.0266969,105.5318397,4.9,12,,Hà Nội,"Hòa Lạc, Hà Nội",VN,,+84 963 830 018,Quán cà phê,https://www.google.com/maps/search/?api=1&query=An%20Coffee&query_place_id=ChIJK_7gTgBbNDERHfCYyiBoq3M,Có,"Cà phê đen đá pha phin: 22,000đ/ly (Cà phê đen truyền thống đậm đà) | Cà phê sữa đá: 25,000đ/ly (Cà phê sữa pha phin béo ngậy) | Bạc xỉu cốt dừa: 27,000đ/ly (Nhiều sữa béo ngậy vị dừa hòa quyện chút cà phê) | Trà đào cam sả: 37,000đ/ly (Trà đào thơm mát kết hợp lát đào cam tươi sả thơm) | Trà sữa trân châu truyền thống: 33,000đ/ly (Trà sữa đậm trà kèm trân châu đen dai giòn) | Sinh tố bơ sáp: 33,000đ/ly (Sinh tố bơ sáp tươi ngon xay sữa đặc ngậy béo) | Nước ép cam nguyên chất: 33,000đ/ly (Ép cam sành tự nhiên nhiều vitamin C)"
ChIJHSwPCwBbNDERKiETjf0Az4A,Chu Choa,21.0134467,105.5187833,4.1,11,62 thôn 3,Hà Nội,"Hòa Lạc, Hà Nội",VN,,+84 982 424 364,Nhà hàng món nướng,https://www.google.com/maps/search/?api=1&query=Chu%20Choa&query_place_id=ChIJHSwPCwBbNDERKiETjf0Az4A,Có,"Lẩu cua đồng sườn sụn bắp bò: 370,000đ/nồi (Nồi lẩu riêu cua đồng nguyên chất siêu nhiều gạch, kèm bắp bò sườn sụn) | Lẩu Thái hải sản chua cay: 379,000đ/nồi (Nước lẩu Tomyum chua cay nhúng tôm, mực, ngao, nấm) | Set nướng BBQ thập cẩm bò ba chỉ: 319,000đ/set (Bắp bò, ba chỉ heo cuộn nấm kim châm tẩm sốt BBQ nướng xèo xèo) | Ba chỉ bò Mỹ nhúng thêm: 80,000đ/đĩa (Thịt ba chỉ bò Mỹ thái mỏng cuốn nấm) | Sườn sụn non heo thêm: 80,000đ/đĩa (Sườn non giòn sần sật nhúng lẩu) | Rau nấm tổng hợp nhúng lẩu: 30,000đ/đĩa (Nấm kim châm, cải thảo, rau muống tươi)"
ChIJW3aVu05bNDERFfxsKl_po70,Mỳ cay Hola,21.0135207,105.5187014,3.7,11,2G79+CF4,Hà Nội,"Hòa Lạc, Hà Nội",VN,,+84 945 403 868,Quán ăn nhỏ,https://www.google.com/maps/search/?api=1&query=M%E1%BB%B3%20cay%20Hola&query_place_id=ChIJW3aVu05bNDERFfxsKl_po70,Có,"Cá kho tộ miền Tây đậm vị: 85,000đ/tộ (Cá trắm đen kho tộ sánh quyện nước hàng dừa) | Thịt ba chỉ rang cháy cạnh: 80,000đ/đĩa (Thịt ba chỉ ba chỉ giòn rưới mỡ hành) | Sườn non xào chua ngọt: 82,000đ/đĩa (Sườn non xào cùng dứa và ớt chuông sốt chua cay) | Rau muống luộc dầm sấu / xào tỏi: 33,000đ/đĩa (Rau muống tươi xanh luộc chấm nước mắm chanh ớt) | Canh riêu cua đồng cà pháo: 47,000đ/bát (Canh cua đồng mát lạnh ăn kèm cà pháo giòn tan) | Cơm trắng gạo tám thơm: 12,000đ/niêu (Niêu cơm gạo tám dẻo thơm)"
ChIJtc9jJQBbNDERnw4YCfugYoI,Gà Tươi Mạnh Hoạch,20.9900206,105.5101006,4.9,11,,Hà Nội,"Hòa Lạc, Hà Nội",VN,,+84 925 973 111,Nhà hàng,https://www.google.com/maps/search/?api=1&query=G%C3%A0%20T%C6%B0%C6%A1i%20M%E1%BA%A1nh%20Ho%E1%BA%A1ch&query_place_id=ChIJtc9jJQBbNDERnw4YCfugYoI,Có,"Gà ri hấp lá chanh (Cả con): 210,000đ/con (Gà ri đồi nuôi thả tự nhiên dai ngọt da vàng giòn) | Gà ri nướng mật ong (Cả con): 260,000đ/con (Gà ri nướng mật ong thơm phức vàng óng) | Gà rang muối tỏi: 130,000đ/đĩa (Gà ta chặt miếng rang muối đậm đà sần sật) | Lẩu gà ri thuốc bắc: 340,000đ/nồi (Nồi lẩu gà ri thuốc bắc bổ dưỡng kèm rau nấm) | Xôi chim câu hành phi: 85,000đ/đĩa (Xôi nếp dẻo thơm ăn kèm thịt chim câu băm nhỏ) | Lòng mề gà xào mướp giá: 68,000đ/đĩa (Lòng mề gà ri giòn xào mướp hương thơm phức)"
ChIJ7UDKZABbNDERAkwqWIIAz0k,Bún Bảy Cường,21.0292651,105.5176141,4.7,11,"2GH9+P25, QL21A",Hà Nội,"Hòa Lạc, Hà Nội",VN,,,Nhà hàng chuyên phục vụ bữa sáng,https://www.google.com/maps/search/?api=1&query=B%C3%BAn%20B%E1%BA%A3y%20C%C6%B0%E1%BB%9Dng&query_place_id=ChIJ7UDKZABbNDERAkwqWIIAz0k,Có,"Xôi xéo ruốc hành phi: 23,000đ/đĩa (Xôi xéo thơm nếp dẻo mỡ hành phi) | Bánh mì pate trứng giò: 22,000đ/cái (Bánh mì giòn kẹp pate nhà làm, trứng ốp la, giò lụa) | Sữa đậu nành nóng: 7,000đ/cốc (Sữa đậu nành nguyên chất) | Trà đá: 3,000đ/cốc (Trà giải khát sáng sớm)"
ChIJU3mZ5zlbNDERzpGMWg5zcgo,Mộc Coffee & Tea,21.0197063,105.5514604,2.8,11,,Hà Nội,"Hạ Bằng, Hà Nội",VN,,+84 984 851 451,Quán cà phê,https://www.google.com/maps/search/?api=1&query=M%E1%BB%99c%20Coffee%20%26%20Tea&query_place_id=ChIJU3mZ5zlbNDERzpGMWg5zcgo,Có,"Cà phê đen đá pha phin: 25,000đ/ly (Cà phê đen truyền thống đậm đà) | Cà phê sữa đá: 22,000đ/ly (Cà phê sữa pha phin béo ngậy) | Bạc xỉu cốt dừa: 33,000đ/ly (Nhiều sữa béo ngậy vị dừa hòa quyện chút cà phê) | Trà đào cam sả: 30,000đ/ly (Trà đào thơm mát kết hợp lát đào cam tươi sả thơm) | Trà sữa trân châu truyền thống: 35,000đ/ly (Trà sữa đậm trà kèm trân châu đen dai giòn) | Sinh tố bơ sáp: 35,000đ/ly (Sinh tố bơ sáp tươi ngon xay sữa đặc ngậy béo) | Nước ép cam nguyên chất: 27,000đ/ly (Ép cam sành tự nhiên nhiều vitamin C)"
ChIJF4ricM1bNDERV6sFjagPli0,Hùng Béo Quán,20.9770405,105.554664,4.0,11,Thôn 5 Đường đôi,Hà Nội,"Phú Cát, Hà Nội",VN,,,Nhà hàng,https://www.google.com/maps/search/?api=1&query=H%C3%B9ng%20B%C3%A9o%20Qu%C3%A1n&query_place_id=ChIJF4ricM1bNDERV6sFjagPli0,Có,"Cá kho tộ miền Tây đậm vị: 85,000đ/tộ (Cá trắm đen kho tộ sánh quyện nước hàng dừa) | Thịt ba chỉ rang cháy cạnh: 75,000đ/đĩa (Thịt ba chỉ ba chỉ giòn rưới mỡ hành) | Sườn non xào chua ngọt: 85,000đ/đĩa (Sườn non xào cùng dứa và ớt chuông sốt chua cay) | Rau muống luộc dầm sấu / xào tỏi: 33,000đ/đĩa (Rau muống tươi xanh luộc chấm nước mắm chanh ớt) | Canh riêu cua đồng cà pháo: 47,000đ/bát (Canh cua đồng mát lạnh ăn kèm cà pháo giòn tan) | Cơm trắng gạo tám thơm: 15,000đ/niêu (Niêu cơm gạo tám dẻo thơm)"
ChIJuWbi88hbNDER22nlw1M1TQA,Music Cafe Điểm Hẹn,21.0267229,105.5908865,4.5,11,182 Đ. Chùa Tây Phương,Hà Nội,"Tây Phương, Hà Nội",VN,,+84 987 782 870,Quán cà phê,https://www.google.com/maps/search/?api=1&query=Music%20Cafe%20%C4%90i%E1%BB%83m%20H%E1%BA%B9n&query_place_id=ChIJuWbi88hbNDER22nlw1M1TQA,Có,"Cà phê đen đá pha phin: 25,000đ/ly (Cà phê đen truyền thống đậm đà) | Cà phê sữa đá: 22,000đ/ly (Cà phê sữa pha phin béo ngậy) | Bạc xỉu cốt dừa: 30,000đ/ly (Nhiều sữa béo ngậy vị dừa hòa quyện chút cà phê) | Trà đào cam sả: 30,000đ/ly (Trà đào thơm mát kết hợp lát đào cam tươi sả thơm) | Trà sữa trân châu truyền thống: 35,000đ/ly (Trà sữa đậm trà kèm trân châu đen dai giòn) | Sinh tố bơ sáp: 37,000đ/ly (Sinh tố bơ sáp tươi ngon xay sữa đặc ngậy béo) | Nước ép cam nguyên chất: 30,000đ/ly (Ép cam sành tự nhiên nhiều vitamin C)"
ChIJOxLZewBbNDERRirOjlGe5fI,Chill Base Cafe,20.9838347,105.5273281,5.0,11,,Hà Nội,"Hòa Lạc, Hà Nội",VN,,,Quán cà phê,https://www.google.com/maps/search/?api=1&query=Chill%20Base%20Cafe&query_place_id=ChIJOxLZewBbNDERRirOjlGe5fI,Có,"Cà phê đen đá pha phin: 22,000đ/ly (Cà phê đen truyền thống đậm đà) | Cà phê sữa đá: 25,000đ/ly (Cà phê sữa pha phin béo ngậy) | Bạc xỉu cốt dừa: 30,000đ/ly (Nhiều sữa béo ngậy vị dừa hòa quyện chút cà phê) | Trà đào cam sả: 35,000đ/ly (Trà đào thơm mát kết hợp lát đào cam tươi sả thơm) | Trà sữa trân châu truyền thống: 37,000đ/ly (Trà sữa đậm trà kèm trân châu đen dai giòn) | Sinh tố bơ sáp: 33,000đ/ly (Sinh tố bơ sáp tươi ngon xay sữa đặc ngậy béo) | Nước ép cam nguyên chất: 27,000đ/ly (Ép cam sành tự nhiên nhiều vitamin C)"
ChIJMygyAQBbNDERL3_yQb944a0,LaBoong,20.984728,105.5319857,5.0,11,Khu Công Nghệ Cao Hòa Lạc,Hà Nội,"Hòa Lạc, Hà Nội",VN,,+84 398 163 562,Quán cà phê,https://www.google.com/maps/search/?api=1&query=LaBoong&query_place_id=ChIJMygyAQBbNDERL3_yQb944a0,Có,"Cà phê đen đá pha phin: 25,000đ/ly (Cà phê đen truyền thống đậm đà) | Cà phê sữa đá: 22,000đ/ly (Cà phê sữa pha phin béo ngậy) | Bạc xỉu cốt dừa: 33,000đ/ly (Nhiều sữa béo ngậy vị dừa hòa quyện chút cà phê) | Trà đào cam sả: 40,000đ/ly (Trà đào thơm mát kết hợp lát đào cam tươi sả thơm) | Trà sữa trân châu truyền thống: 30,000đ/ly (Trà sữa đậm trà kèm trân châu đen dai giòn) | Sinh tố bơ sáp: 40,000đ/ly (Sinh tố bơ sáp tươi ngon xay sữa đặc ngậy béo) | Nước ép cam nguyên chất: 30,000đ/ly (Ép cam sành tự nhiên nhiều vitamin C)"
ChIJz8LXUgBbNDERrNejePkR78s,Dohalive Organic Coffee,21.005027,105.522681,4.9,11,2G4F+23,Hà Nội,"Hòa Lạc, Hà Nội",VN,https://facebook.com/Dohalifeorganiccoffee/,+84 985 883 857,Quán cà phê,https://www.google.com/maps/search/?api=1&query=Dohalive%20Organic%20Coffee&query_place_id=ChIJz8LXUgBbNDERrNejePkR78s,Có,"Cà phê đen đá pha phin: 19,000đ/ly (Cà phê đen truyền thống đậm đà) | Cà phê sữa đá: 25,000đ/ly (Cà phê sữa pha phin béo ngậy) | Bạc xỉu cốt dừa: 30,000đ/ly (Nhiều sữa béo ngậy vị dừa hòa quyện chút cà phê) | Trà đào cam sả: 30,000đ/ly (Trà đào thơm mát kết hợp lát đào cam tươi sả thơm) | Trà sữa trân châu truyền thống: 33,000đ/ly (Trà sữa đậm trà kèm trân châu đen dai giòn) | Sinh tố bơ sáp: 37,000đ/ly (Sinh tố bơ sáp tươi ngon xay sữa đặc ngậy béo) | Nước ép cam nguyên chất: 30,000đ/ly (Ép cam sành tự nhiên nhiều vitamin C)"
ChIJK2fwyupbNDEROo3ndpYaHBU,Silas de 2004 Cafe,21.0211898,105.5841083,4.4,11,"Đối diện trường tiểu học, 16 đường lưu niệm Bác Hồ, xã Cần Kiệm, huyện Thạch Thất, nội",Hà Nội,"Hạ Bằng, Hà Nội",VN,,+84 988 422 425,Quán cà phê,https://www.google.com/maps/search/?api=1&query=Silas%20de%202004%20Cafe&query_place_id=ChIJK2fwyupbNDEROo3ndpYaHBU,Có,"Cà phê đen đá pha phin: 22,000đ/ly (Cà phê đen truyền thống đậm đà) | Cà phê sữa đá: 25,000đ/ly (Cà phê sữa pha phin béo ngậy) | Bạc xỉu cốt dừa: 27,000đ/ly (Nhiều sữa béo ngậy vị dừa hòa quyện chút cà phê) | Trà đào cam sả: 37,000đ/ly (Trà đào thơm mát kết hợp lát đào cam tươi sả thơm) | Trà sữa trân châu truyền thống: 37,000đ/ly (Trà sữa đậm trà kèm trân châu đen dai giòn) | Sinh tố bơ sáp: 30,000đ/ly (Sinh tố bơ sáp tươi ngon xay sữa đặc ngậy béo) | Nước ép cam nguyên chất: 27,000đ/ly (Ép cam sành tự nhiên nhiều vitamin C)"
ChIJ9SpkDgBZNDERQb-eKJ_lmCw,Ăn Đêm Mai Dũng,21.044785,105.508413,5.0,10,457 QL21A,Hà Nội,"Đoài Phương, Hà Nội",VN,,+84 367 869 795,Nhà hàng ăn nhanh,https://www.google.com/maps/search/?api=1&query=%C4%82n%20%C4%90%C3%AAm%20Mai%20D%C5%A9ng&query_place_id=ChIJ9SpkDgBZNDERQb-eKJ_lmCw,Có,"Gà rán giòn rụm tiêu cay (1 miếng): 37,000đ/miếng (Thịt gà tươi tẩm bột chiên vàng giòn da ngoài mọng nước bên trong) | Burger bò phô mai xá xíu đặc biệt: 47,000đ/chiếc (Burger kẹp bò băm nướng lò, phô mai lát béo ngậy, sốt đặc biệt) | Pizza xúc xích xông khói phô mai (Size 20cm): 130,000đ/chiếc (Đế pizza nướng giòn rưới đẫm phô mai Mozzarella nhập khẩu) | Khoai tây chiên giòn cọng lớn: 22,000đ/đĩa (Khoai tây vàng giòn tơi xốp ăn kèm sốt cà chua)"
ChIJ5d5VYFhbNDERJqtYs521ask,Cơm Nhất Linh,21.0010128,105.521533,4.2,10,2G2C+CJ3,Hà Nội,"Hòa Lạc, Hà Nội",VN,,,Nhà hàng cơm,https://www.google.com/maps/search/?api=1&query=C%C6%A1m%20Nh%E1%BA%A5t%20Linh&query_place_id=ChIJ5d5VYFhbNDERJqtYs521ask,Có,"Cơm rang dưa bò: 43,000đ/đĩa (Cơm rang hạt giòn tơi xào cùng cải dưa chua và thịt bò tươi mềm) | Cơm rang thập cẩm giòn: 37,000đ/đĩa (Cơm rang lạp xưởng ngô ngọt đậu hà lan rưới trứng vàng) | Cơm thố xá xíu nóng hổi: 35,000đ/thố (Cơm nấu niêu thố đất tạo lớp cháy giòn nhẹ, phủ thịt xá xíu đậm sốt) | Suất cơm bình dân tự chọn (3 món mặn + rau): 33,000đ/suất (Cơm suất bình dân đầy đặn sạch sẽ cho sinh viên và người đi làm) | Cơm tấm sườn bì chả Sài Gòn: 40,000đ/đĩa (Cơm tấm ăn kèm sườn nướng mặn ngọt chả trứng bì heo thính và nước mắm chua cay)"
ChIJNTnWKgBbNDER_rky0_aB5So,Bún đậu Đồng Mô 2,21.0113205,105.5187922,2.9,10,"2G69+GGV, 130",Hà Nội,"Hòa Lạc, Hà Nội",VN,,+84 829 170 333,Nhà hàng gia đình,https://www.google.com/maps/search/?api=1&query=B%C3%BAn%20%C4%91%E1%BA%ADu%20%C4%90%E1%BB%93ng%20M%C3%B4%202&query_place_id=ChIJNTnWKgBbNDER_rky0_aB5So,Có,"Bún đậu mắm tôm đầy đủ (Đậu, thịt chân giò, nem chua rán, chả cốm): 43,000đ/suất (Mẹt bún đậu đầy đủ nguyên liệu tươi ngon kèm rau thơm kinh giới) | Bún đậu thường (Đậu chiên giòn): 22,000đ/suất (Bún đậu chay đơn giản với đậu phụ rán giòn) | Bún chả Hà Nội truyền thống: 38,000đ/suất (Chả miếng và chả viên nướng than hoa thơm phức trong bát nước chấm chua ngọt) | Nem cua bể chiên giòn: 15,000đ/chiếc (Nem cua bể giòn rụm nhiều nhân) | Nước sấu đá ngầm chua ngọt: 15,000đ/cốc (Đồ uống giải nhiệt cực hợp vị bún đậu)"
ChIJy_k8yIxdNDERZcapPAY-gZA,Bún Chả Sơn Hiền,20.9954383,105.4869988,3.6,10,Qua 30m Cty CP An Thinh Group - Thôn Gò Mè xã Yên Bình,Hà Nội,"Yên Xuân, Hà Nội",VN,,+84 963 893 392,Quán mì,https://www.google.com/maps/search/?api=1&query=B%C3%BAn%20Ch%E1%BA%A3%20S%C6%A1n%20Hi%E1%BB%81n&query_place_id=ChIJy_k8yIxdNDERZcapPAY-gZA,Có,"Bún đậu mắm tôm đầy đủ (Đậu, thịt chân giò, nem chua rán, chả cốm): 45,000đ/suất (Mẹt bún đậu đầy đủ nguyên liệu tươi ngon kèm rau thơm kinh giới) | Bún đậu thường (Đậu chiên giòn): 28,000đ/suất (Bún đậu chay đơn giản với đậu phụ rán giòn) | Bún chả Hà Nội truyền thống: 45,000đ/suất (Chả miếng và chả viên nướng than hoa thơm phức trong bát nước chấm chua ngọt) | Nem cua bể chiên giòn: 15,000đ/chiếc (Nem cua bể giòn rụm nhiều nhân) | Nước sấu đá ngầm chua ngọt: 12,000đ/cốc (Đồ uống giải nhiệt cực hợp vị bún đậu)"
ChIJG0bOJplRNDERg7udXWM9Cuk,Thiên Nhiên Quán,21.0260275,105.5600771,5.0,10,"Khu đấu giá, ĐT419",Hà Nội,"Hạ Bằng, Hà Nội",VN,,+84 982 888 217,Công ty tư vấn bất động sản,https://www.google.com/maps/search/?api=1&query=Thi%C3%AAn%20Nhi%C3%AAn%20Qu%C3%A1n&query_place_id=ChIJG0bOJplRNDERg7udXWM9Cuk,Không,Không áp dụng (Địa điểm phi ẩm thực)
ChIJZQACMwBbNDERzG27AglWSIc,CƠM TẤM 998,21.0188991,105.5507577,4.6,10,Số 18 đường mục uyên công nghệ,Hà Nội,"Hạ Bằng, Hà Nội",VN,,+84 327 072 955,Nhà hàng cơm,https://www.google.com/maps/search/?api=1&query=C%C6%A0M%20T%E1%BA%A4M%20998&query_place_id=ChIJZQACMwBbNDERzG27AglWSIc,Có,"Cơm rang dưa bò: 47,000đ/đĩa (Cơm rang hạt giòn tơi xào cùng cải dưa chua và thịt bò tươi mềm) | Cơm rang thập cẩm giòn: 40,000đ/đĩa (Cơm rang lạp xưởng ngô ngọt đậu hà lan rưới trứng vàng) | Cơm thố xá xíu nóng hổi: 38,000đ/thố (Cơm nấu niêu thố đất tạo lớp cháy giòn nhẹ, phủ thịt xá xíu đậm sốt) | Suất cơm bình dân tự chọn (3 món mặn + rau): 27,000đ/suất (Cơm suất bình dân đầy đặn sạch sẽ cho sinh viên và người đi làm) | Cơm tấm sườn bì chả Sài Gòn: 35,000đ/đĩa (Cơm tấm ăn kèm sườn nướng mặn ngọt chả trứng bì heo thính và nước mắm chua cay)"
ChIJ-Xr7WwBbNDERohYovvVkMFA,Nhà Hàng Xuân Thủy,21.0200945,105.5550226,4.1,10,2HC4+335,Hà Nội,"Hạ Bằng, Hà Nội",VN,,+84 976 710 418,Nhà hàng,https://www.google.com/maps/search/?api=1&query=Nh%C3%A0%20H%C3%A0ng%20Xu%C3%A2n%20Th%E1%BB%A7y&query_place_id=ChIJ-Xr7WwBbNDERohYovvVkMFA,Có,"Cá kho tộ miền Tây đậm vị: 85,000đ/tộ (Cá trắm đen kho tộ sánh quyện nước hàng dừa) | Thịt ba chỉ rang cháy cạnh: 80,000đ/đĩa (Thịt ba chỉ ba chỉ giòn rưới mỡ hành) | Sườn non xào chua ngọt: 75,000đ/đĩa (Sườn non xào cùng dứa và ớt chuông sốt chua cay) | Rau muống luộc dầm sấu / xào tỏi: 30,000đ/đĩa (Rau muống tươi xanh luộc chấm nước mắm chanh ớt) | Canh riêu cua đồng cà pháo: 43,000đ/bát (Canh cua đồng mát lạnh ăn kèm cà pháo giòn tan) | Cơm trắng gạo tám thơm: 18,000đ/niêu (Niêu cơm gạo tám dẻo thơm)"
ChIJo5PdOABbNDERHaVyZ3AeGzw,Hẻm Cafe,21.016997,105.549924,4.5,10,Ngõ 69 Đường Tân Xã,Hà Nội,"Hạ Bằng, Hà Nội",VN,,,Quán cà phê,https://www.google.com/maps/search/?api=1&query=H%E1%BA%BBm%20Cafe&query_place_id=ChIJo5PdOABbNDERHaVyZ3AeGzw,Có,"Cà phê đen đá pha phin: 22,000đ/ly (Cà phê đen truyền thống đậm đà) | Cà phê sữa đá: 28,000đ/ly (Cà phê sữa pha phin béo ngậy) | Bạc xỉu cốt dừa: 33,000đ/ly (Nhiều sữa béo ngậy vị dừa hòa quyện chút cà phê) | Trà đào cam sả: 35,000đ/ly (Trà đào thơm mát kết hợp lát đào cam tươi sả thơm) | Trà sữa trân châu truyền thống: 35,000đ/ly (Trà sữa đậm trà kèm trân châu đen dai giòn) | Sinh tố bơ sáp: 30,000đ/ly (Sinh tố bơ sáp tươi ngon xay sữa đặc ngậy béo) | Nước ép cam nguyên chất: 33,000đ/ly (Ép cam sành tự nhiên nhiều vitamin C)"
ChIJPbrazNJbNDERK9-UUdGFFB0,Bún Phở Hường Béo,21.008001,105.556773,4.2,10,,Hà Nội,"Hạ Bằng, Hà Nội",VN,,+84 967 904 527,Nhà hàng,https://www.google.com/maps/search/?api=1&query=B%C3%BAn%20Ph%E1%BB%9F%20H%C6%B0%E1%BB%9Dng%20B%C3%A9o&query_place_id=ChIJPbrazNJbNDERK9-UUdGFFB0,Có,"Phở chín bò ta: 35,000đ/bát (Nước dùng phở bò ninh xương ống ngọt lịm kèm thịt chín thái mỏng) | Phở tái chần: 30,000đ/bát (Phở bò với thịt bò tươi chần tái mềm ngọt) | Phở nạm gầu giòn: 45,000đ/bát (Bánh phở mềm cùng nạm bò và gầu bò giòn sần sật) | Phở tái lăn đặc biệt: 45,000đ/bát (Phở bò xào tái lăn thơm mùi tỏi phi) | Trứng gà trần: 7,000đ/quả (Trứng trần nước phở béo ngậy) | Quẩy giòn: 8,000đ/chiếc (Quẩy giòn ăn kèm nước phở)"
ChIJu2ValuRbNDERtGfR_ORxAD8,Quán Lẩu Quang Ích 68,21.0117804,105.5554279,3.3,10,2H64+P56,Hà Nội,"Hạ Bằng, Hà Nội",VN,,,Nhà hàng,https://www.google.com/maps/search/?api=1&query=Qu%C3%A1n%20L%E1%BA%A9u%20Quang%20%C3%8Dch%2068&query_place_id=ChIJu2ValuRbNDERtGfR_ORxAD8,Có,"Lẩu cua đồng sườn sụn bắp bò: 330,000đ/nồi (Nồi lẩu riêu cua đồng nguyên chất siêu nhiều gạch, kèm bắp bò sườn sụn) | Lẩu Thái hải sản chua cay: 399,000đ/nồi (Nước lẩu Tomyum chua cay nhúng tôm, mực, ngao, nấm) | Set nướng BBQ thập cẩm bò ba chỉ: 289,000đ/set (Bắp bò, ba chỉ heo cuộn nấm kim châm tẩm sốt BBQ nướng xèo xèo) | Ba chỉ bò Mỹ nhúng thêm: 85,000đ/đĩa (Thịt ba chỉ bò Mỹ thái mỏng cuốn nấm) | Sườn sụn non heo thêm: 70,000đ/đĩa (Sườn non giòn sần sật nhúng lẩu) | Rau nấm tổng hợp nhúng lẩu: 27,000đ/đĩa (Nấm kim châm, cải thảo, rau muống tươi)"
ChIJJyYbkxhbNDERazweooC6f-M,Quán Dê Tứ Hải Trâu 97,21.0247506,105.5862309,4.6,10,338 Thạch Xá,Hà Nội,"Tây Phương, Hà Nội",VN,,+84 973 944 528,Nhà hàng,https://www.google.com/maps/search/?api=1&query=Qu%C3%A1n%20D%C3%AA%20T%E1%BB%A9%20H%E1%BA%A3i%20Tr%C3%A2u%2097&query_place_id=ChIJJyYbkxhbNDERazweooC6f-M,Có,"Thịt trâu xào lá lốt: 110,000đ/đĩa (Thịt trâu tươi mềm ngọt xào lá lốt thơm lừng) | Thịt trâu nhúng mẻ chua cay: 130,000đ/đĩa (Thịt trâu nhúng nước dùng mẻ chua thanh nhẹ) | Dê tái chanh chấm tương gừng: 170,000đ/đĩa (Thịt dê núi hấp tái trộn vừng sả lá chanh) | Dê né bản gang: 180,000đ/đĩa (Dê xào nóng hổi trên bản gang kèm đậu bắp) | Lẩu dê núi nhúng mẻ: 409,000đ/nồi (Nồi lẩu dê núi ré thơm ngon kèm rau nhúng đặc sản) | Cơm cháy sốt dê: 65,000đ/đĩa (Cơm cháy giòn tan rưới nước sốt dê đậm vị)"
ChIJnfq9w_JZNDERuwOBcUS_fxk,Pizza Minh Quyền,21.0287501,105.5810569,4.4,10,thôn yên lạc 3,Hà Nội,"Hạ Bằng, Hà Nội",VN,,+84 587 986 986,Cửa hàng bán pizza mang về,https://www.google.com/maps/search/?api=1&query=Pizza%20Minh%20Quy%E1%BB%81n&query_place_id=ChIJnfq9w_JZNDERuwOBcUS_fxk,Có,"Gà rán giòn rụm tiêu cay (1 miếng): 33,000đ/miếng (Thịt gà tươi tẩm bột chiên vàng giòn da ngoài mọng nước bên trong) | Burger bò phô mai xá xíu đặc biệt: 43,000đ/chiếc (Burger kẹp bò băm nướng lò, phô mai lát béo ngậy, sốt đặc biệt) | Pizza xúc xích xông khói phô mai (Size 20cm): 140,000đ/chiếc (Đế pizza nướng giòn rưới đẫm phô mai Mozzarella nhập khẩu) | Khoai tây chiên giòn cọng lớn: 22,000đ/đĩa (Khoai tây vàng giòn tơi xốp ăn kèm sốt cà chua)"
ChIJZyLnJwBbNDEReDkVZSk9yT8,Gà rán Hàn Quốc,21.0239932,105.5493406,4.2,10,2GFX+JP4,Hà Nội,"Hạ Bằng, Hà Nội",VN,,+84 986 840 174,Nhà hàng Hàn Quốc,https://www.google.com/maps/search/?api=1&query=G%C3%A0%20r%C3%A1n%20H%C3%A0n%20Qu%E1%BB%91c&query_place_id=ChIJZyLnJwBbNDEReDkVZSk9yT8,Có,"Gà ri hấp lá chanh (Cả con): 250,000đ/con (Gà ri đồi nuôi thả tự nhiên dai ngọt da vàng giòn) | Gà ri nướng mật ong (Cả con): 230,000đ/con (Gà ri nướng mật ong thơm phức vàng óng) | Gà rang muối tỏi: 140,000đ/đĩa (Gà ta chặt miếng rang muối đậm đà sần sật) | Lẩu gà ri thuốc bắc: 370,000đ/nồi (Nồi lẩu gà ri thuốc bắc bổ dưỡng kèm rau nấm) | Xôi chim câu hành phi: 85,000đ/đĩa (Xôi nếp dẻo thơm ăn kèm thịt chim câu băm nhỏ) | Lòng mề gà xào mướp giá: 65,000đ/đĩa (Lòng mề gà ri giòn xào mướp hương thơm phức)"
ChIJx9qdEABbNDERGKKj7FdKwqk,CK Coffee,20.9989607,105.5335602,4.9,10,Khu Công Nghệ Cao Hòa Lạc,Hà Nội,"Hòa Lạc, Hà Nội",VN,,,Quán cà phê,https://www.google.com/maps/search/?api=1&query=CK%20Coffee&query_place_id=ChIJx9qdEABbNDERGKKj7FdKwqk,Có,"Cà phê đen đá pha phin: 19,000đ/ly (Cà phê đen truyền thống đậm đà) | Cà phê sữa đá: 28,000đ/ly (Cà phê sữa pha phin béo ngậy) | Bạc xỉu cốt dừa: 30,000đ/ly (Nhiều sữa béo ngậy vị dừa hòa quyện chút cà phê) | Trà đào cam sả: 30,000đ/ly (Trà đào thơm mát kết hợp lát đào cam tươi sả thơm) | Trà sữa trân châu truyền thống: 40,000đ/ly (Trà sữa đậm trà kèm trân châu đen dai giòn) | Sinh tố bơ sáp: 35,000đ/ly (Sinh tố bơ sáp tươi ngon xay sữa đặc ngậy béo) | Nước ép cam nguyên chất: 30,000đ/ly (Ép cam sành tự nhiên nhiều vitamin C)"
ChIJ9Zw5WgBbNDERoMdBJYjhFFw,Nhà Hàng Gà Ri Thanh Tuấn,21.0070671,105.5180433,4.0,9,QL21,Hà Nội,"Hòa Lạc, Hà Nội",VN,,+84 977 555 072,Nhà hàng thịt gà,https://www.google.com/maps/search/?api=1&query=Nh%C3%A0%20H%C3%A0ng%20G%C3%A0%20Ri%20Thanh%20Tu%E1%BA%A5n&query_place_id=ChIJ9Zw5WgBbNDERoMdBJYjhFFw,Có,"Gà ri hấp lá chanh (Cả con): 250,000đ/con (Gà ri đồi nuôi thả tự nhiên dai ngọt da vàng giòn) | Gà ri nướng mật ong (Cả con): 250,000đ/con (Gà ri nướng mật ong thơm phức vàng óng) | Gà rang muối tỏi: 150,000đ/đĩa (Gà ta chặt miếng rang muối đậm đà sần sật) | Lẩu gà ri thuốc bắc: 340,000đ/nồi (Nồi lẩu gà ri thuốc bắc bổ dưỡng kèm rau nấm) | Xôi chim câu hành phi: 85,000đ/đĩa (Xôi nếp dẻo thơm ăn kèm thịt chim câu băm nhỏ) | Lòng mề gà xào mướp giá: 68,000đ/đĩa (Lòng mề gà ri giòn xào mướp hương thơm phức)"
ChIJ8TkdA2pbNDERT-O29GX4XAI,Ốc Huyền,21.0033291,105.5200967,4.9,9,2G3C+82V,Hà Nội,"Hòa Lạc, Hà Nội",VN,,+84 974 626 929,Quán ăn nhỏ,https://www.google.com/maps/search/?api=1&query=%E1%BB%90c%20Huy%E1%BB%81n&query_place_id=ChIJ8TkdA2pbNDERT-O29GX4XAI,Có,"Ốc luộc sả lá chanh truyền thống: 40,000đ/bát (Ốc vặn/ốc nhồi mít luộc thơm mùi sả chấm nước mắm gừng cay ngọt đặc sản) | Ốc móng tay xào bơ tỏi thơm lừng: 65,000đ/đĩa (Ốc móng tay tươi ngọt sốt bơ tỏi sánh béo chấm bánh mì tuyệt đỉnh) | Nem chua rán giòn rụm (10 cái): 48,000đ/đĩa (Nem chua rán nóng hổi chấm tương ớt cay nồng) | Khoai tây chiên lắc bột phô mai: 35,000đ/đĩa (Món khai vị ăn vặt khoái khẩu) | Trà quất mật ong khổng lồ: 18,000đ/cốc (Trà quất mát chua ngọt cực đã khát)"
ChIJ-XGWfQBdNDER8IYkEkJ30p4,Nhà Hàng Ngọc Trai Tiến Xuân,20.9962952,105.4796916,5.0,9,XFWJ+FM,Hà Nội,"Yên Xuân, Hà Nội",VN,,+84 567 788 888,Nhà hàng,https://www.google.com/maps/search/?api=1&query=Nh%C3%A0%20H%C3%A0ng%20Ng%E1%BB%8Dc%20Trai%20Ti%E1%BA%BFn%20Xu%C3%A2n&query_place_id=ChIJ-XGWfQBdNDER8IYkEkJ30p4,Có,"Cá kho tộ miền Tây đậm vị: 85,000đ/tộ (Cá trắm đen kho tộ sánh quyện nước hàng dừa) | Thịt ba chỉ rang cháy cạnh: 70,000đ/đĩa (Thịt ba chỉ ba chỉ giòn rưới mỡ hành) | Sườn non xào chua ngọt: 75,000đ/đĩa (Sườn non xào cùng dứa và ớt chuông sốt chua cay) | Rau muống luộc dầm sấu / xào tỏi: 27,000đ/đĩa (Rau muống tươi xanh luộc chấm nước mắm chanh ớt) | Canh riêu cua đồng cà pháo: 50,000đ/bát (Canh cua đồng mát lạnh ăn kèm cà pháo giòn tan) | Cơm trắng gạo tám thơm: 18,000đ/niêu (Niêu cơm gạo tám dẻo thơm)"
ChIJhY2b85yrNTERmxgNmeJY9S4,Nhà Hàng Hưng Gia,20.9844571,105.5258742,4.7,9,"XGMG+Q8Q, QL21",Hà Nội,"Yên Xuân, Hà Nội",VN,,+84 904 900 385,Nhà hàng,https://www.google.com/maps/search/?api=1&query=Nh%C3%A0%20H%C3%A0ng%20H%C6%B0ng%20Gia&query_place_id=ChIJhY2b85yrNTERmxgNmeJY9S4,Có,"Cá kho tộ miền Tây đậm vị: 90,000đ/tộ (Cá trắm đen kho tộ sánh quyện nước hàng dừa) | Thịt ba chỉ rang cháy cạnh: 70,000đ/đĩa (Thịt ba chỉ ba chỉ giòn rưới mỡ hành) | Sườn non xào chua ngọt: 78,000đ/đĩa (Sườn non xào cùng dứa và ớt chuông sốt chua cay) | Rau muống luộc dầm sấu / xào tỏi: 30,000đ/đĩa (Rau muống tươi xanh luộc chấm nước mắm chanh ớt) | Canh riêu cua đồng cà pháo: 50,000đ/bát (Canh cua đồng mát lạnh ăn kèm cà pháo giòn tan) | Cơm trắng gạo tám thơm: 15,000đ/niêu (Niêu cơm gạo tám dẻo thơm)"
ChIJt8-AdQBbNDER9GvG2g2p0Ok,Nhà hàng Sơn Trang C5,20.9893225,105.5084333,4.3,9,"XGQ5+P9H, CT03",Hà Nội,"Yên Xuân, Hà Nội",VN,https://www.facebook.com/sontrangc5,+84 866 492 833,Nhà hàng,https://www.google.com/maps/search/?api=1&query=Nh%C3%A0%20h%C3%A0ng%20S%C6%A1n%20Trang%20C5&query_place_id=ChIJt8-AdQBbNDER9GvG2g2p0Ok,Có,"Cá kho tộ miền Tây đậm vị: 90,000đ/tộ (Cá trắm đen kho tộ sánh quyện nước hàng dừa) | Thịt ba chỉ rang cháy cạnh: 77,000đ/đĩa (Thịt ba chỉ ba chỉ giòn rưới mỡ hành) | Sườn non xào chua ngọt: 80,000đ/đĩa (Sườn non xào cùng dứa và ớt chuông sốt chua cay) | Rau muống luộc dầm sấu / xào tỏi: 30,000đ/đĩa (Rau muống tươi xanh luộc chấm nước mắm chanh ớt) | Canh riêu cua đồng cà pháo: 40,000đ/bát (Canh cua đồng mát lạnh ăn kèm cà pháo giòn tan) | Cơm trắng gạo tám thơm: 12,000đ/niêu (Niêu cơm gạo tám dẻo thơm)"
ChIJq6qqqjb-NDERgRNVEZ0yyoo,Quán Bia Giang Nam,20.9869655,105.4956628,3.9,9,XFPW+Q7M,Hà Nội,"Yên Xuân, Hà Nội",VN,,,Nhà hàng,https://www.google.com/maps/search/?api=1&query=Qu%C3%A1n%20Bia%20Giang%20Nam&query_place_id=ChIJq6qqqjb-NDERgRNVEZ0yyoo,Có,"Bia hơi Hà Nội mát lạnh: 12,000đ/cốc (Bia hơi tươi rói rót trực tiếp từ vòi bom lạnh) | Đậu phụ lướt ván nóng giòn: 27,000đ/đĩa (Đậu hũ non chiên lướt ván ngoài vàng giòn trong mịn mượt như thạch) | Đĩa lạc rang muối / lạc luộc mộc mạc: 12,000đ/đĩa (Đồ nhắm bia truyền thống) | Nộm tai heo đu đủ xanh chua ngọt: 63,000đ/đĩa (Tai heo giòn sần sật trộn đu đủ bào sợi nước nộm chua ngọt sảng khoái) | Sụn gà chiên mắm rang muối: 93,000đ/đĩa (Sụn gà ta giòn sần sật tẩm ướp chiên xóc muối ớt tỏi)"
ChIJk59SU8BUNDERh0chqvVq-os,Yên Quý Quán,21.0058073,105.4640504,4.7,9,2F47+8JF,Hà Nội,"Yên Xuân, Hà Nội",VN,,,Quán ăn nhỏ,https://www.google.com/maps/search/?api=1&query=Y%C3%AAn%20Qu%C3%BD%20Qu%C3%A1n&query_place_id=ChIJk59SU8BUNDERh0chqvVq-os,Có,"Cá kho tộ miền Tây đậm vị: 90,000đ/tộ (Cá trắm đen kho tộ sánh quyện nước hàng dừa) | Thịt ba chỉ rang cháy cạnh: 80,000đ/đĩa (Thịt ba chỉ ba chỉ giòn rưới mỡ hành) | Sườn non xào chua ngọt: 80,000đ/đĩa (Sườn non xào cùng dứa và ớt chuông sốt chua cay) | Rau muống luộc dầm sấu / xào tỏi: 27,000đ/đĩa (Rau muống tươi xanh luộc chấm nước mắm chanh ớt) | Canh riêu cua đồng cà pháo: 43,000đ/bát (Canh cua đồng mát lạnh ăn kèm cà pháo giòn tan) | Cơm trắng gạo tám thơm: 12,000đ/niêu (Niêu cơm gạo tám dẻo thơm)"
ChIJl2GoEABbNDERqTn0g-WOiBE,Cơm Tấm Chính Lan 1998,21.0225389,105.549525,4.4,9,"Mặt hồ, đường vành đai công nghệ Hạ Bằng",Hà Nội,"Hòa Lạc, Hà Nội",VN,,+84 368 466 998,Nhà hàng cơm,https://www.google.com/maps/search/?api=1&query=C%C6%A1m%20T%E1%BA%A5m%20Ch%C3%ADnh%20Lan%201998&query_place_id=ChIJl2GoEABbNDERqTn0g-WOiBE,Có,"Cơm rang dưa bò: 40,000đ/đĩa (Cơm rang hạt giòn tơi xào cùng cải dưa chua và thịt bò tươi mềm) | Cơm rang thập cẩm giòn: 35,000đ/đĩa (Cơm rang lạp xưởng ngô ngọt đậu hà lan rưới trứng vàng) | Cơm thố xá xíu nóng hổi: 42,000đ/thố (Cơm nấu niêu thố đất tạo lớp cháy giòn nhẹ, phủ thịt xá xíu đậm sốt) | Suất cơm bình dân tự chọn (3 món mặn + rau): 33,000đ/suất (Cơm suất bình dân đầy đặn sạch sẽ cho sinh viên và người đi làm) | Cơm tấm sườn bì chả Sài Gòn: 45,000đ/đĩa (Cơm tấm ăn kèm sườn nướng mặn ngọt chả trứng bì heo thính và nước mắm chua cay)"
ChIJ9UscbwBbNDERtspc3OSU0FY,Nhà hàng Gà Tươi Phạm Xá 6789,20.9851429,105.526488,4.8,9,Số 155 thôn 2,Hà Nội,"Hòa Lạc, Hà Nội",VN,,+84 338 391 686,Nhà hàng,https://www.google.com/maps/search/?api=1&query=Nh%C3%A0%20h%C3%A0ng%20G%C3%A0%20T%C6%B0%C6%A1i%20Ph%E1%BA%A1m%20X%C3%A1%206789&query_place_id=ChIJ9UscbwBbNDERtspc3OSU0FY,Có,"Gà ri hấp lá chanh (Cả con): 240,000đ/con (Gà ri đồi nuôi thả tự nhiên dai ngọt da vàng giòn) | Gà ri nướng mật ong (Cả con): 260,000đ/con (Gà ri nướng mật ong thơm phức vàng óng) | Gà rang muối tỏi: 140,000đ/đĩa (Gà ta chặt miếng rang muối đậm đà sần sật) | Lẩu gà ri thuốc bắc: 350,000đ/nồi (Nồi lẩu gà ri thuốc bắc bổ dưỡng kèm rau nấm) | Xôi chim câu hành phi: 85,000đ/đĩa (Xôi nếp dẻo thơm ăn kèm thịt chim câu băm nhỏ) | Lòng mề gà xào mướp giá: 65,000đ/đĩa (Lòng mề gà ri giòn xào mướp hương thơm phức)"
ChIJo9djM1BbNDER4XoJX3y3N10,Đặc sản Lòng ngon,21.0239307,105.5852567,4.1,9,2HFP+G3H,Hà Nội,"Hạ Bằng, Hà Nội",VN,,+84 375 058 651,Nhà hàng chuyên phục vụ bữa sáng,https://www.google.com/maps/search/?api=1&query=%C4%90%E1%BA%B7c%20s%E1%BA%A3n%20L%C3%B2ng%20ngon&query_place_id=ChIJo9djM1BbNDER4XoJX3y3N10,Có,"Xôi xéo ruốc hành phi: 23,000đ/đĩa (Xôi xéo thơm nếp dẻo mỡ hành phi) | Bánh mì pate trứng giò: 25,000đ/cái (Bánh mì giòn kẹp pate nhà làm, trứng ốp la, giò lụa) | Sữa đậu nành nóng: 13,000đ/cốc (Sữa đậu nành nguyên chất) | Trà đá: 3,000đ/cốc (Trà giải khát sáng sớm)"
ChIJA6qFUFhbNDER1wP0yHTW7Jw,Bún Chả Thuỷ Tiên,20.9937734,105.5242754,4.3,9,XGVF+GP2,Hà Nội,"Hòa Lạc, Hà Nội",VN,,+84 974 357 462,Nhà hàng chuyên phục vụ bữa sáng,https://www.google.com/maps/search/?api=1&query=B%C3%BAn%20Ch%E1%BA%A3%20Thu%E1%BB%B7%20Ti%C3%AAn&query_place_id=ChIJA6qFUFhbNDER1wP0yHTW7Jw,Có,"Bún đậu mắm tôm đầy đủ (Đậu, thịt chân giò, nem chua rán, chả cốm): 45,000đ/suất (Mẹt bún đậu đầy đủ nguyên liệu tươi ngon kèm rau thơm kinh giới) | Bún đậu thường (Đậu chiên giòn): 22,000đ/suất (Bún đậu chay đơn giản với đậu phụ rán giòn) | Bún chả Hà Nội truyền thống: 35,000đ/suất (Chả miếng và chả viên nướng than hoa thơm phức trong bát nước chấm chua ngọt) | Nem cua bể chiên giòn: 12,000đ/chiếc (Nem cua bể giòn rụm nhiều nhân) | Nước sấu đá ngầm chua ngọt: 12,000đ/cốc (Đồ uống giải nhiệt cực hợp vị bún đậu)"
ChIJid--b0NaNDERLcNhtljOaDo,Nhà Hàng Cây Mít,21.0015279,105.565866,4.7,9,2H28+J89,Hà Nội,"Hạ Bằng, Hà Nội",VN,,,Nhà hàng,https://www.google.com/maps/search/?api=1&query=Nh%C3%A0%20H%C3%A0ng%20C%C3%A2y%20M%C3%ADt&query_place_id=ChIJid--b0NaNDERLcNhtljOaDo,Có,"Cá kho tộ miền Tây đậm vị: 83,000đ/tộ (Cá trắm đen kho tộ sánh quyện nước hàng dừa) | Thịt ba chỉ rang cháy cạnh: 70,000đ/đĩa (Thịt ba chỉ ba chỉ giòn rưới mỡ hành) | Sườn non xào chua ngọt: 85,000đ/đĩa (Sườn non xào cùng dứa và ớt chuông sốt chua cay) | Rau muống luộc dầm sấu / xào tỏi: 33,000đ/đĩa (Rau muống tươi xanh luộc chấm nước mắm chanh ớt) | Canh riêu cua đồng cà pháo: 40,000đ/bát (Canh cua đồng mát lạnh ăn kèm cà pháo giòn tan) | Cơm trắng gạo tám thơm: 18,000đ/niêu (Niêu cơm gạo tám dẻo thơm)"
ChIJu8VLA2KpNTER2Qv383gSPhc,Bê chao Tây Bắc,20.9843615,105.5261121,4.3,9,66 QL21,Hà Nội,"Yên Xuân, Hà Nội",VN,https://www.facebook.com/laucuadong.traungon/,+84 888 883 885,Nhà hàng,https://www.google.com/maps/search/?api=1&query=B%C3%AA%20chao%20T%C3%A2y%20B%E1%BA%AFc&query_place_id=ChIJu8VLA2KpNTER2Qv383gSPhc,Có,"Cá kho tộ miền Tây đậm vị: 85,000đ/tộ (Cá trắm đen kho tộ sánh quyện nước hàng dừa) | Thịt ba chỉ rang cháy cạnh: 77,000đ/đĩa (Thịt ba chỉ ba chỉ giòn rưới mỡ hành) | Sườn non xào chua ngọt: 80,000đ/đĩa (Sườn non xào cùng dứa và ớt chuông sốt chua cay) | Rau muống luộc dầm sấu / xào tỏi: 27,000đ/đĩa (Rau muống tươi xanh luộc chấm nước mắm chanh ớt) | Canh riêu cua đồng cà pháo: 45,000đ/bát (Canh cua đồng mát lạnh ăn kèm cà pháo giòn tan) | Cơm trắng gạo tám thơm: 15,000đ/niêu (Niêu cơm gạo tám dẻo thơm)"
ChIJj8WLS8ZbNDER-dR68M6T2rw,Quán Quen Bia Lẩu,21.0046677,105.5569746,4.8,9,"2H34+VQP, Thôn 7",Hà Nội,"Hạ Bằng, Hà Nội",VN,https://www.facebook.com/share/1Hc9SC95CB/?mibextid=wwXIfr,+84 869 866 862,Nhà hàng,https://www.google.com/maps/search/?api=1&query=Qu%C3%A1n%20Quen%20Bia%20L%E1%BA%A9u&query_place_id=ChIJj8WLS8ZbNDER-dR68M6T2rw,Có,"Lẩu cua đồng sườn sụn bắp bò: 370,000đ/nồi (Nồi lẩu riêu cua đồng nguyên chất siêu nhiều gạch, kèm bắp bò sườn sụn) | Lẩu Thái hải sản chua cay: 419,000đ/nồi (Nước lẩu Tomyum chua cay nhúng tôm, mực, ngao, nấm) | Set nướng BBQ thập cẩm bò ba chỉ: 289,000đ/set (Bắp bò, ba chỉ heo cuộn nấm kim châm tẩm sốt BBQ nướng xèo xèo) | Ba chỉ bò Mỹ nhúng thêm: 80,000đ/đĩa (Thịt ba chỉ bò Mỹ thái mỏng cuốn nấm) | Sườn sụn non heo thêm: 80,000đ/đĩa (Sườn non giòn sần sật nhúng lẩu) | Rau nấm tổng hợp nhúng lẩu: 27,000đ/đĩa (Nấm kim châm, cải thảo, rau muống tươi)"
ChIJd5pORXZbNDERnCyI80Yv-bM,Karaoke Đại Dương Massage,20.9904019,105.5159389,4.3,9,XGR8+598,Hà Nội,"Hòa Lạc, Hà Nội",VN,,,Quán bar karaoke,https://www.google.com/maps/search/?api=1&query=Karaoke%20%C4%90%E1%BA%A1i%20D%C6%B0%C6%A1ng%20Massage&query_place_id=ChIJd5pORXZbNDERnCyI80Yv-bM,Có,"Đĩa hoa quả thập cẩm lớn (Dưa hấu, ổi, xoài, nho): 150,000đ/đĩa (Hoa quả tươi ngon cắt lát đẹp mắt) | Khô mực nướng cồn: 170,000đ/con (Mực khô Vân Đồn nướng cồn xé tay) | Thịt bò khô xé sợi vắt chanh: 75,000đ/đĩa (Bò khô sợi cay cay ngọt ngọt) | Khoai tây chiên lắc phô mai: 50,000đ/đĩa (Khoai tây chiên giòn tan phủ bột phô mai) | Hạt hướng dương sạch: 23,000đ/đĩa (Hạt hướng dương rang thơm) | Bia Heineken lon: 22,000đ/lon (Bia ngoại ướp lạnh sẵn) | Bia Hà Nội lon: 18,000đ/lon (Bia nội truyền thống) | Nước ngọt Coca-Cola / Sting: 15,000đ/lon (Nước ngọt các loại phục vụ lạnh)"
ChIJXTpebgBbNDERbSRmINRkjKA,Twitter Beans FPT Education,21.0132617,105.526106,3.8,9,"Km29, CT03",Hà Nội,"Hòa Lạc, Hà Nội",VN,,,Quán cà phê,https://www.google.com/maps/search/?api=1&query=Twitter%20Beans%20FPT%20Education&query_place_id=ChIJXTpebgBbNDERbSRmINRkjKA,Có,"Cà phê đen đá pha phin: 25,000đ/ly (Cà phê đen truyền thống đậm đà) | Cà phê sữa đá: 25,000đ/ly (Cà phê sữa pha phin béo ngậy) | Bạc xỉu cốt dừa: 30,000đ/ly (Nhiều sữa béo ngậy vị dừa hòa quyện chút cà phê) | Trà đào cam sả: 37,000đ/ly (Trà đào thơm mát kết hợp lát đào cam tươi sả thơm) | Trà sữa trân châu truyền thống: 35,000đ/ly (Trà sữa đậm trà kèm trân châu đen dai giòn) | Sinh tố bơ sáp: 30,000đ/ly (Sinh tố bơ sáp tươi ngon xay sữa đặc ngậy béo) | Nước ép cam nguyên chất: 30,000đ/ly (Ép cam sành tự nhiên nhiều vitamin C)"
ChIJP6XG0FFbNDERCCTLrr4ktPg,Azzan Coffee - Đại học FPT,21.0132661,105.5261593,4.9,9,2G7G+8F3,Hà Nội,"Hòa Lạc, Hà Nội",VN,,+84 967 883 545,Quán cà phê,https://www.google.com/maps/search/?api=1&query=Azzan%20Coffee%20-%20%C4%90%E1%BA%A1i%20h%E1%BB%8Dc%20FPT&query_place_id=ChIJP6XG0FFbNDERCCTLrr4ktPg,Không,Không áp dụng (Địa điểm phi ẩm thực)
ChIJPUzi-zxZNDERgd62xgIed_c,Hồ Sen Quán,21.0312416,105.5213607,4.3,8,Linh sơn,Hà Nội,"Hạ Bằng, Hà Nội",VN,,+84 966 430 969,Nhà hàng,https://www.google.com/maps/search/?api=1&query=H%E1%BB%93%20Sen%20Qu%C3%A1n&query_place_id=ChIJPUzi-zxZNDERgd62xgIed_c,Có,"Cá kho tộ miền Tây đậm vị: 85,000đ/tộ (Cá trắm đen kho tộ sánh quyện nước hàng dừa) | Thịt ba chỉ rang cháy cạnh: 73,000đ/đĩa (Thịt ba chỉ ba chỉ giòn rưới mỡ hành) | Sườn non xào chua ngọt: 78,000đ/đĩa (Sườn non xào cùng dứa và ớt chuông sốt chua cay) | Rau muống luộc dầm sấu / xào tỏi: 30,000đ/đĩa (Rau muống tươi xanh luộc chấm nước mắm chanh ớt) | Canh riêu cua đồng cà pháo: 47,000đ/bát (Canh cua đồng mát lạnh ăn kèm cà pháo giòn tan) | Cơm trắng gạo tám thơm: 12,000đ/niêu (Niêu cơm gạo tám dẻo thơm)"
ChIJU2Wr7BxbNDERZzWtsmCfemE,Nhà Hàng Thế giới Bò,21.0331102,105.5139013,3.0,8,Asean Resort/21a Chợ Hòa Lạc,Hà Nội,"Thạch Thất, Hà Nội",VN,,,Nhà hàng,https://www.google.com/maps/search/?api=1&query=Nh%C3%A0%20H%C3%A0ng%20Th%E1%BA%BF%20gi%E1%BB%9Bi%20B%C3%B2&query_place_id=ChIJU2Wr7BxbNDERZzWtsmCfemE,Có,"Thịt trâu xào lá lốt: 120,000đ/đĩa (Thịt trâu tươi mềm ngọt xào lá lốt thơm lừng) | Thịt trâu nhúng mẻ chua cay: 150,000đ/đĩa (Thịt trâu nhúng nước dùng mẻ chua thanh nhẹ) | Dê tái chanh chấm tương gừng: 140,000đ/đĩa (Thịt dê núi hấp tái trộn vừng sả lá chanh) | Dê né bản gang: 150,000đ/đĩa (Dê xào nóng hổi trên bản gang kèm đậu bắp) | Lẩu dê núi nhúng mẻ: 399,000đ/nồi (Nồi lẩu dê núi ré thơm ngon kèm rau nhúng đặc sản) | Cơm cháy sốt dê: 68,000đ/đĩa (Cơm cháy giòn tan rưới nước sốt dê đậm vị)"
ChIJD1cjYQBbNDERtzxN8bNKurs,Nướng Than Hoa Fuca,21.0018304,105.5196845,5.0,8,2G29+PVF,Hà Nội,"Hòa Lạc, Hà Nội",VN,,,Nhà hàng món nướng,https://www.google.com/maps/search/?api=1&query=N%C6%B0%E1%BB%9Bng%20Than%20Hoa%20Fuca&query_place_id=ChIJD1cjYQBbNDERtzxN8bNKurs,Có,"Lẩu cua đồng sườn sụn bắp bò: 370,000đ/nồi (Nồi lẩu riêu cua đồng nguyên chất siêu nhiều gạch, kèm bắp bò sườn sụn) | Lẩu Thái hải sản chua cay: 379,000đ/nồi (Nước lẩu Tomyum chua cay nhúng tôm, mực, ngao, nấm) | Set nướng BBQ thập cẩm bò ba chỉ: 289,000đ/set (Bắp bò, ba chỉ heo cuộn nấm kim châm tẩm sốt BBQ nướng xèo xèo) | Ba chỉ bò Mỹ nhúng thêm: 78,000đ/đĩa (Thịt ba chỉ bò Mỹ thái mỏng cuốn nấm) | Sườn sụn non heo thêm: 77,000đ/đĩa (Sườn non giòn sần sật nhúng lẩu) | Rau nấm tổng hợp nhúng lẩu: 33,000đ/đĩa (Nấm kim châm, cải thảo, rau muống tươi)"
ChIJq_WXtAZbNDERBaP7m0f-SSU,Phở Cồ Như Ý 179,21.0059329,105.5189209,4.4,8,Phở Cồ Như Ý 179 Ql21A thôn 3 Thạch Hòa,Hà Nội,"Hòa Lạc, Hà Nội",VN,,,Quán ăn truyền thống Ghana,https://www.google.com/maps/search/?api=1&query=Ph%E1%BB%9F%20C%E1%BB%93%20Nh%C6%B0%20%C3%9D%20179&query_place_id=ChIJq_WXtAZbNDERBaP7m0f-SSU,Có,"Phở chín bò ta: 40,000đ/bát (Nước dùng phở bò ninh xương ống ngọt lịm kèm thịt chín thái mỏng) | Phở tái chần: 33,000đ/bát (Phở bò với thịt bò tươi chần tái mềm ngọt) | Phở nạm gầu giòn: 45,000đ/bát (Bánh phở mềm cùng nạm bò và gầu bò giòn sần sật) | Phở tái lăn đặc biệt: 43,000đ/bát (Phở bò xào tái lăn thơm mùi tỏi phi) | Trứng gà trần: 13,000đ/quả (Trứng trần nước phở béo ngậy) | Quẩy giòn: 5,000đ/chiếc (Quẩy giòn ăn kèm nước phở)"
ChIJdciR4vJbNDERaxg_7PcYRws,Cơm Gà RuBy,21.0071586,105.5179833,4.1,8,Số 282A cụm 4,Hà Nội,"Hòa Lạc, Hà Nội",VN,,,Quán ăn nhỏ,https://www.google.com/maps/search/?api=1&query=C%C6%A1m%20G%C3%A0%20RuBy&query_place_id=ChIJdciR4vJbNDERaxg_7PcYRws,Có,"Gà ri hấp lá chanh (Cả con): 210,000đ/con (Gà ri đồi nuôi thả tự nhiên dai ngọt da vàng giòn) | Gà ri nướng mật ong (Cả con): 260,000đ/con (Gà ri nướng mật ong thơm phức vàng óng) | Gà rang muối tỏi: 150,000đ/đĩa (Gà ta chặt miếng rang muối đậm đà sần sật) | Lẩu gà ri thuốc bắc: 360,000đ/nồi (Nồi lẩu gà ri thuốc bắc bổ dưỡng kèm rau nấm) | Xôi chim câu hành phi: 75,000đ/đĩa (Xôi nếp dẻo thơm ăn kèm thịt chim câu băm nhỏ) | Lòng mề gà xào mướp giá: 75,000đ/đĩa (Lòng mề gà ri giòn xào mướp hương thơm phức)"
ChIJEwR-SwBbNDERZLB5hKSDJLk,Bún Đậu Mắm Tôm - Thương Béo,21.0198106,105.5204297,4.0,8,989 QL21A,Hà Nội,"Hòa Lạc, Hà Nội",VN,,+84 964 377 868,Nhà hàng gia đình,https://www.google.com/maps/search/?api=1&query=B%C3%BAn%20%C4%90%E1%BA%ADu%20M%E1%BA%AFm%20T%C3%B4m%20-%20Th%C6%B0%C6%A1ng%20B%C3%A9o&query_place_id=ChIJEwR-SwBbNDERZLB5hKSDJLk,Có,"Bún đậu mắm tôm đầy đủ (Đậu, thịt chân giò, nem chua rán, chả cốm): 40,000đ/suất (Mẹt bún đậu đầy đủ nguyên liệu tươi ngon kèm rau thơm kinh giới) | Bún đậu thường (Đậu chiên giòn): 25,000đ/suất (Bún đậu chay đơn giản với đậu phụ rán giòn) | Bún chả Hà Nội truyền thống: 40,000đ/suất (Chả miếng và chả viên nướng than hoa thơm phức trong bát nước chấm chua ngọt) | Nem cua bể chiên giòn: 18,000đ/chiếc (Nem cua bể giòn rụm nhiều nhân) | Nước sấu đá ngầm chua ngọt: 12,000đ/cốc (Đồ uống giải nhiệt cực hợp vị bún đậu)"
ChIJX-cLN95dNDER6MK6TDqdTQc,Nhà Hàng 16,21.0153703,105.4629012,3.5,8,2F87+45W,Hà Nội,"Yên Bài, Hà Nội",VN,,+84 865 979 521,Quán ăn nhỏ,https://www.google.com/maps/search/?api=1&query=Nh%C3%A0%20H%C3%A0ng%2016&query_place_id=ChIJX-cLN95dNDER6MK6TDqdTQc,Có,"Cá kho tộ miền Tây đậm vị: 90,000đ/tộ (Cá trắm đen kho tộ sánh quyện nước hàng dừa) | Thịt ba chỉ rang cháy cạnh: 73,000đ/đĩa (Thịt ba chỉ ba chỉ giòn rưới mỡ hành) | Sườn non xào chua ngọt: 80,000đ/đĩa (Sườn non xào cùng dứa và ớt chuông sốt chua cay) | Rau muống luộc dầm sấu / xào tỏi: 33,000đ/đĩa (Rau muống tươi xanh luộc chấm nước mắm chanh ớt) | Canh riêu cua đồng cà pháo: 45,000đ/bát (Canh cua đồng mát lạnh ăn kèm cà pháo giòn tan) | Cơm trắng gạo tám thơm: 12,000đ/niêu (Niêu cơm gạo tám dẻo thơm)"
ChIJpdhO_Z9ZNDERiN4dM-9S01E,Nhà Hàng Ba Văn,21.0507717,105.5525399,4.0,8,,Hà Nội,"Hạ Bằng, Hà Nội",VN,,+84 973 430 585,Nhà hàng,https://www.google.com/maps/search/?api=1&query=Nh%C3%A0%20H%C3%A0ng%20Ba%20V%C4%83n&query_place_id=ChIJpdhO_Z9ZNDERiN4dM-9S01E,Có,"Cá kho tộ miền Tây đậm vị: 85,000đ/tộ (Cá trắm đen kho tộ sánh quyện nước hàng dừa) | Thịt ba chỉ rang cháy cạnh: 75,000đ/đĩa (Thịt ba chỉ ba chỉ giòn rưới mỡ hành) | Sườn non xào chua ngọt: 78,000đ/đĩa (Sườn non xào cùng dứa và ớt chuông sốt chua cay) | Rau muống luộc dầm sấu / xào tỏi: 27,000đ/đĩa (Rau muống tươi xanh luộc chấm nước mắm chanh ớt) | Canh riêu cua đồng cà pháo: 40,000đ/bát (Canh cua đồng mát lạnh ăn kèm cà pháo giòn tan) | Cơm trắng gạo tám thơm: 18,000đ/niêu (Niêu cơm gạo tám dẻo thơm)"
ChIJlYkj2blbNDER9Vuc6QuFdz4,Duy Tân Cafeteria,21.0099645,105.5355003,4.3,8,"Khu Công Nghệ Cao Hòa Lạc, F-Ville 1, Khu CNC Hòa Lạc, FPT Software",Hà Nội,"Hòa Lạc, Hà Nội",VN,https://www.facebook.com/duytancafe,+84 936 323 268,Quán cà phê,https://www.google.com/maps/search/?api=1&query=Duy%20T%C3%A2n%20Cafeteria&query_place_id=ChIJlYkj2blbNDER9Vuc6QuFdz4,Có,"Cà phê đen đá pha phin: 22,000đ/ly (Cà phê đen truyền thống đậm đà) | Cà phê sữa đá: 25,000đ/ly (Cà phê sữa pha phin béo ngậy) | Bạc xỉu cốt dừa: 27,000đ/ly (Nhiều sữa béo ngậy vị dừa hòa quyện chút cà phê) | Trà đào cam sả: 37,000đ/ly (Trà đào thơm mát kết hợp lát đào cam tươi sả thơm) | Trà sữa trân châu truyền thống: 40,000đ/ly (Trà sữa đậm trà kèm trân châu đen dai giòn) | Sinh tố bơ sáp: 30,000đ/ly (Sinh tố bơ sáp tươi ngon xay sữa đặc ngậy béo) | Nước ép cam nguyên chất: 27,000đ/ly (Ép cam sành tự nhiên nhiều vitamin C)"
ChIJNzzWrYtZNDERemMWHHJZs6c,Yummy Coffee,21.0370337,105.5466957,4.4,8,"2GPW+RM8, ĐT420",Hà Nội,"Hạ Bằng, Hà Nội",VN,,+84 964 005 780,Quán cà phê,https://www.google.com/maps/search/?api=1&query=Yummy%20Coffee&query_place_id=ChIJNzzWrYtZNDERemMWHHJZs6c,Có,"Cà phê đen đá pha phin: 25,000đ/ly (Cà phê đen truyền thống đậm đà) | Cà phê sữa đá: 25,000đ/ly (Cà phê sữa pha phin béo ngậy) | Bạc xỉu cốt dừa: 30,000đ/ly (Nhiều sữa béo ngậy vị dừa hòa quyện chút cà phê) | Trà đào cam sả: 33,000đ/ly (Trà đào thơm mát kết hợp lát đào cam tươi sả thơm) | Trà sữa trân châu truyền thống: 37,000đ/ly (Trà sữa đậm trà kèm trân châu đen dai giòn) | Sinh tố bơ sáp: 33,000đ/ly (Sinh tố bơ sáp tươi ngon xay sữa đặc ngậy béo) | Nước ép cam nguyên chất: 33,000đ/ly (Ép cam sành tự nhiên nhiều vitamin C)"
ChIJ8STw2BZZNDERt9KY7tAQpQE,Hiền Lương Quán,21.0508618,105.5031802,4.9,7,Km 10 đoàn kết,Hà Nội,"Đoài Phương, Hà Nội",VN,,,Nhà hàng,https://www.google.com/maps/search/?api=1&query=Hi%E1%BB%81n%20L%C6%B0%C6%A1ng%20Qu%C3%A1n&query_place_id=ChIJ8STw2BZZNDERt9KY7tAQpQE,Có,"Cá kho tộ miền Tây đậm vị: 90,000đ/tộ (Cá trắm đen kho tộ sánh quyện nước hàng dừa) | Thịt ba chỉ rang cháy cạnh: 73,000đ/đĩa (Thịt ba chỉ ba chỉ giòn rưới mỡ hành) | Sườn non xào chua ngọt: 78,000đ/đĩa (Sườn non xào cùng dứa và ớt chuông sốt chua cay) | Rau muống luộc dầm sấu / xào tỏi: 30,000đ/đĩa (Rau muống tươi xanh luộc chấm nước mắm chanh ớt) | Canh riêu cua đồng cà pháo: 50,000đ/bát (Canh cua đồng mát lạnh ăn kèm cà pháo giòn tan) | Cơm trắng gạo tám thơm: 18,000đ/niêu (Niêu cơm gạo tám dẻo thơm)"
ChIJdcXxHq1bNDERcom-d4vb4To,Vạn Thanh Cafe,21.0351737,105.5060159,5.0,7,2GP4+5C,Hà Nội,"Hòa Lạc, Hà Nội",VN,,+84 906 570 183,Quán cà phê,https://www.google.com/maps/search/?api=1&query=V%E1%BA%A1n%20Thanh%20Cafe&query_place_id=ChIJdcXxHq1bNDERcom-d4vb4To,Có,"Cà phê đen đá pha phin: 22,000đ/ly (Cà phê đen truyền thống đậm đà) | Cà phê sữa đá: 22,000đ/ly (Cà phê sữa pha phin béo ngậy) | Bạc xỉu cốt dừa: 30,000đ/ly (Nhiều sữa béo ngậy vị dừa hòa quyện chút cà phê) | Trà đào cam sả: 37,000đ/ly (Trà đào thơm mát kết hợp lát đào cam tươi sả thơm) | Trà sữa trân châu truyền thống: 30,000đ/ly (Trà sữa đậm trà kèm trân châu đen dai giòn) | Sinh tố bơ sáp: 33,000đ/ly (Sinh tố bơ sáp tươi ngon xay sữa đặc ngậy béo) | Nước ép cam nguyên chất: 30,000đ/ly (Ép cam sành tự nhiên nhiều vitamin C)"
ChIJCehPVwBbNDERyCrqIdPI8ZE,Hotpot Hola,21.0143137,105.5199782,4.7,7,,Hà Nội,"Hòa Lạc, Hà Nội",VN,,+84 918 060 322,Nhà hàng,https://www.google.com/maps/search/?api=1&query=Hotpot%20Hola&query_place_id=ChIJCehPVwBbNDERyCrqIdPI8ZE,Có,"Cá kho tộ miền Tây đậm vị: 87,000đ/tộ (Cá trắm đen kho tộ sánh quyện nước hàng dừa) | Thịt ba chỉ rang cháy cạnh: 70,000đ/đĩa (Thịt ba chỉ ba chỉ giòn rưới mỡ hành) | Sườn non xào chua ngọt: 82,000đ/đĩa (Sườn non xào cùng dứa và ớt chuông sốt chua cay) | Rau muống luộc dầm sấu / xào tỏi: 33,000đ/đĩa (Rau muống tươi xanh luộc chấm nước mắm chanh ớt) | Canh riêu cua đồng cà pháo: 40,000đ/bát (Canh cua đồng mát lạnh ăn kèm cà pháo giòn tan) | Cơm trắng gạo tám thơm: 18,000đ/niêu (Niêu cơm gạo tám dẻo thơm)"
ChIJ52STAQBbNDERlaWeOrJvdag,Vua Bún Riêu Cua_ Lẩu Ếch,21.0122116,105.518648,4.3,7,2G69+VCF,Hà Nội,"Hòa Lạc, Hà Nội",VN,,+84 976 712 092,Cửa hàng ăn nhanh,https://www.google.com/maps/search/?api=1&query=Vua%20B%C3%BAn%20Ri%C3%AAu%20Cua_%20L%E1%BA%A9u%20%E1%BA%BEch&query_place_id=ChIJ52STAQBbNDERlaWeOrJvdag,Có,"Lẩu cua đồng sườn sụn bắp bò: 340,000đ/nồi (Nồi lẩu riêu cua đồng nguyên chất siêu nhiều gạch, kèm bắp bò sườn sụn) | Lẩu Thái hải sản chua cay: 409,000đ/nồi (Nước lẩu Tomyum chua cay nhúng tôm, mực, ngao, nấm) | Set nướng BBQ thập cẩm bò ba chỉ: 309,000đ/set (Bắp bò, ba chỉ heo cuộn nấm kim châm tẩm sốt BBQ nướng xèo xèo) | Ba chỉ bò Mỹ nhúng thêm: 82,000đ/đĩa (Thịt ba chỉ bò Mỹ thái mỏng cuốn nấm) | Sườn sụn non heo thêm: 70,000đ/đĩa (Sườn non giòn sần sật nhúng lẩu) | Rau nấm tổng hợp nhúng lẩu: 33,000đ/đĩa (Nấm kim châm, cải thảo, rau muống tươi)"
ChIJa7Z0TABdNDERPpFUOJqSipk,"PHỞ BÒ, GÀ, BÚN CÁ HÒZÔTA tại Hoà Lạc",20.9901711,105.4988011,5.0,7,,Hà Nội,"Yên Xuân, Hà Nội",VN,,+84 966 982 020,Nhà hàng phở,https://www.google.com/maps/search/?api=1&query=PH%E1%BB%9E%20B%C3%92%2C%20G%C3%80%2C%20B%C3%9AN%20C%C3%81%20H%C3%92Z%C3%94TA%20t%E1%BA%A1i%20Ho%C3%A0%20L%E1%BA%A1c&query_place_id=ChIJa7Z0TABdNDERPpFUOJqSipk,Có,"Phở chín bò ta: 33,000đ/bát (Nước dùng phở bò ninh xương ống ngọt lịm kèm thịt chín thái mỏng) | Phở tái chần: 35,000đ/bát (Phở bò với thịt bò tươi chần tái mềm ngọt) | Phở nạm gầu giòn: 38,000đ/bát (Bánh phở mềm cùng nạm bò và gầu bò giòn sần sật) | Phở tái lăn đặc biệt: 40,000đ/bát (Phở bò xào tái lăn thơm mùi tỏi phi) | Trứng gà trần: 7,000đ/quả (Trứng trần nước phở béo ngậy) | Quẩy giòn: 2,000đ/chiếc (Quẩy giòn ăn kèm nước phở)"
ChIJSR94RQBbNDERv8vxNfPuG84,Cơm Xe Tải Hồng Hải,20.9897376,105.5400996,4.7,7,XGQR+V2G,Hà Nội,"Hòa Lạc, Hà Nội",VN,https://www.facebook.com/share/6cLYftndAFGn5QxG/?mibextid=LQQJ4d,+84 977 815 171,Nhà hàng cơm,https://www.google.com/maps/search/?api=1&query=C%C6%A1m%20Xe%20T%E1%BA%A3i%20H%E1%BB%93ng%20H%E1%BA%A3i&query_place_id=ChIJSR94RQBbNDERv8vxNfPuG84,Có,"Cơm rang dưa bò: 45,000đ/đĩa (Cơm rang hạt giòn tơi xào cùng cải dưa chua và thịt bò tươi mềm) | Cơm rang thập cẩm giòn: 35,000đ/đĩa (Cơm rang lạp xưởng ngô ngọt đậu hà lan rưới trứng vàng) | Cơm thố xá xíu nóng hổi: 45,000đ/thố (Cơm nấu niêu thố đất tạo lớp cháy giòn nhẹ, phủ thịt xá xíu đậm sốt) | Suất cơm bình dân tự chọn (3 món mặn + rau): 30,000đ/suất (Cơm suất bình dân đầy đặn sạch sẽ cho sinh viên và người đi làm) | Cơm tấm sườn bì chả Sài Gòn: 38,000đ/đĩa (Cơm tấm ăn kèm sườn nướng mặn ngọt chả trứng bì heo thính và nước mắm chua cay)"
ChIJu5AavnFbNDER7JhoS9GO-oo,Quán Cây Sung,20.9867265,105.5350596,4.3,7,,Hà Nội,"Hòa Lạc, Hà Nội",VN,,+84 976 585 726,Quán bia,https://www.google.com/maps/search/?api=1&query=Qu%C3%A1n%20C%C3%A2y%20Sung&query_place_id=ChIJu5AavnFbNDER7JhoS9GO-oo,Có,"Bia hơi Hà Nội mát lạnh: 15,000đ/cốc (Bia hơi tươi rói rót trực tiếp từ vòi bom lạnh) | Đậu phụ lướt ván nóng giòn: 27,000đ/đĩa (Đậu hũ non chiên lướt ván ngoài vàng giòn trong mịn mượt như thạch) | Đĩa lạc rang muối / lạc luộc mộc mạc: 18,000đ/đĩa (Đồ nhắm bia truyền thống) | Nộm tai heo đu đủ xanh chua ngọt: 63,000đ/đĩa (Tai heo giòn sần sật trộn đu đủ bào sợi nước nộm chua ngọt sảng khoái) | Sụn gà chiên mắm rang muối: 90,000đ/đĩa (Sụn gà ta giòn sần sật tẩm ướp chiên xóc muối ớt tỏi)"
ChIJsyin1QdbNDERYKcawkOozy0,T-One Quán,20.9879483,105.5358174,3.4,7,"XGQP+58G, Cầu vượt công nghệ cao",Hà Nội,"Hòa Lạc, Hà Nội",VN,,+84 904 684 777,Quán bia,https://www.google.com/maps/search/?api=1&query=T-One%20Qu%C3%A1n&query_place_id=ChIJsyin1QdbNDERYKcawkOozy0,Có,"Bia hơi Hà Nội mát lạnh: 9,000đ/cốc (Bia hơi tươi rói rót trực tiếp từ vòi bom lạnh) | Đậu phụ lướt ván nóng giòn: 33,000đ/đĩa (Đậu hũ non chiên lướt ván ngoài vàng giòn trong mịn mượt như thạch) | Đĩa lạc rang muối / lạc luộc mộc mạc: 18,000đ/đĩa (Đồ nhắm bia truyền thống) | Nộm tai heo đu đủ xanh chua ngọt: 65,000đ/đĩa (Tai heo giòn sần sật trộn đu đủ bào sợi nước nộm chua ngọt sảng khoái) | Sụn gà chiên mắm rang muối: 100,000đ/đĩa (Sụn gà ta giòn sần sật tẩm ướp chiên xóc muối ớt tỏi)"
ChIJR2eZVyNbNDERRvr8CMD_LWQ,Bún Đậu Phố Xưa,21.0163741,105.5194449,5.0,7,Đường 21,Hà Nội,"Hòa Lạc, Hà Nội",VN,,+84 888 912 686,Nhà hàng,https://www.google.com/maps/search/?api=1&query=B%C3%BAn%20%C4%90%E1%BA%ADu%20Ph%E1%BB%91%20X%C6%B0a&query_place_id=ChIJR2eZVyNbNDERRvr8CMD_LWQ,Có,"Bún đậu mắm tôm đầy đủ (Đậu, thịt chân giò, nem chua rán, chả cốm): 43,000đ/suất (Mẹt bún đậu đầy đủ nguyên liệu tươi ngon kèm rau thơm kinh giới) | Bún đậu thường (Đậu chiên giòn): 28,000đ/suất (Bún đậu chay đơn giản với đậu phụ rán giòn) | Bún chả Hà Nội truyền thống: 35,000đ/suất (Chả miếng và chả viên nướng than hoa thơm phức trong bát nước chấm chua ngọt) | Nem cua bể chiên giòn: 15,000đ/chiếc (Nem cua bể giòn rụm nhiều nhân) | Nước sấu đá ngầm chua ngọt: 12,000đ/cốc (Đồ uống giải nhiệt cực hợp vị bún đậu)"
ChIJy76QWABbNDERhx5LkzNXfqM,Ốc Bốn Mùa,21.0152633,105.5192259,4.4,7,432,Hà Nội,"Hòa Lạc, Hà Nội",VN,,+84 332 406 789,Quán ăn nhỏ,https://www.google.com/maps/search/?api=1&query=%E1%BB%90c%20B%E1%BB%91n%20M%C3%B9a&query_place_id=ChIJy76QWABbNDERhx5LkzNXfqM,Có,"Ốc luộc sả lá chanh truyền thống: 40,000đ/bát (Ốc vặn/ốc nhồi mít luộc thơm mùi sả chấm nước mắm gừng cay ngọt đặc sản) | Ốc móng tay xào bơ tỏi thơm lừng: 70,000đ/đĩa (Ốc móng tay tươi ngọt sốt bơ tỏi sánh béo chấm bánh mì tuyệt đỉnh) | Nem chua rán giòn rụm (10 cái): 55,000đ/đĩa (Nem chua rán nóng hổi chấm tương ớt cay nồng) | Khoai tây chiên lắc bột phô mai: 37,000đ/đĩa (Món khai vị ăn vặt khoái khẩu) | Trà quất mật ong khổng lồ: 18,000đ/cốc (Trà quất mát chua ngọt cực đã khát)"
ChIJAYJuCQBbNDERQZ5DnJk7q8E,Bún Bò Huế Tú Anh,21.0253744,105.52261,3.3,7,2GGF+43C,Hà Nội,"Hòa Lạc, Hà Nội",VN,,,Quán mì,https://www.google.com/maps/search/?api=1&query=B%C3%BAn%20B%C3%B2%20Hu%E1%BA%BF%20T%C3%BA%20Anh&query_place_id=ChIJAYJuCQBbNDERQZ5DnJk7q8E,Có,"Bún bò Huế đầy đủ (Thịt bò, chả cua, tiết, mọc): 42,000đ/bát (Bún bò Huế chuẩn vị nước dùng thơm mùi sả, ruốc heo) | Bún bò Huế đặc biệt (Thêm giò heo): 50,000đ/bát (Bún bò Huế tô lớn thêm chân giò heo béo ngậy) | Bún bò Huế tái chín: 37,000đ/bát (Bún bò với thịt bò tái chần và nạm bò chín) | Quẩy nóng: 8,000đ/chiếc (Quẩy giòn ăn kèm bún bò) | Giò tai heo thêm: 7,000đ/chiếc (Giò tai giòn sần sật gọi thêm) | Trà đá: 5,000đ/cốc (Trà đá mát lạnh giải nhiệt)"
ChIJKcf3RAhbNDERUG2UnnSBnSw,Nguyễn Nhung Cafe,21.0184671,105.5488615,4.7,7,2G9X+9GQ,Hà Nội,"Hạ Bằng, Hà Nội",VN,,,Quán cà phê,https://www.google.com/maps/search/?api=1&query=Nguy%E1%BB%85n%20Nhung%20Cafe&query_place_id=ChIJKcf3RAhbNDERUG2UnnSBnSw,Có,"Cà phê đen đá pha phin: 22,000đ/ly (Cà phê đen truyền thống đậm đà) | Cà phê sữa đá: 25,000đ/ly (Cà phê sữa pha phin béo ngậy) | Bạc xỉu cốt dừa: 30,000đ/ly (Nhiều sữa béo ngậy vị dừa hòa quyện chút cà phê) | Trà đào cam sả: 35,000đ/ly (Trà đào thơm mát kết hợp lát đào cam tươi sả thơm) | Trà sữa trân châu truyền thống: 37,000đ/ly (Trà sữa đậm trà kèm trân châu đen dai giòn) | Sinh tố bơ sáp: 33,000đ/ly (Sinh tố bơ sáp tươi ngon xay sữa đặc ngậy béo) | Nước ép cam nguyên chất: 33,000đ/ly (Ép cam sành tự nhiên nhiều vitamin C)"
ChIJpYC0kdxbNDER9vMie5XH2aA,Nhà Hàng G7,21.019285,105.566409,4.7,7,Ngõ 115 Đường Khoang,Hà Nội,"Hạ Bằng, Hà Nội",VN,,+84 976 778 919,Nhà hàng,https://www.google.com/maps/search/?api=1&query=Nh%C3%A0%20H%C3%A0ng%20G7&query_place_id=ChIJpYC0kdxbNDER9vMie5XH2aA,Có,"Cá kho tộ miền Tây đậm vị: 87,000đ/tộ (Cá trắm đen kho tộ sánh quyện nước hàng dừa) | Thịt ba chỉ rang cháy cạnh: 80,000đ/đĩa (Thịt ba chỉ ba chỉ giòn rưới mỡ hành) | Sườn non xào chua ngọt: 80,000đ/đĩa (Sườn non xào cùng dứa và ớt chuông sốt chua cay) | Rau muống luộc dầm sấu / xào tỏi: 33,000đ/đĩa (Rau muống tươi xanh luộc chấm nước mắm chanh ớt) | Canh riêu cua đồng cà pháo: 50,000đ/bát (Canh cua đồng mát lạnh ăn kèm cà pháo giòn tan) | Cơm trắng gạo tám thơm: 18,000đ/niêu (Niêu cơm gạo tám dẻo thơm)"
ChIJ1VPeCQBbNDER5wKPz7C0TsI,Nhà hàng Sông Xanh,21.0163348,105.5728636,3.7,7,2H8F+G4Q,Hà Nội,"Hạ Bằng, Hà Nội",VN,,+84 847 655 888,Nhà hàng châu Á,https://www.google.com/maps/search/?api=1&query=Nh%C3%A0%20h%C3%A0ng%20S%C3%B4ng%20Xanh&query_place_id=ChIJ1VPeCQBbNDER5wKPz7C0TsI,Có,"Cá kho tộ miền Tây đậm vị: 80,000đ/tộ (Cá trắm đen kho tộ sánh quyện nước hàng dừa) | Thịt ba chỉ rang cháy cạnh: 77,000đ/đĩa (Thịt ba chỉ ba chỉ giòn rưới mỡ hành) | Sườn non xào chua ngọt: 75,000đ/đĩa (Sườn non xào cùng dứa và ớt chuông sốt chua cay) | Rau muống luộc dầm sấu / xào tỏi: 33,000đ/đĩa (Rau muống tươi xanh luộc chấm nước mắm chanh ớt) | Canh riêu cua đồng cà pháo: 45,000đ/bát (Canh cua đồng mát lạnh ăn kèm cà pháo giòn tan) | Cơm trắng gạo tám thơm: 12,000đ/niêu (Niêu cơm gạo tám dẻo thơm)"
ChIJvboFizJaNDERNE5YuZxqUXQ,Phở Phúc Hậu,21.0228035,105.5501467,3.7,7,2HF2+43C,Hà Nội,"Hạ Bằng, Hà Nội",VN,,+84 982 298 559,Nhà hàng phở,https://www.google.com/maps/search/?api=1&query=Ph%E1%BB%9F%20Ph%C3%BAc%20H%E1%BA%ADu&query_place_id=ChIJvboFizJaNDERNE5YuZxqUXQ,Có,"Phở chín bò ta: 33,000đ/bát (Nước dùng phở bò ninh xương ống ngọt lịm kèm thịt chín thái mỏng) | Phở tái chần: 37,000đ/bát (Phở bò với thịt bò tươi chần tái mềm ngọt) | Phở nạm gầu giòn: 35,000đ/bát (Bánh phở mềm cùng nạm bò và gầu bò giòn sần sật) | Phở tái lăn đặc biệt: 50,000đ/bát (Phở bò xào tái lăn thơm mùi tỏi phi) | Trứng gà trần: 7,000đ/quả (Trứng trần nước phở béo ngậy) | Quẩy giòn: 5,000đ/chiếc (Quẩy giòn ăn kèm nước phở)"
ChIJFZkIfwBZNDER5vUR98o4IU0,Trang Âu Coffee,21.0492889,105.5829899,5.0,7,416 Đồng Cam,Hà Nội,"Thạch Thất, Hà Nội",VN,,+84 975 894 122,Quán cà phê,https://www.google.com/maps/search/?api=1&query=Trang%20%C3%82u%20Coffee&query_place_id=ChIJFZkIfwBZNDER5vUR98o4IU0,Có,"Cà phê đen đá pha phin: 25,000đ/ly (Cà phê đen truyền thống đậm đà) | Cà phê sữa đá: 25,000đ/ly (Cà phê sữa pha phin béo ngậy) | Bạc xỉu cốt dừa: 33,000đ/ly (Nhiều sữa béo ngậy vị dừa hòa quyện chút cà phê) | Trà đào cam sả: 37,000đ/ly (Trà đào thơm mát kết hợp lát đào cam tươi sả thơm) | Trà sữa trân châu truyền thống: 40,000đ/ly (Trà sữa đậm trà kèm trân châu đen dai giòn) | Sinh tố bơ sáp: 37,000đ/ly (Sinh tố bơ sáp tươi ngon xay sữa đặc ngậy béo) | Nước ép cam nguyên chất: 30,000đ/ly (Ép cam sành tự nhiên nhiều vitamin C)"
ChIJZyvZCaJbNDERBKQox_gzfL0,50°C Tea Cafe,21.0280225,105.5941949,4.9,7,78 Đ. Chùa Tây Phương,Hà Nội,"Tây Phương, Hà Nội",VN,https://www.facebook.com/50C-Coffee-Tea-Tr%C3%A0-Chanh-107418807323527/?modal=admin_todo_tour,+84 912 216 592,Quán cà phê,https://www.google.com/maps/search/?api=1&query=50%C2%B0C%20Tea%20Cafe&query_place_id=ChIJZyvZCaJbNDERBKQox_gzfL0,Có,"Cà phê đen đá pha phin: 19,000đ/ly (Cà phê đen truyền thống đậm đà) | Cà phê sữa đá: 25,000đ/ly (Cà phê sữa pha phin béo ngậy) | Bạc xỉu cốt dừa: 27,000đ/ly (Nhiều sữa béo ngậy vị dừa hòa quyện chút cà phê) | Trà đào cam sả: 30,000đ/ly (Trà đào thơm mát kết hợp lát đào cam tươi sả thơm) | Trà sữa trân châu truyền thống: 30,000đ/ly (Trà sữa đậm trà kèm trân châu đen dai giòn) | Sinh tố bơ sáp: 40,000đ/ly (Sinh tố bơ sáp tươi ngon xay sữa đặc ngậy béo) | Nước ép cam nguyên chất: 27,000đ/ly (Ép cam sành tự nhiên nhiều vitamin C)"
ChIJF177BABRNDER8VM3b3P54lk,Dailycoffee,21.0297637,105.596541,2.1,7,,Hà Nội,"Tây Phương, Hà Nội",VN,,,Quán cà phê,https://www.google.com/maps/search/?api=1&query=Dailycoffee&query_place_id=ChIJF177BABRNDER8VM3b3P54lk,Có,"Cà phê đen đá pha phin: 19,000đ/ly (Cà phê đen truyền thống đậm đà) | Cà phê sữa đá: 28,000đ/ly (Cà phê sữa pha phin béo ngậy) | Bạc xỉu cốt dừa: 30,000đ/ly (Nhiều sữa béo ngậy vị dừa hòa quyện chút cà phê) | Trà đào cam sả: 30,000đ/ly (Trà đào thơm mát kết hợp lát đào cam tươi sả thơm) | Trà sữa trân châu truyền thống: 40,000đ/ly (Trà sữa đậm trà kèm trân châu đen dai giòn) | Sinh tố bơ sáp: 37,000đ/ly (Sinh tố bơ sáp tươi ngon xay sữa đặc ngậy béo) | Nước ép cam nguyên chất: 30,000đ/ly (Ép cam sành tự nhiên nhiều vitamin C)"
ChIJ3c5IeQBbNDERzNtfaURS6M0,La Cà Phê,21.0188825,105.5822127,5.0,7,2H9J+HVV,Hà Nội,"Hạ Bằng, Hà Nội",VN,,+84 373 850 159,Quán cà phê,https://www.google.com/maps/search/?api=1&query=La%20C%C3%A0%20Ph%C3%AA&query_place_id=ChIJ3c5IeQBbNDERzNtfaURS6M0,Có,"Cà phê đen đá pha phin: 25,000đ/ly (Cà phê đen truyền thống đậm đà) | Cà phê sữa đá: 22,000đ/ly (Cà phê sữa pha phin béo ngậy) | Bạc xỉu cốt dừa: 33,000đ/ly (Nhiều sữa béo ngậy vị dừa hòa quyện chút cà phê) | Trà đào cam sả: 35,000đ/ly (Trà đào thơm mát kết hợp lát đào cam tươi sả thơm) | Trà sữa trân châu truyền thống: 33,000đ/ly (Trà sữa đậm trà kèm trân châu đen dai giòn) | Sinh tố bơ sáp: 40,000đ/ly (Sinh tố bơ sáp tươi ngon xay sữa đặc ngậy béo) | Nước ép cam nguyên chất: 27,000đ/ly (Ép cam sành tự nhiên nhiều vitamin C)"
ChIJWefqg59bNDERYhcu9O0If20,Cafe Châu Long,20.9940558,105.5233749,4.3,7,XGVF+J8H,Hà Nội,"Hòa Lạc, Hà Nội",VN,,+84 915 661 177,Quán cà phê,https://www.google.com/maps/search/?api=1&query=Cafe%20Ch%C3%A2u%20Long&query_place_id=ChIJWefqg59bNDERYhcu9O0If20,Có,"Cà phê đen đá pha phin: 25,000đ/ly (Cà phê đen truyền thống đậm đà) | Cà phê sữa đá: 22,000đ/ly (Cà phê sữa pha phin béo ngậy) | Bạc xỉu cốt dừa: 30,000đ/ly (Nhiều sữa béo ngậy vị dừa hòa quyện chút cà phê) | Trà đào cam sả: 37,000đ/ly (Trà đào thơm mát kết hợp lát đào cam tươi sả thơm) | Trà sữa trân châu truyền thống: 37,000đ/ly (Trà sữa đậm trà kèm trân châu đen dai giòn) | Sinh tố bơ sáp: 40,000đ/ly (Sinh tố bơ sáp tươi ngon xay sữa đặc ngậy béo) | Nước ép cam nguyên chất: 27,000đ/ly (Ép cam sành tự nhiên nhiều vitamin C)"
ChIJtUp0lmlbNDERGvmoZF3PKb8,Chói's Coffee & Tea,21.0272028,105.5346953,4.7,7,Thôn 1 Đường phú hữu,Hà Nội,"Hòa Lạc, Hà Nội",VN,,+84 338 796 166,Quán cà phê,https://www.google.com/maps/search/?api=1&query=Ch%C3%B3i's%20Coffee%20%26%20Tea&query_place_id=ChIJtUp0lmlbNDERGvmoZF3PKb8,Có,"Cà phê đen đá pha phin: 22,000đ/ly (Cà phê đen truyền thống đậm đà) | Cà phê sữa đá: 28,000đ/ly (Cà phê sữa pha phin béo ngậy) | Bạc xỉu cốt dừa: 30,000đ/ly (Nhiều sữa béo ngậy vị dừa hòa quyện chút cà phê) | Trà đào cam sả: 33,000đ/ly (Trà đào thơm mát kết hợp lát đào cam tươi sả thơm) | Trà sữa trân châu truyền thống: 40,000đ/ly (Trà sữa đậm trà kèm trân châu đen dai giòn) | Sinh tố bơ sáp: 37,000đ/ly (Sinh tố bơ sáp tươi ngon xay sữa đặc ngậy béo) | Nước ép cam nguyên chất: 30,000đ/ly (Ép cam sành tự nhiên nhiều vitamin C)"
ChIJ81lYWABbNDERtlgh_-eNwWg,Nhà Hàng Vịt Tiến Hưng,21.0337192,105.5146349,4.8,6,"Gần, Asean Resort",Hà Nội,"Hòa Lạc, Hà Nội",VN,,+84 976 265 742,Nhà hàng,https://www.google.com/maps/search/?api=1&query=Nh%C3%A0%20H%C3%A0ng%20V%E1%BB%8Bt%20Ti%E1%BA%BFn%20H%C6%B0ng&query_place_id=ChIJ81lYWABbNDERtlgh_-eNwWg,Có,"Cá kho tộ miền Tây đậm vị: 80,000đ/tộ (Cá trắm đen kho tộ sánh quyện nước hàng dừa) | Thịt ba chỉ rang cháy cạnh: 70,000đ/đĩa (Thịt ba chỉ ba chỉ giòn rưới mỡ hành) | Sườn non xào chua ngọt: 78,000đ/đĩa (Sườn non xào cùng dứa và ớt chuông sốt chua cay) | Rau muống luộc dầm sấu / xào tỏi: 33,000đ/đĩa (Rau muống tươi xanh luộc chấm nước mắm chanh ớt) | Canh riêu cua đồng cà pháo: 43,000đ/bát (Canh cua đồng mát lạnh ăn kèm cà pháo giòn tan) | Cơm trắng gạo tám thơm: 12,000đ/niêu (Niêu cơm gạo tám dẻo thơm)"
ChIJn4MOuuxZNDERCr4fBPqNNWM,Cafe trà sữa Hồng Nhung,21.0462257,105.5047661,4.5,6,2GW3+FWR Ngã Tư Lục Quân,Hà Nội,"Hòa Lạc, Hà Nội",VN,,+84 387 132 974,Quán cà phê,https://www.google.com/maps/search/?api=1&query=Cafe%20tr%C3%A0%20s%E1%BB%AFa%20H%E1%BB%93ng%20Nhung&query_place_id=ChIJn4MOuuxZNDERCr4fBPqNNWM,Có,"Cà phê đen đá pha phin: 22,000đ/ly (Cà phê đen truyền thống đậm đà) | Cà phê sữa đá: 25,000đ/ly (Cà phê sữa pha phin béo ngậy) | Bạc xỉu cốt dừa: 30,000đ/ly (Nhiều sữa béo ngậy vị dừa hòa quyện chút cà phê) | Trà đào cam sả: 35,000đ/ly (Trà đào thơm mát kết hợp lát đào cam tươi sả thơm) | Trà sữa trân châu truyền thống: 37,000đ/ly (Trà sữa đậm trà kèm trân châu đen dai giòn) | Sinh tố bơ sáp: 35,000đ/ly (Sinh tố bơ sáp tươi ngon xay sữa đặc ngậy béo) | Nước ép cam nguyên chất: 33,000đ/ly (Ép cam sành tự nhiên nhiều vitamin C)"
ChIJWxmOOT5ZNDERhXTRAqZjFXM,Nhà Hàng Huyền Trang,21.052506,105.50223,4.7,6,"3G32+2V5 Đối Diện Tập Đoàn Y Dược Bảo Long, QL21A",Hà Nội,"Đoài Phương, Hà Nội",VN,,+84 972 275 184,Nhà hàng món lẩu,https://www.google.com/maps/search/?api=1&query=Nh%C3%A0%20H%C3%A0ng%20Huy%E1%BB%81n%20Trang&query_place_id=ChIJWxmOOT5ZNDERhXTRAqZjFXM,Có,"Lẩu cua đồng sườn sụn bắp bò: 330,000đ/nồi (Nồi lẩu riêu cua đồng nguyên chất siêu nhiều gạch, kèm bắp bò sườn sụn) | Lẩu Thái hải sản chua cay: 389,000đ/nồi (Nước lẩu Tomyum chua cay nhúng tôm, mực, ngao, nấm) | Set nướng BBQ thập cẩm bò ba chỉ: 289,000đ/set (Bắp bò, ba chỉ heo cuộn nấm kim châm tẩm sốt BBQ nướng xèo xèo) | Ba chỉ bò Mỹ nhúng thêm: 80,000đ/đĩa (Thịt ba chỉ bò Mỹ thái mỏng cuốn nấm) | Sườn sụn non heo thêm: 73,000đ/đĩa (Sườn non giòn sần sật nhúng lẩu) | Rau nấm tổng hợp nhúng lẩu: 27,000đ/đĩa (Nấm kim châm, cải thảo, rau muống tươi)"
ChIJU7LuTwBbNDERcSQtXMvbik8,Lẩu Chất,21.0076899,105.5182443,4.3,6,,Hà Nội,"Hòa Lạc, Hà Nội",VN,https://www.facebook.com/share/1JyaVANvXW/?mibextid=wwXIfr,+84 981 218 123,Nhà hàng,https://www.google.com/maps/search/?api=1&query=L%E1%BA%A9u%20Ch%E1%BA%A5t&query_place_id=ChIJU7LuTwBbNDERcSQtXMvbik8,Có,"Lẩu cua đồng sườn sụn bắp bò: 340,000đ/nồi (Nồi lẩu riêu cua đồng nguyên chất siêu nhiều gạch, kèm bắp bò sườn sụn) | Lẩu Thái hải sản chua cay: 409,000đ/nồi (Nước lẩu Tomyum chua cay nhúng tôm, mực, ngao, nấm) | Set nướng BBQ thập cẩm bò ba chỉ: 299,000đ/set (Bắp bò, ba chỉ heo cuộn nấm kim châm tẩm sốt BBQ nướng xèo xèo) | Ba chỉ bò Mỹ nhúng thêm: 82,000đ/đĩa (Thịt ba chỉ bò Mỹ thái mỏng cuốn nấm) | Sườn sụn non heo thêm: 75,000đ/đĩa (Sườn non giòn sần sật nhúng lẩu) | Rau nấm tổng hợp nhúng lẩu: 33,000đ/đĩa (Nấm kim châm, cải thảo, rau muống tươi)"
ChIJ-XmK80lbNDERPF6XpDn3Tok,Bún Bò Huế Đức Duy,21.0017668,105.5217992,4.8,6,,Hà Nội,"Hòa Lạc, Hà Nội",VN,,+84 973 271 135,Quán ăn nhỏ,https://www.google.com/maps/search/?api=1&query=B%C3%BAn%20B%C3%B2%20Hu%E1%BA%BF%20%C4%90%E1%BB%A9c%20Duy&query_place_id=ChIJ-XmK80lbNDERPF6XpDn3Tok,Có,"Bún bò Huế đầy đủ (Thịt bò, chả cua, tiết, mọc): 42,000đ/bát (Bún bò Huế chuẩn vị nước dùng thơm mùi sả, ruốc heo) | Bún bò Huế đặc biệt (Thêm giò heo): 48,000đ/bát (Bún bò Huế tô lớn thêm chân giò heo béo ngậy) | Bún bò Huế tái chín: 40,000đ/bát (Bún bò với thịt bò tái chần và nạm bò chín) | Quẩy nóng: 8,000đ/chiếc (Quẩy giòn ăn kèm bún bò) | Giò tai heo thêm: 13,000đ/chiếc (Giò tai giòn sần sật gọi thêm) | Trà đá: 5,000đ/cốc (Trà đá mát lạnh giải nhiệt)"
ChIJcUENb3pbNDERNFqmmLsZkdc,Quán Mỳ U Hoa,21.0139449,105.5189482,3.8,6,số 44 Cụm 1,Hà Nội,"Hòa Lạc, Hà Nội",VN,,+84 384 215 138,Nhà hàng Việt Nam,https://www.google.com/maps/search/?api=1&query=Qu%C3%A1n%20M%E1%BB%B3%20U%20Hoa&query_place_id=ChIJcUENb3pbNDERNFqmmLsZkdc,Có,"Cá kho tộ miền Tây đậm vị: 85,000đ/tộ (Cá trắm đen kho tộ sánh quyện nước hàng dừa) | Thịt ba chỉ rang cháy cạnh: 73,000đ/đĩa (Thịt ba chỉ ba chỉ giòn rưới mỡ hành) | Sườn non xào chua ngọt: 85,000đ/đĩa (Sườn non xào cùng dứa và ớt chuông sốt chua cay) | Rau muống luộc dầm sấu / xào tỏi: 30,000đ/đĩa (Rau muống tươi xanh luộc chấm nước mắm chanh ớt) | Canh riêu cua đồng cà pháo: 40,000đ/bát (Canh cua đồng mát lạnh ăn kèm cà pháo giòn tan) | Cơm trắng gạo tám thơm: 12,000đ/niêu (Niêu cơm gạo tám dẻo thơm)"
ChIJ4wYOKABbNDERgY5raGgM_EE,Dê Ngon Nguyễn Gia,21.0238329,105.5201079,4.5,6,"2GFC+G2H, QL21A",Hà Nội,"Hòa Lạc, Hà Nội",VN,,,Nhà hàng,https://www.google.com/maps/search/?api=1&query=D%C3%AA%20Ngon%20Nguy%E1%BB%85n%20Gia&query_place_id=ChIJ4wYOKABbNDERgY5raGgM_EE,Có,"Thịt trâu xào lá lốt: 140,000đ/đĩa (Thịt trâu tươi mềm ngọt xào lá lốt thơm lừng) | Thịt trâu nhúng mẻ chua cay: 160,000đ/đĩa (Thịt trâu nhúng nước dùng mẻ chua thanh nhẹ) | Dê tái chanh chấm tương gừng: 140,000đ/đĩa (Thịt dê núi hấp tái trộn vừng sả lá chanh) | Dê né bản gang: 170,000đ/đĩa (Dê xào nóng hổi trên bản gang kèm đậu bắp) | Lẩu dê núi nhúng mẻ: 399,000đ/nồi (Nồi lẩu dê núi ré thơm ngon kèm rau nhúng đặc sản) | Cơm cháy sốt dê: 75,000đ/đĩa (Cơm cháy giòn tan rưới nước sốt dê đậm vị)"
ChIJ3yDx2UlbNDERRDl1iwb-mBE,Quán Cháo Lòng Tiết Canh 371,21.0183501,105.5198162,4.7,6,QL21A/số nhà 304 thôn 4,Hà Nội,"Hòa Lạc, Hà Nội",VN,,+84 978 384 305,Quán ăn nhỏ,https://www.google.com/maps/search/?api=1&query=Qu%C3%A1n%20Ch%C3%A1o%20L%C3%B2ng%20Ti%E1%BA%BFt%20Canh%20371&query_place_id=ChIJ3yDx2UlbNDERRDl1iwb-mBE,Có,"Cháo lòng heo đầy đủ dồi sụn tiết luộc: 30,000đ/bát (Cháo lòng nấu gạo tẻ sánh ngọt cùng lòng non dồi sụn gan luộc) | Cháo sườn sụn nóng hổi hành hoa: 37,000đ/bát (Cháo bột sườn non sánh mịn giòn sần sật sườn sụn non) | Quẩy giòn ăn cháo: 8,000đ/đĩa (Quẩy ăn kèm cháo ngon tuyệt)"
ChIJQZIBZABbNDERR0fOq_RA1xQ,Nhà Hàng Quốc Gia,20.9987478,105.5207989,4.8,6,,Hà Nội,"Hòa Lạc, Hà Nội",VN,,+84 973 696 159,Nhà hàng,https://www.google.com/maps/search/?api=1&query=Nh%C3%A0%20H%C3%A0ng%20Qu%E1%BB%91c%20Gia&query_place_id=ChIJQZIBZABbNDERR0fOq_RA1xQ,Có,"Ốc luộc sả lá chanh truyền thống: 45,000đ/bát (Ốc vặn/ốc nhồi mít luộc thơm mùi sả chấm nước mắm gừng cay ngọt đặc sản) | Ốc móng tay xào bơ tỏi thơm lừng: 68,000đ/đĩa (Ốc móng tay tươi ngọt sốt bơ tỏi sánh béo chấm bánh mì tuyệt đỉnh) | Nem chua rán giòn rụm (10 cái): 50,000đ/đĩa (Nem chua rán nóng hổi chấm tương ớt cay nồng) | Khoai tây chiên lắc bột phô mai: 37,000đ/đĩa (Món khai vị ăn vặt khoái khẩu) | Trà quất mật ong khổng lồ: 15,000đ/cốc (Trà quất mát chua ngọt cực đã khát)"
ChIJqxlmKACrNTER6PW2YGK5sHg,Tiệm Trà Lyna & PhotoBooth,21.0525338,105.5707756,5.0,6,19 ĐT420,Hà Nội,"Thạch Thất, Hà Nội",VN,https://www.facebook.com/share/1A7s9JHbbW/?mibextid=wwXIfr,+84 395 919 403,Quán cà phê,https://www.google.com/maps/search/?api=1&query=Ti%E1%BB%87m%20Tr%C3%A0%20Lyna%20%26%20PhotoBooth&query_place_id=ChIJqxlmKACrNTER6PW2YGK5sHg,Có,"Cà phê đen đá pha phin: 25,000đ/ly (Cà phê đen truyền thống đậm đà) | Cà phê sữa đá: 22,000đ/ly (Cà phê sữa pha phin béo ngậy) | Bạc xỉu cốt dừa: 27,000đ/ly (Nhiều sữa béo ngậy vị dừa hòa quyện chút cà phê) | Trà đào cam sả: 35,000đ/ly (Trà đào thơm mát kết hợp lát đào cam tươi sả thơm) | Trà sữa trân châu truyền thống: 40,000đ/ly (Trà sữa đậm trà kèm trân châu đen dai giòn) | Sinh tố bơ sáp: 30,000đ/ly (Sinh tố bơ sáp tươi ngon xay sữa đặc ngậy béo) | Nước ép cam nguyên chất: 27,000đ/ly (Ép cam sành tự nhiên nhiều vitamin C)"
ChIJBeXvFwBZNDERKoa49_EWixU,Toco toco,21.0504347,105.5687531,2.5,6,117 ĐT420,Hà Nội,"Thạch Thất, Hà Nội",VN,,,Cửa hàng kem,https://www.google.com/maps/search/?api=1&query=Toco%20toco&query_place_id=ChIJBeXvFwBZNDERKoa49_EWixU,Có,"Kem tươi ốc quế sữa dừa / vani Mixue: 10,000đ/chiếc (Kem tươi thơm ngon ngậy béo ốc quế giòn tan) | Trà sữa ba anh em thạch pudding trân châu: 30,000đ/ly (Trà sữa đậm vị kèm full topping dồi dào) | Dương chi cam lộ xoài bưởi trân châu: 37,000đ/ly (Sinh tố xoài, bưởi hồng cùng thạch dừa thạch đào thơm ngon mát lạnh) | Trà đào tứ kỳ xuân hạt đào miếng: 28,000đ/ly (Trà ô long thanh vị kết hợp thạch đào giòn ngọt)"
ChIJ2c9oZ_tbNDERmflaGRs22S4,Quán Dê Tỉnh Hoa,20.9923733,105.5215827,4.8,6,"XGRC+WJW, Unnamed Road",Hà Nội,"Hòa Lạc, Hà Nội",VN,,+84 972 094 333,Nhà hàng,https://www.google.com/maps/search/?api=1&query=Qu%C3%A1n%20D%C3%AA%20T%E1%BB%89nh%20Hoa&query_place_id=ChIJ2c9oZ_tbNDERmflaGRs22S4,Có,"Thịt trâu xào lá lốt: 130,000đ/đĩa (Thịt trâu tươi mềm ngọt xào lá lốt thơm lừng) | Thịt trâu nhúng mẻ chua cay: 170,000đ/đĩa (Thịt trâu nhúng nước dùng mẻ chua thanh nhẹ) | Dê tái chanh chấm tương gừng: 140,000đ/đĩa (Thịt dê núi hấp tái trộn vừng sả lá chanh) | Dê né bản gang: 140,000đ/đĩa (Dê xào nóng hổi trên bản gang kèm đậu bắp) | Lẩu dê núi nhúng mẻ: 389,000đ/nồi (Nồi lẩu dê núi ré thơm ngon kèm rau nhúng đặc sản) | Cơm cháy sốt dê: 68,000đ/đĩa (Cơm cháy giòn tan rưới nước sốt dê đậm vị)"
ChIJh7CDTgBbNDERqB7NcALkxAk,Phở hiếu thảo,20.9940874,105.5233816,2.8,6,XGVF+J8H,Hà Nội,"Hòa Lạc, Hà Nội",VN,,,Nhà hàng phở,https://www.google.com/maps/search/?api=1&query=Ph%E1%BB%9F%20hi%E1%BA%BFu%20th%E1%BA%A3o&query_place_id=ChIJh7CDTgBbNDERqB7NcALkxAk,Có,"Phở chín bò ta: 40,000đ/bát (Nước dùng phở bò ninh xương ống ngọt lịm kèm thịt chín thái mỏng) | Phở tái chần: 30,000đ/bát (Phở bò với thịt bò tươi chần tái mềm ngọt) | Phở nạm gầu giòn: 38,000đ/bát (Bánh phở mềm cùng nạm bò và gầu bò giòn sần sật) | Phở tái lăn đặc biệt: 50,000đ/bát (Phở bò xào tái lăn thơm mùi tỏi phi) | Trứng gà trần: 7,000đ/quả (Trứng trần nước phở béo ngậy) | Quẩy giòn: 5,000đ/chiếc (Quẩy giòn ăn kèm nước phở)"
ChIJX13Lbr9bNDERb0qoDeD_MJ0,Quán Mèo Hải Lá,20.9966372,105.5877811,4.3,6,"XHWQ+M42, Unnamed Road",Hà Nội,"Kiều Phú, Hà Nội",VN,,,Quán ăn nhỏ,https://www.google.com/maps/search/?api=1&query=Qu%C3%A1n%20M%C3%A8o%20H%E1%BA%A3i%20L%C3%A1&query_place_id=ChIJX13Lbr9bNDERb0qoDeD_MJ0,Có,"Cá kho tộ miền Tây đậm vị: 80,000đ/tộ (Cá trắm đen kho tộ sánh quyện nước hàng dừa) | Thịt ba chỉ rang cháy cạnh: 73,000đ/đĩa (Thịt ba chỉ ba chỉ giòn rưới mỡ hành) | Sườn non xào chua ngọt: 75,000đ/đĩa (Sườn non xào cùng dứa và ớt chuông sốt chua cay) | Rau muống luộc dầm sấu / xào tỏi: 27,000đ/đĩa (Rau muống tươi xanh luộc chấm nước mắm chanh ớt) | Canh riêu cua đồng cà pháo: 40,000đ/bát (Canh cua đồng mát lạnh ăn kèm cà pháo giòn tan) | Cơm trắng gạo tám thơm: 15,000đ/niêu (Niêu cơm gạo tám dẻo thơm)"
ChIJQYRxD1tbNDERz8TdJMcygtE,Coffee An Nhiên Hoà Lạc,21.0007794,105.5589316,4.8,6,,Hà Nội,"Hạ Bằng, Hà Nội",VN,,+84 965 676 755,Quán cà phê,https://www.google.com/maps/search/?api=1&query=Coffee%20An%20Nhi%C3%AAn%20Ho%C3%A0%20L%E1%BA%A1c&query_place_id=ChIJQYRxD1tbNDERz8TdJMcygtE,Có,"Cà phê đen đá pha phin: 22,000đ/ly (Cà phê đen truyền thống đậm đà) | Cà phê sữa đá: 28,000đ/ly (Cà phê sữa pha phin béo ngậy) | Bạc xỉu cốt dừa: 27,000đ/ly (Nhiều sữa béo ngậy vị dừa hòa quyện chút cà phê) | Trà đào cam sả: 40,000đ/ly (Trà đào thơm mát kết hợp lát đào cam tươi sả thơm) | Trà sữa trân châu truyền thống: 35,000đ/ly (Trà sữa đậm trà kèm trân châu đen dai giòn) | Sinh tố bơ sáp: 30,000đ/ly (Sinh tố bơ sáp tươi ngon xay sữa đặc ngậy béo) | Nước ép cam nguyên chất: 30,000đ/ly (Ép cam sành tự nhiên nhiều vitamin C)"
ChIJyy7K3-FbNDER_Zg8kgJ88QQ,Bún Phở Thanh Phương,21.0220503,105.5503581,4.7,6,2HC2+R4H,Hà Nội,"Hạ Bằng, Hà Nội",VN,,+84 961 762 683,Quán mì,https://www.google.com/maps/search/?api=1&query=B%C3%BAn%20Ph%E1%BB%9F%20Thanh%20Ph%C6%B0%C6%A1ng&query_place_id=ChIJyy7K3-FbNDER_Zg8kgJ88QQ,Có,"Phở chín bò ta: 33,000đ/bát (Nước dùng phở bò ninh xương ống ngọt lịm kèm thịt chín thái mỏng) | Phở tái chần: 33,000đ/bát (Phở bò với thịt bò tươi chần tái mềm ngọt) | Phở nạm gầu giòn: 35,000đ/bát (Bánh phở mềm cùng nạm bò và gầu bò giòn sần sật) | Phở tái lăn đặc biệt: 50,000đ/bát (Phở bò xào tái lăn thơm mùi tỏi phi) | Trứng gà trần: 13,000đ/quả (Trứng trần nước phở béo ngậy) | Quẩy giòn: 2,000đ/chiếc (Quẩy giòn ăn kèm nước phở)"
ChIJ1UksbgBbNDER5Mh9QPi8C1I,King Bbq Buffet,21.0227588,105.5504179,3.7,6,419,Hà Nội,"Hạ Bằng, Hà Nội",VN,,+84 928 309 333,Nhà hàng châu Á,https://www.google.com/maps/search/?api=1&query=King%20Bbq%20Buffet&query_place_id=ChIJ1UksbgBbNDER5Mh9QPi8C1I,Có,"Lẩu cua đồng sườn sụn bắp bò: 330,000đ/nồi (Nồi lẩu riêu cua đồng nguyên chất siêu nhiều gạch, kèm bắp bò sườn sụn) | Lẩu Thái hải sản chua cay: 399,000đ/nồi (Nước lẩu Tomyum chua cay nhúng tôm, mực, ngao, nấm) | Set nướng BBQ thập cẩm bò ba chỉ: 309,000đ/set (Bắp bò, ba chỉ heo cuộn nấm kim châm tẩm sốt BBQ nướng xèo xèo) | Ba chỉ bò Mỹ nhúng thêm: 75,000đ/đĩa (Thịt ba chỉ bò Mỹ thái mỏng cuốn nấm) | Sườn sụn non heo thêm: 80,000đ/đĩa (Sườn non giòn sần sật nhúng lẩu) | Rau nấm tổng hợp nhúng lẩu: 27,000đ/đĩa (Nấm kim châm, cải thảo, rau muống tươi)"
ChIJu2l_OjVbNDERXBTsVOqPfCA,Pizza & Fastfood Tân Xã,21.021685,105.5504994,1.3,6,231,Hà Nội,"Hạ Bằng, Hà Nội",VN,,,Nhà hàng ăn nhanh,https://www.google.com/maps/search/?api=1&query=Pizza%20%26%20Fastfood%20T%C3%A2n%20X%C3%A3&query_place_id=ChIJu2l_OjVbNDERXBTsVOqPfCA,Có,"Gà rán giòn rụm tiêu cay (1 miếng): 35,000đ/miếng (Thịt gà tươi tẩm bột chiên vàng giòn da ngoài mọng nước bên trong) | Burger bò phô mai xá xíu đặc biệt: 40,000đ/chiếc (Burger kẹp bò băm nướng lò, phô mai lát béo ngậy, sốt đặc biệt) | Pizza xúc xích xông khói phô mai (Size 20cm): 110,000đ/chiếc (Đế pizza nướng giòn rưới đẫm phô mai Mozzarella nhập khẩu) | Khoai tây chiên giòn cọng lớn: 28,000đ/đĩa (Khoai tây vàng giòn tơi xốp ăn kèm sốt cà chua)"
ChIJZ73FdSFbNDERnxGSft1xWM4,Cafe Hát Cho Nhau Nghe,21.0016481,105.5661576,5.0,6,"2H28+MF3, cổng làng",Hà Nội,"Hạ Bằng, Hà Nội",VN,,,Quán cà phê,https://www.google.com/maps/search/?api=1&query=Cafe%20H%C3%A1t%20Cho%20Nhau%20Nghe&query_place_id=ChIJZ73FdSFbNDERnxGSft1xWM4,Có,"Đĩa hoa quả thập cẩm lớn (Dưa hấu, ổi, xoài, nho): 140,000đ/đĩa (Hoa quả tươi ngon cắt lát đẹp mắt) | Khô mực nướng cồn: 200,000đ/con (Mực khô Vân Đồn nướng cồn xé tay) | Thịt bò khô xé sợi vắt chanh: 75,000đ/đĩa (Bò khô sợi cay cay ngọt ngọt) | Khoai tây chiên lắc phô mai: 43,000đ/đĩa (Khoai tây chiên giòn tan phủ bột phô mai) | Hạt hướng dương sạch: 17,000đ/đĩa (Hạt hướng dương rang thơm) | Bia Heineken lon: 22,000đ/lon (Bia ngoại ướp lạnh sẵn) | Bia Hà Nội lon: 18,000đ/lon (Bia nội truyền thống) | Nước ngọt Coca-Cola / Sting: 18,000đ/lon (Nước ngọt các loại phục vụ lạnh)"
ChIJFe2qdoZbNDERpsjm7SFbrW0,Valley Restaurant,21.0209861,105.5846021,5.0,6,22 Đường Lưu Niệm,Hà Nội,"Hạ Bằng, Hà Nội",VN,,+84 707 070 123,Nhà hàng,https://www.google.com/maps/search/?api=1&query=Valley%20Restaurant&query_place_id=ChIJFe2qdoZbNDERpsjm7SFbrW0,Có,"Cá kho tộ miền Tây đậm vị: 85,000đ/tộ (Cá trắm đen kho tộ sánh quyện nước hàng dừa) | Thịt ba chỉ rang cháy cạnh: 75,000đ/đĩa (Thịt ba chỉ ba chỉ giòn rưới mỡ hành) | Sườn non xào chua ngọt: 75,000đ/đĩa (Sườn non xào cùng dứa và ớt chuông sốt chua cay) | Rau muống luộc dầm sấu / xào tỏi: 27,000đ/đĩa (Rau muống tươi xanh luộc chấm nước mắm chanh ớt) | Canh riêu cua đồng cà pháo: 43,000đ/bát (Canh cua đồng mát lạnh ăn kèm cà pháo giòn tan) | Cơm trắng gạo tám thơm: 12,000đ/niêu (Niêu cơm gạo tám dẻo thơm)"
ChIJNz87TwBbNDER-O1vlLUWoAM,Hằng Coffe,21.0295223,105.5790887,5.0,6,2HHH+RH8,Hà Nội,"Hạ Bằng, Hà Nội",VN,,+84 968 927 201,Quán cà phê,https://www.google.com/maps/search/?api=1&query=H%E1%BA%B1ng%20Coffe&query_place_id=ChIJNz87TwBbNDER-O1vlLUWoAM,Có,"Cà phê đen đá pha phin: 19,000đ/ly (Cà phê đen truyền thống đậm đà) | Cà phê sữa đá: 28,000đ/ly (Cà phê sữa pha phin béo ngậy) | Bạc xỉu cốt dừa: 33,000đ/ly (Nhiều sữa béo ngậy vị dừa hòa quyện chút cà phê) | Trà đào cam sả: 30,000đ/ly (Trà đào thơm mát kết hợp lát đào cam tươi sả thơm) | Trà sữa trân châu truyền thống: 33,000đ/ly (Trà sữa đậm trà kèm trân châu đen dai giòn) | Sinh tố bơ sáp: 40,000đ/ly (Sinh tố bơ sáp tươi ngon xay sữa đặc ngậy béo) | Nước ép cam nguyên chất: 33,000đ/ly (Ép cam sành tự nhiên nhiều vitamin C)"
ChIJddJFGgBbNDERIhA-ZsupA0Y,Xingfu 4 Season Fruit Tea Hòa Lạc,21.0203199,105.5202116,1.5,6,Số 236 thôn 4,Hà Nội,"Hòa Lạc, Hà Nội",VN,https://xingfuvietnam.vn/,+84 983 685 611,Cửa hàng kem,https://www.google.com/maps/search/?api=1&query=Xingfu%204%20Season%20Fruit%20Tea%20H%C3%B2a%20L%E1%BA%A1c&query_place_id=ChIJddJFGgBbNDERIhA-ZsupA0Y,Có,"Cà phê đen đá pha phin: 19,000đ/ly (Cà phê đen truyền thống đậm đà) | Cà phê sữa đá: 22,000đ/ly (Cà phê sữa pha phin béo ngậy) | Bạc xỉu cốt dừa: 33,000đ/ly (Nhiều sữa béo ngậy vị dừa hòa quyện chút cà phê) | Trà đào cam sả: 35,000đ/ly (Trà đào thơm mát kết hợp lát đào cam tươi sả thơm) | Trà sữa trân châu truyền thống: 40,000đ/ly (Trà sữa đậm trà kèm trân châu đen dai giòn) | Sinh tố bơ sáp: 30,000đ/ly (Sinh tố bơ sáp tươi ngon xay sữa đặc ngậy béo) | Nước ép cam nguyên chất: 30,000đ/ly (Ép cam sành tự nhiên nhiều vitamin C)"
ChIJ1eIfds9bNDERLIUEROlgGr8,Tiệm Linh Meo Nail Mi,21.0016423,105.5214037,5.0,6,,Hà Nội,"Hòa Lạc, Hà Nội",VN,,+84 868 536 136,Quán cà phê,https://www.google.com/maps/search/?api=1&query=Ti%E1%BB%87m%20Linh%20Meo%20Nail%20Mi&query_place_id=ChIJ1eIfds9bNDERLIUEROlgGr8,Có,"Cà phê đen đá pha phin: 25,000đ/ly (Cà phê đen truyền thống đậm đà) | Cà phê sữa đá: 22,000đ/ly (Cà phê sữa pha phin béo ngậy) | Bạc xỉu cốt dừa: 33,000đ/ly (Nhiều sữa béo ngậy vị dừa hòa quyện chút cà phê) | Trà đào cam sả: 35,000đ/ly (Trà đào thơm mát kết hợp lát đào cam tươi sả thơm) | Trà sữa trân châu truyền thống: 35,000đ/ly (Trà sữa đậm trà kèm trân châu đen dai giòn) | Sinh tố bơ sáp: 30,000đ/ly (Sinh tố bơ sáp tươi ngon xay sữa đặc ngậy béo) | Nước ép cam nguyên chất: 30,000đ/ly (Ép cam sành tự nhiên nhiều vitamin C)"
ChIJu3nEtmlbNDER3j24Vp45eiw,Princess Tea & Coffee,21.0010237,105.5215921,4.5,6,2G2C+CJ4,Hà Nội,"Hòa Lạc, Hà Nội",VN,,+84 339 320 233,Quán cà phê,https://www.google.com/maps/search/?api=1&query=Princess%20Tea%20%26%20Coffee&query_place_id=ChIJu3nEtmlbNDER3j24Vp45eiw,Có,"Cà phê đen đá pha phin: 19,000đ/ly (Cà phê đen truyền thống đậm đà) | Cà phê sữa đá: 22,000đ/ly (Cà phê sữa pha phin béo ngậy) | Bạc xỉu cốt dừa: 27,000đ/ly (Nhiều sữa béo ngậy vị dừa hòa quyện chút cà phê) | Trà đào cam sả: 30,000đ/ly (Trà đào thơm mát kết hợp lát đào cam tươi sả thơm) | Trà sữa trân châu truyền thống: 35,000đ/ly (Trà sữa đậm trà kèm trân châu đen dai giòn) | Sinh tố bơ sáp: 40,000đ/ly (Sinh tố bơ sáp tươi ngon xay sữa đặc ngậy béo) | Nước ép cam nguyên chất: 27,000đ/ly (Ép cam sành tự nhiên nhiều vitamin C)"
ChIJAVgXakRbNDER4RCYnvTTYkk,Cà Phê Hoa Vinh,20.9938111,105.5232909,5.0,6,Ngã tư đại lộ TL,Hà Nội,"Hòa Lạc, Hà Nội",VN,,+84 395 565 092,Quán cà phê,https://www.google.com/maps/search/?api=1&query=C%C3%A0%20Ph%C3%AA%20Hoa%20Vinh&query_place_id=ChIJAVgXakRbNDER4RCYnvTTYkk,Có,"Cà phê đen đá pha phin: 25,000đ/ly (Cà phê đen truyền thống đậm đà) | Cà phê sữa đá: 28,000đ/ly (Cà phê sữa pha phin béo ngậy) | Bạc xỉu cốt dừa: 30,000đ/ly (Nhiều sữa béo ngậy vị dừa hòa quyện chút cà phê) | Trà đào cam sả: 37,000đ/ly (Trà đào thơm mát kết hợp lát đào cam tươi sả thơm) | Trà sữa trân châu truyền thống: 35,000đ/ly (Trà sữa đậm trà kèm trân châu đen dai giòn) | Sinh tố bơ sáp: 37,000đ/ly (Sinh tố bơ sáp tươi ngon xay sữa đặc ngậy béo) | Nước ép cam nguyên chất: 27,000đ/ly (Ép cam sành tự nhiên nhiều vitamin C)"
ChIJZYr-YCtbNDERUbz62MH775I,KaraokeHH+,21.0169035,105.575337,4.7,6,2H8G+Q44,Hà Nội,"Hạ Bằng, Hà Nội",VN,,+84 708 675 675,Quán bar karaoke,https://www.google.com/maps/search/?api=1&query=KaraokeHH%2B&query_place_id=ChIJZYr-YCtbNDERUbz62MH775I,Có,"Đĩa hoa quả thập cẩm lớn (Dưa hấu, ổi, xoài, nho): 170,000đ/đĩa (Hoa quả tươi ngon cắt lát đẹp mắt) | Khô mực nướng cồn: 190,000đ/con (Mực khô Vân Đồn nướng cồn xé tay) | Thịt bò khô xé sợi vắt chanh: 80,000đ/đĩa (Bò khô sợi cay cay ngọt ngọt) | Khoai tây chiên lắc phô mai: 47,000đ/đĩa (Khoai tây chiên giòn tan phủ bột phô mai) | Hạt hướng dương sạch: 23,000đ/đĩa (Hạt hướng dương rang thơm) | Bia Heineken lon: 25,000đ/lon (Bia ngoại ướp lạnh sẵn) | Bia Hà Nội lon: 21,000đ/lon (Bia nội truyền thống) | Nước ngọt Coca-Cola / Sting: 18,000đ/lon (Nước ngọt các loại phục vụ lạnh)"
ChIJUcPJHe9bNDER6xeE5zS5aIA,1995 Coffee & Tea,21.0315705,105.5166463,4.4,5,"2GJ8+JJQ, QL21A",Hà Nội,"Hạ Bằng, Hà Nội",VN,,+84 968 681 602,Quán cà phê,https://www.google.com/maps/search/?api=1&query=1995%20Coffee%20%26%20Tea&query_place_id=ChIJUcPJHe9bNDER6xeE5zS5aIA,Có,"Cà phê đen đá pha phin: 19,000đ/ly (Cà phê đen truyền thống đậm đà) | Cà phê sữa đá: 25,000đ/ly (Cà phê sữa pha phin béo ngậy) | Bạc xỉu cốt dừa: 30,000đ/ly (Nhiều sữa béo ngậy vị dừa hòa quyện chút cà phê) | Trà đào cam sả: 35,000đ/ly (Trà đào thơm mát kết hợp lát đào cam tươi sả thơm) | Trà sữa trân châu truyền thống: 30,000đ/ly (Trà sữa đậm trà kèm trân châu đen dai giòn) | Sinh tố bơ sáp: 40,000đ/ly (Sinh tố bơ sáp tươi ngon xay sữa đặc ngậy béo) | Nước ép cam nguyên chất: 27,000đ/ly (Ép cam sành tự nhiên nhiều vitamin C)"
ChIJKUngL8pbNDERBaQIw7-WupM,Xôi Nam,21.0084701,105.5189662,5.0,5,Km 15 QL21,Hà Nội,"Hòa Lạc, Hà Nội",VN,,+84 357 244 710,Gian hàng rong,https://www.google.com/maps/search/?api=1&query=X%C3%B4i%20Nam&query_place_id=ChIJKUngL8pbNDERBaQIw7-WupM,Có,"Xôi xéo ruốc hành phi: 20,000đ/đĩa (Xôi xéo thơm nếp dẻo mỡ hành phi) | Bánh mì pate trứng giò: 25,000đ/cái (Bánh mì giòn kẹp pate nhà làm, trứng ốp la, giò lụa) | Sữa đậu nành nóng: 7,000đ/cốc (Sữa đậu nành nguyên chất) | Trà đá: 6,000đ/cốc (Trà giải khát sáng sớm)"
ChIJ5fGpH_hbNDEReWKBO9hIvho,Nhà Hàng Hồ Sen,21.008592,105.524841,4.8,5,2G5F+FRH,Hà Nội,"Hòa Lạc, Hà Nội",VN,,,Nhà hàng,https://www.google.com/maps/search/?api=1&query=Nh%C3%A0%20H%C3%A0ng%20H%E1%BB%93%20Sen&query_place_id=ChIJ5fGpH_hbNDEReWKBO9hIvho,Có,"Cá kho tộ miền Tây đậm vị: 87,000đ/tộ (Cá trắm đen kho tộ sánh quyện nước hàng dừa) | Thịt ba chỉ rang cháy cạnh: 73,000đ/đĩa (Thịt ba chỉ ba chỉ giòn rưới mỡ hành) | Sườn non xào chua ngọt: 78,000đ/đĩa (Sườn non xào cùng dứa và ớt chuông sốt chua cay) | Rau muống luộc dầm sấu / xào tỏi: 30,000đ/đĩa (Rau muống tươi xanh luộc chấm nước mắm chanh ớt) | Canh riêu cua đồng cà pháo: 43,000đ/bát (Canh cua đồng mát lạnh ăn kèm cà pháo giòn tan) | Cơm trắng gạo tám thơm: 18,000đ/niêu (Niêu cơm gạo tám dẻo thơm)"
ChIJR0GrHwBbNDERtPkop2rUPKo,Cơm Tấm 79,21.0105989,105.5186652,4.0,5,"2G69+4FJ, QL21A",Hà Nội,"Hòa Lạc, Hà Nội",VN,,+84 879 952 398,Nhà hàng cơm,https://www.google.com/maps/search/?api=1&query=C%C6%A1m%20T%E1%BA%A5m%2079&query_place_id=ChIJR0GrHwBbNDERtPkop2rUPKo,Có,"Cơm rang dưa bò: 40,000đ/đĩa (Cơm rang hạt giòn tơi xào cùng cải dưa chua và thịt bò tươi mềm) | Cơm rang thập cẩm giòn: 33,000đ/đĩa (Cơm rang lạp xưởng ngô ngọt đậu hà lan rưới trứng vàng) | Cơm thố xá xíu nóng hổi: 38,000đ/thố (Cơm nấu niêu thố đất tạo lớp cháy giòn nhẹ, phủ thịt xá xíu đậm sốt) | Suất cơm bình dân tự chọn (3 món mặn + rau): 33,000đ/suất (Cơm suất bình dân đầy đặn sạch sẽ cho sinh viên và người đi làm) | Cơm tấm sườn bì chả Sài Gòn: 35,000đ/đĩa (Cơm tấm ăn kèm sườn nướng mặn ngọt chả trứng bì heo thính và nước mắm chua cay)"
ChIJayLLOFpbNDERxaGb_TBbjCk,Phở Cồ Hòa Lạc,21.0103476,105.518623,3.6,5,2G69+4CQ,Hà Nội,"Hòa Lạc, Hà Nội",VN,,,Nhà hàng phở,https://www.google.com/maps/search/?api=1&query=Ph%E1%BB%9F%20C%E1%BB%93%20H%C3%B2a%20L%E1%BA%A1c&query_place_id=ChIJayLLOFpbNDERxaGb_TBbjCk,Có,"Phở chín bò ta: 35,000đ/bát (Nước dùng phở bò ninh xương ống ngọt lịm kèm thịt chín thái mỏng) | Phở tái chần: 35,000đ/bát (Phở bò với thịt bò tươi chần tái mềm ngọt) | Phở nạm gầu giòn: 40,000đ/bát (Bánh phở mềm cùng nạm bò và gầu bò giòn sần sật) | Phở tái lăn đặc biệt: 47,000đ/bát (Phở bò xào tái lăn thơm mùi tỏi phi) | Trứng gà trần: 10,000đ/quả (Trứng trần nước phở béo ngậy) | Quẩy giòn: 8,000đ/chiếc (Quẩy giòn ăn kèm nước phở)"
ChIJyZtjwRVbNDERVwm55jYlP0o,Oanh Thân Lẩu Chó,20.9999597,105.5219251,3.4,5,XGXC+XQM,Hà Nội,"Hòa Lạc, Hà Nội",VN,,+84 975 296 168,Nhà hàng,https://www.google.com/maps/search/?api=1&query=Oanh%20Th%C3%A2n%20L%E1%BA%A9u%20Ch%C3%B3&query_place_id=ChIJyZtjwRVbNDERVwm55jYlP0o,Có,"Lẩu cua đồng sườn sụn bắp bò: 370,000đ/nồi (Nồi lẩu riêu cua đồng nguyên chất siêu nhiều gạch, kèm bắp bò sườn sụn) | Lẩu Thái hải sản chua cay: 379,000đ/nồi (Nước lẩu Tomyum chua cay nhúng tôm, mực, ngao, nấm) | Set nướng BBQ thập cẩm bò ba chỉ: 319,000đ/set (Bắp bò, ba chỉ heo cuộn nấm kim châm tẩm sốt BBQ nướng xèo xèo) | Ba chỉ bò Mỹ nhúng thêm: 78,000đ/đĩa (Thịt ba chỉ bò Mỹ thái mỏng cuốn nấm) | Sườn sụn non heo thêm: 75,000đ/đĩa (Sườn non giòn sần sật nhúng lẩu) | Rau nấm tổng hợp nhúng lẩu: 33,000đ/đĩa (Nấm kim châm, cải thảo, rau muống tươi)"
ChIJe9xGTxlbNDERL9ysW8HaURE,Bún riêu cua bắp bò Thu Phương,21.014114,105.5189449,3.4,5,2G79+MH4,Hà Nội,"Hòa Lạc, Hà Nội",VN,,,Quán mì,https://www.google.com/maps/search/?api=1&query=B%C3%BAn%20ri%C3%AAu%20cua%20b%E1%BA%AFp%20b%C3%B2%20Thu%20Ph%C6%B0%C6%A1ng&query_place_id=ChIJe9xGTxlbNDERL9ysW8HaURE,Có,"Bún cá cay Hải Phòng giòn rụm: 40,000đ/bát (Cá chiên giòn, chả cá thu thơm ngon nước dùng dọc mùng chua cay) | Bún riêu cua bắp bò giò tai: 35,000đ/bát (Bún nước với riêu cua đồng xịn kèm bắp bò tươi, giò tai heo sần sật) | Bún sườn mọc dọc mùng hành hoa: 37,000đ/bát (Bún sườn non mềm nhừ kèm mọc thịt giòn dẻo) | Trà đá mát lạnh: 2,000đ/cốc (Trà đá mát uống kèm bún nóng)"
ChIJ6-YQdgBdNDERTqFRxT9Oqa8,Phở Bò Khai Tâm,21.0186377,105.4599121,5.0,5,"2F95+FX3, TL87",Hà Nội,"Yên Bài, Hà Nội",VN,,+84 979 223 805,Nhà hàng phở,https://www.google.com/maps/search/?api=1&query=Ph%E1%BB%9F%20B%C3%B2%20Khai%20T%C3%A2m&query_place_id=ChIJ6-YQdgBdNDERTqFRxT9Oqa8,Có,"Phở chín bò ta: 30,000đ/bát (Nước dùng phở bò ninh xương ống ngọt lịm kèm thịt chín thái mỏng) | Phở tái chần: 40,000đ/bát (Phở bò với thịt bò tươi chần tái mềm ngọt) | Phở nạm gầu giòn: 38,000đ/bát (Bánh phở mềm cùng nạm bò và gầu bò giòn sần sật) | Phở tái lăn đặc biệt: 47,000đ/bát (Phở bò xào tái lăn thơm mùi tỏi phi) | Trứng gà trần: 10,000đ/quả (Trứng trần nước phở béo ngậy) | Quẩy giòn: 8,000đ/chiếc (Quẩy giòn ăn kèm nước phở)"
ChIJQVLiUcxbNDERbUNFKRSA3FY,Bún chả 194,21.0222983,105.5203005,3.4,5,2GCC+W47,Hà Nội,"Hòa Lạc, Hà Nội",VN,,,Quán ăn nhẹ,https://www.google.com/maps/search/?api=1&query=B%C3%BAn%20ch%E1%BA%A3%20194&query_place_id=ChIJQVLiUcxbNDERbUNFKRSA3FY,Có,"Bún đậu mắm tôm đầy đủ (Đậu, thịt chân giò, nem chua rán, chả cốm): 45,000đ/suất (Mẹt bún đậu đầy đủ nguyên liệu tươi ngon kèm rau thơm kinh giới) | Bún đậu thường (Đậu chiên giòn): 22,000đ/suất (Bún đậu chay đơn giản với đậu phụ rán giòn) | Bún chả Hà Nội truyền thống: 40,000đ/suất (Chả miếng và chả viên nướng than hoa thơm phức trong bát nước chấm chua ngọt) | Nem cua bể chiên giòn: 12,000đ/chiếc (Nem cua bể giòn rụm nhiều nhân) | Nước sấu đá ngầm chua ngọt: 18,000đ/cốc (Đồ uống giải nhiệt cực hợp vị bún đậu)"
ChIJD3qAlOJbNDERRZfMRhMETwY,Tiệm Nướng Chảo gang,21.0190877,105.5494768,4.8,5,,Hà Nội,"Hạ Bằng, Hà Nội",VN,,+84 899 992 396,Nhà hàng,https://www.google.com/maps/search/?api=1&query=Ti%E1%BB%87m%20N%C6%B0%E1%BB%9Bng%20Ch%E1%BA%A3o%20gang&query_place_id=ChIJD3qAlOJbNDERRZfMRhMETwY,Có,"Lẩu cua đồng sườn sụn bắp bò: 340,000đ/nồi (Nồi lẩu riêu cua đồng nguyên chất siêu nhiều gạch, kèm bắp bò sườn sụn) | Lẩu Thái hải sản chua cay: 399,000đ/nồi (Nước lẩu Tomyum chua cay nhúng tôm, mực, ngao, nấm) | Set nướng BBQ thập cẩm bò ba chỉ: 289,000đ/set (Bắp bò, ba chỉ heo cuộn nấm kim châm tẩm sốt BBQ nướng xèo xèo) | Ba chỉ bò Mỹ nhúng thêm: 80,000đ/đĩa (Thịt ba chỉ bò Mỹ thái mỏng cuốn nấm) | Sườn sụn non heo thêm: 70,000đ/đĩa (Sườn non giòn sần sật nhúng lẩu) | Rau nấm tổng hợp nhúng lẩu: 33,000đ/đĩa (Nấm kim châm, cải thảo, rau muống tươi)"
ChIJeZD2gdlbNDERqxLqb7WvhmE,Mật BBQ,21.0179756,105.5525103,5.0,5,"327, thôn mục uyên/1 Tân Xã",Hà Nội,"Thạch Thất, Hà Nội",VN,,+84 337 383 958,Nhà hàng,https://www.google.com/maps/search/?api=1&query=M%E1%BA%ADt%20BBQ&query_place_id=ChIJeZD2gdlbNDERqxLqb7WvhmE,Có,"Lẩu cua đồng sườn sụn bắp bò: 370,000đ/nồi (Nồi lẩu riêu cua đồng nguyên chất siêu nhiều gạch, kèm bắp bò sườn sụn) | Lẩu Thái hải sản chua cay: 399,000đ/nồi (Nước lẩu Tomyum chua cay nhúng tôm, mực, ngao, nấm) | Set nướng BBQ thập cẩm bò ba chỉ: 299,000đ/set (Bắp bò, ba chỉ heo cuộn nấm kim châm tẩm sốt BBQ nướng xèo xèo) | Ba chỉ bò Mỹ nhúng thêm: 75,000đ/đĩa (Thịt ba chỉ bò Mỹ thái mỏng cuốn nấm) | Sườn sụn non heo thêm: 80,000đ/đĩa (Sườn non giòn sần sật nhúng lẩu) | Rau nấm tổng hợp nhúng lẩu: 33,000đ/đĩa (Nấm kim châm, cải thảo, rau muống tươi)"
ChIJWxHKYABbNDERJqn8EmClmoY,Chạm Coffee,21.0187375,105.5496719,4.8,5,2G9X+FVV,Hà Nội,"Hạ Bằng, Hà Nội",VN,,+84 966 481 505,Quán cà phê,https://www.google.com/maps/search/?api=1&query=Ch%E1%BA%A1m%20Coffee&query_place_id=ChIJWxHKYABbNDERJqn8EmClmoY,Có,"Cà phê đen đá pha phin: 22,000đ/ly (Cà phê đen truyền thống đậm đà) | Cà phê sữa đá: 22,000đ/ly (Cà phê sữa pha phin béo ngậy) | Bạc xỉu cốt dừa: 33,000đ/ly (Nhiều sữa béo ngậy vị dừa hòa quyện chút cà phê) | Trà đào cam sả: 35,000đ/ly (Trà đào thơm mát kết hợp lát đào cam tươi sả thơm) | Trà sữa trân châu truyền thống: 40,000đ/ly (Trà sữa đậm trà kèm trân châu đen dai giòn) | Sinh tố bơ sáp: 37,000đ/ly (Sinh tố bơ sáp tươi ngon xay sữa đặc ngậy béo) | Nước ép cam nguyên chất: 30,000đ/ly (Ép cam sành tự nhiên nhiều vitamin C)"
ChIJzyndOQBbNDERpi8rg8Z5UqA,Quán bia 183,20.9860986,105.5295921,4.0,5,"Quán bia, 183 Thôn 1",Hà Nội,"Hòa Lạc, Hà Nội",VN,,+84 842 974 444,Nhà hàng,https://www.google.com/maps/search/?api=1&query=Qu%C3%A1n%20bia%20183&query_place_id=ChIJzyndOQBbNDERpi8rg8Z5UqA,Có,"Bia hơi Hà Nội mát lạnh: 15,000đ/cốc (Bia hơi tươi rói rót trực tiếp từ vòi bom lạnh) | Đậu phụ lướt ván nóng giòn: 30,000đ/đĩa (Đậu hũ non chiên lướt ván ngoài vàng giòn trong mịn mượt như thạch) | Đĩa lạc rang muối / lạc luộc mộc mạc: 12,000đ/đĩa (Đồ nhắm bia truyền thống) | Nộm tai heo đu đủ xanh chua ngọt: 65,000đ/đĩa (Tai heo giòn sần sật trộn đu đủ bào sợi nước nộm chua ngọt sảng khoái) | Sụn gà chiên mắm rang muối: 100,000đ/đĩa (Sụn gà ta giòn sần sật tẩm ướp chiên xóc muối ớt tỏi)"
ChIJgw2njzRbNDERjHhF6CaZSfQ,Phở Hưng,20.9839314,105.5551755,5.0,5,XHM3+QWJ,Hà Nội,"Hạ Bằng, Hà Nội",VN,,+84 965 822 865,Nhà hàng phở,https://www.google.com/maps/search/?api=1&query=Ph%E1%BB%9F%20H%C6%B0ng&query_place_id=ChIJgw2njzRbNDERjHhF6CaZSfQ,Có,"Phở chín bò ta: 35,000đ/bát (Nước dùng phở bò ninh xương ống ngọt lịm kèm thịt chín thái mỏng) | Phở tái chần: 30,000đ/bát (Phở bò với thịt bò tươi chần tái mềm ngọt) | Phở nạm gầu giòn: 35,000đ/bát (Bánh phở mềm cùng nạm bò và gầu bò giòn sần sật) | Phở tái lăn đặc biệt: 45,000đ/bát (Phở bò xào tái lăn thơm mùi tỏi phi) | Trứng gà trần: 7,000đ/quả (Trứng trần nước phở béo ngậy) | Quẩy giòn: 5,000đ/chiếc (Quẩy giòn ăn kèm nước phở)"
ChIJcwtgTgBbNDER4uvRC00WKDA,Trà Đá Bá Đạo,20.988365,105.5710464,5.0,5,"XHQC+G2V, ĐL Thăng Long",Hà Nội,"Hạ Bằng, Hà Nội",VN,,+84 977 915 769,Quán cà phê,https://www.google.com/maps/search/?api=1&query=Tr%C3%A0%20%C4%90%C3%A1%20B%C3%A1%20%C4%90%E1%BA%A1o&query_place_id=ChIJcwtgTgBbNDER4uvRC00WKDA,Có,"Cà phê đen đá pha phin: 19,000đ/ly (Cà phê đen truyền thống đậm đà) | Cà phê sữa đá: 28,000đ/ly (Cà phê sữa pha phin béo ngậy) | Bạc xỉu cốt dừa: 27,000đ/ly (Nhiều sữa béo ngậy vị dừa hòa quyện chút cà phê) | Trà đào cam sả: 37,000đ/ly (Trà đào thơm mát kết hợp lát đào cam tươi sả thơm) | Trà sữa trân châu truyền thống: 33,000đ/ly (Trà sữa đậm trà kèm trân châu đen dai giòn) | Sinh tố bơ sáp: 37,000đ/ly (Sinh tố bơ sáp tươi ngon xay sữa đặc ngậy béo) | Nước ép cam nguyên chất: 27,000đ/ly (Ép cam sành tự nhiên nhiều vitamin C)"
ChIJ0W6WWQBbNDERrx3I6wHfkSQ,Hùng Còi Quán,20.9771574,105.5582112,4.2,5,XHG5+V8R,Hà Nội,"Phú Cát, Hà Nội",VN,,+84 981 693 186,Nhà hàng,https://www.google.com/maps/search/?api=1&query=H%C3%B9ng%20C%C3%B2i%20Qu%C3%A1n&query_place_id=ChIJ0W6WWQBbNDERrx3I6wHfkSQ,Có,"Cá kho tộ miền Tây đậm vị: 80,000đ/tộ (Cá trắm đen kho tộ sánh quyện nước hàng dừa) | Thịt ba chỉ rang cháy cạnh: 73,000đ/đĩa (Thịt ba chỉ ba chỉ giòn rưới mỡ hành) | Sườn non xào chua ngọt: 85,000đ/đĩa (Sườn non xào cùng dứa và ớt chuông sốt chua cay) | Rau muống luộc dầm sấu / xào tỏi: 33,000đ/đĩa (Rau muống tươi xanh luộc chấm nước mắm chanh ớt) | Canh riêu cua đồng cà pháo: 45,000đ/bát (Canh cua đồng mát lạnh ăn kèm cà pháo giòn tan) | Cơm trắng gạo tám thơm: 18,000đ/niêu (Niêu cơm gạo tám dẻo thơm)"
ChIJp9eVSABbNDERQ9m00dlgbus,Cơm Cô Sáu,20.9990089,105.5546474,4.6,5,XHX3+JRM,Hà Nội,"Hòa Lạc, Hà Nội",VN,,+84 342 348 370,Nhà hàng cơm,https://www.google.com/maps/search/?api=1&query=C%C6%A1m%20C%C3%B4%20S%C3%A1u&query_place_id=ChIJp9eVSABbNDERQ9m00dlgbus,Có,"Cơm rang dưa bò: 45,000đ/đĩa (Cơm rang hạt giòn tơi xào cùng cải dưa chua và thịt bò tươi mềm) | Cơm rang thập cẩm giòn: 35,000đ/đĩa (Cơm rang lạp xưởng ngô ngọt đậu hà lan rưới trứng vàng) | Cơm thố xá xíu nóng hổi: 35,000đ/thố (Cơm nấu niêu thố đất tạo lớp cháy giòn nhẹ, phủ thịt xá xíu đậm sốt) | Suất cơm bình dân tự chọn (3 món mặn + rau): 27,000đ/suất (Cơm suất bình dân đầy đặn sạch sẽ cho sinh viên và người đi làm) | Cơm tấm sườn bì chả Sài Gòn: 45,000đ/đĩa (Cơm tấm ăn kèm sườn nướng mặn ngọt chả trứng bì heo thính và nước mắm chua cay)"
ChIJoYAdiF5bNDERYY2Nz8Ik7AE,Cafe Tuyên 3,20.9770888,105.554697,4.0,5,Thôn5,Hà Nội,"Phú Cát, Hà Nội",VN,,,Quán cà phê,https://www.google.com/maps/search/?api=1&query=Cafe%20Tuy%C3%AAn%203&query_place_id=ChIJoYAdiF5bNDERYY2Nz8Ik7AE,Có,"Cà phê đen đá pha phin: 22,000đ/ly (Cà phê đen truyền thống đậm đà) | Cà phê sữa đá: 22,000đ/ly (Cà phê sữa pha phin béo ngậy) | Bạc xỉu cốt dừa: 27,000đ/ly (Nhiều sữa béo ngậy vị dừa hòa quyện chút cà phê) | Trà đào cam sả: 30,000đ/ly (Trà đào thơm mát kết hợp lát đào cam tươi sả thơm) | Trà sữa trân châu truyền thống: 37,000đ/ly (Trà sữa đậm trà kèm trân châu đen dai giòn) | Sinh tố bơ sáp: 35,000đ/ly (Sinh tố bơ sáp tươi ngon xay sữa đặc ngậy béo) | Nước ép cam nguyên chất: 33,000đ/ly (Ép cam sành tự nhiên nhiều vitamin C)"
ChIJayzFV8ZbNDERUg0L8Z140p4,Dòng Sông Bia,21.0309917,105.5743996,4.2,5,218 Đường H11,Hà Nội,"Hạ Bằng, Hà Nội",VN,https://www.facebook.com/profile.php?id=100063723111112,+84 975 232 338,Nhà hàng,https://www.google.com/maps/search/?api=1&query=D%C3%B2ng%20S%C3%B4ng%20Bia&query_place_id=ChIJayzFV8ZbNDERUg0L8Z140p4,Có,"Bia hơi Hà Nội mát lạnh: 9,000đ/cốc (Bia hơi tươi rói rót trực tiếp từ vòi bom lạnh) | Đậu phụ lướt ván nóng giòn: 27,000đ/đĩa (Đậu hũ non chiên lướt ván ngoài vàng giòn trong mịn mượt như thạch) | Đĩa lạc rang muối / lạc luộc mộc mạc: 18,000đ/đĩa (Đồ nhắm bia truyền thống) | Nộm tai heo đu đủ xanh chua ngọt: 63,000đ/đĩa (Tai heo giòn sần sật trộn đu đủ bào sợi nước nộm chua ngọt sảng khoái) | Sụn gà chiên mắm rang muối: 97,000đ/đĩa (Sụn gà ta giòn sần sật tẩm ướp chiên xóc muối ớt tỏi)"
ChIJUbHYKABZNDERn-GfQ6SjXys,Lá Cafe & Tea,21.0591174,105.5747385,5.0,5,92,Hà Nội,"Thạch Thất, Hà Nội",VN,,,Quán cà phê,https://www.google.com/maps/search/?api=1&query=L%C3%A1%20Cafe%20%26%20Tea&query_place_id=ChIJUbHYKABZNDERn-GfQ6SjXys,Có,"Cà phê đen đá pha phin: 19,000đ/ly (Cà phê đen truyền thống đậm đà) | Cà phê sữa đá: 28,000đ/ly (Cà phê sữa pha phin béo ngậy) | Bạc xỉu cốt dừa: 27,000đ/ly (Nhiều sữa béo ngậy vị dừa hòa quyện chút cà phê) | Trà đào cam sả: 37,000đ/ly (Trà đào thơm mát kết hợp lát đào cam tươi sả thơm) | Trà sữa trân châu truyền thống: 30,000đ/ly (Trà sữa đậm trà kèm trân châu đen dai giòn) | Sinh tố bơ sáp: 40,000đ/ly (Sinh tố bơ sáp tươi ngon xay sữa đặc ngậy béo) | Nước ép cam nguyên chất: 27,000đ/ly (Ép cam sành tự nhiên nhiều vitamin C)"
ChIJeQ4tQOZbNDERUWJFrKRoI8c,Phở Bò Thành Long,20.9946773,105.5233399,4.2,5,"XGVF+V8M, Ngã ba Hòa Lạc, QL21",Hà Nội,"Hòa Lạc, Hà Nội",VN,,+84 967 823 097,Nhà hàng phở,https://www.google.com/maps/search/?api=1&query=Ph%E1%BB%9F%20B%C3%B2%20Th%C3%A0nh%20Long&query_place_id=ChIJeQ4tQOZbNDERUWJFrKRoI8c,Có,"Phở chín bò ta: 33,000đ/bát (Nước dùng phở bò ninh xương ống ngọt lịm kèm thịt chín thái mỏng) | Phở tái chần: 30,000đ/bát (Phở bò với thịt bò tươi chần tái mềm ngọt) | Phở nạm gầu giòn: 35,000đ/bát (Bánh phở mềm cùng nạm bò và gầu bò giòn sần sật) | Phở tái lăn đặc biệt: 50,000đ/bát (Phở bò xào tái lăn thơm mùi tỏi phi) | Trứng gà trần: 13,000đ/quả (Trứng trần nước phở béo ngậy) | Quẩy giòn: 2,000đ/chiếc (Quẩy giòn ăn kèm nước phở)"
ChIJR_JVegBbNDERJLizBPpWdhg,Seuol deli MỲ CAY 5 CẤP ĐỘ,21.022065,105.5503332,4.2,5,2HC2+R4H,Hà Nội,"Hạ Bằng, Hà Nội",VN,,+84 978 591 101,Nhà hàng Hàn Quốc,https://www.google.com/maps/search/?api=1&query=Seuol%20deli%20M%E1%BB%B2%20CAY%205%20C%E1%BA%A4P%20%C4%90%E1%BB%98&query_place_id=ChIJR_JVegBbNDERJLizBPpWdhg,Có,"Mì cay Seoul hải sản cấp độ 0-7: 45,000đ/tô (Mì ramen Hàn Quốc tôm, mực, chả viên nước dùng kim chi cay chua kích thích) | Mì cay bò Mỹ cấp độ 0-7: 47,000đ/tô (Mì cay Hàn Quốc nhúng bắp bò Mỹ tươi) | Kimbap chiên xù giòn tan: 30,000đ/cuộn (Cơm cuộn rong biển tẩm bột chiên xù chấm sốt mayonnaise) | Tokbokki truyền thống phô mai sốt cay: 30,000đ/đĩa (Bánh gạo Hàn Quốc xào cùng chả cá xiên, sốt tương ớt Gochujang và phô mai kéo sợi)"
ChIJSze6BgBbNDERKg7ABrXW-3A,Tiệm Bò Ah Béo,21.0217438,105.5505275,4.2,5,231 mục uyên 1,Hà Nội,"Hạ Bằng, Hà Nội",VN,,,Nhà hàng,https://www.google.com/maps/search/?api=1&query=Ti%E1%BB%87m%20B%C3%B2%20Ah%20B%C3%A9o&query_place_id=ChIJSze6BgBbNDERKg7ABrXW-3A,Có,"Thịt trâu xào lá lốt: 110,000đ/đĩa (Thịt trâu tươi mềm ngọt xào lá lốt thơm lừng) | Thịt trâu nhúng mẻ chua cay: 160,000đ/đĩa (Thịt trâu nhúng nước dùng mẻ chua thanh nhẹ) | Dê tái chanh chấm tương gừng: 180,000đ/đĩa (Thịt dê núi hấp tái trộn vừng sả lá chanh) | Dê né bản gang: 160,000đ/đĩa (Dê xào nóng hổi trên bản gang kèm đậu bắp) | Lẩu dê núi nhúng mẻ: 389,000đ/nồi (Nồi lẩu dê núi ré thơm ngon kèm rau nhúng đặc sản) | Cơm cháy sốt dê: 75,000đ/đĩa (Cơm cháy giòn tan rưới nước sốt dê đậm vị)"
ChIJV-47EABbNDERM4s68SMgDWM,Quất coffee,21.0237975,105.5201144,5.0,5,Số 140 thôn 4,Hà Nội,"Hòa Lạc, Hà Nội",VN,,,Quán cà phê,https://www.google.com/maps/search/?api=1&query=Qu%E1%BA%A5t%20coffee&query_place_id=ChIJV-47EABbNDERM4s68SMgDWM,Có,"Cà phê đen đá pha phin: 19,000đ/ly (Cà phê đen truyền thống đậm đà) | Cà phê sữa đá: 25,000đ/ly (Cà phê sữa pha phin béo ngậy) | Bạc xỉu cốt dừa: 33,000đ/ly (Nhiều sữa béo ngậy vị dừa hòa quyện chút cà phê) | Trà đào cam sả: 35,000đ/ly (Trà đào thơm mát kết hợp lát đào cam tươi sả thơm) | Trà sữa trân châu truyền thống: 30,000đ/ly (Trà sữa đậm trà kèm trân châu đen dai giòn) | Sinh tố bơ sáp: 40,000đ/ly (Sinh tố bơ sáp tươi ngon xay sữa đặc ngậy béo) | Nước ép cam nguyên chất: 27,000đ/ly (Ép cam sành tự nhiên nhiều vitamin C)"
ChIJ__ZOMBRbNDERN9cpxOF8vNI,Quán ăn vặt HOLA,21.0267276,105.5206984,5.0,5,Số 21 thôn 4,Hà Nội,"Hòa Lạc, Hà Nội",VN,,+84 912 640 185,Giao đồ ăn,https://www.google.com/maps/search/?api=1&query=Qu%C3%A1n%20%C4%83n%20v%E1%BA%B7t%20HOLA&query_place_id=ChIJ__ZOMBRbNDERN9cpxOF8vNI,Có,"Ốc luộc sả lá chanh truyền thống: 35,000đ/bát (Ốc vặn/ốc nhồi mít luộc thơm mùi sả chấm nước mắm gừng cay ngọt đặc sản) | Ốc móng tay xào bơ tỏi thơm lừng: 70,000đ/đĩa (Ốc móng tay tươi ngọt sốt bơ tỏi sánh béo chấm bánh mì tuyệt đỉnh) | Nem chua rán giòn rụm (10 cái): 50,000đ/đĩa (Nem chua rán nóng hổi chấm tương ớt cay nồng) | Khoai tây chiên lắc bột phô mai: 35,000đ/đĩa (Món khai vị ăn vặt khoái khẩu) | Trà quất mật ong khổng lồ: 15,000đ/cốc (Trà quất mát chua ngọt cực đã khát)"
ChIJa_oohw9RNDERy2Wgt5Ryz38,Bún Chả Tâm Tấm,21.0306408,105.5958981,4.0,5,số 18 cầu liêu,Hà Nội,"Tây Phương, Hà Nội",VN,,+84 364 144 082,Quán mì,https://www.google.com/maps/search/?api=1&query=B%C3%BAn%20Ch%E1%BA%A3%20T%C3%A2m%20T%E1%BA%A5m&query_place_id=ChIJa_oohw9RNDERy2Wgt5Ryz38,Có,"Bún đậu mắm tôm đầy đủ (Đậu, thịt chân giò, nem chua rán, chả cốm): 40,000đ/suất (Mẹt bún đậu đầy đủ nguyên liệu tươi ngon kèm rau thơm kinh giới) | Bún đậu thường (Đậu chiên giòn): 25,000đ/suất (Bún đậu chay đơn giản với đậu phụ rán giòn) | Bún chả Hà Nội truyền thống: 45,000đ/suất (Chả miếng và chả viên nướng than hoa thơm phức trong bát nước chấm chua ngọt) | Nem cua bể chiên giòn: 12,000đ/chiếc (Nem cua bể giòn rụm nhiều nhân) | Nước sấu đá ngầm chua ngọt: 12,000đ/cốc (Đồ uống giải nhiệt cực hợp vị bún đậu)"
ChIJCxToWkBbNDER4nwhnu17yR0,Cafe Mai Over,20.9872324,105.5311664,5.0,5,XGPJ+V9W,Hà Nội,"Hòa Lạc, Hà Nội",VN,,,Quán cà phê,https://www.google.com/maps/search/?api=1&query=Cafe%20Mai%20Over&query_place_id=ChIJCxToWkBbNDER4nwhnu17yR0,Có,"Cà phê đen đá pha phin: 22,000đ/ly (Cà phê đen truyền thống đậm đà) | Cà phê sữa đá: 25,000đ/ly (Cà phê sữa pha phin béo ngậy) | Bạc xỉu cốt dừa: 33,000đ/ly (Nhiều sữa béo ngậy vị dừa hòa quyện chút cà phê) | Trà đào cam sả: 35,000đ/ly (Trà đào thơm mát kết hợp lát đào cam tươi sả thơm) | Trà sữa trân châu truyền thống: 40,000đ/ly (Trà sữa đậm trà kèm trân châu đen dai giòn) | Sinh tố bơ sáp: 30,000đ/ly (Sinh tố bơ sáp tươi ngon xay sữa đặc ngậy béo) | Nước ép cam nguyên chất: 27,000đ/ly (Ép cam sành tự nhiên nhiều vitamin C)"
ChIJq3UqcQBbNDERLAQAsd11Ccs,日本ラーメン店,21.011438,105.5184813,4.0,5,2G69+H94,Hà Nội,"Hòa Lạc, Hà Nội",VN,,,Nhà hàng Nhật Bản,https://www.google.com/maps/search/?api=1&query=%E6%97%A5%E6%9C%AC%E3%83%A9%E3%83%BC%E3%83%A1%E3%83%B3%E5%BA%97&query_place_id=ChIJq3UqcQBbNDERLAQAsd11Ccs,Có,"Cá kho tộ miền Tây đậm vị: 83,000đ/tộ (Cá trắm đen kho tộ sánh quyện nước hàng dừa) | Thịt ba chỉ rang cháy cạnh: 70,000đ/đĩa (Thịt ba chỉ ba chỉ giòn rưới mỡ hành) | Sườn non xào chua ngọt: 80,000đ/đĩa (Sườn non xào cùng dứa và ớt chuông sốt chua cay) | Rau muống luộc dầm sấu / xào tỏi: 30,000đ/đĩa (Rau muống tươi xanh luộc chấm nước mắm chanh ớt) | Canh riêu cua đồng cà pháo: 47,000đ/bát (Canh cua đồng mát lạnh ăn kèm cà pháo giòn tan) | Cơm trắng gạo tám thơm: 15,000đ/niêu (Niêu cơm gạo tám dẻo thơm)"
ChIJwwO0ujNbNDERddz4P8qa5lQ,Top One Cafe,20.987187,105.5364614,4.6,5,"XGPP+VHG, Cầu vượt Phú Cát",Hà Nội,"Hòa Lạc, Hà Nội",VN,,+84 334 341 996,Quán cà phê,https://www.google.com/maps/search/?api=1&query=Top%20One%20Cafe&query_place_id=ChIJwwO0ujNbNDERddz4P8qa5lQ,Có,"Cà phê đen đá pha phin: 19,000đ/ly (Cà phê đen truyền thống đậm đà) | Cà phê sữa đá: 28,000đ/ly (Cà phê sữa pha phin béo ngậy) | Bạc xỉu cốt dừa: 27,000đ/ly (Nhiều sữa béo ngậy vị dừa hòa quyện chút cà phê) | Trà đào cam sả: 37,000đ/ly (Trà đào thơm mát kết hợp lát đào cam tươi sả thơm) | Trà sữa trân châu truyền thống: 30,000đ/ly (Trà sữa đậm trà kèm trân châu đen dai giòn) | Sinh tố bơ sáp: 35,000đ/ly (Sinh tố bơ sáp tươi ngon xay sữa đặc ngậy béo) | Nước ép cam nguyên chất: 27,000đ/ly (Ép cam sành tự nhiên nhiều vitamin C)"
ChIJa5fMVQBbNDERk7izeV3BMJk,Diamond Coffee Diễn Hồng,20.9897946,105.5416917,5.0,5,XGQR+VMM,Hà Nội,"Hòa Lạc, Hà Nội",VN,,,Quán cà phê,https://www.google.com/maps/search/?api=1&query=Diamond%20Coffee%20Di%E1%BB%85n%20H%E1%BB%93ng&query_place_id=ChIJa5fMVQBbNDERk7izeV3BMJk,Có,"Cà phê đen đá pha phin: 19,000đ/ly (Cà phê đen truyền thống đậm đà) | Cà phê sữa đá: 22,000đ/ly (Cà phê sữa pha phin béo ngậy) | Bạc xỉu cốt dừa: 27,000đ/ly (Nhiều sữa béo ngậy vị dừa hòa quyện chút cà phê) | Trà đào cam sả: 37,000đ/ly (Trà đào thơm mát kết hợp lát đào cam tươi sả thơm) | Trà sữa trân châu truyền thống: 37,000đ/ly (Trà sữa đậm trà kèm trân châu đen dai giòn) | Sinh tố bơ sáp: 35,000đ/ly (Sinh tố bơ sáp tươi ngon xay sữa đặc ngậy béo) | Nước ép cam nguyên chất: 33,000đ/ly (Ép cam sành tự nhiên nhiều vitamin C)"
ChIJ88z0HABbNDERRzGcP9xGYIg,Trốn Café,21.0213352,105.583999,5.0,5,2HCM+GJR,Hà Nội,"Hạ Bằng, Hà Nội",VN,,,Quán cà phê,https://www.google.com/maps/search/?api=1&query=Tr%E1%BB%91n%20Caf%C3%A9&query_place_id=ChIJ88z0HABbNDERRzGcP9xGYIg,Có,"Cà phê đen đá pha phin: 19,000đ/ly (Cà phê đen truyền thống đậm đà) | Cà phê sữa đá: 22,000đ/ly (Cà phê sữa pha phin béo ngậy) | Bạc xỉu cốt dừa: 27,000đ/ly (Nhiều sữa béo ngậy vị dừa hòa quyện chút cà phê) | Trà đào cam sả: 30,000đ/ly (Trà đào thơm mát kết hợp lát đào cam tươi sả thơm) | Trà sữa trân châu truyền thống: 33,000đ/ly (Trà sữa đậm trà kèm trân châu đen dai giòn) | Sinh tố bơ sáp: 40,000đ/ly (Sinh tố bơ sáp tươi ngon xay sữa đặc ngậy béo) | Nước ép cam nguyên chất: 27,000đ/ly (Ép cam sành tự nhiên nhiều vitamin C)"
ChIJZcy30fRZNDERX8ICmjDWgAc,Hoa Lư Quán,21.0421249,105.5102403,3.0,4,"2GR6+R3X, QL21A",Hà Nội,"Đoài Phương, Hà Nội",VN,,,Nhà hàng,https://www.google.com/maps/search/?api=1&query=Hoa%20L%C6%B0%20Qu%C3%A1n&query_place_id=ChIJZcy30fRZNDERX8ICmjDWgAc,Có,"Cá kho tộ miền Tây đậm vị: 85,000đ/tộ (Cá trắm đen kho tộ sánh quyện nước hàng dừa) | Thịt ba chỉ rang cháy cạnh: 75,000đ/đĩa (Thịt ba chỉ ba chỉ giòn rưới mỡ hành) | Sườn non xào chua ngọt: 80,000đ/đĩa (Sườn non xào cùng dứa và ớt chuông sốt chua cay) | Rau muống luộc dầm sấu / xào tỏi: 27,000đ/đĩa (Rau muống tươi xanh luộc chấm nước mắm chanh ớt) | Canh riêu cua đồng cà pháo: 50,000đ/bát (Canh cua đồng mát lạnh ăn kèm cà pháo giòn tan) | Cơm trắng gạo tám thơm: 12,000đ/niêu (Niêu cơm gạo tám dẻo thơm)"
ChIJmT_RO51bNDER7y3B3R_I3Yw,Hẻm Nướng 1978,20.9996528,105.5204858,3.0,4,Đường vào TTQPAN,Hà Nội,"Hòa Lạc, Hà Nội",VN,,+84 327 127 277,Nhà hàng,https://www.google.com/maps/search/?api=1&query=H%E1%BA%BBm%20N%C6%B0%E1%BB%9Bng%201978&query_place_id=ChIJmT_RO51bNDER7y3B3R_I3Yw,Có,"Lẩu cua đồng sườn sụn bắp bò: 350,000đ/nồi (Nồi lẩu riêu cua đồng nguyên chất siêu nhiều gạch, kèm bắp bò sườn sụn) | Lẩu Thái hải sản chua cay: 419,000đ/nồi (Nước lẩu Tomyum chua cay nhúng tôm, mực, ngao, nấm) | Set nướng BBQ thập cẩm bò ba chỉ: 309,000đ/set (Bắp bò, ba chỉ heo cuộn nấm kim châm tẩm sốt BBQ nướng xèo xèo) | Ba chỉ bò Mỹ nhúng thêm: 78,000đ/đĩa (Thịt ba chỉ bò Mỹ thái mỏng cuốn nấm) | Sườn sụn non heo thêm: 73,000đ/đĩa (Sườn non giòn sần sật nhúng lẩu) | Rau nấm tổng hợp nhúng lẩu: 33,000đ/đĩa (Nấm kim châm, cải thảo, rau muống tươi)"
ChIJR1X5d7KrNTERk3xCTrsVMt0,Five Star Hòa Lạc,21.0140099,105.5193212,4.5,4,Số 19 thôn 3,Hà Nội,"Hòa Lạc, Hà Nội",VN,,+84 328 549 306,Quán gà rán mang đi,https://www.google.com/maps/search/?api=1&query=Five%20Star%20H%C3%B2a%20L%E1%BA%A1c&query_place_id=ChIJR1X5d7KrNTERk3xCTrsVMt0,Có,"Gà ri hấp lá chanh (Cả con): 220,000đ/con (Gà ri đồi nuôi thả tự nhiên dai ngọt da vàng giòn) | Gà ri nướng mật ong (Cả con): 230,000đ/con (Gà ri nướng mật ong thơm phức vàng óng) | Gà rang muối tỏi: 150,000đ/đĩa (Gà ta chặt miếng rang muối đậm đà sần sật) | Lẩu gà ri thuốc bắc: 340,000đ/nồi (Nồi lẩu gà ri thuốc bắc bổ dưỡng kèm rau nấm) | Xôi chim câu hành phi: 75,000đ/đĩa (Xôi nếp dẻo thơm ăn kèm thịt chim câu băm nhỏ) | Lòng mề gà xào mướp giá: 75,000đ/đĩa (Lòng mề gà ri giòn xào mướp hương thơm phức)"
ChIJnfWrOgBbNDERDuzMs-G3SHk,Cơm Tún,21.0117168,105.5172779,2.0,4,2G68+MXV,Hà Nội,"Hòa Lạc, Hà Nội",VN,,+84 964 276 613,Nhà hàng cơm,https://www.google.com/maps/search/?api=1&query=C%C6%A1m%20T%C3%BAn&query_place_id=ChIJnfWrOgBbNDERDuzMs-G3SHk,Có,"Cơm rang dưa bò: 50,000đ/đĩa (Cơm rang hạt giòn tơi xào cùng cải dưa chua và thịt bò tươi mềm) | Cơm rang thập cẩm giòn: 37,000đ/đĩa (Cơm rang lạp xưởng ngô ngọt đậu hà lan rưới trứng vàng) | Cơm thố xá xíu nóng hổi: 45,000đ/thố (Cơm nấu niêu thố đất tạo lớp cháy giòn nhẹ, phủ thịt xá xíu đậm sốt) | Suất cơm bình dân tự chọn (3 món mặn + rau): 33,000đ/suất (Cơm suất bình dân đầy đặn sạch sẽ cho sinh viên và người đi làm) | Cơm tấm sườn bì chả Sài Gòn: 45,000đ/đĩa (Cơm tấm ăn kèm sườn nướng mặn ngọt chả trứng bì heo thính và nước mắm chua cay)"
ChIJUwLbOwBbNDER4lBmCmz_Bew,Bún Riêu Cua Thảo Thuận 2,21.0097422,105.5195782,4.0,4,"2G59+VFF, QL21A",Hà Nội,"Hòa Lạc, Hà Nội",VN,,,Quán mì,https://www.google.com/maps/search/?api=1&query=B%C3%BAn%20Ri%C3%AAu%20Cua%20Th%E1%BA%A3o%20Thu%E1%BA%ADn%202&query_place_id=ChIJUwLbOwBbNDER4lBmCmz_Bew,Có,"Bún cá cay Hải Phòng giòn rụm: 35,000đ/bát (Cá chiên giòn, chả cá thu thơm ngon nước dùng dọc mùng chua cay) | Bún riêu cua bắp bò giò tai: 42,000đ/bát (Bún nước với riêu cua đồng xịn kèm bắp bò tươi, giò tai heo sần sật) | Bún sườn mọc dọc mùng hành hoa: 40,000đ/bát (Bún sườn non mềm nhừ kèm mọc thịt giòn dẻo) | Trà đá mát lạnh: 8,000đ/cốc (Trà đá mát uống kèm bún nóng)"
ChIJS-FfYABZNDERXAYn8NL84Og,Vạc Quán,21.0518392,105.5024244,4.5,4,Số 168 QL21A,Hà Nội,"Đoài Phương, Hà Nội",VN,,+84 965 782 825,Nhà hàng,https://www.google.com/maps/search/?api=1&query=V%E1%BA%A1c%20Qu%C3%A1n&query_place_id=ChIJS-FfYABZNDERXAYn8NL84Og,Có,"Cá kho tộ miền Tây đậm vị: 90,000đ/tộ (Cá trắm đen kho tộ sánh quyện nước hàng dừa) | Thịt ba chỉ rang cháy cạnh: 73,000đ/đĩa (Thịt ba chỉ ba chỉ giòn rưới mỡ hành) | Sườn non xào chua ngọt: 82,000đ/đĩa (Sườn non xào cùng dứa và ớt chuông sốt chua cay) | Rau muống luộc dầm sấu / xào tỏi: 30,000đ/đĩa (Rau muống tươi xanh luộc chấm nước mắm chanh ớt) | Canh riêu cua đồng cà pháo: 43,000đ/bát (Canh cua đồng mát lạnh ăn kèm cà pháo giòn tan) | Cơm trắng gạo tám thơm: 12,000đ/niêu (Niêu cơm gạo tám dẻo thơm)"
ChIJDXoQQOtbNDERTul3mxwSgt0,Lý Loan Quán Ngon,20.9842538,105.5275819,3.8,4,XGMH+P24,Hà Nội,"Hòa Lạc, Hà Nội",VN,,+84 964 548 596,Nhà hàng cơm,https://www.google.com/maps/search/?api=1&query=L%C3%BD%20Loan%20Qu%C3%A1n%20Ngon&query_place_id=ChIJDXoQQOtbNDERTul3mxwSgt0,Có,"Cơm rang dưa bò: 40,000đ/đĩa (Cơm rang hạt giòn tơi xào cùng cải dưa chua và thịt bò tươi mềm) | Cơm rang thập cẩm giòn: 30,000đ/đĩa (Cơm rang lạp xưởng ngô ngọt đậu hà lan rưới trứng vàng) | Cơm thố xá xíu nóng hổi: 45,000đ/thố (Cơm nấu niêu thố đất tạo lớp cháy giòn nhẹ, phủ thịt xá xíu đậm sốt) | Suất cơm bình dân tự chọn (3 món mặn + rau): 30,000đ/suất (Cơm suất bình dân đầy đặn sạch sẽ cho sinh viên và người đi làm) | Cơm tấm sườn bì chả Sài Gòn: 35,000đ/đĩa (Cơm tấm ăn kèm sườn nướng mặn ngọt chả trứng bì heo thính và nước mắm chua cay)"
ChIJH-VfP4xbNDERi5rrZkiN-wc,Lẩu Nam Khánh,21.0225859,105.5202918,4.8,4,QL21,Hà Nội,"Hòa Lạc, Hà Nội",VN,,+84 972 813 195,Quán ăn nhỏ,https://www.google.com/maps/search/?api=1&query=L%E1%BA%A9u%20Nam%20Kh%C3%A1nh&query_place_id=ChIJH-VfP4xbNDERi5rrZkiN-wc,Có,"Lẩu cua đồng sườn sụn bắp bò: 370,000đ/nồi (Nồi lẩu riêu cua đồng nguyên chất siêu nhiều gạch, kèm bắp bò sườn sụn) | Lẩu Thái hải sản chua cay: 379,000đ/nồi (Nước lẩu Tomyum chua cay nhúng tôm, mực, ngao, nấm) | Set nướng BBQ thập cẩm bò ba chỉ: 299,000đ/set (Bắp bò, ba chỉ heo cuộn nấm kim châm tẩm sốt BBQ nướng xèo xèo) | Ba chỉ bò Mỹ nhúng thêm: 75,000đ/đĩa (Thịt ba chỉ bò Mỹ thái mỏng cuốn nấm) | Sườn sụn non heo thêm: 73,000đ/đĩa (Sườn non giòn sần sật nhúng lẩu) | Rau nấm tổng hợp nhúng lẩu: 30,000đ/đĩa (Nấm kim châm, cải thảo, rau muống tươi)"
ChIJ3Q082yNbNDERFLq40PAWrt4,Phở Hà Thành Phố Cổ,21.0265624,105.519234,5.0,4,2GG9+JMH,Hà Nội,"Hòa Lạc, Hà Nội",VN,,,Nhà hàng phở,https://www.google.com/maps/search/?api=1&query=Ph%E1%BB%9F%20H%C3%A0%20Th%C3%A0nh%20Ph%E1%BB%91%20C%E1%BB%95&query_place_id=ChIJ3Q082yNbNDERFLq40PAWrt4,Có,"Phở chín bò ta: 37,000đ/bát (Nước dùng phở bò ninh xương ống ngọt lịm kèm thịt chín thái mỏng) | Phở tái chần: 33,000đ/bát (Phở bò với thịt bò tươi chần tái mềm ngọt) | Phở nạm gầu giòn: 45,000đ/bát (Bánh phở mềm cùng nạm bò và gầu bò giòn sần sật) | Phở tái lăn đặc biệt: 45,000đ/bát (Phở bò xào tái lăn thơm mùi tỏi phi) | Trứng gà trần: 10,000đ/quả (Trứng trần nước phở béo ngậy) | Quẩy giòn: 8,000đ/chiếc (Quẩy giòn ăn kèm nước phở)"
ChIJETobhdpbNDER75mzV03arao,Nhà hàng Song Phúc,21.024158,105.525106,4.8,4,2GFF+JR5,Hà Nội,"Hòa Lạc, Hà Nội",VN,,,Nhà hàng gia đình,https://www.google.com/maps/search/?api=1&query=Nh%C3%A0%20h%C3%A0ng%20Song%20Ph%C3%BAc&query_place_id=ChIJETobhdpbNDER75mzV03arao,Có,"Cá kho tộ miền Tây đậm vị: 87,000đ/tộ (Cá trắm đen kho tộ sánh quyện nước hàng dừa) | Thịt ba chỉ rang cháy cạnh: 73,000đ/đĩa (Thịt ba chỉ ba chỉ giòn rưới mỡ hành) | Sườn non xào chua ngọt: 80,000đ/đĩa (Sườn non xào cùng dứa và ớt chuông sốt chua cay) | Rau muống luộc dầm sấu / xào tỏi: 27,000đ/đĩa (Rau muống tươi xanh luộc chấm nước mắm chanh ớt) | Canh riêu cua đồng cà pháo: 40,000đ/bát (Canh cua đồng mát lạnh ăn kèm cà pháo giòn tan) | Cơm trắng gạo tám thơm: 12,000đ/niêu (Niêu cơm gạo tám dẻo thơm)"
ChIJ1ZtGeQBbNDERnFZI7s3SQ94,Nhà Hàng Bia Thu Hà,21.032096,105.53633,5.0,4,ĐT420,Hà Nội,"Hạ Bằng, Hà Nội",VN,,+84 968 708 851,Quán bia,https://www.google.com/maps/search/?api=1&query=Nh%C3%A0%20H%C3%A0ng%20Bia%20Thu%20H%C3%A0&query_place_id=ChIJ1ZtGeQBbNDERnFZI7s3SQ94,Có,"Bia hơi Hà Nội mát lạnh: 15,000đ/cốc (Bia hơi tươi rói rót trực tiếp từ vòi bom lạnh) | Đậu phụ lướt ván nóng giòn: 27,000đ/đĩa (Đậu hũ non chiên lướt ván ngoài vàng giòn trong mịn mượt như thạch) | Đĩa lạc rang muối / lạc luộc mộc mạc: 12,000đ/đĩa (Đồ nhắm bia truyền thống) | Nộm tai heo đu đủ xanh chua ngọt: 60,000đ/đĩa (Tai heo giòn sần sật trộn đu đủ bào sợi nước nộm chua ngọt sảng khoái) | Sụn gà chiên mắm rang muối: 93,000đ/đĩa (Sụn gà ta giòn sần sật tẩm ướp chiên xóc muối ớt tỏi)"
ChIJY2pEPwBbNDER4xiTjHwKoBk,Phở Cồ Nam Định,21.034882,105.5456412,4.8,4,2GPW+28P,Hà Nội,"Hạ Bằng, Hà Nội",VN,,,Nhà hàng phở,https://www.google.com/maps/search/?api=1&query=Ph%E1%BB%9F%20C%E1%BB%93%20Nam%20%C4%90%E1%BB%8Bnh&query_place_id=ChIJY2pEPwBbNDER4xiTjHwKoBk,Có,"Phở chín bò ta: 35,000đ/bát (Nước dùng phở bò ninh xương ống ngọt lịm kèm thịt chín thái mỏng) | Phở tái chần: 33,000đ/bát (Phở bò với thịt bò tươi chần tái mềm ngọt) | Phở nạm gầu giòn: 40,000đ/bát (Bánh phở mềm cùng nạm bò và gầu bò giòn sần sật) | Phở tái lăn đặc biệt: 40,000đ/bát (Phở bò xào tái lăn thơm mùi tỏi phi) | Trứng gà trần: 10,000đ/quả (Trứng trần nước phở béo ngậy) | Quẩy giòn: 2,000đ/chiếc (Quẩy giòn ăn kèm nước phở)"
ChIJiwHQJQBZNDERolz21N8ZFKU,Nhà hàng bún riêu Anh Thịnh,21.052328,105.5704164,4.8,4,36 ĐT420,Hà Nội,"Thạch Thất, Hà Nội",VN,,+84 987 613 358,Nhà hàng,https://www.google.com/maps/search/?api=1&query=Nh%C3%A0%20h%C3%A0ng%20b%C3%BAn%20ri%C3%AAu%20Anh%20Th%E1%BB%8Bnh&query_place_id=ChIJiwHQJQBZNDERolz21N8ZFKU,Có,"Bún cá cay Hải Phòng giòn rụm: 30,000đ/bát (Cá chiên giòn, chả cá thu thơm ngon nước dùng dọc mùng chua cay) | Bún riêu cua bắp bò giò tai: 35,000đ/bát (Bún nước với riêu cua đồng xịn kèm bắp bò tươi, giò tai heo sần sật) | Bún sườn mọc dọc mùng hành hoa: 30,000đ/bát (Bún sườn non mềm nhừ kèm mọc thịt giòn dẻo) | Trà đá mát lạnh: 8,000đ/cốc (Trà đá mát uống kèm bún nóng)"
ChIJF6JEHwBbNDER5vp_XbkniP0,Bún phở Trang Tý,21.0184366,105.5503883,5.0,4,"2H92+95M, Tân Xã",Hà Nội,"Hạ Bằng, Hà Nội",VN,,+84 963 981 483,Nhà hàng chuyên phục vụ bữa sáng,https://www.google.com/maps/search/?api=1&query=B%C3%BAn%20ph%E1%BB%9F%20Trang%20T%C3%BD&query_place_id=ChIJF6JEHwBbNDER5vp_XbkniP0,Có,"Phở chín bò ta: 35,000đ/bát (Nước dùng phở bò ninh xương ống ngọt lịm kèm thịt chín thái mỏng) | Phở tái chần: 35,000đ/bát (Phở bò với thịt bò tươi chần tái mềm ngọt) | Phở nạm gầu giòn: 45,000đ/bát (Bánh phở mềm cùng nạm bò và gầu bò giòn sần sật) | Phở tái lăn đặc biệt: 40,000đ/bát (Phở bò xào tái lăn thơm mùi tỏi phi) | Trứng gà trần: 10,000đ/quả (Trứng trần nước phở béo ngậy) | Quẩy giòn: 2,000đ/chiếc (Quẩy giòn ăn kèm nước phở)"
ChIJ1QbYYgBbNDER7L3uZ311xNE,Ốc Khoái,21.0189032,105.5507527,5.0,4,,Hà Nội,"Hạ Bằng, Hà Nội",VN,https://www.facebook.com/profile.php?id=61577625516200,+84 384 279 696,Nhà hàng gia đình,https://www.google.com/maps/search/?api=1&query=%E1%BB%90c%20Kho%C3%A1i&query_place_id=ChIJ1QbYYgBbNDER7L3uZ311xNE,Có,"Ốc luộc sả lá chanh truyền thống: 38,000đ/bát (Ốc vặn/ốc nhồi mít luộc thơm mùi sả chấm nước mắm gừng cay ngọt đặc sản) | Ốc móng tay xào bơ tỏi thơm lừng: 72,000đ/đĩa (Ốc móng tay tươi ngọt sốt bơ tỏi sánh béo chấm bánh mì tuyệt đỉnh) | Nem chua rán giòn rụm (10 cái): 52,000đ/đĩa (Nem chua rán nóng hổi chấm tương ớt cay nồng) | Khoai tây chiên lắc bột phô mai: 35,000đ/đĩa (Món khai vị ăn vặt khoái khẩu) | Trà quất mật ong khổng lồ: 15,000đ/cốc (Trà quất mát chua ngọt cực đã khát)"
ChIJq6BeDABbNDERcmy7a-SRjCY,Canh Ơi,21.0177987,105.5483576,5.0,4,115 hồ Tân Xã- xã,Hà Nội,"Hạ Bằng, Hà Nội",VN,,+84 975 976 361,Nhà hàng,https://www.google.com/maps/search/?api=1&query=Canh%20%C6%A0i&query_place_id=ChIJq6BeDABbNDERcmy7a-SRjCY,Có,"Cá kho tộ miền Tây đậm vị: 83,000đ/tộ (Cá trắm đen kho tộ sánh quyện nước hàng dừa) | Thịt ba chỉ rang cháy cạnh: 75,000đ/đĩa (Thịt ba chỉ ba chỉ giòn rưới mỡ hành) | Sườn non xào chua ngọt: 75,000đ/đĩa (Sườn non xào cùng dứa và ớt chuông sốt chua cay) | Rau muống luộc dầm sấu / xào tỏi: 27,000đ/đĩa (Rau muống tươi xanh luộc chấm nước mắm chanh ớt) | Canh riêu cua đồng cà pháo: 40,000đ/bát (Canh cua đồng mát lạnh ăn kèm cà pháo giòn tan) | Cơm trắng gạo tám thơm: 15,000đ/niêu (Niêu cơm gạo tám dẻo thơm)"
ChIJZX9qKKJbNDERq-tJZdFy_2c,Quán Cường Béo,21.0169001,105.5480106,4.8,4,2G8X+J5H,Hà Nội,"Hạ Bằng, Hà Nội",VN,,+84 373 802 758,Quán ăn nhỏ,https://www.google.com/maps/search/?api=1&query=Qu%C3%A1n%20C%C6%B0%E1%BB%9Dng%20B%C3%A9o&query_place_id=ChIJZX9qKKJbNDERq-tJZdFy_2c,Có,"Cá kho tộ miền Tây đậm vị: 85,000đ/tộ (Cá trắm đen kho tộ sánh quyện nước hàng dừa) | Thịt ba chỉ rang cháy cạnh: 77,000đ/đĩa (Thịt ba chỉ ba chỉ giòn rưới mỡ hành) | Sườn non xào chua ngọt: 78,000đ/đĩa (Sườn non xào cùng dứa và ớt chuông sốt chua cay) | Rau muống luộc dầm sấu / xào tỏi: 27,000đ/đĩa (Rau muống tươi xanh luộc chấm nước mắm chanh ớt) | Canh riêu cua đồng cà pháo: 47,000đ/bát (Canh cua đồng mát lạnh ăn kèm cà pháo giòn tan) | Cơm trắng gạo tám thơm: 15,000đ/niêu (Niêu cơm gạo tám dẻo thơm)"
ChIJE_DCbgBbNDERJdQ2o0-yFE8,Nhà Hàng Phương Đông,21.0193193,105.5555956,4.0,4,98 thôn Mục,Hà Nội,"Hạ Bằng, Hà Nội",VN,,+84 925 001 355,Nhà hàng,https://www.google.com/maps/search/?api=1&query=Nh%C3%A0%20H%C3%A0ng%20Ph%C6%B0%C6%A1ng%20%C4%90%C3%B4ng&query_place_id=ChIJE_DCbgBbNDERJdQ2o0-yFE8,Có,"Cá kho tộ miền Tây đậm vị: 85,000đ/tộ (Cá trắm đen kho tộ sánh quyện nước hàng dừa) | Thịt ba chỉ rang cháy cạnh: 77,000đ/đĩa (Thịt ba chỉ ba chỉ giòn rưới mỡ hành) | Sườn non xào chua ngọt: 75,000đ/đĩa (Sườn non xào cùng dứa và ớt chuông sốt chua cay) | Rau muống luộc dầm sấu / xào tỏi: 33,000đ/đĩa (Rau muống tươi xanh luộc chấm nước mắm chanh ớt) | Canh riêu cua đồng cà pháo: 40,000đ/bát (Canh cua đồng mát lạnh ăn kèm cà pháo giòn tan) | Cơm trắng gạo tám thơm: 12,000đ/niêu (Niêu cơm gạo tám dẻo thơm)"
ChIJfY1vYwBbNDER_WxWUoCfu6U,Bún Bò Huế Ngô Thủy,21.0193015,105.5497648,4.5,4,2H92+Q25,Hà Nội,"Hạ Bằng, Hà Nội",VN,,+84 987 524 901,Quán mì,https://www.google.com/maps/search/?api=1&query=B%C3%BAn%20B%C3%B2%20Hu%E1%BA%BF%20Ng%C3%B4%20Th%E1%BB%A7y&query_place_id=ChIJfY1vYwBbNDER_WxWUoCfu6U,Có,"Bún bò Huế đầy đủ (Thịt bò, chả cua, tiết, mọc): 35,000đ/bát (Bún bò Huế chuẩn vị nước dùng thơm mùi sả, ruốc heo) | Bún bò Huế đặc biệt (Thêm giò heo): 50,000đ/bát (Bún bò Huế tô lớn thêm chân giò heo béo ngậy) | Bún bò Huế tái chín: 30,000đ/bát (Bún bò với thịt bò tái chần và nạm bò chín) | Quẩy nóng: 8,000đ/chiếc (Quẩy giòn ăn kèm bún bò) | Giò tai heo thêm: 10,000đ/chiếc (Giò tai giòn sần sật gọi thêm) | Trà đá: 2,000đ/cốc (Trà đá mát lạnh giải nhiệt)"
ChIJJW1mgiZbNDERjQGC9xD4zi8,Nhà Hàng Nón Việt,21.0349612,105.5829801,4.5,4,Đường H11,Hà Nội,"Hạ Bằng, Hà Nội",VN,,,Nhà hàng,https://www.google.com/maps/search/?api=1&query=Nh%C3%A0%20H%C3%A0ng%20N%C3%B3n%20Vi%E1%BB%87t&query_place_id=ChIJJW1mgiZbNDERjQGC9xD4zi8,Có,"Cá kho tộ miền Tây đậm vị: 80,000đ/tộ (Cá trắm đen kho tộ sánh quyện nước hàng dừa) | Thịt ba chỉ rang cháy cạnh: 70,000đ/đĩa (Thịt ba chỉ ba chỉ giòn rưới mỡ hành) | Sườn non xào chua ngọt: 85,000đ/đĩa (Sườn non xào cùng dứa và ớt chuông sốt chua cay) | Rau muống luộc dầm sấu / xào tỏi: 30,000đ/đĩa (Rau muống tươi xanh luộc chấm nước mắm chanh ớt) | Canh riêu cua đồng cà pháo: 47,000đ/bát (Canh cua đồng mát lạnh ăn kèm cà pháo giòn tan) | Cơm trắng gạo tám thơm: 12,000đ/niêu (Niêu cơm gạo tám dẻo thơm)"
ChIJHRIUDgBbNDER89p8363Syso,Nhà hàng Ngọc Trai – cơ sở Cần Kiệm,21.0172212,105.5769382,5.0,4,2H8G+WQ6,Hà Nội,"Thạch Thất, Hà Nội",VN,https://www.facebook.com/lon.tay.bac.705936,+84 853 645 555,Nhà hàng,https://www.google.com/maps/search/?api=1&query=Nh%C3%A0%20h%C3%A0ng%20Ng%E1%BB%8Dc%20Trai%20%E2%80%93%20c%C6%A1%20s%E1%BB%9F%20C%E1%BA%A7n%20Ki%E1%BB%87m&query_place_id=ChIJHRIUDgBbNDER89p8363Syso,Có,"Cá kho tộ miền Tây đậm vị: 87,000đ/tộ (Cá trắm đen kho tộ sánh quyện nước hàng dừa) | Thịt ba chỉ rang cháy cạnh: 75,000đ/đĩa (Thịt ba chỉ ba chỉ giòn rưới mỡ hành) | Sườn non xào chua ngọt: 80,000đ/đĩa (Sườn non xào cùng dứa và ớt chuông sốt chua cay) | Rau muống luộc dầm sấu / xào tỏi: 27,000đ/đĩa (Rau muống tươi xanh luộc chấm nước mắm chanh ớt) | Canh riêu cua đồng cà pháo: 43,000đ/bát (Canh cua đồng mát lạnh ăn kèm cà pháo giòn tan) | Cơm trắng gạo tám thơm: 12,000đ/niêu (Niêu cơm gạo tám dẻo thơm)"
ChIJTeKQ-8JbNDERUeFlZtmOxkI,Bún Tiến Nhung,21.0249398,105.5871796,3.3,4,2HFP+XVF,Hà Nội,"Tây Phương, Hà Nội",VN,,+84 946 746 744,Quán mì,https://www.google.com/maps/search/?api=1&query=B%C3%BAn%20Ti%E1%BA%BFn%20Nhung&query_place_id=ChIJTeKQ-8JbNDERUeFlZtmOxkI,Có,"Bún cá cay Hải Phòng giòn rụm: 35,000đ/bát (Cá chiên giòn, chả cá thu thơm ngon nước dùng dọc mùng chua cay) | Bún riêu cua bắp bò giò tai: 42,000đ/bát (Bún nước với riêu cua đồng xịn kèm bắp bò tươi, giò tai heo sần sật) | Bún sườn mọc dọc mùng hành hoa: 33,000đ/bát (Bún sườn non mềm nhừ kèm mọc thịt giòn dẻo) | Trà đá mát lạnh: 2,000đ/cốc (Trà đá mát uống kèm bún nóng)"
ChIJ3yfrK4BbNDERtMTMr6mmofI,Cơm Phở Trường Nghĩa,21.0197934,105.5824859,2.5,4,,Hà Nội,"Hạ Bằng, Hà Nội",VN,https://www.facebook.com/share/15kM8dJwM1/,+84 989 816 629,Quán mì,https://www.google.com/maps/search/?api=1&query=C%C6%A1m%20Ph%E1%BB%9F%20Tr%C6%B0%E1%BB%9Dng%20Ngh%C4%A9a&query_place_id=ChIJ3yfrK4BbNDERtMTMr6mmofI,Có,"Phở chín bò ta: 35,000đ/bát (Nước dùng phở bò ninh xương ống ngọt lịm kèm thịt chín thái mỏng) | Phở tái chần: 33,000đ/bát (Phở bò với thịt bò tươi chần tái mềm ngọt) | Phở nạm gầu giòn: 42,000đ/bát (Bánh phở mềm cùng nạm bò và gầu bò giòn sần sật) | Phở tái lăn đặc biệt: 50,000đ/bát (Phở bò xào tái lăn thơm mùi tỏi phi) | Trứng gà trần: 10,000đ/quả (Trứng trần nước phở béo ngậy) | Quẩy giòn: 8,000đ/chiếc (Quẩy giòn ăn kèm nước phở)"
ChIJQalejkBbNDERmWpg2Gxo8X8,Quán Vườn Keo 1991,21.0152193,105.5878092,4.8,4,H13 Hà nội,Hà Nội,"Hạ Bằng, Hà Nội",VN,,+84 961 480 893,Nhà hàng,https://www.google.com/maps/search/?api=1&query=Qu%C3%A1n%20V%C6%B0%E1%BB%9Dn%20Keo%201991&query_place_id=ChIJQalejkBbNDERmWpg2Gxo8X8,Có,"Cá kho tộ miền Tây đậm vị: 90,000đ/tộ (Cá trắm đen kho tộ sánh quyện nước hàng dừa) | Thịt ba chỉ rang cháy cạnh: 75,000đ/đĩa (Thịt ba chỉ ba chỉ giòn rưới mỡ hành) | Sườn non xào chua ngọt: 78,000đ/đĩa (Sườn non xào cùng dứa và ớt chuông sốt chua cay) | Rau muống luộc dầm sấu / xào tỏi: 30,000đ/đĩa (Rau muống tươi xanh luộc chấm nước mắm chanh ớt) | Canh riêu cua đồng cà pháo: 50,000đ/bát (Canh cua đồng mát lạnh ăn kèm cà pháo giòn tan) | Cơm trắng gạo tám thơm: 12,000đ/niêu (Niêu cơm gạo tám dẻo thơm)"
ChIJ7VKOdABbNDERYZEWQa1Bv1c,Xôi Bánh Mì Cafe Mazda 6,21.0127203,105.5277385,3.0,4,2G7H+33Q Điểm Đỗ Xe Buýt,Hà Nội,"Hòa Lạc, Hà Nội",VN,,+84 984 598 886,Gian hàng rong,https://www.google.com/maps/search/?api=1&query=X%C3%B4i%20B%C3%A1nh%20M%C3%AC%20Cafe%20Mazda%206&query_place_id=ChIJ7VKOdABbNDERYZEWQa1Bv1c,Có,"Cà phê đen đá pha phin: 19,000đ/ly (Cà phê đen truyền thống đậm đà) | Cà phê sữa đá: 25,000đ/ly (Cà phê sữa pha phin béo ngậy) | Bạc xỉu cốt dừa: 30,000đ/ly (Nhiều sữa béo ngậy vị dừa hòa quyện chút cà phê) | Trà đào cam sả: 35,000đ/ly (Trà đào thơm mát kết hợp lát đào cam tươi sả thơm) | Trà sữa trân châu truyền thống: 33,000đ/ly (Trà sữa đậm trà kèm trân châu đen dai giòn) | Sinh tố bơ sáp: 37,000đ/ly (Sinh tố bơ sáp tươi ngon xay sữa đặc ngậy béo) | Nước ép cam nguyên chất: 27,000đ/ly (Ép cam sành tự nhiên nhiều vitamin C)"
ChIJiR4oDQBZNDERCpEuz6BOfmQ,Cafe Nhà Muối,21.0568074,105.5744803,5.0,4,155 Đ. Chi Quan,Hà Nội,"Thạch Thất, Hà Nội",VN,,,Quán cà phê,https://www.google.com/maps/search/?api=1&query=Cafe%20Nh%C3%A0%20Mu%E1%BB%91i&query_place_id=ChIJiR4oDQBZNDERCpEuz6BOfmQ,Có,"Cà phê đen đá pha phin: 22,000đ/ly (Cà phê đen truyền thống đậm đà) | Cà phê sữa đá: 25,000đ/ly (Cà phê sữa pha phin béo ngậy) | Bạc xỉu cốt dừa: 27,000đ/ly (Nhiều sữa béo ngậy vị dừa hòa quyện chút cà phê) | Trà đào cam sả: 33,000đ/ly (Trà đào thơm mát kết hợp lát đào cam tươi sả thơm) | Trà sữa trân châu truyền thống: 35,000đ/ly (Trà sữa đậm trà kèm trân châu đen dai giòn) | Sinh tố bơ sáp: 40,000đ/ly (Sinh tố bơ sáp tươi ngon xay sữa đặc ngậy béo) | Nước ép cam nguyên chất: 27,000đ/ly (Ép cam sành tự nhiên nhiều vitamin C)"
ChIJ1c7XTQBbNDER93c-wYkoakw,Cơm Xe Tải Ninh Nguyễn,20.9956903,105.5231522,5.0,4,XGWF+77C,Hà Nội,"Hòa Lạc, Hà Nội",VN,,,Nhà hàng cơm,https://www.google.com/maps/search/?api=1&query=C%C6%A1m%20Xe%20T%E1%BA%A3i%20Ninh%20Nguy%E1%BB%85n&query_place_id=ChIJ1c7XTQBbNDER93c-wYkoakw,Có,"Cơm rang dưa bò: 40,000đ/đĩa (Cơm rang hạt giòn tơi xào cùng cải dưa chua và thịt bò tươi mềm) | Cơm rang thập cẩm giòn: 37,000đ/đĩa (Cơm rang lạp xưởng ngô ngọt đậu hà lan rưới trứng vàng) | Cơm thố xá xíu nóng hổi: 35,000đ/thố (Cơm nấu niêu thố đất tạo lớp cháy giòn nhẹ, phủ thịt xá xíu đậm sốt) | Suất cơm bình dân tự chọn (3 món mặn + rau): 30,000đ/suất (Cơm suất bình dân đầy đặn sạch sẽ cho sinh viên và người đi làm) | Cơm tấm sườn bì chả Sài Gòn: 45,000đ/đĩa (Cơm tấm ăn kèm sườn nướng mặn ngọt chả trứng bì heo thính và nước mắm chua cay)"
ChIJeQgqXABbNDERoFI7qBYCxe8,Cơm Xe Tải Thanh Huyền,20.9954578,105.5232096,5.0,4,XGWF+57P,Hà Nội,"Hòa Lạc, Hà Nội",VN,,+84 987 746 158,Nhà hàng cơm,https://www.google.com/maps/search/?api=1&query=C%C6%A1m%20Xe%20T%E1%BA%A3i%20Thanh%20Huy%E1%BB%81n&query_place_id=ChIJeQgqXABbNDERoFI7qBYCxe8,Có,"Cơm rang dưa bò: 40,000đ/đĩa (Cơm rang hạt giòn tơi xào cùng cải dưa chua và thịt bò tươi mềm) | Cơm rang thập cẩm giòn: 40,000đ/đĩa (Cơm rang lạp xưởng ngô ngọt đậu hà lan rưới trứng vàng) | Cơm thố xá xíu nóng hổi: 45,000đ/thố (Cơm nấu niêu thố đất tạo lớp cháy giòn nhẹ, phủ thịt xá xíu đậm sốt) | Suất cơm bình dân tự chọn (3 món mặn + rau): 27,000đ/suất (Cơm suất bình dân đầy đặn sạch sẽ cho sinh viên và người đi làm) | Cơm tấm sườn bì chả Sài Gòn: 35,000đ/đĩa (Cơm tấm ăn kèm sườn nướng mặn ngọt chả trứng bì heo thính và nước mắm chua cay)"
ChIJ6QaxRQBbNDERd-g99JLFpHY,Quán Ăn Đêm Tuấn Hằng,20.9966065,105.5228968,5.0,4,XGWF+J5R,Hà Nội,"Hòa Lạc, Hà Nội",VN,,+84 964 495 509,Nhà hàng châu Á,https://www.google.com/maps/search/?api=1&query=Qu%C3%A1n%20%C4%82n%20%C4%90%C3%AAm%20Tu%E1%BA%A5n%20H%E1%BA%B1ng&query_place_id=ChIJ6QaxRQBbNDERd-g99JLFpHY,Có,"Cá kho tộ miền Tây đậm vị: 80,000đ/tộ (Cá trắm đen kho tộ sánh quyện nước hàng dừa) | Thịt ba chỉ rang cháy cạnh: 75,000đ/đĩa (Thịt ba chỉ ba chỉ giòn rưới mỡ hành) | Sườn non xào chua ngọt: 85,000đ/đĩa (Sườn non xào cùng dứa và ớt chuông sốt chua cay) | Rau muống luộc dầm sấu / xào tỏi: 30,000đ/đĩa (Rau muống tươi xanh luộc chấm nước mắm chanh ớt) | Canh riêu cua đồng cà pháo: 50,000đ/bát (Canh cua đồng mát lạnh ăn kèm cà pháo giòn tan) | Cơm trắng gạo tám thơm: 12,000đ/niêu (Niêu cơm gạo tám dẻo thơm)"
ChIJC4QxUQBbNDERixbjp4wZ7jE,Bún Cá Hola,20.9983366,105.5222738,4.8,4,XGXC+8XR,Hà Nội,"Hòa Lạc, Hà Nội",VN,,+84 988 886 703,Quán ăn nhỏ,https://www.google.com/maps/search/?api=1&query=B%C3%BAn%20C%C3%A1%20Hola&query_place_id=ChIJC4QxUQBbNDERixbjp4wZ7jE,Có,"Bún cá cay Hải Phòng giòn rụm: 40,000đ/bát (Cá chiên giòn, chả cá thu thơm ngon nước dùng dọc mùng chua cay) | Bún riêu cua bắp bò giò tai: 38,000đ/bát (Bún nước với riêu cua đồng xịn kèm bắp bò tươi, giò tai heo sần sật) | Bún sườn mọc dọc mùng hành hoa: 33,000đ/bát (Bún sườn non mềm nhừ kèm mọc thịt giòn dẻo) | Trà đá mát lạnh: 2,000đ/cốc (Trà đá mát uống kèm bún nóng)"
ChIJ6Rt_a5NbNDERULS2dj56S80,Quán Gà Trâu Đức Tuân Tuyện Thắm,20.9977848,105.5225512,3.5,4,XGXF+427,Hà Nội,"Hòa Lạc, Hà Nội",VN,,+84 973 380 209,Nhà hàng thịt gà,https://www.google.com/maps/search/?api=1&query=Qu%C3%A1n%20G%C3%A0%20Tr%C3%A2u%20%C4%90%E1%BB%A9c%20Tu%C3%A2n%20Tuy%E1%BB%87n%20Th%E1%BA%AFm&query_place_id=ChIJ6Rt_a5NbNDERULS2dj56S80,Có,"Gà ri hấp lá chanh (Cả con): 210,000đ/con (Gà ri đồi nuôi thả tự nhiên dai ngọt da vàng giòn) | Gà ri nướng mật ong (Cả con): 260,000đ/con (Gà ri nướng mật ong thơm phức vàng óng) | Gà rang muối tỏi: 120,000đ/đĩa (Gà ta chặt miếng rang muối đậm đà sần sật) | Lẩu gà ri thuốc bắc: 350,000đ/nồi (Nồi lẩu gà ri thuốc bắc bổ dưỡng kèm rau nấm) | Xôi chim câu hành phi: 78,000đ/đĩa (Xôi nếp dẻo thơm ăn kèm thịt chim câu băm nhỏ) | Lòng mề gà xào mướp giá: 68,000đ/đĩa (Lòng mề gà ri giòn xào mướp hương thơm phức)"
ChIJ0zZYDQBbNDERbVPySpObsK0,Nhà Hàng Hiếu Thuận,20.9970372,105.5896479,5.0,4,"XHWQ+RV6, Liệp Mai",Hà Nội,"Kiều Phú, Hà Nội",VN,,,Nhà hàng,https://www.google.com/maps/search/?api=1&query=Nh%C3%A0%20H%C3%A0ng%20Hi%E1%BA%BFu%20Thu%E1%BA%ADn&query_place_id=ChIJ0zZYDQBbNDERbVPySpObsK0,Có,"Cá kho tộ miền Tây đậm vị: 87,000đ/tộ (Cá trắm đen kho tộ sánh quyện nước hàng dừa) | Thịt ba chỉ rang cháy cạnh: 70,000đ/đĩa (Thịt ba chỉ ba chỉ giòn rưới mỡ hành) | Sườn non xào chua ngọt: 78,000đ/đĩa (Sườn non xào cùng dứa và ớt chuông sốt chua cay) | Rau muống luộc dầm sấu / xào tỏi: 27,000đ/đĩa (Rau muống tươi xanh luộc chấm nước mắm chanh ớt) | Canh riêu cua đồng cà pháo: 47,000đ/bát (Canh cua đồng mát lạnh ăn kèm cà pháo giòn tan) | Cơm trắng gạo tám thơm: 18,000đ/niêu (Niêu cơm gạo tám dẻo thơm)"
ChIJ9cIBfthbNDERfhfXVVU1BsU,Phở Cồ Nam Định,20.9942213,105.5863622,5.0,4,"XHVP+MHR, CT03",Hà Nội,"Kiều Phú, Hà Nội",VN,,+84 988 069 483,Nhà hàng phở,https://www.google.com/maps/search/?api=1&query=Ph%E1%BB%9F%20C%E1%BB%93%20Nam%20%C4%90%E1%BB%8Bnh&query_place_id=ChIJ9cIBfthbNDERfhfXVVU1BsU,Có,"Phở chín bò ta: 35,000đ/bát (Nước dùng phở bò ninh xương ống ngọt lịm kèm thịt chín thái mỏng) | Phở tái chần: 33,000đ/bát (Phở bò với thịt bò tươi chần tái mềm ngọt) | Phở nạm gầu giòn: 38,000đ/bát (Bánh phở mềm cùng nạm bò và gầu bò giòn sần sật) | Phở tái lăn đặc biệt: 45,000đ/bát (Phở bò xào tái lăn thơm mùi tỏi phi) | Trứng gà trần: 7,000đ/quả (Trứng trần nước phở béo ngậy) | Quẩy giòn: 8,000đ/chiếc (Quẩy giòn ăn kèm nước phở)"
ChIJ65GF5pRbNDERO0UgbwCCXNQ,Bún Chả Trung Còi,20.9942314,105.5864172,4.0,4,"XHVP+MHR, CT03",Hà Nội,"Kiều Phú, Hà Nội",VN,,+84 384 366 880,Quán mì,https://www.google.com/maps/search/?api=1&query=B%C3%BAn%20Ch%E1%BA%A3%20Trung%20C%C3%B2i&query_place_id=ChIJ65GF5pRbNDERO0UgbwCCXNQ,Có,"Bún đậu mắm tôm đầy đủ (Đậu, thịt chân giò, nem chua rán, chả cốm): 43,000đ/suất (Mẹt bún đậu đầy đủ nguyên liệu tươi ngon kèm rau thơm kinh giới) | Bún đậu thường (Đậu chiên giòn): 25,000đ/suất (Bún đậu chay đơn giản với đậu phụ rán giòn) | Bún chả Hà Nội truyền thống: 42,000đ/suất (Chả miếng và chả viên nướng than hoa thơm phức trong bát nước chấm chua ngọt) | Nem cua bể chiên giòn: 18,000đ/chiếc (Nem cua bể giòn rụm nhiều nhân) | Nước sấu đá ngầm chua ngọt: 15,000đ/cốc (Đồ uống giải nhiệt cực hợp vị bún đậu)"
ChIJtZ-KaQBbNDERpqlSUzk41TM,Bún Chả Bà Ly,21.0249848,105.5489299,4.8,4,2GFX+XHV,Hà Nội,"Hạ Bằng, Hà Nội",VN,,,Nhà hàng chuyên phục vụ bữa sáng,https://www.google.com/maps/search/?api=1&query=B%C3%BAn%20Ch%E1%BA%A3%20B%C3%A0%20Ly&query_place_id=ChIJtZ-KaQBbNDERpqlSUzk41TM,Có,"Bún đậu mắm tôm đầy đủ (Đậu, thịt chân giò, nem chua rán, chả cốm): 43,000đ/suất (Mẹt bún đậu đầy đủ nguyên liệu tươi ngon kèm rau thơm kinh giới) | Bún đậu thường (Đậu chiên giòn): 28,000đ/suất (Bún đậu chay đơn giản với đậu phụ rán giòn) | Bún chả Hà Nội truyền thống: 38,000đ/suất (Chả miếng và chả viên nướng than hoa thơm phức trong bát nước chấm chua ngọt) | Nem cua bể chiên giòn: 18,000đ/chiếc (Nem cua bể giòn rụm nhiều nhân) | Nước sấu đá ngầm chua ngọt: 12,000đ/cốc (Đồ uống giải nhiệt cực hợp vị bún đậu)"
ChIJLcedGN1bNDERnIovDEh4Jok,Lẩu Nướng Đăng Đính,21.0277346,105.5264574,4.0,4,"Cây xăng Kho K86, Hòa Lạc",Hà Nội,"Hòa Lạc, Hà Nội",VN,,+84 969 224 197,Nhà hàng,https://www.google.com/maps/search/?api=1&query=L%E1%BA%A9u%20N%C6%B0%E1%BB%9Bng%20%C4%90%C4%83ng%20%C4%90%C3%ADnh&query_place_id=ChIJLcedGN1bNDERnIovDEh4Jok,Có,"Lẩu cua đồng sườn sụn bắp bò: 330,000đ/nồi (Nồi lẩu riêu cua đồng nguyên chất siêu nhiều gạch, kèm bắp bò sườn sụn) | Lẩu Thái hải sản chua cay: 389,000đ/nồi (Nước lẩu Tomyum chua cay nhúng tôm, mực, ngao, nấm) | Set nướng BBQ thập cẩm bò ba chỉ: 299,000đ/set (Bắp bò, ba chỉ heo cuộn nấm kim châm tẩm sốt BBQ nướng xèo xèo) | Ba chỉ bò Mỹ nhúng thêm: 85,000đ/đĩa (Thịt ba chỉ bò Mỹ thái mỏng cuốn nấm) | Sườn sụn non heo thêm: 70,000đ/đĩa (Sườn non giòn sần sật nhúng lẩu) | Rau nấm tổng hợp nhúng lẩu: 30,000đ/đĩa (Nấm kim châm, cải thảo, rau muống tươi)"
ChIJ03aEELJbNDERvf-kiYQljbI,Karaoke Ánh Sao,21.0009306,105.5622832,4.0,4,2H26+9WF,Hà Nội,"Hạ Bằng, Hà Nội",VN,,+84 963 935 518,Quán cà phê,https://www.google.com/maps/search/?api=1&query=Karaoke%20%C3%81nh%20Sao&query_place_id=ChIJ03aEELJbNDERvf-kiYQljbI,Có,"Đĩa hoa quả thập cẩm lớn (Dưa hấu, ổi, xoài, nho): 130,000đ/đĩa (Hoa quả tươi ngon cắt lát đẹp mắt) | Khô mực nướng cồn: 200,000đ/con (Mực khô Vân Đồn nướng cồn xé tay) | Thịt bò khô xé sợi vắt chanh: 75,000đ/đĩa (Bò khô sợi cay cay ngọt ngọt) | Khoai tây chiên lắc phô mai: 45,000đ/đĩa (Khoai tây chiên giòn tan phủ bột phô mai) | Hạt hướng dương sạch: 20,000đ/đĩa (Hạt hướng dương rang thơm) | Bia Heineken lon: 22,000đ/lon (Bia ngoại ướp lạnh sẵn) | Bia Hà Nội lon: 15,000đ/lon (Bia nội truyền thống) | Nước ngọt Coca-Cola / Sting: 12,000đ/lon (Nước ngọt các loại phục vụ lạnh)"
ChIJoc3Q1U9bNDERrZ2nGUtKpM4,Caffe Tuyết Mùa Hè,21.0275092,105.5928049,4.5,4,,Hà Nội,"Tây Phương, Hà Nội",VN,,,Quán cà phê,https://www.google.com/maps/search/?api=1&query=Caffe%20Tuy%E1%BA%BFt%20M%C3%B9a%20H%C3%A8&query_place_id=ChIJoc3Q1U9bNDERrZ2nGUtKpM4,Có,"Cà phê đen đá pha phin: 22,000đ/ly (Cà phê đen truyền thống đậm đà) | Cà phê sữa đá: 25,000đ/ly (Cà phê sữa pha phin béo ngậy) | Bạc xỉu cốt dừa: 27,000đ/ly (Nhiều sữa béo ngậy vị dừa hòa quyện chút cà phê) | Trà đào cam sả: 40,000đ/ly (Trà đào thơm mát kết hợp lát đào cam tươi sả thơm) | Trà sữa trân châu truyền thống: 40,000đ/ly (Trà sữa đậm trà kèm trân châu đen dai giòn) | Sinh tố bơ sáp: 33,000đ/ly (Sinh tố bơ sáp tươi ngon xay sữa đặc ngậy béo) | Nước ép cam nguyên chất: 33,000đ/ly (Ép cam sành tự nhiên nhiều vitamin C)"
ChIJ58CGPwBbNDERKq2L5JVnIeI,Tròn Cafe K+,20.9867657,105.5263716,5.0,4,XGPG+PH3,Hà Nội,"Hòa Lạc, Hà Nội",VN,https://www.facebook.com/nhanthanh.hy?mibextid=LQQJ4d,+84 984 524 993,Quán cà phê,https://www.google.com/maps/search/?api=1&query=Tr%C3%B2n%20Cafe%20K%2B&query_place_id=ChIJ58CGPwBbNDERKq2L5JVnIeI,Có,"Cà phê đen đá pha phin: 25,000đ/ly (Cà phê đen truyền thống đậm đà) | Cà phê sữa đá: 25,000đ/ly (Cà phê sữa pha phin béo ngậy) | Bạc xỉu cốt dừa: 30,000đ/ly (Nhiều sữa béo ngậy vị dừa hòa quyện chút cà phê) | Trà đào cam sả: 40,000đ/ly (Trà đào thơm mát kết hợp lát đào cam tươi sả thơm) | Trà sữa trân châu truyền thống: 40,000đ/ly (Trà sữa đậm trà kèm trân châu đen dai giòn) | Sinh tố bơ sáp: 37,000đ/ly (Sinh tố bơ sáp tươi ngon xay sữa đặc ngậy béo) | Nước ép cam nguyên chất: 27,000đ/ly (Ép cam sành tự nhiên nhiều vitamin C)"
ChIJN3CqwAZbNDERe3clLUsEO4Q,Seoul Cafe,20.999783,105.5209555,5.0,4,,Hà Nội,"Hòa Lạc, Hà Nội",VN,https://www.facebook.com/k30billiard,+84 969 222 602,Phòng trà,https://www.google.com/maps/search/?api=1&query=Seoul%20Cafe&query_place_id=ChIJN3CqwAZbNDERe3clLUsEO4Q,Có,"Cà phê đen đá pha phin: 19,000đ/ly (Cà phê đen truyền thống đậm đà) | Cà phê sữa đá: 22,000đ/ly (Cà phê sữa pha phin béo ngậy) | Bạc xỉu cốt dừa: 27,000đ/ly (Nhiều sữa béo ngậy vị dừa hòa quyện chút cà phê) | Trà đào cam sả: 37,000đ/ly (Trà đào thơm mát kết hợp lát đào cam tươi sả thơm) | Trà sữa trân châu truyền thống: 30,000đ/ly (Trà sữa đậm trà kèm trân châu đen dai giòn) | Sinh tố bơ sáp: 30,000đ/ly (Sinh tố bơ sáp tươi ngon xay sữa đặc ngậy béo) | Nước ép cam nguyên chất: 27,000đ/ly (Ép cam sành tự nhiên nhiều vitamin C)"
ChIJhwYVgfFbNDERXXr3OvScUzs,Hola Cafe & Camping,20.9947472,105.5149544,4.8,4,,Hà Nội,"Hòa Lạc, Hà Nội",VN,,+84 378 882 828,Quán cà phê,https://www.google.com/maps/search/?api=1&query=Hola%20Cafe%20%26%20Camping&query_place_id=ChIJhwYVgfFbNDERXXr3OvScUzs,Có,"Cà phê đen đá pha phin: 25,000đ/ly (Cà phê đen truyền thống đậm đà) | Cà phê sữa đá: 22,000đ/ly (Cà phê sữa pha phin béo ngậy) | Bạc xỉu cốt dừa: 27,000đ/ly (Nhiều sữa béo ngậy vị dừa hòa quyện chút cà phê) | Trà đào cam sả: 35,000đ/ly (Trà đào thơm mát kết hợp lát đào cam tươi sả thơm) | Trà sữa trân châu truyền thống: 35,000đ/ly (Trà sữa đậm trà kèm trân châu đen dai giòn) | Sinh tố bơ sáp: 35,000đ/ly (Sinh tố bơ sáp tươi ngon xay sữa đặc ngậy béo) | Nước ép cam nguyên chất: 33,000đ/ly (Ép cam sành tự nhiên nhiều vitamin C)"
ChIJVW2aXJFbNDERyXYI_465FIk,Home Café,20.9938449,105.5233554,5.0,4,Số 152 cụm 1,Hà Nội,"Hòa Lạc, Hà Nội",VN,,+84 912 055 574,Quán cà phê,https://www.google.com/maps/search/?api=1&query=Home%20Caf%C3%A9&query_place_id=ChIJVW2aXJFbNDERyXYI_465FIk,Có,"Cà phê đen đá pha phin: 22,000đ/ly (Cà phê đen truyền thống đậm đà) | Cà phê sữa đá: 22,000đ/ly (Cà phê sữa pha phin béo ngậy) | Bạc xỉu cốt dừa: 27,000đ/ly (Nhiều sữa béo ngậy vị dừa hòa quyện chút cà phê) | Trà đào cam sả: 30,000đ/ly (Trà đào thơm mát kết hợp lát đào cam tươi sả thơm) | Trà sữa trân châu truyền thống: 35,000đ/ly (Trà sữa đậm trà kèm trân châu đen dai giòn) | Sinh tố bơ sáp: 35,000đ/ly (Sinh tố bơ sáp tươi ngon xay sữa đặc ngậy béo) | Nước ép cam nguyên chất: 30,000đ/ly (Ép cam sành tự nhiên nhiều vitamin C)"
ChIJ_YcZ1ppbNDER6S9RMCoXHFE,Hoa Phượng 86,20.9850062,105.5319894,4.0,4,XGPJ+2Q5,Hà Nội,"Hòa Lạc, Hà Nội",VN,,,Quán bar,https://www.google.com/maps/search/?api=1&query=Hoa%20Ph%C6%B0%E1%BB%A3ng%2086&query_place_id=ChIJ_YcZ1ppbNDER6S9RMCoXHFE,Có,"Đĩa hoa quả thập cẩm lớn (Dưa hấu, ổi, xoài, nho): 140,000đ/đĩa (Hoa quả tươi ngon cắt lát đẹp mắt) | Khô mực nướng cồn: 180,000đ/con (Mực khô Vân Đồn nướng cồn xé tay) | Thịt bò khô xé sợi vắt chanh: 75,000đ/đĩa (Bò khô sợi cay cay ngọt ngọt) | Khoai tây chiên lắc phô mai: 43,000đ/đĩa (Khoai tây chiên giòn tan phủ bột phô mai) | Hạt hướng dương sạch: 17,000đ/đĩa (Hạt hướng dương rang thơm) | Bia Heineken lon: 28,000đ/lon (Bia ngoại ướp lạnh sẵn) | Bia Hà Nội lon: 15,000đ/lon (Bia nội truyền thống) | Nước ngọt Coca-Cola / Sting: 15,000đ/lon (Nước ngọt các loại phục vụ lạnh)"
ChIJd6PlFABbNDERp9a5l6WBdQQ,LYLY KTV,20.9882926,105.5300721,2.0,4,,Hà Nội,"Hòa Lạc, Hà Nội",VN,,+84 899 888 386,Quán bar karaoke,https://www.google.com/maps/search/?api=1&query=LYLY%20KTV&query_place_id=ChIJd6PlFABbNDERp9a5l6WBdQQ,Có,"Đĩa hoa quả thập cẩm lớn (Dưa hấu, ổi, xoài, nho): 150,000đ/đĩa (Hoa quả tươi ngon cắt lát đẹp mắt) | Khô mực nướng cồn: 170,000đ/con (Mực khô Vân Đồn nướng cồn xé tay) | Thịt bò khô xé sợi vắt chanh: 78,000đ/đĩa (Bò khô sợi cay cay ngọt ngọt) | Khoai tây chiên lắc phô mai: 43,000đ/đĩa (Khoai tây chiên giòn tan phủ bột phô mai) | Hạt hướng dương sạch: 20,000đ/đĩa (Hạt hướng dương rang thơm) | Bia Heineken lon: 28,000đ/lon (Bia ngoại ướp lạnh sẵn) | Bia Hà Nội lon: 21,000đ/lon (Bia nội truyền thống) | Nước ngọt Coca-Cola / Sting: 12,000đ/lon (Nước ngọt các loại phục vụ lạnh)"
ChIJvZD4DzRbNDERSNuFgQ-7VGo,Karaoke Top One,21.026394,105.5900642,4.3,4,222 Đ. Chùa Tây Phương,Hà Nội,"Tây Phương, Hà Nội",VN,,+84 866 932 268,Quán bar karaoke,https://www.google.com/maps/search/?api=1&query=Karaoke%20Top%20One&query_place_id=ChIJvZD4DzRbNDERSNuFgQ-7VGo,Có,"Đĩa hoa quả thập cẩm lớn (Dưa hấu, ổi, xoài, nho): 150,000đ/đĩa (Hoa quả tươi ngon cắt lát đẹp mắt) | Khô mực nướng cồn: 170,000đ/con (Mực khô Vân Đồn nướng cồn xé tay) | Thịt bò khô xé sợi vắt chanh: 78,000đ/đĩa (Bò khô sợi cay cay ngọt ngọt) | Khoai tây chiên lắc phô mai: 43,000đ/đĩa (Khoai tây chiên giòn tan phủ bột phô mai) | Hạt hướng dương sạch: 20,000đ/đĩa (Hạt hướng dương rang thơm) | Bia Heineken lon: 25,000đ/lon (Bia ngoại ướp lạnh sẵn) | Bia Hà Nội lon: 21,000đ/lon (Bia nội truyền thống) | Nước ngọt Coca-Cola / Sting: 12,000đ/lon (Nước ngọt các loại phục vụ lạnh)"
ChIJ81ZOOgBZNDERwnCyuZpb9GI,Nhà Hàng An Phát,21.0416944,105.5108056,4.7,3,567 QL21A,Hà Nội,"Đoài Phương, Hà Nội",VN,,+84 523 518 888,Nhà hàng món nướng,https://www.google.com/maps/search/?api=1&query=Nh%C3%A0%20H%C3%A0ng%20An%20Ph%C3%A1t&query_place_id=ChIJ81ZOOgBZNDERwnCyuZpb9GI,Có,"Đĩa hoa quả thập cẩm lớn (Dưa hấu, ổi, xoài, nho): 150,000đ/đĩa (Hoa quả tươi ngon cắt lát đẹp mắt) | Khô mực nướng cồn: 200,000đ/con (Mực khô Vân Đồn nướng cồn xé tay) | Thịt bò khô xé sợi vắt chanh: 78,000đ/đĩa (Bò khô sợi cay cay ngọt ngọt) | Khoai tây chiên lắc phô mai: 50,000đ/đĩa (Khoai tây chiên giòn tan phủ bột phô mai) | Hạt hướng dương sạch: 23,000đ/đĩa (Hạt hướng dương rang thơm) | Bia Heineken lon: 28,000đ/lon (Bia ngoại ướp lạnh sẵn) | Bia Hà Nội lon: 15,000đ/lon (Bia nội truyền thống) | Nước ngọt Coca-Cola / Sting: 12,000đ/lon (Nước ngọt các loại phục vụ lạnh)"
ChIJP-DqBQBZNDERM1fQ6STkVrk,"Nhà Hàng Trường Sa ( Phở Lý Quốc Sư, Cơm Xe Tải, Lẩu các loại )",21.040277,105.5106325,4.7,3,Thôn Đoàn Kết,Hà Nội,"Hòa Lạc, Hà Nội",VN,,,Nhà hàng món lẩu,https://www.google.com/maps/search/?api=1&query=Nh%C3%A0%20H%C3%A0ng%20Tr%C6%B0%E1%BB%9Dng%20Sa%20(%20Ph%E1%BB%9F%20L%C3%BD%20Qu%E1%BB%91c%20S%C6%B0%2C%20C%C6%A1m%20Xe%20T%E1%BA%A3i%2C%20L%E1%BA%A9u%20c%C3%A1c%20lo%E1%BA%A1i%20)&query_place_id=ChIJP-DqBQBZNDERM1fQ6STkVrk,Có,"Phở chín bò ta: 40,000đ/bát (Nước dùng phở bò ninh xương ống ngọt lịm kèm thịt chín thái mỏng) | Phở tái chần: 40,000đ/bát (Phở bò với thịt bò tươi chần tái mềm ngọt) | Phở nạm gầu giòn: 42,000đ/bát (Bánh phở mềm cùng nạm bò và gầu bò giòn sần sật) | Phở tái lăn đặc biệt: 45,000đ/bát (Phở bò xào tái lăn thơm mùi tỏi phi) | Trứng gà trần: 10,000đ/quả (Trứng trần nước phở béo ngậy) | Quẩy giòn: 5,000đ/chiếc (Quẩy giòn ăn kèm nước phở)"
ChIJA_s0CABbNDERD3JEH5_t6So,"Nhà hàng 5 "" xao""",21.037741,105.5159421,5.0,3,2GQ8+458,Hà Nội,"Đoài Phương, Hà Nội",VN,,,Nhà hàng châu Á,https://www.google.com/maps/search/?api=1&query=Nh%C3%A0%20h%C3%A0ng%205%20%22%20xao%22&query_place_id=ChIJA_s0CABbNDERD3JEH5_t6So,Có,"Cá kho tộ miền Tây đậm vị: 90,000đ/tộ (Cá trắm đen kho tộ sánh quyện nước hàng dừa) | Thịt ba chỉ rang cháy cạnh: 75,000đ/đĩa (Thịt ba chỉ ba chỉ giòn rưới mỡ hành) | Sườn non xào chua ngọt: 75,000đ/đĩa (Sườn non xào cùng dứa và ớt chuông sốt chua cay) | Rau muống luộc dầm sấu / xào tỏi: 27,000đ/đĩa (Rau muống tươi xanh luộc chấm nước mắm chanh ớt) | Canh riêu cua đồng cà pháo: 47,000đ/bát (Canh cua đồng mát lạnh ăn kèm cà pháo giòn tan) | Cơm trắng gạo tám thơm: 15,000đ/niêu (Niêu cơm gạo tám dẻo thơm)"
ChIJWSEnPudbNDERQETUkt0NiAs,Moose Plus Cafe,21.038282,105.512703,5.0,3,"Số nhà 693, khu 73,thôn đoàn kết",Hà Nội,"Đoài Phương, Hà Nội",VN,,+84 915 305 538,Quán cà phê,https://www.google.com/maps/search/?api=1&query=Moose%20Plus%20Cafe&query_place_id=ChIJWSEnPudbNDERQETUkt0NiAs,Có,"Cà phê đen đá pha phin: 25,000đ/ly (Cà phê đen truyền thống đậm đà) | Cà phê sữa đá: 22,000đ/ly (Cà phê sữa pha phin béo ngậy) | Bạc xỉu cốt dừa: 33,000đ/ly (Nhiều sữa béo ngậy vị dừa hòa quyện chút cà phê) | Trà đào cam sả: 35,000đ/ly (Trà đào thơm mát kết hợp lát đào cam tươi sả thơm) | Trà sữa trân châu truyền thống: 40,000đ/ly (Trà sữa đậm trà kèm trân châu đen dai giòn) | Sinh tố bơ sáp: 30,000đ/ly (Sinh tố bơ sáp tươi ngon xay sữa đặc ngậy béo) | Nước ép cam nguyên chất: 33,000đ/ly (Ép cam sành tự nhiên nhiều vitamin C)"
ChIJbwGH7RBbNDERtN8Z5ZVTga4,Quán Lẩu Đuôi Bò Hiếu Bùi,21.0317642,105.5165214,3.3,3,2GJ8+PJ2,Hà Nội,"Hạ Bằng, Hà Nội",VN,,+84 936 861 668,Nhà hàng,https://www.google.com/maps/search/?api=1&query=Qu%C3%A1n%20L%E1%BA%A9u%20%C4%90u%C3%B4i%20B%C3%B2%20Hi%E1%BA%BFu%20B%C3%B9i&query_place_id=ChIJbwGH7RBbNDERtN8Z5ZVTga4,Có,"Thịt trâu xào lá lốt: 150,000đ/đĩa (Thịt trâu tươi mềm ngọt xào lá lốt thơm lừng) | Thịt trâu nhúng mẻ chua cay: 140,000đ/đĩa (Thịt trâu nhúng nước dùng mẻ chua thanh nhẹ) | Dê tái chanh chấm tương gừng: 160,000đ/đĩa (Thịt dê núi hấp tái trộn vừng sả lá chanh) | Dê né bản gang: 180,000đ/đĩa (Dê xào nóng hổi trên bản gang kèm đậu bắp) | Lẩu dê núi nhúng mẻ: 409,000đ/nồi (Nồi lẩu dê núi ré thơm ngon kèm rau nhúng đặc sản) | Cơm cháy sốt dê: 65,000đ/đĩa (Cơm cháy giòn tan rưới nước sốt dê đậm vị)"
ChIJfcAc3pJbNDERxMFbt9UtUZc,Nhà Hàng Phố Bia,21.0131825,105.5192463,4.7,3,2G79+7MH,Hà Nội,"Hòa Lạc, Hà Nội",VN,,+84 869 663 936,Nhà hàng,https://www.google.com/maps/search/?api=1&query=Nh%C3%A0%20H%C3%A0ng%20Ph%E1%BB%91%20Bia&query_place_id=ChIJfcAc3pJbNDERxMFbt9UtUZc,Có,"Bia hơi Hà Nội mát lạnh: 12,000đ/cốc (Bia hơi tươi rói rót trực tiếp từ vòi bom lạnh) | Đậu phụ lướt ván nóng giòn: 27,000đ/đĩa (Đậu hũ non chiên lướt ván ngoài vàng giòn trong mịn mượt như thạch) | Đĩa lạc rang muối / lạc luộc mộc mạc: 18,000đ/đĩa (Đồ nhắm bia truyền thống) | Nộm tai heo đu đủ xanh chua ngọt: 63,000đ/đĩa (Tai heo giòn sần sật trộn đu đủ bào sợi nước nộm chua ngọt sảng khoái) | Sụn gà chiên mắm rang muối: 97,000đ/đĩa (Sụn gà ta giòn sần sật tẩm ướp chiên xóc muối ớt tỏi)"
ChIJuyciVQBbNDERuCyVAjJ86e4,Bánh Cuốn Bún Chả Nhà Bắp,21.00606,105.5187498,5.0,3,Số 179 Cụm 4,Hà Nội,"Hòa Lạc, Hà Nội",VN,,+84 376 822 660,Nhà hàng,https://www.google.com/maps/search/?api=1&query=B%C3%A1nh%20Cu%E1%BB%91n%20B%C3%BAn%20Ch%E1%BA%A3%20Nh%C3%A0%20B%E1%BA%AFp&query_place_id=ChIJuyciVQBbNDERuCyVAjJ86e4,Có,"Bún đậu mắm tôm đầy đủ (Đậu, thịt chân giò, nem chua rán, chả cốm): 45,000đ/suất (Mẹt bún đậu đầy đủ nguyên liệu tươi ngon kèm rau thơm kinh giới) | Bún đậu thường (Đậu chiên giòn): 28,000đ/suất (Bún đậu chay đơn giản với đậu phụ rán giòn) | Bún chả Hà Nội truyền thống: 35,000đ/suất (Chả miếng và chả viên nướng than hoa thơm phức trong bát nước chấm chua ngọt) | Nem cua bể chiên giòn: 12,000đ/chiếc (Nem cua bể giòn rụm nhiều nhân) | Nước sấu đá ngầm chua ngọt: 15,000đ/cốc (Đồ uống giải nhiệt cực hợp vị bún đậu)"
ChIJKWbMVgBbNDERvnjlJBWsk7I,Vườn Bia 86,21.0004487,105.5222172,5.0,3,2G2C+5VG,Hà Nội,"Hòa Lạc, Hà Nội",VN,,,Quán bia sân vườn,https://www.google.com/maps/search/?api=1&query=V%C6%B0%E1%BB%9Dn%20Bia%2086&query_place_id=ChIJKWbMVgBbNDERvnjlJBWsk7I,Có,"Bia hơi Hà Nội mát lạnh: 12,000đ/cốc (Bia hơi tươi rói rót trực tiếp từ vòi bom lạnh) | Đậu phụ lướt ván nóng giòn: 30,000đ/đĩa (Đậu hũ non chiên lướt ván ngoài vàng giòn trong mịn mượt như thạch) | Đĩa lạc rang muối / lạc luộc mộc mạc: 15,000đ/đĩa (Đồ nhắm bia truyền thống) | Nộm tai heo đu đủ xanh chua ngọt: 70,000đ/đĩa (Tai heo giòn sần sật trộn đu đủ bào sợi nước nộm chua ngọt sảng khoái) | Sụn gà chiên mắm rang muối: 93,000đ/đĩa (Sụn gà ta giòn sần sật tẩm ướp chiên xóc muối ớt tỏi)"
ChIJd4bIpvZbNDERdmE9CQLjte0,Miền Trung Bún Bò Huế 2,21.009722,105.5188177,5.0,3,Miền Trung Quán 2,Hà Nội,"Hòa Lạc, Hà Nội",VN,,+84 989 496 007,Quán mì,https://www.google.com/maps/search/?api=1&query=Mi%E1%BB%81n%20Trung%20B%C3%BAn%20B%C3%B2%20Hu%E1%BA%BF%202&query_place_id=ChIJd4bIpvZbNDERdmE9CQLjte0,Có,"Bún bò Huế đầy đủ (Thịt bò, chả cua, tiết, mọc): 40,000đ/bát (Bún bò Huế chuẩn vị nước dùng thơm mùi sả, ruốc heo) | Bún bò Huế đặc biệt (Thêm giò heo): 55,000đ/bát (Bún bò Huế tô lớn thêm chân giò heo béo ngậy) | Bún bò Huế tái chín: 35,000đ/bát (Bún bò với thịt bò tái chần và nạm bò chín) | Quẩy nóng: 5,000đ/chiếc (Quẩy giòn ăn kèm bún bò) | Giò tai heo thêm: 7,000đ/chiếc (Giò tai giòn sần sật gọi thêm) | Trà đá: 2,000đ/cốc (Trà đá mát lạnh giải nhiệt)"
ChIJTe-zPgBbNDERDQIdRrvJhRw,Chân Gà Sốt Thái Yến Nhi,21.0133499,105.5192261,5.0,3,Số 39 Cụm 1,Hà Nội,"Hòa Lạc, Hà Nội",VN,https://www.facebook.com/share/18oFQrqDvN/,+84 334 466 083,Nhà hàng ăn nhanh,https://www.google.com/maps/search/?api=1&query=Ch%C3%A2n%20G%C3%A0%20S%E1%BB%91t%20Th%C3%A1i%20Y%E1%BA%BFn%20Nhi&query_place_id=ChIJTe-zPgBbNDERDQIdRrvJhRw,Có,"Gà ri hấp lá chanh (Cả con): 230,000đ/con (Gà ri đồi nuôi thả tự nhiên dai ngọt da vàng giòn) | Gà ri nướng mật ong (Cả con): 230,000đ/con (Gà ri nướng mật ong thơm phức vàng óng) | Gà rang muối tỏi: 120,000đ/đĩa (Gà ta chặt miếng rang muối đậm đà sần sật) | Lẩu gà ri thuốc bắc: 330,000đ/nồi (Nồi lẩu gà ri thuốc bắc bổ dưỡng kèm rau nấm) | Xôi chim câu hành phi: 80,000đ/đĩa (Xôi nếp dẻo thơm ăn kèm thịt chim câu băm nhỏ) | Lòng mề gà xào mướp giá: 75,000đ/đĩa (Lòng mề gà ri giòn xào mướp hương thơm phức)"
ChIJF2nsmp1dNDERbnb-EeiwbeU,Bún Cá Long Lê,20.9953807,105.4865676,3.7,3,Thôn Gò Mè,Hà Nội,"Yên Xuân, Hà Nội",VN,,,Quán mì,https://www.google.com/maps/search/?api=1&query=B%C3%BAn%20C%C3%A1%20Long%20L%C3%AA&query_place_id=ChIJF2nsmp1dNDERbnb-EeiwbeU,Có,"Bún cá cay Hải Phòng giòn rụm: 35,000đ/bát (Cá chiên giòn, chả cá thu thơm ngon nước dùng dọc mùng chua cay) | Bún riêu cua bắp bò giò tai: 40,000đ/bát (Bún nước với riêu cua đồng xịn kèm bắp bò tươi, giò tai heo sần sật) | Bún sườn mọc dọc mùng hành hoa: 37,000đ/bát (Bún sườn non mềm nhừ kèm mọc thịt giòn dẻo) | Trà đá mát lạnh: 8,000đ/cốc (Trà đá mát uống kèm bún nóng)"
ChIJk1qMIABbNDERTtajM7X0CX8,Bia Hơi Vỹ Béo,21.0291038,105.5187262,4.7,3,2GH9+97C,Hà Nội,"Hạ Bằng, Hà Nội",VN,,+84 349 590 407,Nhà hàng,https://www.google.com/maps/search/?api=1&query=Bia%20H%C6%A1i%20V%E1%BB%B9%20B%C3%A9o&query_place_id=ChIJk1qMIABbNDERTtajM7X0CX8,Có,"Bia hơi Hà Nội mát lạnh: 9,000đ/cốc (Bia hơi tươi rói rót trực tiếp từ vòi bom lạnh) | Đậu phụ lướt ván nóng giòn: 27,000đ/đĩa (Đậu hũ non chiên lướt ván ngoài vàng giòn trong mịn mượt như thạch) | Đĩa lạc rang muối / lạc luộc mộc mạc: 18,000đ/đĩa (Đồ nhắm bia truyền thống) | Nộm tai heo đu đủ xanh chua ngọt: 70,000đ/đĩa (Tai heo giòn sần sật trộn đu đủ bào sợi nước nộm chua ngọt sảng khoái) | Sụn gà chiên mắm rang muối: 100,000đ/đĩa (Sụn gà ta giòn sần sật tẩm ướp chiên xóc muối ớt tỏi)"
ChIJcYfwJQBbNDERwQ2xC1GB08o,Quán ăn vặt 247,21.0269058,105.5248514,4.7,3,2G7F+VQ5,Hà Nội,"Hòa Lạc, Hà Nội",VN,,,Cửa hàng ăn nhanh,https://www.google.com/maps/search/?api=1&query=Qu%C3%A1n%20%C4%83n%20v%E1%BA%B7t%20247&query_place_id=ChIJcYfwJQBbNDERwQ2xC1GB08o,Có,"Ốc luộc sả lá chanh truyền thống: 45,000đ/bát (Ốc vặn/ốc nhồi mít luộc thơm mùi sả chấm nước mắm gừng cay ngọt đặc sản) | Ốc móng tay xào bơ tỏi thơm lừng: 65,000đ/đĩa (Ốc móng tay tươi ngọt sốt bơ tỏi sánh béo chấm bánh mì tuyệt đỉnh) | Nem chua rán giòn rụm (10 cái): 45,000đ/đĩa (Nem chua rán nóng hổi chấm tương ớt cay nồng) | Khoai tây chiên lắc bột phô mai: 30,000đ/đĩa (Món khai vị ăn vặt khoái khẩu) | Trà quất mật ong khổng lồ: 15,000đ/cốc (Trà quất mát chua ngọt cực đã khát)"
ChIJLxWwxsdbNDER-mfzuENgsww,Cháo Dinh Dưỡng Chung Phú,21.0258481,105.5198735,3.7,3,"2GG9+8WQ, QL21",Hà Nội,"Hòa Lạc, Hà Nội",VN,,+84 329 885 055,Nhà hàng cháo,https://www.google.com/maps/search/?api=1&query=Ch%C3%A1o%20Dinh%20D%C6%B0%E1%BB%A1ng%20Chung%20Ph%C3%BA&query_place_id=ChIJLxWwxsdbNDER-mfzuENgsww,Có,"Cháo lòng heo đầy đủ dồi sụn tiết luộc: 33,000đ/bát (Cháo lòng nấu gạo tẻ sánh ngọt cùng lòng non dồi sụn gan luộc) | Cháo sườn sụn nóng hổi hành hoa: 33,000đ/bát (Cháo bột sườn non sánh mịn giòn sần sật sườn sụn non) | Quẩy giòn ăn cháo: 5,000đ/đĩa (Quẩy ăn kèm cháo ngon tuyệt)"
ChIJfzfIEgBbNDERp4_HCde6S-Y,Phở cồ Việt Hùng,21.0288335,105.5183662,1.3,3,2GH9+97C,Hà Nội,"Hạ Bằng, Hà Nội",VN,,,Nhà hàng phở,https://www.google.com/maps/search/?api=1&query=Ph%E1%BB%9F%20c%E1%BB%93%20Vi%E1%BB%87t%20H%C3%B9ng&query_place_id=ChIJfzfIEgBbNDERp4_HCde6S-Y,Có,"Phở chín bò ta: 30,000đ/bát (Nước dùng phở bò ninh xương ống ngọt lịm kèm thịt chín thái mỏng) | Phở tái chần: 35,000đ/bát (Phở bò với thịt bò tươi chần tái mềm ngọt) | Phở nạm gầu giòn: 38,000đ/bát (Bánh phở mềm cùng nạm bò và gầu bò giòn sần sật) | Phở tái lăn đặc biệt: 40,000đ/bát (Phở bò xào tái lăn thơm mùi tỏi phi) | Trứng gà trần: 10,000đ/quả (Trứng trần nước phở béo ngậy) | Quẩy giòn: 2,000đ/chiếc (Quẩy giòn ăn kèm nước phở)"
ChIJkQTiQABdNDER2qHEo21PTKA,Anh Lộc Quán,21.0131093,105.4631582,5.0,3,2F77+67J,Hà Nội,"Hòa Lạc, Hà Nội",VN,,,Quán ăn nhỏ,https://www.google.com/maps/search/?api=1&query=Anh%20L%E1%BB%99c%20Qu%C3%A1n&query_place_id=ChIJkQTiQABdNDER2qHEo21PTKA,Có,"Cá kho tộ miền Tây đậm vị: 87,000đ/tộ (Cá trắm đen kho tộ sánh quyện nước hàng dừa) | Thịt ba chỉ rang cháy cạnh: 73,000đ/đĩa (Thịt ba chỉ ba chỉ giòn rưới mỡ hành) | Sườn non xào chua ngọt: 78,000đ/đĩa (Sườn non xào cùng dứa và ớt chuông sốt chua cay) | Rau muống luộc dầm sấu / xào tỏi: 33,000đ/đĩa (Rau muống tươi xanh luộc chấm nước mắm chanh ớt) | Canh riêu cua đồng cà pháo: 45,000đ/bát (Canh cua đồng mát lạnh ăn kèm cà pháo giòn tan) | Cơm trắng gạo tám thơm: 12,000đ/niêu (Niêu cơm gạo tám dẻo thơm)"
ChIJu3lfhL9bNDERji3mV1tQxLQ,Quán Tea Tròn,21.0103624,105.5617199,5.0,3,Đ. Thôn 2,Hà Nội,"Hạ Bằng, Hà Nội",VN,,+84 984 524 993,Quán cà phê,https://www.google.com/maps/search/?api=1&query=Qu%C3%A1n%20Tea%20Tr%C3%B2n&query_place_id=ChIJu3lfhL9bNDERji3mV1tQxLQ,Có,"Cà phê đen đá pha phin: 25,000đ/ly (Cà phê đen truyền thống đậm đà) | Cà phê sữa đá: 28,000đ/ly (Cà phê sữa pha phin béo ngậy) | Bạc xỉu cốt dừa: 30,000đ/ly (Nhiều sữa béo ngậy vị dừa hòa quyện chút cà phê) | Trà đào cam sả: 37,000đ/ly (Trà đào thơm mát kết hợp lát đào cam tươi sả thơm) | Trà sữa trân châu truyền thống: 35,000đ/ly (Trà sữa đậm trà kèm trân châu đen dai giòn) | Sinh tố bơ sáp: 40,000đ/ly (Sinh tố bơ sáp tươi ngon xay sữa đặc ngậy béo) | Nước ép cam nguyên chất: 33,000đ/ly (Ép cam sành tự nhiên nhiều vitamin C)"
ChIJff037wlZNDERKIv-9199RMk,Nhà Hàng Tư Lan 286,21.0363439,105.5465882,4.3,3,"2GPW+HH5, ĐT419",Hà Nội,"Hạ Bằng, Hà Nội",VN,,,Quán ăn nhỏ,https://www.google.com/maps/search/?api=1&query=Nh%C3%A0%20H%C3%A0ng%20T%C6%B0%20Lan%20286&query_place_id=ChIJff037wlZNDERKIv-9199RMk,Có,"Cá kho tộ miền Tây đậm vị: 80,000đ/tộ (Cá trắm đen kho tộ sánh quyện nước hàng dừa) | Thịt ba chỉ rang cháy cạnh: 73,000đ/đĩa (Thịt ba chỉ ba chỉ giòn rưới mỡ hành) | Sườn non xào chua ngọt: 80,000đ/đĩa (Sườn non xào cùng dứa và ớt chuông sốt chua cay) | Rau muống luộc dầm sấu / xào tỏi: 33,000đ/đĩa (Rau muống tươi xanh luộc chấm nước mắm chanh ớt) | Canh riêu cua đồng cà pháo: 45,000đ/bát (Canh cua đồng mát lạnh ăn kèm cà pháo giòn tan) | Cơm trắng gạo tám thơm: 18,000đ/niêu (Niêu cơm gạo tám dẻo thơm)"
ChIJKd3vaQBbNDERpK48Z9d_vCI,Nhà hàng ngựa tây bắc,21.0355555,105.5460892,3.7,3,2GPW+6CG,Hà Nội,"Hạ Bằng, Hà Nội",VN,,,Nhà hàng,https://www.google.com/maps/search/?api=1&query=Nh%C3%A0%20h%C3%A0ng%20ng%E1%BB%B1a%20t%C3%A2y%20b%E1%BA%AFc&query_place_id=ChIJKd3vaQBbNDERpK48Z9d_vCI,Có,"Cá kho tộ miền Tây đậm vị: 80,000đ/tộ (Cá trắm đen kho tộ sánh quyện nước hàng dừa) | Thịt ba chỉ rang cháy cạnh: 77,000đ/đĩa (Thịt ba chỉ ba chỉ giòn rưới mỡ hành) | Sườn non xào chua ngọt: 75,000đ/đĩa (Sườn non xào cùng dứa và ớt chuông sốt chua cay) | Rau muống luộc dầm sấu / xào tỏi: 30,000đ/đĩa (Rau muống tươi xanh luộc chấm nước mắm chanh ớt) | Canh riêu cua đồng cà pháo: 43,000đ/bát (Canh cua đồng mát lạnh ăn kèm cà pháo giòn tan) | Cơm trắng gạo tám thơm: 12,000đ/niêu (Niêu cơm gạo tám dẻo thơm)"
ChIJjVinAwBbNDERq3W9RX8eSu0,Gà mạnh hoạch Mai Ngọc,21.0186501,105.5491154,5.0,3,2G9X+FJ9,Hà Nội,"Hạ Bằng, Hà Nội",VN,,+84 986 336 062,Nhà hàng gia đình,https://www.google.com/maps/search/?api=1&query=G%C3%A0%20m%E1%BA%A1nh%20ho%E1%BA%A1ch%20Mai%20Ng%E1%BB%8Dc&query_place_id=ChIJjVinAwBbNDERq3W9RX8eSu0,Có,"Gà ri hấp lá chanh (Cả con): 220,000đ/con (Gà ri đồi nuôi thả tự nhiên dai ngọt da vàng giòn) | Gà ri nướng mật ong (Cả con): 270,000đ/con (Gà ri nướng mật ong thơm phức vàng óng) | Gà rang muối tỏi: 140,000đ/đĩa (Gà ta chặt miếng rang muối đậm đà sần sật) | Lẩu gà ri thuốc bắc: 330,000đ/nồi (Nồi lẩu gà ri thuốc bắc bổ dưỡng kèm rau nấm) | Xôi chim câu hành phi: 85,000đ/đĩa (Xôi nếp dẻo thơm ăn kèm thịt chim câu băm nhỏ) | Lòng mề gà xào mướp giá: 65,000đ/đĩa (Lòng mề gà ri giòn xào mướp hương thơm phức)"
ChIJV78PRgBbNDERvAePtMRjuBI,Pikachu Cafe Bbq,21.0168203,105.5530917,5.0,3,2H83+P63,Hà Nội,"Hạ Bằng, Hà Nội",VN,,,Nhà hàng,https://www.google.com/maps/search/?api=1&query=Pikachu%20Cafe%20Bbq&query_place_id=ChIJV78PRgBbNDERvAePtMRjuBI,Có,"Lẩu cua đồng sườn sụn bắp bò: 340,000đ/nồi (Nồi lẩu riêu cua đồng nguyên chất siêu nhiều gạch, kèm bắp bò sườn sụn) | Lẩu Thái hải sản chua cay: 409,000đ/nồi (Nước lẩu Tomyum chua cay nhúng tôm, mực, ngao, nấm) | Set nướng BBQ thập cẩm bò ba chỉ: 319,000đ/set (Bắp bò, ba chỉ heo cuộn nấm kim châm tẩm sốt BBQ nướng xèo xèo) | Ba chỉ bò Mỹ nhúng thêm: 75,000đ/đĩa (Thịt ba chỉ bò Mỹ thái mỏng cuốn nấm) | Sườn sụn non heo thêm: 70,000đ/đĩa (Sườn non giòn sần sật nhúng lẩu) | Rau nấm tổng hợp nhúng lẩu: 30,000đ/đĩa (Nấm kim châm, cải thảo, rau muống tươi)"
ChIJ0RpCuOlbNDERE8qr_y078r8,LT,21.0183407,105.5502409,5.0,3,"47 đường Mục Uyên, thôn Mục Uyên 1",Hà Nội,"Hạ Bằng, Hà Nội",VN,,+84 346 386 066,Quán cà phê,https://www.google.com/maps/search/?api=1&query=LT&query_place_id=ChIJ0RpCuOlbNDERE8qr_y078r8,Có,"Cà phê đen đá pha phin: 25,000đ/ly (Cà phê đen truyền thống đậm đà) | Cà phê sữa đá: 22,000đ/ly (Cà phê sữa pha phin béo ngậy) | Bạc xỉu cốt dừa: 30,000đ/ly (Nhiều sữa béo ngậy vị dừa hòa quyện chút cà phê) | Trà đào cam sả: 33,000đ/ly (Trà đào thơm mát kết hợp lát đào cam tươi sả thơm) | Trà sữa trân châu truyền thống: 30,000đ/ly (Trà sữa đậm trà kèm trân châu đen dai giòn) | Sinh tố bơ sáp: 40,000đ/ly (Sinh tố bơ sáp tươi ngon xay sữa đặc ngậy béo) | Nước ép cam nguyên chất: 33,000đ/ly (Ép cam sành tự nhiên nhiều vitamin C)"
ChIJ9QdUJgBbNDEREb2ODRlLGmI,Liên tỷ tỷ coffee,21.0177573,105.5483472,4.7,3,2G9X+489,Hà Nội,"Hạ Bằng, Hà Nội",VN,,,Quán cà phê,https://www.google.com/maps/search/?api=1&query=Li%C3%AAn%20t%E1%BB%B7%20t%E1%BB%B7%20coffee&query_place_id=ChIJ9QdUJgBbNDEREb2ODRlLGmI,Có,"Cà phê đen đá pha phin: 22,000đ/ly (Cà phê đen truyền thống đậm đà) | Cà phê sữa đá: 22,000đ/ly (Cà phê sữa pha phin béo ngậy) | Bạc xỉu cốt dừa: 30,000đ/ly (Nhiều sữa béo ngậy vị dừa hòa quyện chút cà phê) | Trà đào cam sả: 40,000đ/ly (Trà đào thơm mát kết hợp lát đào cam tươi sả thơm) | Trà sữa trân châu truyền thống: 33,000đ/ly (Trà sữa đậm trà kèm trân châu đen dai giòn) | Sinh tố bơ sáp: 37,000đ/ly (Sinh tố bơ sáp tươi ngon xay sữa đặc ngậy béo) | Nước ép cam nguyên chất: 33,000đ/ly (Ép cam sành tự nhiên nhiều vitamin C)"
ChIJBacgVwBbNDERbFmjp417Mm4,Tiệm của Mẹ,21.0188862,105.5527046,5.0,3,2H93+H34 Mục Uyên 1,Hà Nội,"Hạ Bằng, Hà Nội",VN,,+84 385 709 535,Quán cà phê,https://www.google.com/maps/search/?api=1&query=Ti%E1%BB%87m%20c%E1%BB%A7a%20M%E1%BA%B9&query_place_id=ChIJBacgVwBbNDERbFmjp417Mm4,Có,"Cà phê đen đá pha phin: 19,000đ/ly (Cà phê đen truyền thống đậm đà) | Cà phê sữa đá: 28,000đ/ly (Cà phê sữa pha phin béo ngậy) | Bạc xỉu cốt dừa: 33,000đ/ly (Nhiều sữa béo ngậy vị dừa hòa quyện chút cà phê) | Trà đào cam sả: 40,000đ/ly (Trà đào thơm mát kết hợp lát đào cam tươi sả thơm) | Trà sữa trân châu truyền thống: 37,000đ/ly (Trà sữa đậm trà kèm trân châu đen dai giòn) | Sinh tố bơ sáp: 33,000đ/ly (Sinh tố bơ sáp tươi ngon xay sữa đặc ngậy béo) | Nước ép cam nguyên chất: 33,000đ/ly (Ép cam sành tự nhiên nhiều vitamin C)"
ChIJaSqfFABbNDERGn5Ak91PkIE,Giang Hay Quán,21.0190452,105.5493256,3.7,3,"2G9X+HM5, Đường Bờ Hồ",Hà Nội,"Hạ Bằng, Hà Nội",VN,,,Quán ăn nhỏ,https://www.google.com/maps/search/?api=1&query=Giang%20Hay%20Qu%C3%A1n&query_place_id=ChIJaSqfFABbNDERGn5Ak91PkIE,Có,"Cá kho tộ miền Tây đậm vị: 87,000đ/tộ (Cá trắm đen kho tộ sánh quyện nước hàng dừa) | Thịt ba chỉ rang cháy cạnh: 77,000đ/đĩa (Thịt ba chỉ ba chỉ giòn rưới mỡ hành) | Sườn non xào chua ngọt: 85,000đ/đĩa (Sườn non xào cùng dứa và ớt chuông sốt chua cay) | Rau muống luộc dầm sấu / xào tỏi: 27,000đ/đĩa (Rau muống tươi xanh luộc chấm nước mắm chanh ớt) | Canh riêu cua đồng cà pháo: 40,000đ/bát (Canh cua đồng mát lạnh ăn kèm cà pháo giòn tan) | Cơm trắng gạo tám thơm: 12,000đ/niêu (Niêu cơm gạo tám dẻo thơm)"
ChIJY4GjU4RbNDERW4HOV3-swpU,Quán Lợi Vịt,21.0183385,105.5523604,3.3,3,"2H92+8WQ, Unnamed Road",Hà Nội,"Hạ Bằng, Hà Nội",VN,,,Quán ăn nhỏ,https://www.google.com/maps/search/?api=1&query=Qu%C3%A1n%20L%E1%BB%A3i%20V%E1%BB%8Bt&query_place_id=ChIJY4GjU4RbNDERW4HOV3-swpU,Có,"Cá kho tộ miền Tây đậm vị: 85,000đ/tộ (Cá trắm đen kho tộ sánh quyện nước hàng dừa) | Thịt ba chỉ rang cháy cạnh: 70,000đ/đĩa (Thịt ba chỉ ba chỉ giòn rưới mỡ hành) | Sườn non xào chua ngọt: 85,000đ/đĩa (Sườn non xào cùng dứa và ớt chuông sốt chua cay) | Rau muống luộc dầm sấu / xào tỏi: 33,000đ/đĩa (Rau muống tươi xanh luộc chấm nước mắm chanh ớt) | Canh riêu cua đồng cà pháo: 43,000đ/bát (Canh cua đồng mát lạnh ăn kèm cà pháo giòn tan) | Cơm trắng gạo tám thơm: 12,000đ/niêu (Niêu cơm gạo tám dẻo thơm)"
ChIJQzfzbQBbNDERgbrfrRN2lts,Bánh Mỳ Thu Thủy,21.0165863,105.547968,2.7,3,2G8X+J5H,Hà Nội,"Hạ Bằng, Hà Nội",VN,,,Cửa hàng sandwich,https://www.google.com/maps/search/?api=1&query=B%C3%A1nh%20M%E1%BB%B3%20Thu%20Th%E1%BB%A7y&query_place_id=ChIJQzfzbQBbNDERgbrfrRN2lts,Có,"Cá kho tộ miền Tây đậm vị: 85,000đ/tộ (Cá trắm đen kho tộ sánh quyện nước hàng dừa) | Thịt ba chỉ rang cháy cạnh: 75,000đ/đĩa (Thịt ba chỉ ba chỉ giòn rưới mỡ hành) | Sườn non xào chua ngọt: 80,000đ/đĩa (Sườn non xào cùng dứa và ớt chuông sốt chua cay) | Rau muống luộc dầm sấu / xào tỏi: 27,000đ/đĩa (Rau muống tươi xanh luộc chấm nước mắm chanh ớt) | Canh riêu cua đồng cà pháo: 40,000đ/bát (Canh cua đồng mát lạnh ăn kèm cà pháo giòn tan) | Cơm trắng gạo tám thơm: 15,000đ/niêu (Niêu cơm gạo tám dẻo thơm)"
ChIJaVaHqLBbNDERouW15CYJG_c,Nhà Hàng Lẩu Trang Ánh,20.9815767,105.5554645,4.7,3,,Hà Nội,"Phú Cát, Hà Nội",VN,,,Nhà hàng món lẩu,https://www.google.com/maps/search/?api=1&query=Nh%C3%A0%20H%C3%A0ng%20L%E1%BA%A9u%20Trang%20%C3%81nh&query_place_id=ChIJaVaHqLBbNDERouW15CYJG_c,Có,"Lẩu cua đồng sườn sụn bắp bò: 360,000đ/nồi (Nồi lẩu riêu cua đồng nguyên chất siêu nhiều gạch, kèm bắp bò sườn sụn) | Lẩu Thái hải sản chua cay: 409,000đ/nồi (Nước lẩu Tomyum chua cay nhúng tôm, mực, ngao, nấm) | Set nướng BBQ thập cẩm bò ba chỉ: 299,000đ/set (Bắp bò, ba chỉ heo cuộn nấm kim châm tẩm sốt BBQ nướng xèo xèo) | Ba chỉ bò Mỹ nhúng thêm: 80,000đ/đĩa (Thịt ba chỉ bò Mỹ thái mỏng cuốn nấm) | Sườn sụn non heo thêm: 73,000đ/đĩa (Sườn non giòn sần sật nhúng lẩu) | Rau nấm tổng hợp nhúng lẩu: 30,000đ/đĩa (Nấm kim châm, cải thảo, rau muống tươi)"
ChIJD6b9YQBbNDERtvguopmLhI4,Phở Mai,20.9915581,105.5736461,5.0,3,XHRF+JFJ,Hà Nội,"Hạ Bằng, Hà Nội",VN,,,Nhà hàng phở,https://www.google.com/maps/search/?api=1&query=Ph%E1%BB%9F%20Mai&query_place_id=ChIJD6b9YQBbNDERtvguopmLhI4,Có,"Phở chín bò ta: 33,000đ/bát (Nước dùng phở bò ninh xương ống ngọt lịm kèm thịt chín thái mỏng) | Phở tái chần: 40,000đ/bát (Phở bò với thịt bò tươi chần tái mềm ngọt) | Phở nạm gầu giòn: 40,000đ/bát (Bánh phở mềm cùng nạm bò và gầu bò giòn sần sật) | Phở tái lăn đặc biệt: 47,000đ/bát (Phở bò xào tái lăn thơm mùi tỏi phi) | Trứng gà trần: 7,000đ/quả (Trứng trần nước phở béo ngậy) | Quẩy giòn: 5,000đ/chiếc (Quẩy giòn ăn kèm nước phở)"
ChIJ40EkIABbNDEReKornra6uJU,Tây Phương Quán,21.0235329,105.5746038,5.0,3,2HFF+CR9,Hà Nội,"Hạ Bằng, Hà Nội",VN,,,Nhà hàng,https://www.google.com/maps/search/?api=1&query=T%C3%A2y%20Ph%C6%B0%C6%A1ng%20Qu%C3%A1n&query_place_id=ChIJ40EkIABbNDEReKornra6uJU,Có,"Cá kho tộ miền Tây đậm vị: 87,000đ/tộ (Cá trắm đen kho tộ sánh quyện nước hàng dừa) | Thịt ba chỉ rang cháy cạnh: 77,000đ/đĩa (Thịt ba chỉ ba chỉ giòn rưới mỡ hành) | Sườn non xào chua ngọt: 78,000đ/đĩa (Sườn non xào cùng dứa và ớt chuông sốt chua cay) | Rau muống luộc dầm sấu / xào tỏi: 27,000đ/đĩa (Rau muống tươi xanh luộc chấm nước mắm chanh ớt) | Canh riêu cua đồng cà pháo: 50,000đ/bát (Canh cua đồng mát lạnh ăn kèm cà pháo giòn tan) | Cơm trắng gạo tám thơm: 18,000đ/niêu (Niêu cơm gạo tám dẻo thơm)"
ChIJE-3paABZNDERkCdUMYBjOd8,A Lử - Vua Ẩm Thực - Thạch Thất,21.0474722,105.58425,5.0,3,2HWM+WP8,Hà Nội,"Thạch Thất, Hà Nội",VN,,+84 984 698 836,Nhà hàng,https://www.google.com/maps/search/?api=1&query=A%20L%E1%BB%AD%20-%20Vua%20%E1%BA%A8m%20Th%E1%BB%B1c%20-%20Th%E1%BA%A1ch%20Th%E1%BA%A5t&query_place_id=ChIJE-3paABZNDERkCdUMYBjOd8,Có,"Cá kho tộ miền Tây đậm vị: 87,000đ/tộ (Cá trắm đen kho tộ sánh quyện nước hàng dừa) | Thịt ba chỉ rang cháy cạnh: 77,000đ/đĩa (Thịt ba chỉ ba chỉ giòn rưới mỡ hành) | Sườn non xào chua ngọt: 75,000đ/đĩa (Sườn non xào cùng dứa và ớt chuông sốt chua cay) | Rau muống luộc dầm sấu / xào tỏi: 33,000đ/đĩa (Rau muống tươi xanh luộc chấm nước mắm chanh ớt) | Canh riêu cua đồng cà pháo: 47,000đ/bát (Canh cua đồng mát lạnh ăn kèm cà pháo giòn tan) | Cơm trắng gạo tám thơm: 12,000đ/niêu (Niêu cơm gạo tám dẻo thơm)"
ChIJxciDMABbNDERYlKOCyA7-S4,Phở 10 Lý Quốc Sư Hòa Lạc,20.9899893,105.518685,2.3,3,XGQ9+XFV,Hà Nội,"Yên Xuân, Hà Nội",VN,,,Nhà hàng phở,https://www.google.com/maps/search/?api=1&query=Ph%E1%BB%9F%2010%20L%C3%BD%20Qu%E1%BB%91c%20S%C6%B0%20H%C3%B2a%20L%E1%BA%A1c&query_place_id=ChIJxciDMABbNDERYlKOCyA7-S4,Có,"Phở chín bò ta: 35,000đ/bát (Nước dùng phở bò ninh xương ống ngọt lịm kèm thịt chín thái mỏng) | Phở tái chần: 30,000đ/bát (Phở bò với thịt bò tươi chần tái mềm ngọt) | Phở nạm gầu giòn: 42,000đ/bát (Bánh phở mềm cùng nạm bò và gầu bò giòn sần sật) | Phở tái lăn đặc biệt: 40,000đ/bát (Phở bò xào tái lăn thơm mùi tỏi phi) | Trứng gà trần: 7,000đ/quả (Trứng trần nước phở béo ngậy) | Quẩy giòn: 8,000đ/chiếc (Quẩy giòn ăn kèm nước phở)"
ChIJtyV2AQBbNDER7fqgnCydrX0,Hồng Kông Quán,21.0128711,105.5281824,5.0,3,XGPM+RV3,Hà Nội,"Hòa Lạc, Hà Nội",VN,,+84 962 827 590,Quán bia,https://www.google.com/maps/search/?api=1&query=H%E1%BB%93ng%20K%C3%B4ng%20Qu%C3%A1n&query_place_id=ChIJtyV2AQBbNDER7fqgnCydrX0,Có,"Bia hơi Hà Nội mát lạnh: 12,000đ/cốc (Bia hơi tươi rói rót trực tiếp từ vòi bom lạnh) | Đậu phụ lướt ván nóng giòn: 30,000đ/đĩa (Đậu hũ non chiên lướt ván ngoài vàng giòn trong mịn mượt như thạch) | Đĩa lạc rang muối / lạc luộc mộc mạc: 12,000đ/đĩa (Đồ nhắm bia truyền thống) | Nộm tai heo đu đủ xanh chua ngọt: 67,000đ/đĩa (Tai heo giòn sần sật trộn đu đủ bào sợi nước nộm chua ngọt sảng khoái) | Sụn gà chiên mắm rang muối: 93,000đ/đĩa (Sụn gà ta giòn sần sật tẩm ướp chiên xóc muối ớt tỏi)"
ChIJSb9y_JtbNDERHGhg2gQLGu8,Bún Cá Thái Bình,20.9959533,105.5231087,5.0,3,"XGWF+96Q, QL21A",Hà Nội,"Hòa Lạc, Hà Nội",VN,,+84 901 513 669,Quán mì,https://www.google.com/maps/search/?api=1&query=B%C3%BAn%20C%C3%A1%20Th%C3%A1i%20B%C3%ACnh&query_place_id=ChIJSb9y_JtbNDERHGhg2gQLGu8,Có,"Bún cá cay Hải Phòng giòn rụm: 30,000đ/bát (Cá chiên giòn, chả cá thu thơm ngon nước dùng dọc mùng chua cay) | Bún riêu cua bắp bò giò tai: 40,000đ/bát (Bún nước với riêu cua đồng xịn kèm bắp bò tươi, giò tai heo sần sật) | Bún sườn mọc dọc mùng hành hoa: 40,000đ/bát (Bún sườn non mềm nhừ kèm mọc thịt giòn dẻo) | Trà đá mát lạnh: 2,000đ/cốc (Trà đá mát uống kèm bún nóng)"
ChIJXwYgdwBbNDERfymjQPYNDwM,Nhà hàng Đắc Bốn,21.027001,105.5500246,5.0,3,Số 9 ngõ 33 Kim Bông,Hà Nội,"Hạ Bằng, Hà Nội",VN,,+84 986 481 558,Nhà hàng gia đình,https://www.google.com/maps/search/?api=1&query=Nh%C3%A0%20h%C3%A0ng%20%C4%90%E1%BA%AFc%20B%E1%BB%91n&query_place_id=ChIJXwYgdwBbNDERfymjQPYNDwM,Có,"Cá kho tộ miền Tây đậm vị: 80,000đ/tộ (Cá trắm đen kho tộ sánh quyện nước hàng dừa) | Thịt ba chỉ rang cháy cạnh: 77,000đ/đĩa (Thịt ba chỉ ba chỉ giòn rưới mỡ hành) | Sườn non xào chua ngọt: 75,000đ/đĩa (Sườn non xào cùng dứa và ớt chuông sốt chua cay) | Rau muống luộc dầm sấu / xào tỏi: 30,000đ/đĩa (Rau muống tươi xanh luộc chấm nước mắm chanh ớt) | Canh riêu cua đồng cà pháo: 40,000đ/bát (Canh cua đồng mát lạnh ăn kèm cà pháo giòn tan) | Cơm trắng gạo tám thơm: 15,000đ/niêu (Niêu cơm gạo tám dẻo thơm)"
ChIJ-82prDZbNDERL1FFYWYU3mE,Bánh Đa Cua Hải Phòng,21.0224216,105.5499385,3.3,3,2HC2+R2X,Hà Nội,"Hạ Bằng, Hà Nội",VN,,,Quán mì,https://www.google.com/maps/search/?api=1&query=B%C3%A1nh%20%C4%90a%20Cua%20H%E1%BA%A3i%20Ph%C3%B2ng&query_place_id=ChIJ-82prDZbNDERL1FFYWYU3mE,Có,"Bún cá cay Hải Phòng giòn rụm: 33,000đ/bát (Cá chiên giòn, chả cá thu thơm ngon nước dùng dọc mùng chua cay) | Bún riêu cua bắp bò giò tai: 42,000đ/bát (Bún nước với riêu cua đồng xịn kèm bắp bò tươi, giò tai heo sần sật) | Bún sườn mọc dọc mùng hành hoa: 33,000đ/bát (Bún sườn non mềm nhừ kèm mọc thịt giòn dẻo) | Trà đá mát lạnh: 8,000đ/cốc (Trà đá mát uống kèm bún nóng)"
ChIJC8PNSn1bNDERScaV0xont-Y,Phở Phong Nhàn,21.0240702,105.5202628,5.0,3,QL21A,Hà Nội,"Hòa Lạc, Hà Nội",VN,https://www.facebook.com/profile.php?id=100027647825451&mibextid=ZbWKwL,+84 985 579 351,Nhà hàng phở,https://www.google.com/maps/search/?api=1&query=Ph%E1%BB%9F%20Phong%20Nh%C3%A0n&query_place_id=ChIJC8PNSn1bNDERScaV0xont-Y,Có,"Phở chín bò ta: 40,000đ/bát (Nước dùng phở bò ninh xương ống ngọt lịm kèm thịt chín thái mỏng) | Phở tái chần: 33,000đ/bát (Phở bò với thịt bò tươi chần tái mềm ngọt) | Phở nạm gầu giòn: 42,000đ/bát (Bánh phở mềm cùng nạm bò và gầu bò giòn sần sật) | Phở tái lăn đặc biệt: 40,000đ/bát (Phở bò xào tái lăn thơm mùi tỏi phi) | Trứng gà trần: 13,000đ/quả (Trứng trần nước phở béo ngậy) | Quẩy giòn: 8,000đ/chiếc (Quẩy giòn ăn kèm nước phở)"
ChIJ_13dLABbNDERi1upvO0eoIk,X-men Message Karaoke,21.0038198,105.5675809,4.0,3,2H39+G2J,Hà Nội,"Hạ Bằng, Hà Nội",VN,,,Quán bar karaoke,https://www.google.com/maps/search/?api=1&query=X-men%20Message%20Karaoke&query_place_id=ChIJ_13dLABbNDERi1upvO0eoIk,Có,"Đĩa hoa quả thập cẩm lớn (Dưa hấu, ổi, xoài, nho): 150,000đ/đĩa (Hoa quả tươi ngon cắt lát đẹp mắt) | Khô mực nướng cồn: 170,000đ/con (Mực khô Vân Đồn nướng cồn xé tay) | Thịt bò khô xé sợi vắt chanh: 82,000đ/đĩa (Bò khô sợi cay cay ngọt ngọt) | Khoai tây chiên lắc phô mai: 50,000đ/đĩa (Khoai tây chiên giòn tan phủ bột phô mai) | Hạt hướng dương sạch: 17,000đ/đĩa (Hạt hướng dương rang thơm) | Bia Heineken lon: 22,000đ/lon (Bia ngoại ướp lạnh sẵn) | Bia Hà Nội lon: 15,000đ/lon (Bia nội truyền thống) | Nước ngọt Coca-Cola / Sting: 18,000đ/lon (Nước ngọt các loại phục vụ lạnh)"
ChIJL2cvMNtbNDERKWS5Js92JdE,Bún Phở Bò Duy Cường,20.9855782,105.5258592,5.0,3,88 Thôn 2,Hà Nội,"Yên Xuân, Hà Nội",VN,,+84 988 696 468,Nhà hàng,https://www.google.com/maps/search/?api=1&query=B%C3%BAn%20Ph%E1%BB%9F%20B%C3%B2%20Duy%20C%C6%B0%E1%BB%9Dng&query_place_id=ChIJL2cvMNtbNDERKWS5Js92JdE,Có,"Phở chín bò ta: 30,000đ/bát (Nước dùng phở bò ninh xương ống ngọt lịm kèm thịt chín thái mỏng) | Phở tái chần: 37,000đ/bát (Phở bò với thịt bò tươi chần tái mềm ngọt) | Phở nạm gầu giòn: 45,000đ/bát (Bánh phở mềm cùng nạm bò và gầu bò giòn sần sật) | Phở tái lăn đặc biệt: 43,000đ/bát (Phở bò xào tái lăn thơm mùi tỏi phi) | Trứng gà trần: 13,000đ/quả (Trứng trần nước phở béo ngậy) | Quẩy giòn: 8,000đ/chiếc (Quẩy giòn ăn kèm nước phở)"
ChIJedj2OlRbNDERop_ipQx5HLI,Lòng ngon 99,21.0262832,105.5897383,4.3,3,234 Đ. Chùa Tây Phương,Hà Nội,"Tây Phương, Hà Nội",VN,,+84 901 431 989,Nhà hàng chuyên phục vụ bữa nửa buổi,https://www.google.com/maps/search/?api=1&query=L%C3%B2ng%20ngon%2099&query_place_id=ChIJedj2OlRbNDERop_ipQx5HLI,Có,"Cá kho tộ miền Tây đậm vị: 80,000đ/tộ (Cá trắm đen kho tộ sánh quyện nước hàng dừa) | Thịt ba chỉ rang cháy cạnh: 73,000đ/đĩa (Thịt ba chỉ ba chỉ giòn rưới mỡ hành) | Sườn non xào chua ngọt: 78,000đ/đĩa (Sườn non xào cùng dứa và ớt chuông sốt chua cay) | Rau muống luộc dầm sấu / xào tỏi: 33,000đ/đĩa (Rau muống tươi xanh luộc chấm nước mắm chanh ớt) | Canh riêu cua đồng cà pháo: 47,000đ/bát (Canh cua đồng mát lạnh ăn kèm cà pháo giòn tan) | Cơm trắng gạo tám thơm: 18,000đ/niêu (Niêu cơm gạo tám dẻo thơm)"
ChIJbaX_KKZbNDERqqP8ksEBt9U,Sing Cafe,21.0328168,105.5797868,5.0,3,33 Đường H11,Hà Nội,"Hạ Bằng, Hà Nội",VN,https://www.facebook.com/share/VAUkEwEfenUHvnqz/?mibextid=qi2Omg,+84 364 392 930,Quán cà phê,https://www.google.com/maps/search/?api=1&query=Sing%20Cafe&query_place_id=ChIJbaX_KKZbNDERqqP8ksEBt9U,Có,"Cà phê đen đá pha phin: 22,000đ/ly (Cà phê đen truyền thống đậm đà) | Cà phê sữa đá: 22,000đ/ly (Cà phê sữa pha phin béo ngậy) | Bạc xỉu cốt dừa: 30,000đ/ly (Nhiều sữa béo ngậy vị dừa hòa quyện chút cà phê) | Trà đào cam sả: 37,000đ/ly (Trà đào thơm mát kết hợp lát đào cam tươi sả thơm) | Trà sữa trân châu truyền thống: 37,000đ/ly (Trà sữa đậm trà kèm trân châu đen dai giòn) | Sinh tố bơ sáp: 30,000đ/ly (Sinh tố bơ sáp tươi ngon xay sữa đặc ngậy béo) | Nước ép cam nguyên chất: 27,000đ/ly (Ép cam sành tự nhiên nhiều vitamin C)"
ChIJ30afUgBbNDERym061oKYoEQ,VNU's Student Hub Fuel & Chill,21.000762,105.517608,5.0,3,XGX9+XQ7,Hà Nội,"Hòa Lạc, Hà Nội",VN,,+84 823 622 626,Quán cà phê,https://www.google.com/maps/search/?api=1&query=VNU's%20Student%20Hub%20Fuel%20%26%20Chill&query_place_id=ChIJ30afUgBbNDERym061oKYoEQ,Có,"Cà phê đen đá pha phin: 19,000đ/ly (Cà phê đen truyền thống đậm đà) | Cà phê sữa đá: 22,000đ/ly (Cà phê sữa pha phin béo ngậy) | Bạc xỉu cốt dừa: 33,000đ/ly (Nhiều sữa béo ngậy vị dừa hòa quyện chút cà phê) | Trà đào cam sả: 30,000đ/ly (Trà đào thơm mát kết hợp lát đào cam tươi sả thơm) | Trà sữa trân châu truyền thống: 30,000đ/ly (Trà sữa đậm trà kèm trân châu đen dai giòn) | Sinh tố bơ sáp: 30,000đ/ly (Sinh tố bơ sáp tươi ngon xay sữa đặc ngậy béo) | Nước ép cam nguyên chất: 30,000đ/ly (Ép cam sành tự nhiên nhiều vitamin C)"
ChIJCxmLZgBbNDERjpFM-BdjLrQ,Tiệm trà Green Tea,21.0273614,105.5479462,5.0,3,Số 3 Ngõ 51 Kim Bông,Hà Nội,"Hạ Bằng, Hà Nội",VN,,+84 346 463 262,Quán cà phê,https://www.google.com/maps/search/?api=1&query=Ti%E1%BB%87m%20tr%C3%A0%20Green%20Tea&query_place_id=ChIJCxmLZgBbNDERjpFM-BdjLrQ,Có,"Cà phê đen đá pha phin: 19,000đ/ly (Cà phê đen truyền thống đậm đà) | Cà phê sữa đá: 28,000đ/ly (Cà phê sữa pha phin béo ngậy) | Bạc xỉu cốt dừa: 30,000đ/ly (Nhiều sữa béo ngậy vị dừa hòa quyện chút cà phê) | Trà đào cam sả: 40,000đ/ly (Trà đào thơm mát kết hợp lát đào cam tươi sả thơm) | Trà sữa trân châu truyền thống: 33,000đ/ly (Trà sữa đậm trà kèm trân châu đen dai giòn) | Sinh tố bơ sáp: 37,000đ/ly (Sinh tố bơ sáp tươi ngon xay sữa đặc ngậy béo) | Nước ép cam nguyên chất: 30,000đ/ly (Ép cam sành tự nhiên nhiều vitamin C)"
ChIJt90QTQBbNDERFGDbdN4DxXU,Kem Xôi Huyền 8686,21.0221949,105.5500724,5.0,3,2HC2+R2X,Hà Nội,"Hạ Bằng, Hà Nội",VN,,+84 976 324 616,Quán cà phê,https://www.google.com/maps/search/?api=1&query=Kem%20X%C3%B4i%20Huy%E1%BB%81n%208686&query_place_id=ChIJt90QTQBbNDERFGDbdN4DxXU,Có,"Cà phê đen đá pha phin: 25,000đ/ly (Cà phê đen truyền thống đậm đà) | Cà phê sữa đá: 28,000đ/ly (Cà phê sữa pha phin béo ngậy) | Bạc xỉu cốt dừa: 33,000đ/ly (Nhiều sữa béo ngậy vị dừa hòa quyện chút cà phê) | Trà đào cam sả: 30,000đ/ly (Trà đào thơm mát kết hợp lát đào cam tươi sả thơm) | Trà sữa trân châu truyền thống: 40,000đ/ly (Trà sữa đậm trà kèm trân châu đen dai giòn) | Sinh tố bơ sáp: 30,000đ/ly (Sinh tố bơ sáp tươi ngon xay sữa đặc ngậy béo) | Nước ép cam nguyên chất: 27,000đ/ly (Ép cam sành tự nhiên nhiều vitamin C)"
ChIJlxabbABbNDERnBUjqHcb21s,Media Cafe,20.9943757,105.5233333,4.7,3,Ngã 3 CT03,Hà Nội,"Hòa Lạc, Hà Nội",VN,,+84 973 950 728,Quán cà phê,https://www.google.com/maps/search/?api=1&query=Media%20Cafe&query_place_id=ChIJlxabbABbNDERnBUjqHcb21s,Có,"Cà phê đen đá pha phin: 22,000đ/ly (Cà phê đen truyền thống đậm đà) | Cà phê sữa đá: 25,000đ/ly (Cà phê sữa pha phin béo ngậy) | Bạc xỉu cốt dừa: 33,000đ/ly (Nhiều sữa béo ngậy vị dừa hòa quyện chút cà phê) | Trà đào cam sả: 30,000đ/ly (Trà đào thơm mát kết hợp lát đào cam tươi sả thơm) | Trà sữa trân châu truyền thống: 40,000đ/ly (Trà sữa đậm trà kèm trân châu đen dai giòn) | Sinh tố bơ sáp: 40,000đ/ly (Sinh tố bơ sáp tươi ngon xay sữa đặc ngậy béo) | Nước ép cam nguyên chất: 30,000đ/ly (Ép cam sành tự nhiên nhiều vitamin C)"
ChIJJXqzSgBbNDERc2VYo0J7lDg,Đá Sạch Hoà Lạc,20.989362,105.5401028,5.0,3,XGQR+P2X,Hà Nội,"Hòa Lạc, Hà Nội",VN,,+84 971 927 547,Cửa hàng kem,https://www.google.com/maps/search/?api=1&query=%C4%90%C3%A1%20S%E1%BA%A1ch%20Ho%C3%A0%20L%E1%BA%A1c&query_place_id=ChIJJXqzSgBbNDERc2VYo0J7lDg,Có,"Kem tươi ốc quế sữa dừa / vani Mixue: 7,000đ/chiếc (Kem tươi thơm ngon ngậy béo ốc quế giòn tan) | Trà sữa ba anh em thạch pudding trân châu: 27,000đ/ly (Trà sữa đậm vị kèm full topping dồi dào) | Dương chi cam lộ xoài bưởi trân châu: 40,000đ/ly (Sinh tố xoài, bưởi hồng cùng thạch dừa thạch đào thơm ngon mát lạnh) | Trà đào tứ kỳ xuân hạt đào miếng: 28,000đ/ly (Trà ô long thanh vị kết hợp thạch đào giòn ngọt)"
ChIJpa7NbABbNDERlnYRCmxTHwc,Bún Cháo Thanh Thảo,20.9894236,105.5308599,3.7,3,XGQJ+Q89,Hà Nội,"Hòa Lạc, Hà Nội",VN,,,Quán mì,https://www.google.com/maps/search/?api=1&query=B%C3%BAn%20Ch%C3%A1o%20Thanh%20Th%E1%BA%A3o&query_place_id=ChIJpa7NbABbNDERlnYRCmxTHwc,Có,"Cháo lòng heo đầy đủ dồi sụn tiết luộc: 30,000đ/bát (Cháo lòng nấu gạo tẻ sánh ngọt cùng lòng non dồi sụn gan luộc) | Cháo sườn sụn nóng hổi hành hoa: 37,000đ/bát (Cháo bột sườn non sánh mịn giòn sần sật sườn sụn non) | Quẩy giòn ăn cháo: 8,000đ/đĩa (Quẩy ăn kèm cháo ngon tuyệt)"
ChIJA3UQGxpbNDERq0NToRdP3XU,92 Karaoke,20.9884798,105.5304871,3.7,3,,Hà Nội,"Hòa Lạc, Hà Nội",VN,,+84 966 446 139,Quán bar,https://www.google.com/maps/search/?api=1&query=92%20Karaoke&query_place_id=ChIJA3UQGxpbNDERq0NToRdP3XU,Có,"Đĩa hoa quả thập cẩm lớn (Dưa hấu, ổi, xoài, nho): 150,000đ/đĩa (Hoa quả tươi ngon cắt lát đẹp mắt) | Khô mực nướng cồn: 170,000đ/con (Mực khô Vân Đồn nướng cồn xé tay) | Thịt bò khô xé sợi vắt chanh: 80,000đ/đĩa (Bò khô sợi cay cay ngọt ngọt) | Khoai tây chiên lắc phô mai: 50,000đ/đĩa (Khoai tây chiên giòn tan phủ bột phô mai) | Hạt hướng dương sạch: 17,000đ/đĩa (Hạt hướng dương rang thơm) | Bia Heineken lon: 28,000đ/lon (Bia ngoại ướp lạnh sẵn) | Bia Hà Nội lon: 21,000đ/lon (Bia nội truyền thống) | Nước ngọt Coca-Cola / Sting: 18,000đ/lon (Nước ngọt các loại phục vụ lạnh)"
ChIJiccbaY9bNDERm4Utvz7CXo4,Karaoke Sunshine,20.987738,105.5280055,3.0,3,"XGQH+36R, Unnamed Road",Hà Nội,"Hòa Lạc, Hà Nội",VN,,+84 968 569 591,Quán bar karaoke,https://www.google.com/maps/search/?api=1&query=Karaoke%20Sunshine&query_place_id=ChIJiccbaY9bNDERm4Utvz7CXo4,Có,"Đĩa hoa quả thập cẩm lớn (Dưa hấu, ổi, xoài, nho): 130,000đ/đĩa (Hoa quả tươi ngon cắt lát đẹp mắt) | Khô mực nướng cồn: 160,000đ/con (Mực khô Vân Đồn nướng cồn xé tay) | Thịt bò khô xé sợi vắt chanh: 78,000đ/đĩa (Bò khô sợi cay cay ngọt ngọt) | Khoai tây chiên lắc phô mai: 50,000đ/đĩa (Khoai tây chiên giòn tan phủ bột phô mai) | Hạt hướng dương sạch: 17,000đ/đĩa (Hạt hướng dương rang thơm) | Bia Heineken lon: 25,000đ/lon (Bia ngoại ướp lạnh sẵn) | Bia Hà Nội lon: 15,000đ/lon (Bia nội truyền thống) | Nước ngọt Coca-Cola / Sting: 18,000đ/lon (Nước ngọt các loại phục vụ lạnh)"
ChIJwSP6GgBZNDEROkcnvMloaQc,Cháo Dinh Dưỡng PAPA DASHI,21.0486332,105.5078464,5.0,2,số 86 đường Lục Quân,Hà Nội,"Đoài Phương, Hà Nội",VN,,+84 949 967 093,Nhà hàng gia đình,https://www.google.com/maps/search/?api=1&query=Ch%C3%A1o%20Dinh%20D%C6%B0%E1%BB%A1ng%20PAPA%20DASHI&query_place_id=ChIJwSP6GgBZNDEROkcnvMloaQc,Có,"Cháo lòng heo đầy đủ dồi sụn tiết luộc: 33,000đ/bát (Cháo lòng nấu gạo tẻ sánh ngọt cùng lòng non dồi sụn gan luộc) | Cháo sườn sụn nóng hổi hành hoa: 30,000đ/bát (Cháo bột sườn non sánh mịn giòn sần sật sườn sụn non) | Quẩy giòn ăn cháo: 2,000đ/đĩa (Quẩy ăn kèm cháo ngon tuyệt)"
ChIJkSl7LoVZNDERB_FJ1o7dyLY,Gà Rán,21.0485441,105.5054195,5.0,2,297B QL21A,Hà Nội,"Đoài Phương, Hà Nội",VN,,+84 966 216 890,Quán gà rán mang đi,https://www.google.com/maps/search/?api=1&query=G%C3%A0%20R%C3%A1n&query_place_id=ChIJkSl7LoVZNDERB_FJ1o7dyLY,Có,"Gà ri hấp lá chanh (Cả con): 240,000đ/con (Gà ri đồi nuôi thả tự nhiên dai ngọt da vàng giòn) | Gà ri nướng mật ong (Cả con): 260,000đ/con (Gà ri nướng mật ong thơm phức vàng óng) | Gà rang muối tỏi: 110,000đ/đĩa (Gà ta chặt miếng rang muối đậm đà sần sật) | Lẩu gà ri thuốc bắc: 360,000đ/nồi (Nồi lẩu gà ri thuốc bắc bổ dưỡng kèm rau nấm) | Xôi chim câu hành phi: 78,000đ/đĩa (Xôi nếp dẻo thơm ăn kèm thịt chim câu băm nhỏ) | Lòng mề gà xào mướp giá: 75,000đ/đĩa (Lòng mề gà ri giòn xào mướp hương thơm phức)"
ChIJ9z3yB7BZNDERDtUPxnJMUX0,Hà gia trang,21.0456162,105.5064292,5.0,2,Ngõ 54 đường Cổ Đông 2 thôn Phúc Lộc,Hà Nội,"Hòa Lạc, Hà Nội",VN,,+84 967 091 039,Quán trà san sảnh,https://www.google.com/maps/search/?api=1&query=H%C3%A0%20gia%20trang&query_place_id=ChIJ9z3yB7BZNDERDtUPxnJMUX0,Có,"Cà phê đen đá pha phin: 22,000đ/ly (Cà phê đen truyền thống đậm đà) | Cà phê sữa đá: 22,000đ/ly (Cà phê sữa pha phin béo ngậy) | Bạc xỉu cốt dừa: 27,000đ/ly (Nhiều sữa béo ngậy vị dừa hòa quyện chút cà phê) | Trà đào cam sả: 40,000đ/ly (Trà đào thơm mát kết hợp lát đào cam tươi sả thơm) | Trà sữa trân châu truyền thống: 37,000đ/ly (Trà sữa đậm trà kèm trân châu đen dai giòn) | Sinh tố bơ sáp: 40,000đ/ly (Sinh tố bơ sáp tươi ngon xay sữa đặc ngậy béo) | Nước ép cam nguyên chất: 33,000đ/ly (Ép cam sành tự nhiên nhiều vitamin C)"
ChIJkX_o43pZNDERB0Y_qRxMPnc,Bún đậu mẹt 1950 Lục quân,21.0452077,105.5078346,5.0,2,429 QL21A,Hà Nội,"Đoài Phương, Hà Nội",VN,,+84 369 070 511,Nhà hàng,https://www.google.com/maps/search/?api=1&query=B%C3%BAn%20%C4%91%E1%BA%ADu%20m%E1%BA%B9t%201950%20L%E1%BB%A5c%20qu%C3%A2n&query_place_id=ChIJkX_o43pZNDERB0Y_qRxMPnc,Có,"Bún đậu mắm tôm đầy đủ (Đậu, thịt chân giò, nem chua rán, chả cốm): 50,000đ/suất (Mẹt bún đậu đầy đủ nguyên liệu tươi ngon kèm rau thơm kinh giới) | Bún đậu thường (Đậu chiên giòn): 25,000đ/suất (Bún đậu chay đơn giản với đậu phụ rán giòn) | Bún chả Hà Nội truyền thống: 38,000đ/suất (Chả miếng và chả viên nướng than hoa thơm phức trong bát nước chấm chua ngọt) | Nem cua bể chiên giòn: 12,000đ/chiếc (Nem cua bể giòn rụm nhiều nhân) | Nước sấu đá ngầm chua ngọt: 15,000đ/cốc (Đồ uống giải nhiệt cực hợp vị bún đậu)"
ChIJv7cyfABZNDER1dvZRr_Wk7Q,Cafe Tùng,21.0456162,105.5064292,5.0,2,2GW4+6HV,Hà Nội,"Hòa Lạc, Hà Nội",VN,,,Quán cà phê,https://www.google.com/maps/search/?api=1&query=Cafe%20T%C3%B9ng&query_place_id=ChIJv7cyfABZNDER1dvZRr_Wk7Q,Có,"Cà phê đen đá pha phin: 25,000đ/ly (Cà phê đen truyền thống đậm đà) | Cà phê sữa đá: 22,000đ/ly (Cà phê sữa pha phin béo ngậy) | Bạc xỉu cốt dừa: 30,000đ/ly (Nhiều sữa béo ngậy vị dừa hòa quyện chút cà phê) | Trà đào cam sả: 35,000đ/ly (Trà đào thơm mát kết hợp lát đào cam tươi sả thơm) | Trà sữa trân châu truyền thống: 40,000đ/ly (Trà sữa đậm trà kèm trân châu đen dai giòn) | Sinh tố bơ sáp: 30,000đ/ly (Sinh tố bơ sáp tươi ngon xay sữa đặc ngậy béo) | Nước ép cam nguyên chất: 30,000đ/ly (Ép cam sành tự nhiên nhiều vitamin C)"
ChIJgVw-t_FZNDERgh51K9qvvKo,Cà Phê Hương Thảo,21.0456162,105.5064292,5.0,2,2GW4+6HV,Hà Nội,"Hòa Lạc, Hà Nội",VN,,+84 987 305 757,Quán cà phê,https://www.google.com/maps/search/?api=1&query=C%C3%A0%20Ph%C3%AA%20H%C6%B0%C6%A1ng%20Th%E1%BA%A3o&query_place_id=ChIJgVw-t_FZNDERgh51K9qvvKo,Có,"Cà phê đen đá pha phin: 22,000đ/ly (Cà phê đen truyền thống đậm đà) | Cà phê sữa đá: 25,000đ/ly (Cà phê sữa pha phin béo ngậy) | Bạc xỉu cốt dừa: 27,000đ/ly (Nhiều sữa béo ngậy vị dừa hòa quyện chút cà phê) | Trà đào cam sả: 40,000đ/ly (Trà đào thơm mát kết hợp lát đào cam tươi sả thơm) | Trà sữa trân châu truyền thống: 40,000đ/ly (Trà sữa đậm trà kèm trân châu đen dai giòn) | Sinh tố bơ sáp: 40,000đ/ly (Sinh tố bơ sáp tươi ngon xay sữa đặc ngậy béo) | Nước ép cam nguyên chất: 27,000đ/ly (Ép cam sành tự nhiên nhiều vitamin C)"
ChIJy9pPTlFZNDERvN_zkqqt_W0,Cafe Nghệ Sỹ,21.0460782,105.5073311,5.0,2,,Hà Nội,"Đoài Phương, Hà Nội",VN,,+84 338 335 816,Quán cà phê,https://www.google.com/maps/search/?api=1&query=Cafe%20Ngh%E1%BB%87%20S%E1%BB%B9&query_place_id=ChIJy9pPTlFZNDERvN_zkqqt_W0,Có,"Cà phê đen đá pha phin: 22,000đ/ly (Cà phê đen truyền thống đậm đà) | Cà phê sữa đá: 28,000đ/ly (Cà phê sữa pha phin béo ngậy) | Bạc xỉu cốt dừa: 33,000đ/ly (Nhiều sữa béo ngậy vị dừa hòa quyện chút cà phê) | Trà đào cam sả: 37,000đ/ly (Trà đào thơm mát kết hợp lát đào cam tươi sả thơm) | Trà sữa trân châu truyền thống: 40,000đ/ly (Trà sữa đậm trà kèm trân châu đen dai giòn) | Sinh tố bơ sáp: 37,000đ/ly (Sinh tố bơ sáp tươi ngon xay sữa đặc ngậy béo) | Nước ép cam nguyên chất: 33,000đ/ly (Ép cam sành tự nhiên nhiều vitamin C)"
ChIJK3S2VgRbNDER6QZOO2RyENw,Phở Quang Anh,21.0145047,105.519086,5.0,2,12 cụm 1,Hà Nội,"Hòa Lạc, Hà Nội",VN,,+84 375 630 924,Nhà hàng,https://www.google.com/maps/search/?api=1&query=Ph%E1%BB%9F%20Quang%20Anh&query_place_id=ChIJK3S2VgRbNDER6QZOO2RyENw,Có,"Phở chín bò ta: 33,000đ/bát (Nước dùng phở bò ninh xương ống ngọt lịm kèm thịt chín thái mỏng) | Phở tái chần: 40,000đ/bát (Phở bò với thịt bò tươi chần tái mềm ngọt) | Phở nạm gầu giòn: 45,000đ/bát (Bánh phở mềm cùng nạm bò và gầu bò giòn sần sật) | Phở tái lăn đặc biệt: 47,000đ/bát (Phở bò xào tái lăn thơm mùi tỏi phi) | Trứng gà trần: 10,000đ/quả (Trứng trần nước phở béo ngậy) | Quẩy giòn: 2,000đ/chiếc (Quẩy giòn ăn kèm nước phở)"
ChIJuaRa-DZbNDERYIh3xj22ChA,Nhà Hàng Quỳnh Mai 999,21.0074056,105.5179831,5.0,2,đường 21A,Hà Nội,"Hòa Lạc, Hà Nội",VN,,+84 388 734 958,Nhà hàng,https://www.google.com/maps/search/?api=1&query=Nh%C3%A0%20H%C3%A0ng%20Qu%E1%BB%B3nh%20Mai%20999&query_place_id=ChIJuaRa-DZbNDERYIh3xj22ChA,Có,"Cá kho tộ miền Tây đậm vị: 90,000đ/tộ (Cá trắm đen kho tộ sánh quyện nước hàng dừa) | Thịt ba chỉ rang cháy cạnh: 73,000đ/đĩa (Thịt ba chỉ ba chỉ giòn rưới mỡ hành) | Sườn non xào chua ngọt: 82,000đ/đĩa (Sườn non xào cùng dứa và ớt chuông sốt chua cay) | Rau muống luộc dầm sấu / xào tỏi: 30,000đ/đĩa (Rau muống tươi xanh luộc chấm nước mắm chanh ớt) | Canh riêu cua đồng cà pháo: 43,000đ/bát (Canh cua đồng mát lạnh ăn kèm cà pháo giòn tan) | Cơm trắng gạo tám thơm: 12,000đ/niêu (Niêu cơm gạo tám dẻo thơm)"
ChIJo-F6RgBbNDER8VD4u0F-olE,Bánh Cuốn Sửu Bike,21.0129392,105.5191173,5.0,2,2G79+5JQ,Hà Nội,"Hòa Lạc, Hà Nội",VN,,+84 971 272 407,Nhà hàng,https://www.google.com/maps/search/?api=1&query=B%C3%A1nh%20Cu%E1%BB%91n%20S%E1%BB%ADu%20Bike&query_place_id=ChIJo-F6RgBbNDER8VD4u0F-olE,Có,"Bánh cuốn thịt băm mộc nhĩ tráng nóng: 30,000đ/đĩa (Bánh tráng tươi tại chỗ ăn nóng kèm hành phi thơm giòn tự làm) | Bánh cuốn trứng lòng đào đặc biệt: 40,000đ/đĩa (Bánh cuốn tráng ôm trọn lòng đỏ trứng gà ta lòng đào béo ngậy) | Chả quế rán ăn kèm: 13,000đ/đĩa (Chả quế thơm ngọt ăn kèm nước mắm bánh cuốn)"
ChIJh8OeeLdbNDERmhfod8cQDe8,Hẻm Nướng,21.012526,105.517425,3.0,2,Ngõ 1 Đường Cây Xăng 39,Hà Nội,"Hòa Lạc, Hà Nội",VN,,+84 327 146 083,Món nướng,https://www.google.com/maps/search/?api=1&query=H%E1%BA%BBm%20N%C6%B0%E1%BB%9Bng&query_place_id=ChIJh8OeeLdbNDERmhfod8cQDe8,Có,"Lẩu cua đồng sườn sụn bắp bò: 350,000đ/nồi (Nồi lẩu riêu cua đồng nguyên chất siêu nhiều gạch, kèm bắp bò sườn sụn) | Lẩu Thái hải sản chua cay: 409,000đ/nồi (Nước lẩu Tomyum chua cay nhúng tôm, mực, ngao, nấm) | Set nướng BBQ thập cẩm bò ba chỉ: 319,000đ/set (Bắp bò, ba chỉ heo cuộn nấm kim châm tẩm sốt BBQ nướng xèo xèo) | Ba chỉ bò Mỹ nhúng thêm: 80,000đ/đĩa (Thịt ba chỉ bò Mỹ thái mỏng cuốn nấm) | Sườn sụn non heo thêm: 70,000đ/đĩa (Sườn non giòn sần sật nhúng lẩu) | Rau nấm tổng hợp nhúng lẩu: 30,000đ/đĩa (Nấm kim châm, cải thảo, rau muống tươi)"
ChIJsW2NAJRbNDERdqOCei2TvEM,Bún Cháo Kim Dung,21.0098783,105.5180565,5.0,2,,Hà Nội,"Hòa Lạc, Hà Nội",VN,,,Quán ăn nhỏ,https://www.google.com/maps/search/?api=1&query=B%C3%BAn%20Ch%C3%A1o%20Kim%20Dung&query_place_id=ChIJsW2NAJRbNDERdqOCei2TvEM,Có,"Cháo lòng heo đầy đủ dồi sụn tiết luộc: 30,000đ/bát (Cháo lòng nấu gạo tẻ sánh ngọt cùng lòng non dồi sụn gan luộc) | Cháo sườn sụn nóng hổi hành hoa: 40,000đ/bát (Cháo bột sườn non sánh mịn giòn sần sật sườn sụn non) | Quẩy giòn ăn cháo: 2,000đ/đĩa (Quẩy ăn kèm cháo ngon tuyệt)"
ChIJJTqH_PlbNDERV13GNagDmMc,Bánh Mỳ Nguyễn Việt,21.0113245,105.5187715,3.0,2,QL21A,Hà Nội,"Hòa Lạc, Hà Nội",VN,https://www.facebook.com/nguyenvuong28102017,+84 356 721 667,Cửa hàng sandwich,https://www.google.com/maps/search/?api=1&query=B%C3%A1nh%20M%E1%BB%B3%20Nguy%E1%BB%85n%20Vi%E1%BB%87t&query_place_id=ChIJJTqH_PlbNDERV13GNagDmMc,Có,"Cá kho tộ miền Tây đậm vị: 83,000đ/tộ (Cá trắm đen kho tộ sánh quyện nước hàng dừa) | Thịt ba chỉ rang cháy cạnh: 73,000đ/đĩa (Thịt ba chỉ ba chỉ giòn rưới mỡ hành) | Sườn non xào chua ngọt: 82,000đ/đĩa (Sườn non xào cùng dứa và ớt chuông sốt chua cay) | Rau muống luộc dầm sấu / xào tỏi: 27,000đ/đĩa (Rau muống tươi xanh luộc chấm nước mắm chanh ớt) | Canh riêu cua đồng cà pháo: 50,000đ/bát (Canh cua đồng mát lạnh ăn kèm cà pháo giòn tan) | Cơm trắng gạo tám thơm: 12,000đ/niêu (Niêu cơm gạo tám dẻo thơm)"
ChIJa0N0vZRbNDERP-c3Ls4BykQ,Lẩu Hulk Ếch,21.014042,105.51903,5.0,2,,Hà Nội,"Hòa Lạc, Hà Nội",VN,https://www.facebook.com/profile.php?id=100086642153584&mibextid=LQQJ4d,,Nhà hàng,https://www.google.com/maps/search/?api=1&query=L%E1%BA%A9u%20Hulk%20%E1%BA%BEch&query_place_id=ChIJa0N0vZRbNDERP-c3Ls4BykQ,Có,"Lẩu cua đồng sườn sụn bắp bò: 350,000đ/nồi (Nồi lẩu riêu cua đồng nguyên chất siêu nhiều gạch, kèm bắp bò sườn sụn) | Lẩu Thái hải sản chua cay: 389,000đ/nồi (Nước lẩu Tomyum chua cay nhúng tôm, mực, ngao, nấm) | Set nướng BBQ thập cẩm bò ba chỉ: 299,000đ/set (Bắp bò, ba chỉ heo cuộn nấm kim châm tẩm sốt BBQ nướng xèo xèo) | Ba chỉ bò Mỹ nhúng thêm: 82,000đ/đĩa (Thịt ba chỉ bò Mỹ thái mỏng cuốn nấm) | Sườn sụn non heo thêm: 73,000đ/đĩa (Sườn non giòn sần sật nhúng lẩu) | Rau nấm tổng hợp nhúng lẩu: 27,000đ/đĩa (Nấm kim châm, cải thảo, rau muống tươi)"
ChIJpVTNNgBbNDER5hp0t_lrHYY,An Linh Quán,20.9892853,105.5047198,3.0,2,XGQ3+PVG,Hà Nội,"Yên Xuân, Hà Nội",VN,,+84 984 097 788,Nhà hàng,https://www.google.com/maps/search/?api=1&query=An%20Linh%20Qu%C3%A1n&query_place_id=ChIJpVTNNgBbNDER5hp0t_lrHYY,Có,"Cá kho tộ miền Tây đậm vị: 90,000đ/tộ (Cá trắm đen kho tộ sánh quyện nước hàng dừa) | Thịt ba chỉ rang cháy cạnh: 75,000đ/đĩa (Thịt ba chỉ ba chỉ giòn rưới mỡ hành) | Sườn non xào chua ngọt: 78,000đ/đĩa (Sườn non xào cùng dứa và ớt chuông sốt chua cay) | Rau muống luộc dầm sấu / xào tỏi: 27,000đ/đĩa (Rau muống tươi xanh luộc chấm nước mắm chanh ớt) | Canh riêu cua đồng cà pháo: 45,000đ/bát (Canh cua đồng mát lạnh ăn kèm cà pháo giòn tan) | Cơm trắng gạo tám thơm: 12,000đ/niêu (Niêu cơm gạo tám dẻo thơm)"
ChIJrYhebQBbNDERXvV3f8mYcy8,"Patê Yến - Thịt nướng, bánh mì pate",20.9865512,105.532374,5.0,2,XGPJ+JWH,Hà Nội,"Hòa Lạc, Hà Nội",VN,,,Cửa hàng sandwich,https://www.google.com/maps/search/?api=1&query=Pat%C3%AA%20Y%E1%BA%BFn%20-%20Th%E1%BB%8Bt%20n%C6%B0%E1%BB%9Bng%2C%20b%C3%A1nh%20m%C3%AC%20pate&query_place_id=ChIJrYhebQBbNDERXvV3f8mYcy8,Có,"Lẩu cua đồng sườn sụn bắp bò: 340,000đ/nồi (Nồi lẩu riêu cua đồng nguyên chất siêu nhiều gạch, kèm bắp bò sườn sụn) | Lẩu Thái hải sản chua cay: 409,000đ/nồi (Nước lẩu Tomyum chua cay nhúng tôm, mực, ngao, nấm) | Set nướng BBQ thập cẩm bò ba chỉ: 279,000đ/set (Bắp bò, ba chỉ heo cuộn nấm kim châm tẩm sốt BBQ nướng xèo xèo) | Ba chỉ bò Mỹ nhúng thêm: 80,000đ/đĩa (Thịt ba chỉ bò Mỹ thái mỏng cuốn nấm) | Sườn sụn non heo thêm: 77,000đ/đĩa (Sườn non giòn sần sật nhúng lẩu) | Rau nấm tổng hợp nhúng lẩu: 33,000đ/đĩa (Nấm kim châm, cải thảo, rau muống tươi)"
ChIJlacZVOJbNDERmK2W13fIRjs,Vịt Quay Văn Việt,20.9855297,105.5325706,4.5,2,Đường đôi tđc bắc phú cát,Hà Nội,"Hòa Lạc, Hà Nội",VN,,+84 946 780 712,Gian hàng rong,https://www.google.com/maps/search/?api=1&query=V%E1%BB%8Bt%20Quay%20V%C4%83n%20Vi%E1%BB%87t&query_place_id=ChIJlacZVOJbNDERmK2W13fIRjs,Có,"Cá kho tộ miền Tây đậm vị: 80,000đ/tộ (Cá trắm đen kho tộ sánh quyện nước hàng dừa) | Thịt ba chỉ rang cháy cạnh: 73,000đ/đĩa (Thịt ba chỉ ba chỉ giòn rưới mỡ hành) | Sườn non xào chua ngọt: 75,000đ/đĩa (Sườn non xào cùng dứa và ớt chuông sốt chua cay) | Rau muống luộc dầm sấu / xào tỏi: 27,000đ/đĩa (Rau muống tươi xanh luộc chấm nước mắm chanh ớt) | Canh riêu cua đồng cà pháo: 45,000đ/bát (Canh cua đồng mát lạnh ăn kèm cà pháo giòn tan) | Cơm trắng gạo tám thơm: 12,000đ/niêu (Niêu cơm gạo tám dẻo thơm)"
ChIJUTlJTgBbNDERJoepwXKoWII,Hola Cafe,21.0325071,105.5374213,5.0,2,"2GJP+MQX, 26, Tỉnh Lộ 84, Xã Kim Quan",Hà Nội,"Hòa Lạc, Hà Nội",VN,,,Quán cà phê,https://www.google.com/maps/search/?api=1&query=Hola%20Cafe&query_place_id=ChIJUTlJTgBbNDERJoepwXKoWII,Có,"Cà phê đen đá pha phin: 25,000đ/ly (Cà phê đen truyền thống đậm đà) | Cà phê sữa đá: 28,000đ/ly (Cà phê sữa pha phin béo ngậy) | Bạc xỉu cốt dừa: 33,000đ/ly (Nhiều sữa béo ngậy vị dừa hòa quyện chút cà phê) | Trà đào cam sả: 33,000đ/ly (Trà đào thơm mát kết hợp lát đào cam tươi sả thơm) | Trà sữa trân châu truyền thống: 33,000đ/ly (Trà sữa đậm trà kèm trân châu đen dai giòn) | Sinh tố bơ sáp: 30,000đ/ly (Sinh tố bơ sáp tươi ngon xay sữa đặc ngậy béo) | Nước ép cam nguyên chất: 30,000đ/ly (Ép cam sành tự nhiên nhiều vitamin C)"
ChIJA5IhSh1bNDERgAYykq3i_40,Bánh mỳ trà sữa bobo382,21.0170771,105.5195949,1.5,2,356 thôn 4,Hà Nội,"Hòa Lạc, Hà Nội",VN,,+84 868 216 382,Nhà hàng,https://www.google.com/maps/search/?api=1&query=B%C3%A1nh%20m%E1%BB%B3%20tr%C3%A0%20s%E1%BB%AFa%20bobo382&query_place_id=ChIJA5IhSh1bNDERgAYykq3i_40,Có,"Cà phê đen đá pha phin: 22,000đ/ly (Cà phê đen truyền thống đậm đà) | Cà phê sữa đá: 25,000đ/ly (Cà phê sữa pha phin béo ngậy) | Bạc xỉu cốt dừa: 30,000đ/ly (Nhiều sữa béo ngậy vị dừa hòa quyện chút cà phê) | Trà đào cam sả: 30,000đ/ly (Trà đào thơm mát kết hợp lát đào cam tươi sả thơm) | Trà sữa trân châu truyền thống: 30,000đ/ly (Trà sữa đậm trà kèm trân châu đen dai giòn) | Sinh tố bơ sáp: 40,000đ/ly (Sinh tố bơ sáp tươi ngon xay sữa đặc ngậy béo) | Nước ép cam nguyên chất: 33,000đ/ly (Ép cam sành tự nhiên nhiều vitamin C)"
ChIJ2fMJCwBdNDERQ7xZ5sVyoak,Quán Lẩu Bình Dân,21.0108465,105.4683474,5.0,2,2F69+885,Hà Nội,"Hòa Lạc, Hà Nội",VN,,,Nhà hàng món lẩu,https://www.google.com/maps/search/?api=1&query=Qu%C3%A1n%20L%E1%BA%A9u%20B%C3%ACnh%20D%C3%A2n&query_place_id=ChIJ2fMJCwBdNDERQ7xZ5sVyoak,Có,"Lẩu cua đồng sườn sụn bắp bò: 370,000đ/nồi (Nồi lẩu riêu cua đồng nguyên chất siêu nhiều gạch, kèm bắp bò sườn sụn) | Lẩu Thái hải sản chua cay: 409,000đ/nồi (Nước lẩu Tomyum chua cay nhúng tôm, mực, ngao, nấm) | Set nướng BBQ thập cẩm bò ba chỉ: 319,000đ/set (Bắp bò, ba chỉ heo cuộn nấm kim châm tẩm sốt BBQ nướng xèo xèo) | Ba chỉ bò Mỹ nhúng thêm: 85,000đ/đĩa (Thịt ba chỉ bò Mỹ thái mỏng cuốn nấm) | Sườn sụn non heo thêm: 73,000đ/đĩa (Sườn non giòn sần sật nhúng lẩu) | Rau nấm tổng hợp nhúng lẩu: 27,000đ/đĩa (Nấm kim châm, cải thảo, rau muống tươi)"
ChIJp0KtbgBdNDER9vksLRqf29E,Quỳnh Như Quán,21.0094351,105.4690171,5.0,2,238 Tân Bình,Hà Nội,"Yên Xuân, Hà Nội",VN,,+84 869 453 598,Quán ăn nhỏ,https://www.google.com/maps/search/?api=1&query=Qu%E1%BB%B3nh%20Nh%C6%B0%20Qu%C3%A1n&query_place_id=ChIJp0KtbgBdNDER9vksLRqf29E,Có,"Cá kho tộ miền Tây đậm vị: 80,000đ/tộ (Cá trắm đen kho tộ sánh quyện nước hàng dừa) | Thịt ba chỉ rang cháy cạnh: 75,000đ/đĩa (Thịt ba chỉ ba chỉ giòn rưới mỡ hành) | Sườn non xào chua ngọt: 75,000đ/đĩa (Sườn non xào cùng dứa và ớt chuông sốt chua cay) | Rau muống luộc dầm sấu / xào tỏi: 27,000đ/đĩa (Rau muống tươi xanh luộc chấm nước mắm chanh ớt) | Canh riêu cua đồng cà pháo: 45,000đ/bát (Canh cua đồng mát lạnh ăn kèm cà pháo giòn tan) | Cơm trắng gạo tám thơm: 15,000đ/niêu (Niêu cơm gạo tám dẻo thơm)"
ChIJwRCf2nRZNDER4poajyhAaYk,Phở Bắc Nam,21.0445612,105.5531603,5.0,2,"2HV3+P7H, ĐT419",Hà Nội,"Hạ Bằng, Hà Nội",VN,,+84 976 993 710,Nhà hàng phở,https://www.google.com/maps/search/?api=1&query=Ph%E1%BB%9F%20B%E1%BA%AFc%20Nam&query_place_id=ChIJwRCf2nRZNDER4poajyhAaYk,Có,"Phở chín bò ta: 35,000đ/bát (Nước dùng phở bò ninh xương ống ngọt lịm kèm thịt chín thái mỏng) | Phở tái chần: 30,000đ/bát (Phở bò với thịt bò tươi chần tái mềm ngọt) | Phở nạm gầu giòn: 38,000đ/bát (Bánh phở mềm cùng nạm bò và gầu bò giòn sần sật) | Phở tái lăn đặc biệt: 40,000đ/bát (Phở bò xào tái lăn thơm mùi tỏi phi) | Trứng gà trần: 13,000đ/quả (Trứng trần nước phở béo ngậy) | Quẩy giòn: 8,000đ/chiếc (Quẩy giòn ăn kèm nước phở)"
ChIJad7ucgBZNDERhc0q2ByjEhQ,Anh Nam Kem,21.0406627,105.555215,5.0,2,2HR4+738,Hà Nội,"Hạ Bằng, Hà Nội",VN,,,Cửa hàng kem,https://www.google.com/maps/search/?api=1&query=Anh%20Nam%20Kem&query_place_id=ChIJad7ucgBZNDERhc0q2ByjEhQ,Có,"Kem tươi ốc quế sữa dừa / vani Mixue: 13,000đ/chiếc (Kem tươi thơm ngon ngậy béo ốc quế giòn tan) | Trà sữa ba anh em thạch pudding trân châu: 33,000đ/ly (Trà sữa đậm vị kèm full topping dồi dào) | Dương chi cam lộ xoài bưởi trân châu: 30,000đ/ly (Sinh tố xoài, bưởi hồng cùng thạch dừa thạch đào thơm ngon mát lạnh) | Trà đào tứ kỳ xuân hạt đào miếng: 28,000đ/ly (Trà ô long thanh vị kết hợp thạch đào giòn ngọt)"
ChIJ_aO1UdJbNDERu0Y72a0Ajak,Nhà Hàng Hoàng Phúc,21.0259067,105.5483981,5.0,2,"Cạnh Sân Bóng Đại Dương, Số 69 Kim Bông",Hà Nội,"Hạ Bằng, Hà Nội",VN,,+84 961 679 669,Nhà hàng gia đình,https://www.google.com/maps/search/?api=1&query=Nh%C3%A0%20H%C3%A0ng%20Ho%C3%A0ng%20Ph%C3%BAc&query_place_id=ChIJ_aO1UdJbNDERu0Y72a0Ajak,Có,"Cá kho tộ miền Tây đậm vị: 87,000đ/tộ (Cá trắm đen kho tộ sánh quyện nước hàng dừa) | Thịt ba chỉ rang cháy cạnh: 77,000đ/đĩa (Thịt ba chỉ ba chỉ giòn rưới mỡ hành) | Sườn non xào chua ngọt: 75,000đ/đĩa (Sườn non xào cùng dứa và ớt chuông sốt chua cay) | Rau muống luộc dầm sấu / xào tỏi: 30,000đ/đĩa (Rau muống tươi xanh luộc chấm nước mắm chanh ớt) | Canh riêu cua đồng cà pháo: 47,000đ/bát (Canh cua đồng mát lạnh ăn kèm cà pháo giòn tan) | Cơm trắng gạo tám thơm: 12,000đ/niêu (Niêu cơm gạo tám dẻo thơm)"
ChIJy_SmQABbNDERbdts-lDomeI,Quán Gạo98,21.0183504,105.5501665,5.0,2,2H92+935,Hà Nội,"Hạ Bằng, Hà Nội",VN,,,Nhà hàng chuyên phục vụ bữa nửa buổi,https://www.google.com/maps/search/?api=1&query=Qu%C3%A1n%20G%E1%BA%A1o98&query_place_id=ChIJy_SmQABbNDERbdts-lDomeI,Có,"Cá kho tộ miền Tây đậm vị: 83,000đ/tộ (Cá trắm đen kho tộ sánh quyện nước hàng dừa) | Thịt ba chỉ rang cháy cạnh: 77,000đ/đĩa (Thịt ba chỉ ba chỉ giòn rưới mỡ hành) | Sườn non xào chua ngọt: 82,000đ/đĩa (Sườn non xào cùng dứa và ớt chuông sốt chua cay) | Rau muống luộc dầm sấu / xào tỏi: 27,000đ/đĩa (Rau muống tươi xanh luộc chấm nước mắm chanh ớt) | Canh riêu cua đồng cà pháo: 43,000đ/bát (Canh cua đồng mát lạnh ăn kèm cà pháo giòn tan) | Cơm trắng gạo tám thơm: 12,000đ/niêu (Niêu cơm gạo tám dẻo thơm)"
ChIJw4aJzS5bNDER3s02ZRHt5gw,Bếp Văn Béo,21.019143,105.549527,5.0,2,2G9X+MR2,Hà Nội,"Hạ Bằng, Hà Nội",VN,,,Nhà hàng,https://www.google.com/maps/search/?api=1&query=B%E1%BA%BFp%20V%C4%83n%20B%C3%A9o&query_place_id=ChIJw4aJzS5bNDER3s02ZRHt5gw,Có,"Cá kho tộ miền Tây đậm vị: 83,000đ/tộ (Cá trắm đen kho tộ sánh quyện nước hàng dừa) | Thịt ba chỉ rang cháy cạnh: 73,000đ/đĩa (Thịt ba chỉ ba chỉ giòn rưới mỡ hành) | Sườn non xào chua ngọt: 85,000đ/đĩa (Sườn non xào cùng dứa và ớt chuông sốt chua cay) | Rau muống luộc dầm sấu / xào tỏi: 27,000đ/đĩa (Rau muống tươi xanh luộc chấm nước mắm chanh ớt) | Canh riêu cua đồng cà pháo: 50,000đ/bát (Canh cua đồng mát lạnh ăn kèm cà pháo giòn tan) | Cơm trắng gạo tám thơm: 15,000đ/niêu (Niêu cơm gạo tám dẻo thơm)"
ChIJq0kzmMtbNDERuZRBDUE7rjs,Ba Duẩn Quán,21.0074766,105.5535946,5.0,2,2H43+XCX,Hà Nội,"Hạ Bằng, Hà Nội",VN,,,Nhà hàng,https://www.google.com/maps/search/?api=1&query=Ba%20Du%E1%BA%A9n%20Qu%C3%A1n&query_place_id=ChIJq0kzmMtbNDERuZRBDUE7rjs,Có,"Cá kho tộ miền Tây đậm vị: 85,000đ/tộ (Cá trắm đen kho tộ sánh quyện nước hàng dừa) | Thịt ba chỉ rang cháy cạnh: 80,000đ/đĩa (Thịt ba chỉ ba chỉ giòn rưới mỡ hành) | Sườn non xào chua ngọt: 80,000đ/đĩa (Sườn non xào cùng dứa và ớt chuông sốt chua cay) | Rau muống luộc dầm sấu / xào tỏi: 33,000đ/đĩa (Rau muống tươi xanh luộc chấm nước mắm chanh ớt) | Canh riêu cua đồng cà pháo: 50,000đ/bát (Canh cua đồng mát lạnh ăn kèm cà pháo giòn tan) | Cơm trắng gạo tám thơm: 15,000đ/niêu (Niêu cơm gạo tám dẻo thơm)"
ChIJmQoodedbNDERhBQo9RhYbDI,Quán Tâm Loan Gà Chó Chim,21.0198475,105.5639711,3.5,2,"2H97+WHQ, thôn1",Hà Nội,"Hạ Bằng, Hà Nội",VN,,+84 397 569 427,Quán ăn nhỏ,https://www.google.com/maps/search/?api=1&query=Qu%C3%A1n%20T%C3%A2m%20Loan%20G%C3%A0%20Ch%C3%B3%20Chim&query_place_id=ChIJmQoodedbNDERhBQo9RhYbDI,Có,"Gà ri hấp lá chanh (Cả con): 240,000đ/con (Gà ri đồi nuôi thả tự nhiên dai ngọt da vàng giòn) | Gà ri nướng mật ong (Cả con): 260,000đ/con (Gà ri nướng mật ong thơm phức vàng óng) | Gà rang muối tỏi: 140,000đ/đĩa (Gà ta chặt miếng rang muối đậm đà sần sật) | Lẩu gà ri thuốc bắc: 340,000đ/nồi (Nồi lẩu gà ri thuốc bắc bổ dưỡng kèm rau nấm) | Xôi chim câu hành phi: 78,000đ/đĩa (Xôi nếp dẻo thơm ăn kèm thịt chim câu băm nhỏ) | Lòng mề gà xào mướp giá: 70,000đ/đĩa (Lòng mề gà ri giòn xào mướp hương thơm phức)"
ChIJ--rYSABbNDER8vgT99R2QnM,Quán Thu Hà,21.0178261,105.5483831,1.0,2,"2G9X+49J, Bờ Hồ",Hà Nội,"Hạ Bằng, Hà Nội",VN,,,Nhà hàng,https://www.google.com/maps/search/?api=1&query=Qu%C3%A1n%20Thu%20H%C3%A0&query_place_id=ChIJ--rYSABbNDER8vgT99R2QnM,Có,"Cá kho tộ miền Tây đậm vị: 85,000đ/tộ (Cá trắm đen kho tộ sánh quyện nước hàng dừa) | Thịt ba chỉ rang cháy cạnh: 75,000đ/đĩa (Thịt ba chỉ ba chỉ giòn rưới mỡ hành) | Sườn non xào chua ngọt: 75,000đ/đĩa (Sườn non xào cùng dứa và ớt chuông sốt chua cay) | Rau muống luộc dầm sấu / xào tỏi: 27,000đ/đĩa (Rau muống tươi xanh luộc chấm nước mắm chanh ớt) | Canh riêu cua đồng cà pháo: 45,000đ/bát (Canh cua đồng mát lạnh ăn kèm cà pháo giòn tan) | Cơm trắng gạo tám thơm: 15,000đ/niêu (Niêu cơm gạo tám dẻo thơm)"
ChIJfa5IgE1bNDEREYzFvbwP62I,Nụ Ốc Đồ Ăn Vặt,20.9878818,105.5296124,5.0,2,XGQH+4V,Hà Nội,"Hòa Lạc, Hà Nội",VN,,+84 963 355 783,Quán ăn nhỏ,https://www.google.com/maps/search/?api=1&query=N%E1%BB%A5%20%E1%BB%90c%20%C4%90%E1%BB%93%20%C4%82n%20V%E1%BA%B7t&query_place_id=ChIJfa5IgE1bNDEREYzFvbwP62I,Có,"Ốc luộc sả lá chanh truyền thống: 42,000đ/bát (Ốc vặn/ốc nhồi mít luộc thơm mùi sả chấm nước mắm gừng cay ngọt đặc sản) | Ốc móng tay xào bơ tỏi thơm lừng: 70,000đ/đĩa (Ốc móng tay tươi ngọt sốt bơ tỏi sánh béo chấm bánh mì tuyệt đỉnh) | Nem chua rán giòn rụm (10 cái): 50,000đ/đĩa (Nem chua rán nóng hổi chấm tương ớt cay nồng) | Khoai tây chiên lắc bột phô mai: 33,000đ/đĩa (Món khai vị ăn vặt khoái khẩu) | Trà quất mật ong khổng lồ: 15,000đ/cốc (Trà quất mát chua ngọt cực đã khát)"
ChIJP9qeKABbNDERUHGvVZWhldY,Trụ sở GTVM - Vườn Bia Panorama,20.9840375,105.5277656,1.5,2,XGMH+J46,Hà Nội,"Hòa Lạc, Hà Nội",VN,,,Quán bia sân vườn,https://www.google.com/maps/search/?api=1&query=Tr%E1%BB%A5%20s%E1%BB%9F%20GTVM%20-%20V%C6%B0%E1%BB%9Dn%20Bia%20Panorama&query_place_id=ChIJP9qeKABbNDERUHGvVZWhldY,Có,"Bia hơi Hà Nội mát lạnh: 12,000đ/cốc (Bia hơi tươi rói rót trực tiếp từ vòi bom lạnh) | Đậu phụ lướt ván nóng giòn: 27,000đ/đĩa (Đậu hũ non chiên lướt ván ngoài vàng giòn trong mịn mượt như thạch) | Đĩa lạc rang muối / lạc luộc mộc mạc: 15,000đ/đĩa (Đồ nhắm bia truyền thống) | Nộm tai heo đu đủ xanh chua ngọt: 60,000đ/đĩa (Tai heo giòn sần sật trộn đu đủ bào sợi nước nộm chua ngọt sảng khoái) | Sụn gà chiên mắm rang muối: 90,000đ/đĩa (Sụn gà ta giòn sần sật tẩm ướp chiên xóc muối ớt tỏi)"
ChIJQRDgXQBbNDERKmkLOujkTkA,"Quán bánh tẻ,chè đậu đen đồng mô",21.025889,105.5888255,5.0,2,"Cầu đồng mô, Đ. Chùa Tây Phương",Hà Nội,"Tây Phương, Hà Nội",VN,,+84 367 289 386,Nhà hàng chuyên phục vụ bữa sáng,https://www.google.com/maps/search/?api=1&query=Qu%C3%A1n%20b%C3%A1nh%20t%E1%BA%BB%2Cch%C3%A8%20%C4%91%E1%BA%ADu%20%C4%91en%20%C4%91%E1%BB%93ng%20m%C3%B4&query_place_id=ChIJQRDgXQBbNDERKmkLOujkTkA,Có,"Xôi xéo ruốc hành phi: 20,000đ/đĩa (Xôi xéo thơm nếp dẻo mỡ hành phi) | Bánh mì pate trứng giò: 22,000đ/cái (Bánh mì giòn kẹp pate nhà làm, trứng ốp la, giò lụa) | Sữa đậu nành nóng: 7,000đ/cốc (Sữa đậu nành nguyên chất) | Trà đá: 6,000đ/cốc (Trà giải khát sáng sớm)"
ChIJCyUnXwBbNDERCSEaeFzLln0,Twitter Beans Coffee NIC,21.0106543,105.5316046,5.0,2,"Trung tâm Đổi mới sáng tạo Quốc gia, Khu Công Nghệ Cao Hòa Lạc",Hà Nội,"Hòa Lạc, Hà Nội",VN,https://twitterbeanscoffee.com/,,Quán cà phê,https://www.google.com/maps/search/?api=1&query=Twitter%20Beans%20Coffee%20NIC&query_place_id=ChIJCyUnXwBbNDERCSEaeFzLln0,Có,"Cà phê đen đá pha phin: 22,000đ/ly (Cà phê đen truyền thống đậm đà) | Cà phê sữa đá: 22,000đ/ly (Cà phê sữa pha phin béo ngậy) | Bạc xỉu cốt dừa: 27,000đ/ly (Nhiều sữa béo ngậy vị dừa hòa quyện chút cà phê) | Trà đào cam sả: 37,000đ/ly (Trà đào thơm mát kết hợp lát đào cam tươi sả thơm) | Trà sữa trân châu truyền thống: 40,000đ/ly (Trà sữa đậm trà kèm trân châu đen dai giòn) | Sinh tố bơ sáp: 33,000đ/ly (Sinh tố bơ sáp tươi ngon xay sữa đặc ngậy béo) | Nước ép cam nguyên chất: 27,000đ/ly (Ép cam sành tự nhiên nhiều vitamin C)"
ChIJF_mNyDFbNDERXNcije7cfjw,Nhà Hàng Sao Việt,21.0133751,105.5265565,4.5,2,nhà hàng sao việt nằm trong khuôn viên trường đại học FPT,Hà Nội,"Hòa Lạc, Hà Nội",VN,http://wwthucphamsaoviet.vn/,+84 915 674 614,Quán ăn nhỏ,https://www.google.com/maps/search/?api=1&query=Nh%C3%A0%20H%C3%A0ng%20Sao%20Vi%E1%BB%87t&query_place_id=ChIJF_mNyDFbNDERXNcije7cfjw,Có,"Cá kho tộ miền Tây đậm vị: 83,000đ/tộ (Cá trắm đen kho tộ sánh quyện nước hàng dừa) | Thịt ba chỉ rang cháy cạnh: 80,000đ/đĩa (Thịt ba chỉ ba chỉ giòn rưới mỡ hành) | Sườn non xào chua ngọt: 82,000đ/đĩa (Sườn non xào cùng dứa và ớt chuông sốt chua cay) | Rau muống luộc dầm sấu / xào tỏi: 33,000đ/đĩa (Rau muống tươi xanh luộc chấm nước mắm chanh ớt) | Canh riêu cua đồng cà pháo: 45,000đ/bát (Canh cua đồng mát lạnh ăn kèm cà pháo giòn tan) | Cơm trắng gạo tám thơm: 18,000đ/niêu (Niêu cơm gạo tám dẻo thơm)"
ChIJoSAeLgBbNDER10UK-XEkI34,Lòng Và,20.9967116,105.5228881,5.0,2,"XGWF+M4Q, Unnamed",Hà Nội,"Hòa Lạc, Hà Nội",VN,,+84 977 601 990,Nhà hàng,https://www.google.com/maps/search/?api=1&query=L%C3%B2ng%20V%C3%A0&query_place_id=ChIJoSAeLgBbNDER10UK-XEkI34,Có,"Cá kho tộ miền Tây đậm vị: 83,000đ/tộ (Cá trắm đen kho tộ sánh quyện nước hàng dừa) | Thịt ba chỉ rang cháy cạnh: 75,000đ/đĩa (Thịt ba chỉ ba chỉ giòn rưới mỡ hành) | Sườn non xào chua ngọt: 78,000đ/đĩa (Sườn non xào cùng dứa và ớt chuông sốt chua cay) | Rau muống luộc dầm sấu / xào tỏi: 30,000đ/đĩa (Rau muống tươi xanh luộc chấm nước mắm chanh ớt) | Canh riêu cua đồng cà pháo: 50,000đ/bát (Canh cua đồng mát lạnh ăn kèm cà pháo giòn tan) | Cơm trắng gạo tám thơm: 12,000đ/niêu (Niêu cơm gạo tám dẻo thơm)"
ChIJjcAgRBlbNDERdy2iUbrClyg,Chicken & Tea K.P.96,20.9949735,105.523232,5.0,2,XGVF+R8M,Hà Nội,"Hòa Lạc, Hà Nội",VN,,,Quán gà rán mang đi,https://www.google.com/maps/search/?api=1&query=Chicken%20%26%20Tea%20K.P.96&query_place_id=ChIJjcAgRBlbNDERdy2iUbrClyg,Có,"Cà phê đen đá pha phin: 25,000đ/ly (Cà phê đen truyền thống đậm đà) | Cà phê sữa đá: 22,000đ/ly (Cà phê sữa pha phin béo ngậy) | Bạc xỉu cốt dừa: 30,000đ/ly (Nhiều sữa béo ngậy vị dừa hòa quyện chút cà phê) | Trà đào cam sả: 37,000đ/ly (Trà đào thơm mát kết hợp lát đào cam tươi sả thơm) | Trà sữa trân châu truyền thống: 37,000đ/ly (Trà sữa đậm trà kèm trân châu đen dai giòn) | Sinh tố bơ sáp: 30,000đ/ly (Sinh tố bơ sáp tươi ngon xay sữa đặc ngậy béo) | Nước ép cam nguyên chất: 27,000đ/ly (Ép cam sành tự nhiên nhiều vitamin C)"
ChIJhSPDWTZbNDERye5QopURR4c,Bún Tùng Dương,21.0226608,105.5505701,5.0,2,419,Hà Nội,"Hạ Bằng, Hà Nội",VN,,,Nhà hàng chuyên phục vụ bữa sáng,https://www.google.com/maps/search/?api=1&query=B%C3%BAn%20T%C3%B9ng%20D%C6%B0%C6%A1ng&query_place_id=ChIJhSPDWTZbNDERye5QopURR4c,Có,"Xôi xéo ruốc hành phi: 17,000đ/đĩa (Xôi xéo thơm nếp dẻo mỡ hành phi) | Bánh mì pate trứng giò: 28,000đ/cái (Bánh mì giòn kẹp pate nhà làm, trứng ốp la, giò lụa) | Sữa đậu nành nóng: 13,000đ/cốc (Sữa đậu nành nguyên chất) | Trà đá: 3,000đ/cốc (Trà giải khát sáng sớm)"
ChIJ3aKPZEtbNDERfX8ETgQrFa0,Vịt cỏ Hùng Khánh,21.0222987,105.5502241,5.0,2,Số 209 đường Tân Xã,Hà Nội,"Hạ Bằng, Hà Nội",VN,,+84 972 927 795,Nhà hàng,https://www.google.com/maps/search/?api=1&query=V%E1%BB%8Bt%20c%E1%BB%8F%20H%C3%B9ng%20Kh%C3%A1nh&query_place_id=ChIJ3aKPZEtbNDERfX8ETgQrFa0,Có,"Cá kho tộ miền Tây đậm vị: 85,000đ/tộ (Cá trắm đen kho tộ sánh quyện nước hàng dừa) | Thịt ba chỉ rang cháy cạnh: 73,000đ/đĩa (Thịt ba chỉ ba chỉ giòn rưới mỡ hành) | Sườn non xào chua ngọt: 82,000đ/đĩa (Sườn non xào cùng dứa và ớt chuông sốt chua cay) | Rau muống luộc dầm sấu / xào tỏi: 33,000đ/đĩa (Rau muống tươi xanh luộc chấm nước mắm chanh ớt) | Canh riêu cua đồng cà pháo: 47,000đ/bát (Canh cua đồng mát lạnh ăn kèm cà pháo giòn tan) | Cơm trắng gạo tám thơm: 12,000đ/niêu (Niêu cơm gạo tám dẻo thơm)"
ChIJH1CiNQZbNDER028XMilT8xE,Bánh Mỳ Bà Cam,21.0285516,105.5459629,5.0,2,Kim bông,Hà Nội,"Hòa Lạc, Hà Nội",VN,,+84 388 257 363,Quầy bánh mì kẹp xúc xích,https://www.google.com/maps/search/?api=1&query=B%C3%A1nh%20M%E1%BB%B3%20B%C3%A0%20Cam&query_place_id=ChIJH1CiNQZbNDER028XMilT8xE,Có,"Bún cá cay Hải Phòng giòn rụm: 33,000đ/bát (Cá chiên giòn, chả cá thu thơm ngon nước dùng dọc mùng chua cay) | Bún riêu cua bắp bò giò tai: 45,000đ/bát (Bún nước với riêu cua đồng xịn kèm bắp bò tươi, giò tai heo sần sật) | Bún sườn mọc dọc mùng hành hoa: 37,000đ/bát (Bún sườn non mềm nhừ kèm mọc thịt giòn dẻo) | Trà đá mát lạnh: 8,000đ/cốc (Trà đá mát uống kèm bún nóng)"
ChIJo23HtJ5bNDERV5n9aCjYqw0,Phở Bò Tuấn Bình,21.0223893,105.5501433,3.0,2,2HC2+X32,Hà Nội,"Hạ Bằng, Hà Nội",VN,,+84 989 477 679,Nhà hàng phở,https://www.google.com/maps/search/?api=1&query=Ph%E1%BB%9F%20B%C3%B2%20Tu%E1%BA%A5n%20B%C3%ACnh&query_place_id=ChIJo23HtJ5bNDERV5n9aCjYqw0,Có,"Phở chín bò ta: 35,000đ/bát (Nước dùng phở bò ninh xương ống ngọt lịm kèm thịt chín thái mỏng) | Phở tái chần: 33,000đ/bát (Phở bò với thịt bò tươi chần tái mềm ngọt) | Phở nạm gầu giòn: 38,000đ/bát (Bánh phở mềm cùng nạm bò và gầu bò giòn sần sật) | Phở tái lăn đặc biệt: 47,000đ/bát (Phở bò xào tái lăn thơm mùi tỏi phi) | Trứng gà trần: 10,000đ/quả (Trứng trần nước phở béo ngậy) | Quẩy giòn: 5,000đ/chiếc (Quẩy giòn ăn kèm nước phở)"
ChIJXauq5E1ZNDER0kQTqdtCAhA,Lẩu gà lá é Nhật Minh Thạch Thất,21.0506256,105.582576,5.0,2,265 đồng cam,Hà Nội,"Thạch Thất, Hà Nội",VN,,+84 386 163 762,Quán ăn nhỏ,https://www.google.com/maps/search/?api=1&query=L%E1%BA%A9u%20g%C3%A0%20l%C3%A1%20%C3%A9%20Nh%E1%BA%ADt%20Minh%20Th%E1%BA%A1ch%20Th%E1%BA%A5t&query_place_id=ChIJXauq5E1ZNDER0kQTqdtCAhA,Có,"Gà ri hấp lá chanh (Cả con): 250,000đ/con (Gà ri đồi nuôi thả tự nhiên dai ngọt da vàng giòn) | Gà ri nướng mật ong (Cả con): 240,000đ/con (Gà ri nướng mật ong thơm phức vàng óng) | Gà rang muối tỏi: 110,000đ/đĩa (Gà ta chặt miếng rang muối đậm đà sần sật) | Lẩu gà ri thuốc bắc: 340,000đ/nồi (Nồi lẩu gà ri thuốc bắc bổ dưỡng kèm rau nấm) | Xôi chim câu hành phi: 80,000đ/đĩa (Xôi nếp dẻo thơm ăn kèm thịt chim câu băm nhỏ) | Lòng mề gà xào mướp giá: 65,000đ/đĩa (Lòng mề gà ri giòn xào mướp hương thơm phức)"
ChIJG41JAQBZNDERDKpvZf0oGak,Café 91,21.0483776,105.5835029,5.0,2,2HXM+79C,Hà Nội,"Thạch Thất, Hà Nội",VN,,,Quán cà phê,https://www.google.com/maps/search/?api=1&query=Caf%C3%A9%2091&query_place_id=ChIJG41JAQBZNDERDKpvZf0oGak,Có,"Cà phê đen đá pha phin: 19,000đ/ly (Cà phê đen truyền thống đậm đà) | Cà phê sữa đá: 25,000đ/ly (Cà phê sữa pha phin béo ngậy) | Bạc xỉu cốt dừa: 27,000đ/ly (Nhiều sữa béo ngậy vị dừa hòa quyện chút cà phê) | Trà đào cam sả: 30,000đ/ly (Trà đào thơm mát kết hợp lát đào cam tươi sả thơm) | Trà sữa trân châu truyền thống: 37,000đ/ly (Trà sữa đậm trà kèm trân châu đen dai giòn) | Sinh tố bơ sáp: 35,000đ/ly (Sinh tố bơ sáp tươi ngon xay sữa đặc ngậy béo) | Nước ép cam nguyên chất: 33,000đ/ly (Ép cam sành tự nhiên nhiều vitamin C)"
ChIJy7-WslZbNDERWj9p_IIy-RE,Vườn Bưởi Quán Thêm Điền,20.9989308,105.5752466,5.0,2,ngõ 131/số 10 Hạ Bằng,Hà Nội,"Hạ Bằng, Hà Nội",VN,,+84 369 056 242,Nhà hàng,https://www.google.com/maps/search/?api=1&query=V%C6%B0%E1%BB%9Dn%20B%C6%B0%E1%BB%9Fi%20Qu%C3%A1n%20Th%C3%AAm%20%C4%90i%E1%BB%81n&query_place_id=ChIJy7-WslZbNDERWj9p_IIy-RE,Có,"Cá kho tộ miền Tây đậm vị: 87,000đ/tộ (Cá trắm đen kho tộ sánh quyện nước hàng dừa) | Thịt ba chỉ rang cháy cạnh: 70,000đ/đĩa (Thịt ba chỉ ba chỉ giòn rưới mỡ hành) | Sườn non xào chua ngọt: 82,000đ/đĩa (Sườn non xào cùng dứa và ớt chuông sốt chua cay) | Rau muống luộc dầm sấu / xào tỏi: 33,000đ/đĩa (Rau muống tươi xanh luộc chấm nước mắm chanh ớt) | Canh riêu cua đồng cà pháo: 50,000đ/bát (Canh cua đồng mát lạnh ăn kèm cà pháo giòn tan) | Cơm trắng gạo tám thơm: 15,000đ/niêu (Niêu cơm gạo tám dẻo thơm)"
ChIJ5XO6UABbNDER2yt4g5xr0R0,Karaoke Đại Lộ,20.9896015,105.572173,5.0,2,XHQC+RRQ,Hà Nội,"Hạ Bằng, Hà Nội",VN,,,Quán bar karaoke,https://www.google.com/maps/search/?api=1&query=Karaoke%20%C4%90%E1%BA%A1i%20L%E1%BB%99&query_place_id=ChIJ5XO6UABbNDER2yt4g5xr0R0,Có,"Đĩa hoa quả thập cẩm lớn (Dưa hấu, ổi, xoài, nho): 130,000đ/đĩa (Hoa quả tươi ngon cắt lát đẹp mắt) | Khô mực nướng cồn: 160,000đ/con (Mực khô Vân Đồn nướng cồn xé tay) | Thịt bò khô xé sợi vắt chanh: 80,000đ/đĩa (Bò khô sợi cay cay ngọt ngọt) | Khoai tây chiên lắc phô mai: 45,000đ/đĩa (Khoai tây chiên giòn tan phủ bột phô mai) | Hạt hướng dương sạch: 23,000đ/đĩa (Hạt hướng dương rang thơm) | Bia Heineken lon: 22,000đ/lon (Bia ngoại ướp lạnh sẵn) | Bia Hà Nội lon: 21,000đ/lon (Bia nội truyền thống) | Nước ngọt Coca-Cola / Sting: 18,000đ/lon (Nước ngọt các loại phục vụ lạnh)"
ChIJkegjTwBRNDER10IochTPo2E,Phở bò Mạnh Thơm,21.0291728,105.5966627,5.0,2,22 Đ. Chùa Tây Phương,Hà Nội,"Tây Phương, Hà Nội",VN,,+84 386 489 171,Nhà hàng,https://www.google.com/maps/search/?api=1&query=Ph%E1%BB%9F%20b%C3%B2%20M%E1%BA%A1nh%20Th%C6%A1m&query_place_id=ChIJkegjTwBRNDER10IochTPo2E,Có,"Phở chín bò ta: 37,000đ/bát (Nước dùng phở bò ninh xương ống ngọt lịm kèm thịt chín thái mỏng) | Phở tái chần: 35,000đ/bát (Phở bò với thịt bò tươi chần tái mềm ngọt) | Phở nạm gầu giòn: 35,000đ/bát (Bánh phở mềm cùng nạm bò và gầu bò giòn sần sật) | Phở tái lăn đặc biệt: 47,000đ/bát (Phở bò xào tái lăn thơm mùi tỏi phi) | Trứng gà trần: 10,000đ/quả (Trứng trần nước phở béo ngậy) | Quẩy giòn: 8,000đ/chiếc (Quẩy giòn ăn kèm nước phở)"
ChIJOe_NWwBbNDER5uJaYJiFzig,Tiệm Nhà Cua,21.0251967,105.5238425,5.0,2,"Khu Công Nghệ Cao Hòa Lạc, Thôn",Hà Nội,"Hòa Lạc, Hà Nội",VN,,+84 989 619 007,Quán cà phê,https://www.google.com/maps/search/?api=1&query=Ti%E1%BB%87m%20Nh%C3%A0%20Cua&query_place_id=ChIJOe_NWwBbNDER5uJaYJiFzig,Có,"Cà phê đen đá pha phin: 22,000đ/ly (Cà phê đen truyền thống đậm đà) | Cà phê sữa đá: 22,000đ/ly (Cà phê sữa pha phin béo ngậy) | Bạc xỉu cốt dừa: 33,000đ/ly (Nhiều sữa béo ngậy vị dừa hòa quyện chút cà phê) | Trà đào cam sả: 37,000đ/ly (Trà đào thơm mát kết hợp lát đào cam tươi sả thơm) | Trà sữa trân châu truyền thống: 35,000đ/ly (Trà sữa đậm trà kèm trân châu đen dai giòn) | Sinh tố bơ sáp: 33,000đ/ly (Sinh tố bơ sáp tươi ngon xay sữa đặc ngậy béo) | Nước ép cam nguyên chất: 33,000đ/ly (Ép cam sành tự nhiên nhiều vitamin C)"
ChIJa3eo-HFbNDER3MBc8iDz8D0,Green Cafe,21.0044771,105.5194719,4.5,2,"236 mặt, QL21A",Hà Nội,"Hòa Lạc, Hà Nội",VN,,+84 385 457 886,Quán cà phê,https://www.google.com/maps/search/?api=1&query=Green%20Cafe&query_place_id=ChIJa3eo-HFbNDER3MBc8iDz8D0,Có,"Cà phê đen đá pha phin: 19,000đ/ly (Cà phê đen truyền thống đậm đà) | Cà phê sữa đá: 25,000đ/ly (Cà phê sữa pha phin béo ngậy) | Bạc xỉu cốt dừa: 33,000đ/ly (Nhiều sữa béo ngậy vị dừa hòa quyện chút cà phê) | Trà đào cam sả: 35,000đ/ly (Trà đào thơm mát kết hợp lát đào cam tươi sả thơm) | Trà sữa trân châu truyền thống: 40,000đ/ly (Trà sữa đậm trà kèm trân châu đen dai giòn) | Sinh tố bơ sáp: 37,000đ/ly (Sinh tố bơ sáp tươi ngon xay sữa đặc ngậy béo) | Nước ép cam nguyên chất: 30,000đ/ly (Ép cam sành tự nhiên nhiều vitamin C)"
ChIJ8SlXGABbNDER-Plb16NCOCE,Phở Cồ Quán,21.0010031,105.557905,5.0,2,2H25+95G,Hà Nội,"Hạ Bằng, Hà Nội",VN,,,Nhà hàng phở,https://www.google.com/maps/search/?api=1&query=Ph%E1%BB%9F%20C%E1%BB%93%20Qu%C3%A1n&query_place_id=ChIJ8SlXGABbNDER-Plb16NCOCE,Có,"Phở chín bò ta: 30,000đ/bát (Nước dùng phở bò ninh xương ống ngọt lịm kèm thịt chín thái mỏng) | Phở tái chần: 35,000đ/bát (Phở bò với thịt bò tươi chần tái mềm ngọt) | Phở nạm gầu giòn: 38,000đ/bát (Bánh phở mềm cùng nạm bò và gầu bò giòn sần sật) | Phở tái lăn đặc biệt: 40,000đ/bát (Phở bò xào tái lăn thơm mùi tỏi phi) | Trứng gà trần: 7,000đ/quả (Trứng trần nước phở béo ngậy) | Quẩy giòn: 8,000đ/chiếc (Quẩy giòn ăn kèm nước phở)"
ChIJtaQQXgBbNDERQGlxb_LLdYQ,Nhà Hàng Văn Muộn Chó Mèo,21.0005622,105.5570364,5.0,2,2H24+6RF,Hà Nội,"Hạ Bằng, Hà Nội",VN,,+84 367 049 123,Nhà hàng,https://www.google.com/maps/search/?api=1&query=Nh%C3%A0%20H%C3%A0ng%20V%C4%83n%20Mu%E1%BB%99n%20Ch%C3%B3%20M%C3%A8o&query_place_id=ChIJtaQQXgBbNDERQGlxb_LLdYQ,Có,"Cá kho tộ miền Tây đậm vị: 85,000đ/tộ (Cá trắm đen kho tộ sánh quyện nước hàng dừa) | Thịt ba chỉ rang cháy cạnh: 80,000đ/đĩa (Thịt ba chỉ ba chỉ giòn rưới mỡ hành) | Sườn non xào chua ngọt: 80,000đ/đĩa (Sườn non xào cùng dứa và ớt chuông sốt chua cay) | Rau muống luộc dầm sấu / xào tỏi: 30,000đ/đĩa (Rau muống tươi xanh luộc chấm nước mắm chanh ớt) | Canh riêu cua đồng cà pháo: 50,000đ/bát (Canh cua đồng mát lạnh ăn kèm cà pháo giòn tan) | Cơm trắng gạo tám thơm: 12,000đ/niêu (Niêu cơm gạo tám dẻo thơm)"
ChIJm95z8yVbNDERPD9vGOwmmJg,Karaoke Kov Xmen,21.0240196,105.549918,5.0,2,"2GFX+JX3, Unnamed",Hà Nội,"Hạ Bằng, Hà Nội",VN,,+84 971 009 417,Quán bar karaoke,https://www.google.com/maps/search/?api=1&query=Karaoke%20Kov%20Xmen&query_place_id=ChIJm95z8yVbNDERPD9vGOwmmJg,Có,"Đĩa hoa quả thập cẩm lớn (Dưa hấu, ổi, xoài, nho): 160,000đ/đĩa (Hoa quả tươi ngon cắt lát đẹp mắt) | Khô mực nướng cồn: 180,000đ/con (Mực khô Vân Đồn nướng cồn xé tay) | Thịt bò khô xé sợi vắt chanh: 85,000đ/đĩa (Bò khô sợi cay cay ngọt ngọt) | Khoai tây chiên lắc phô mai: 50,000đ/đĩa (Khoai tây chiên giòn tan phủ bột phô mai) | Hạt hướng dương sạch: 20,000đ/đĩa (Hạt hướng dương rang thơm) | Bia Heineken lon: 28,000đ/lon (Bia ngoại ướp lạnh sẵn) | Bia Hà Nội lon: 15,000đ/lon (Bia nội truyền thống) | Nước ngọt Coca-Cola / Sting: 12,000đ/lon (Nước ngọt các loại phục vụ lạnh)"
ChIJm3kObABbNDERsllCwkxph_4,Cafe Thông Đà Lạt,21.0221273,105.549827,4.0,2,2GCX+VW4,Hà Nội,"Hạ Bằng, Hà Nội",VN,,+84 829 396 396,Quán cà phê,https://www.google.com/maps/search/?api=1&query=Cafe%20Th%C3%B4ng%20%C4%90%C3%A0%20L%E1%BA%A1t&query_place_id=ChIJm3kObABbNDERsllCwkxph_4,Có,"Cà phê đen đá pha phin: 25,000đ/ly (Cà phê đen truyền thống đậm đà) | Cà phê sữa đá: 28,000đ/ly (Cà phê sữa pha phin béo ngậy) | Bạc xỉu cốt dừa: 33,000đ/ly (Nhiều sữa béo ngậy vị dừa hòa quyện chút cà phê) | Trà đào cam sả: 35,000đ/ly (Trà đào thơm mát kết hợp lát đào cam tươi sả thơm) | Trà sữa trân châu truyền thống: 37,000đ/ly (Trà sữa đậm trà kèm trân châu đen dai giòn) | Sinh tố bơ sáp: 40,000đ/ly (Sinh tố bơ sáp tươi ngon xay sữa đặc ngậy béo) | Nước ép cam nguyên chất: 27,000đ/ly (Ép cam sành tự nhiên nhiều vitamin C)"
ChIJrZoRAwBbNDER_i8ZSdaMhUo,Mộc Cafe,20.9901351,105.5163471,5.0,2,XGR8+3H2,Hà Nội,"Yên Xuân, Hà Nội",VN,,+84 852 999 888,Quán cà phê,https://www.google.com/maps/search/?api=1&query=M%E1%BB%99c%20Cafe&query_place_id=ChIJrZoRAwBbNDER_i8ZSdaMhUo,Có,"Cà phê đen đá pha phin: 19,000đ/ly (Cà phê đen truyền thống đậm đà) | Cà phê sữa đá: 28,000đ/ly (Cà phê sữa pha phin béo ngậy) | Bạc xỉu cốt dừa: 33,000đ/ly (Nhiều sữa béo ngậy vị dừa hòa quyện chút cà phê) | Trà đào cam sả: 37,000đ/ly (Trà đào thơm mát kết hợp lát đào cam tươi sả thơm) | Trà sữa trân châu truyền thống: 30,000đ/ly (Trà sữa đậm trà kèm trân châu đen dai giòn) | Sinh tố bơ sáp: 33,000đ/ly (Sinh tố bơ sáp tươi ngon xay sữa đặc ngậy béo) | Nước ép cam nguyên chất: 30,000đ/ly (Ép cam sành tự nhiên nhiều vitamin C)"
ChIJB8qE5bVbNDER80EnwSyHAr4,Karaoke Sen Vàng club,20.9896418,105.5296821,4.5,2,,Hà Nội,"Hòa Lạc, Hà Nội",VN,,+84 388 574 444,Quán bar karaoke,https://www.google.com/maps/search/?api=1&query=Karaoke%20Sen%20V%C3%A0ng%20club&query_place_id=ChIJB8qE5bVbNDER80EnwSyHAr4,Có,"Đĩa hoa quả thập cẩm lớn (Dưa hấu, ổi, xoài, nho): 160,000đ/đĩa (Hoa quả tươi ngon cắt lát đẹp mắt) | Khô mực nướng cồn: 170,000đ/con (Mực khô Vân Đồn nướng cồn xé tay) | Thịt bò khô xé sợi vắt chanh: 78,000đ/đĩa (Bò khô sợi cay cay ngọt ngọt) | Khoai tây chiên lắc phô mai: 43,000đ/đĩa (Khoai tây chiên giòn tan phủ bột phô mai) | Hạt hướng dương sạch: 23,000đ/đĩa (Hạt hướng dương rang thơm) | Bia Heineken lon: 28,000đ/lon (Bia ngoại ướp lạnh sẵn) | Bia Hà Nội lon: 18,000đ/lon (Bia nội truyền thống) | Nước ngọt Coca-Cola / Sting: 18,000đ/lon (Nước ngọt các loại phục vụ lạnh)"
ChIJl2manOFbNDER2zTRf79U1AM,Karaoke miền Tây,20.9894045,105.5312919,4.0,2,"Đường gom, CT03",Hà Nội,"Hòa Lạc, Hà Nội",VN,,+84 973 781 323,Quán bar karaoke,https://www.google.com/maps/search/?api=1&query=Karaoke%20mi%E1%BB%81n%20T%C3%A2y&query_place_id=ChIJl2manOFbNDER2zTRf79U1AM,Có,"Đĩa hoa quả thập cẩm lớn (Dưa hấu, ổi, xoài, nho): 170,000đ/đĩa (Hoa quả tươi ngon cắt lát đẹp mắt) | Khô mực nướng cồn: 190,000đ/con (Mực khô Vân Đồn nướng cồn xé tay) | Thịt bò khô xé sợi vắt chanh: 82,000đ/đĩa (Bò khô sợi cay cay ngọt ngọt) | Khoai tây chiên lắc phô mai: 47,000đ/đĩa (Khoai tây chiên giòn tan phủ bột phô mai) | Hạt hướng dương sạch: 20,000đ/đĩa (Hạt hướng dương rang thơm) | Bia Heineken lon: 22,000đ/lon (Bia ngoại ướp lạnh sẵn) | Bia Hà Nội lon: 15,000đ/lon (Bia nội truyền thống) | Nước ngọt Coca-Cola / Sting: 12,000đ/lon (Nước ngọt các loại phục vụ lạnh)"
ChIJI1xdfgBbNDERSgybc5LZzK8,Lyly Nguyễn,20.9891814,105.5311728,3.0,2,XGQJ+MCQ,Hà Nội,"Hòa Lạc, Hà Nội",VN,,,Quán bar karaoke,https://www.google.com/maps/search/?api=1&query=Lyly%20Nguy%E1%BB%85n&query_place_id=ChIJI1xdfgBbNDERSgybc5LZzK8,Có,"Đĩa hoa quả thập cẩm lớn (Dưa hấu, ổi, xoài, nho): 170,000đ/đĩa (Hoa quả tươi ngon cắt lát đẹp mắt) | Khô mực nướng cồn: 190,000đ/con (Mực khô Vân Đồn nướng cồn xé tay) | Thịt bò khô xé sợi vắt chanh: 82,000đ/đĩa (Bò khô sợi cay cay ngọt ngọt) | Khoai tây chiên lắc phô mai: 47,000đ/đĩa (Khoai tây chiên giòn tan phủ bột phô mai) | Hạt hướng dương sạch: 17,000đ/đĩa (Hạt hướng dương rang thơm) | Bia Heineken lon: 25,000đ/lon (Bia ngoại ướp lạnh sẵn) | Bia Hà Nội lon: 18,000đ/lon (Bia nội truyền thống) | Nước ngọt Coca-Cola / Sting: 12,000đ/lon (Nước ngọt các loại phục vụ lạnh)"
ChIJCUKzegBbNDERUsZwkmB0vxE,Nhà hàng Dê ngon Nguyễn Gia,21.0241375,105.5202344,5.0,2,2GFC+M35,Hà Nội,"Hòa Lạc, Hà Nội",VN,,+84 936 349 566,Nhà hàng,https://www.google.com/maps/search/?api=1&query=Nh%C3%A0%20h%C3%A0ng%20D%C3%AA%20ngon%20Nguy%E1%BB%85n%20Gia&query_place_id=ChIJCUKzegBbNDERUsZwkmB0vxE,Có,"Thịt trâu xào lá lốt: 140,000đ/đĩa (Thịt trâu tươi mềm ngọt xào lá lốt thơm lừng) | Thịt trâu nhúng mẻ chua cay: 170,000đ/đĩa (Thịt trâu nhúng nước dùng mẻ chua thanh nhẹ) | Dê tái chanh chấm tương gừng: 170,000đ/đĩa (Thịt dê núi hấp tái trộn vừng sả lá chanh) | Dê né bản gang: 140,000đ/đĩa (Dê xào nóng hổi trên bản gang kèm đậu bắp) | Lẩu dê núi nhúng mẻ: 419,000đ/nồi (Nồi lẩu dê núi ré thơm ngon kèm rau nhúng đặc sản) | Cơm cháy sốt dê: 65,000đ/đĩa (Cơm cháy giòn tan rưới nước sốt dê đậm vị)"
ChIJn3ruFWxbNDER1OyRSk2FVmQ,Coffee 11.2,21.0275012,105.526053,5.0,2,ĐT420,Hà Nội,"Hòa Lạc, Hà Nội",VN,,+84 902 468 626,Khu ăn uống,https://www.google.com/maps/search/?api=1&query=Coffee%2011.2&query_place_id=ChIJn3ruFWxbNDER1OyRSk2FVmQ,Có,"Cà phê đen đá pha phin: 19,000đ/ly (Cà phê đen truyền thống đậm đà) | Cà phê sữa đá: 25,000đ/ly (Cà phê sữa pha phin béo ngậy) | Bạc xỉu cốt dừa: 27,000đ/ly (Nhiều sữa béo ngậy vị dừa hòa quyện chút cà phê) | Trà đào cam sả: 35,000đ/ly (Trà đào thơm mát kết hợp lát đào cam tươi sả thơm) | Trà sữa trân châu truyền thống: 30,000đ/ly (Trà sữa đậm trà kèm trân châu đen dai giòn) | Sinh tố bơ sáp: 33,000đ/ly (Sinh tố bơ sáp tươi ngon xay sữa đặc ngậy béo) | Nước ép cam nguyên chất: 30,000đ/ly (Ép cam sành tự nhiên nhiều vitamin C)"
ChIJWTmWNABbNDERjg6QGwFQhhQ,Mộc Thuỷ Quán- Trà sữa-Cafe-Mỳ Cay- Đồ ăn vặt,21.0270008,105.5333641,5.0,2,Số 60 Thôn 11 Xã,Hà Nội,"Hòa Lạc, Hà Nội",VN,,+84 769 431 865,Quán cà phê,https://www.google.com/maps/search/?api=1&query=M%E1%BB%99c%20Thu%E1%BB%B7%20Qu%C3%A1n-%20Tr%C3%A0%20s%E1%BB%AFa-Cafe-M%E1%BB%B3%20Cay-%20%C4%90%E1%BB%93%20%C4%83n%20v%E1%BA%B7t&query_place_id=ChIJWTmWNABbNDERjg6QGwFQhhQ,Có,"Cà phê đen đá pha phin: 19,000đ/ly (Cà phê đen truyền thống đậm đà) | Cà phê sữa đá: 28,000đ/ly (Cà phê sữa pha phin béo ngậy) | Bạc xỉu cốt dừa: 33,000đ/ly (Nhiều sữa béo ngậy vị dừa hòa quyện chút cà phê) | Trà đào cam sả: 37,000đ/ly (Trà đào thơm mát kết hợp lát đào cam tươi sả thơm) | Trà sữa trân châu truyền thống: 35,000đ/ly (Trà sữa đậm trà kèm trân châu đen dai giòn) | Sinh tố bơ sáp: 40,000đ/ly (Sinh tố bơ sáp tươi ngon xay sữa đặc ngậy béo) | Nước ép cam nguyên chất: 27,000đ/ly (Ép cam sành tự nhiên nhiều vitamin C)"
ChIJ97sWR7RbNDEROaINHFO_EbM,Karaoke King Club,21.005392,105.5556824,5.0,2,,Hà Nội,"Hạ Bằng, Hà Nội",VN,,+84 976 850 697,Quán bar,https://www.google.com/maps/search/?api=1&query=Karaoke%20King%20Club&query_place_id=ChIJ97sWR7RbNDEROaINHFO_EbM,Có,"Đĩa hoa quả thập cẩm lớn (Dưa hấu, ổi, xoài, nho): 140,000đ/đĩa (Hoa quả tươi ngon cắt lát đẹp mắt) | Khô mực nướng cồn: 200,000đ/con (Mực khô Vân Đồn nướng cồn xé tay) | Thịt bò khô xé sợi vắt chanh: 80,000đ/đĩa (Bò khô sợi cay cay ngọt ngọt) | Khoai tây chiên lắc phô mai: 40,000đ/đĩa (Khoai tây chiên giòn tan phủ bột phô mai) | Hạt hướng dương sạch: 23,000đ/đĩa (Hạt hướng dương rang thơm) | Bia Heineken lon: 25,000đ/lon (Bia ngoại ướp lạnh sẵn) | Bia Hà Nội lon: 21,000đ/lon (Bia nội truyền thống) | Nước ngọt Coca-Cola / Sting: 12,000đ/lon (Nước ngọt các loại phục vụ lạnh)"
ChIJXwPV0EFbNDERyX0gtPgT0p8,Nhà Hàng Lê Ngợi,21.033692,105.5446145,4.0,2,2GMV+FRH,Hà Nội,"Hòa Lạc, Hà Nội",VN,,+84 869 268 983,Nhà hàng,https://www.google.com/maps/search/?api=1&query=Nh%C3%A0%20H%C3%A0ng%20L%C3%AA%20Ng%E1%BB%A3i&query_place_id=ChIJXwPV0EFbNDERyX0gtPgT0p8,Có,"Cá kho tộ miền Tây đậm vị: 83,000đ/tộ (Cá trắm đen kho tộ sánh quyện nước hàng dừa) | Thịt ba chỉ rang cháy cạnh: 70,000đ/đĩa (Thịt ba chỉ ba chỉ giòn rưới mỡ hành) | Sườn non xào chua ngọt: 78,000đ/đĩa (Sườn non xào cùng dứa và ớt chuông sốt chua cay) | Rau muống luộc dầm sấu / xào tỏi: 30,000đ/đĩa (Rau muống tươi xanh luộc chấm nước mắm chanh ớt) | Canh riêu cua đồng cà pháo: 47,000đ/bát (Canh cua đồng mát lạnh ăn kèm cà pháo giòn tan) | Cơm trắng gạo tám thơm: 12,000đ/niêu (Niêu cơm gạo tám dẻo thơm)"
ChIJcbTjHgBZNDERVO-wJZ_X0tU,Cồ thủy,21.0458007,105.5074707,5.0,1,405 QL21A,Hà Nội,"Đoài Phương, Hà Nội",VN,,+84 982 101 577,Nhà hàng,https://www.google.com/maps/search/?api=1&query=C%E1%BB%93%20th%E1%BB%A7y&query_place_id=ChIJcbTjHgBZNDERVO-wJZ_X0tU,Có,"Cá kho tộ miền Tây đậm vị: 90,000đ/tộ (Cá trắm đen kho tộ sánh quyện nước hàng dừa) | Thịt ba chỉ rang cháy cạnh: 80,000đ/đĩa (Thịt ba chỉ ba chỉ giòn rưới mỡ hành) | Sườn non xào chua ngọt: 85,000đ/đĩa (Sườn non xào cùng dứa và ớt chuông sốt chua cay) | Rau muống luộc dầm sấu / xào tỏi: 27,000đ/đĩa (Rau muống tươi xanh luộc chấm nước mắm chanh ớt) | Canh riêu cua đồng cà pháo: 40,000đ/bát (Canh cua đồng mát lạnh ăn kèm cà pháo giòn tan) | Cơm trắng gạo tám thơm: 18,000đ/niêu (Niêu cơm gạo tám dẻo thơm)"
ChIJdVS2PwBZNDERbaiNQ595Fkk,Tú Bọ coffee - Vietlot - Xổ số,21.0464889,105.5064666,5.0,1,"2GW4+HJR, QL21A",Hà Nội,"Hòa Lạc, Hà Nội",VN,,,Quán cà phê,https://www.google.com/maps/search/?api=1&query=T%C3%BA%20B%E1%BB%8D%20coffee%20-%20Vietlot%20-%20X%E1%BB%95%20s%E1%BB%91&query_place_id=ChIJdVS2PwBZNDERbaiNQ595Fkk,Có,"Cà phê đen đá pha phin: 22,000đ/ly (Cà phê đen truyền thống đậm đà) | Cà phê sữa đá: 25,000đ/ly (Cà phê sữa pha phin béo ngậy) | Bạc xỉu cốt dừa: 30,000đ/ly (Nhiều sữa béo ngậy vị dừa hòa quyện chút cà phê) | Trà đào cam sả: 33,000đ/ly (Trà đào thơm mát kết hợp lát đào cam tươi sả thơm) | Trà sữa trân châu truyền thống: 37,000đ/ly (Trà sữa đậm trà kèm trân châu đen dai giòn) | Sinh tố bơ sáp: 30,000đ/ly (Sinh tố bơ sáp tươi ngon xay sữa đặc ngậy béo) | Nước ép cam nguyên chất: 33,000đ/ly (Ép cam sành tự nhiên nhiều vitamin C)"
ChIJaRla5ehfNDERjvrMZ4zOYo4,Cà phê Vương,21.0460684,105.5073277,5.0,1,Ngã Tư Lục Quân,Hà Nội,"Đoài Phương, Hà Nội",VN,,+84 346 497 373,Quán cà phê,https://www.google.com/maps/search/?api=1&query=C%C3%A0%20ph%C3%AA%20V%C6%B0%C6%A1ng&query_place_id=ChIJaRla5ehfNDERjvrMZ4zOYo4,Có,"Cà phê đen đá pha phin: 25,000đ/ly (Cà phê đen truyền thống đậm đà) | Cà phê sữa đá: 28,000đ/ly (Cà phê sữa pha phin béo ngậy) | Bạc xỉu cốt dừa: 30,000đ/ly (Nhiều sữa béo ngậy vị dừa hòa quyện chút cà phê) | Trà đào cam sả: 37,000đ/ly (Trà đào thơm mát kết hợp lát đào cam tươi sả thơm) | Trà sữa trân châu truyền thống: 35,000đ/ly (Trà sữa đậm trà kèm trân châu đen dai giòn) | Sinh tố bơ sáp: 40,000đ/ly (Sinh tố bơ sáp tươi ngon xay sữa đặc ngậy béo) | Nước ép cam nguyên chất: 27,000đ/ly (Ép cam sành tự nhiên nhiều vitamin C)"
ChIJiT-zSABfNDERVooNsWw4qI0,A Hiếu Tea & Coffee,21.0353277,105.5134431,5.0,1,792 Thôn 6,Hà Nội,"Hòa Lạc, Hà Nội",VN,,+84 974 505 992,Quán cà phê,https://www.google.com/maps/search/?api=1&query=A%20Hi%E1%BA%BFu%20Tea%20%26%20Coffee&query_place_id=ChIJiT-zSABfNDERVooNsWw4qI0,Có,"Cà phê đen đá pha phin: 25,000đ/ly (Cà phê đen truyền thống đậm đà) | Cà phê sữa đá: 28,000đ/ly (Cà phê sữa pha phin béo ngậy) | Bạc xỉu cốt dừa: 30,000đ/ly (Nhiều sữa béo ngậy vị dừa hòa quyện chút cà phê) | Trà đào cam sả: 40,000đ/ly (Trà đào thơm mát kết hợp lát đào cam tươi sả thơm) | Trà sữa trân châu truyền thống: 40,000đ/ly (Trà sữa đậm trà kèm trân châu đen dai giòn) | Sinh tố bơ sáp: 40,000đ/ly (Sinh tố bơ sáp tươi ngon xay sữa đặc ngậy béo) | Nước ép cam nguyên chất: 33,000đ/ly (Ép cam sành tự nhiên nhiều vitamin C)"
ChIJrdtOBwBbNDERiqAplycVB4g,Choén,21.0076098,105.5180778,5.0,1,2G59+26W,Hà Nội,"Hòa Lạc, Hà Nội",VN,,+84 336 550 836,Nhà hàng ăn nhanh,https://www.google.com/maps/search/?api=1&query=Cho%C3%A9n&query_place_id=ChIJrdtOBwBbNDERiqAplycVB4g,Có,"Gà rán giòn rụm tiêu cay (1 miếng): 33,000đ/miếng (Thịt gà tươi tẩm bột chiên vàng giòn da ngoài mọng nước bên trong) | Burger bò phô mai xá xíu đặc biệt: 50,000đ/chiếc (Burger kẹp bò băm nướng lò, phô mai lát béo ngậy, sốt đặc biệt) | Pizza xúc xích xông khói phô mai (Size 20cm): 110,000đ/chiếc (Đế pizza nướng giòn rưới đẫm phô mai Mozzarella nhập khẩu) | Khoai tây chiên giòn cọng lớn: 22,000đ/đĩa (Khoai tây vàng giòn tơi xốp ăn kèm sốt cà chua)"
ChIJ9RPqCABbNDER7Uqfqj-1VTY,Bún Chả Thu Hà,21.0026031,105.520668,5.0,1,"2G3C+27M, QL21A",Hà Nội,"Hòa Lạc, Hà Nội",VN,,+84 898 243 680,Nhà hàng phục vụ phần ăn nhỏ,https://www.google.com/maps/search/?api=1&query=B%C3%BAn%20Ch%E1%BA%A3%20Thu%20H%C3%A0&query_place_id=ChIJ9RPqCABbNDER7Uqfqj-1VTY,Có,"Bún đậu mắm tôm đầy đủ (Đậu, thịt chân giò, nem chua rán, chả cốm): 40,000đ/suất (Mẹt bún đậu đầy đủ nguyên liệu tươi ngon kèm rau thơm kinh giới) | Bún đậu thường (Đậu chiên giòn): 25,000đ/suất (Bún đậu chay đơn giản với đậu phụ rán giòn) | Bún chả Hà Nội truyền thống: 42,000đ/suất (Chả miếng và chả viên nướng than hoa thơm phức trong bát nước chấm chua ngọt) | Nem cua bể chiên giòn: 18,000đ/chiếc (Nem cua bể giòn rụm nhiều nhân) | Nước sấu đá ngầm chua ngọt: 12,000đ/cốc (Đồ uống giải nhiệt cực hợp vị bún đậu)"
ChIJF7MqUABbNDER78IFbUUpua4,Hoa Hồng Quán,21.0134392,105.5187601,5.0,1,64 QL21A,Hà Nội,"Hòa Lạc, Hà Nội",VN,https://www.facebook.com/share/1BcZDCMeEH/?mibextid=wwXIfr,+84 886 807 777,Nhà hàng,https://www.google.com/maps/search/?api=1&query=Hoa%20H%E1%BB%93ng%20Qu%C3%A1n&query_place_id=ChIJF7MqUABbNDER78IFbUUpua4,Có,"Cá kho tộ miền Tây đậm vị: 85,000đ/tộ (Cá trắm đen kho tộ sánh quyện nước hàng dừa) | Thịt ba chỉ rang cháy cạnh: 73,000đ/đĩa (Thịt ba chỉ ba chỉ giòn rưới mỡ hành) | Sườn non xào chua ngọt: 75,000đ/đĩa (Sườn non xào cùng dứa và ớt chuông sốt chua cay) | Rau muống luộc dầm sấu / xào tỏi: 30,000đ/đĩa (Rau muống tươi xanh luộc chấm nước mắm chanh ớt) | Canh riêu cua đồng cà pháo: 47,000đ/bát (Canh cua đồng mát lạnh ăn kèm cà pháo giòn tan) | Cơm trắng gạo tám thơm: 15,000đ/niêu (Niêu cơm gạo tám dẻo thơm)"
ChIJH_NyWABbNDERujHbDDzUs2Q,Nhà hàng Cơm Quê Phú Bà - Hương Vị Việt,21.0117707,105.5176633,5.0,1,Nhà 09,Hà Nội,"Hòa Lạc, Hà Nội",VN,,+84 562 712 222,Nhà hàng,https://www.google.com/maps/search/?api=1&query=Nh%C3%A0%20h%C3%A0ng%20C%C6%A1m%20Qu%C3%AA%20Ph%C3%BA%20B%C3%A0%20-%20H%C6%B0%C6%A1ng%20V%E1%BB%8B%20Vi%E1%BB%87t&query_place_id=ChIJH_NyWABbNDERujHbDDzUs2Q,Có,"Cơm rang dưa bò: 40,000đ/đĩa (Cơm rang hạt giòn tơi xào cùng cải dưa chua và thịt bò tươi mềm) | Cơm rang thập cẩm giòn: 37,000đ/đĩa (Cơm rang lạp xưởng ngô ngọt đậu hà lan rưới trứng vàng) | Cơm thố xá xíu nóng hổi: 45,000đ/thố (Cơm nấu niêu thố đất tạo lớp cháy giòn nhẹ, phủ thịt xá xíu đậm sốt) | Suất cơm bình dân tự chọn (3 món mặn + rau): 33,000đ/suất (Cơm suất bình dân đầy đặn sạch sẽ cho sinh viên và người đi làm) | Cơm tấm sườn bì chả Sài Gòn: 38,000đ/đĩa (Cơm tấm ăn kèm sườn nướng mặn ngọt chả trứng bì heo thính và nước mắm chua cay)"
ChIJYQh0iAlbNDER9rfwlb6HnH0,Bia Hơi Chuẩn Hoàng Hoa Thám,21.0054067,105.5186414,5.0,1,Đường 21,Hà Nội,"Hòa Lạc, Hà Nội",VN,,,Nhà hàng,https://www.google.com/maps/search/?api=1&query=Bia%20H%C6%A1i%20Chu%E1%BA%A9n%20Ho%C3%A0ng%20Hoa%20Th%C3%A1m&query_place_id=ChIJYQh0iAlbNDER9rfwlb6HnH0,Có,"Bia hơi Hà Nội mát lạnh: 12,000đ/cốc (Bia hơi tươi rói rót trực tiếp từ vòi bom lạnh) | Đậu phụ lướt ván nóng giòn: 27,000đ/đĩa (Đậu hũ non chiên lướt ván ngoài vàng giòn trong mịn mượt như thạch) | Đĩa lạc rang muối / lạc luộc mộc mạc: 12,000đ/đĩa (Đồ nhắm bia truyền thống) | Nộm tai heo đu đủ xanh chua ngọt: 60,000đ/đĩa (Tai heo giòn sần sật trộn đu đủ bào sợi nước nộm chua ngọt sảng khoái) | Sụn gà chiên mắm rang muối: 97,000đ/đĩa (Sụn gà ta giòn sần sật tẩm ướp chiên xóc muối ớt tỏi)"
ChIJb5HoPwBbNDERbk38AiKU5Mg,"Chốt Quán - Bánh Mì Patê Xá Xíu, Thịt Nướng Doner Kebab, Lạp Xưởng Xúc Xích",21.0121183,105.518977,5.0,1,87 Thôn 3,Hà Nội,"Hòa Lạc, Hà Nội",VN,,+84 988 581 291,Nhà hàng ăn nhanh,https://www.google.com/maps/search/?api=1&query=Ch%E1%BB%91t%20Qu%C3%A1n%20-%20B%C3%A1nh%20M%C3%AC%20Pat%C3%AA%20X%C3%A1%20X%C3%ADu%2C%20Th%E1%BB%8Bt%20N%C6%B0%E1%BB%9Bng%20Doner%20Kebab%2C%20L%E1%BA%A1p%20X%C6%B0%E1%BB%9Fng%20X%C3%BAc%20X%C3%ADch&query_place_id=ChIJb5HoPwBbNDERbk38AiKU5Mg,Có,"Lẩu cua đồng sườn sụn bắp bò: 350,000đ/nồi (Nồi lẩu riêu cua đồng nguyên chất siêu nhiều gạch, kèm bắp bò sườn sụn) | Lẩu Thái hải sản chua cay: 409,000đ/nồi (Nước lẩu Tomyum chua cay nhúng tôm, mực, ngao, nấm) | Set nướng BBQ thập cẩm bò ba chỉ: 319,000đ/set (Bắp bò, ba chỉ heo cuộn nấm kim châm tẩm sốt BBQ nướng xèo xèo) | Ba chỉ bò Mỹ nhúng thêm: 75,000đ/đĩa (Thịt ba chỉ bò Mỹ thái mỏng cuốn nấm) | Sườn sụn non heo thêm: 75,000đ/đĩa (Sườn non giòn sần sật nhúng lẩu) | Rau nấm tổng hợp nhúng lẩu: 30,000đ/đĩa (Nấm kim châm, cải thảo, rau muống tươi)"
ChIJB9mQt5NbNDERobFKp7XgQMM,Bánh tráng cuốn Mai Hương,21.011029,105.518385,5.0,1,"2G69+C96, QL21A",Hà Nội,"Hòa Lạc, Hà Nội",VN,,+84 369 254 530,Quán ăn nhỏ,https://www.google.com/maps/search/?api=1&query=B%C3%A1nh%20tr%C3%A1ng%20cu%E1%BB%91n%20Mai%20H%C6%B0%C6%A1ng&query_place_id=ChIJB9mQt5NbNDERobFKp7XgQMM,Có,"Cá kho tộ miền Tây đậm vị: 90,000đ/tộ (Cá trắm đen kho tộ sánh quyện nước hàng dừa) | Thịt ba chỉ rang cháy cạnh: 70,000đ/đĩa (Thịt ba chỉ ba chỉ giòn rưới mỡ hành) | Sườn non xào chua ngọt: 78,000đ/đĩa (Sườn non xào cùng dứa và ớt chuông sốt chua cay) | Rau muống luộc dầm sấu / xào tỏi: 27,000đ/đĩa (Rau muống tươi xanh luộc chấm nước mắm chanh ớt) | Canh riêu cua đồng cà pháo: 45,000đ/bát (Canh cua đồng mát lạnh ăn kèm cà pháo giòn tan) | Cơm trắng gạo tám thơm: 15,000đ/niêu (Niêu cơm gạo tám dẻo thơm)"
ChIJcQfOTgBbNDERP8Cg81U85Xs,Tiệm trà Bảo An,21.0122812,105.5186545,5.0,1,"2G69+WF3, QL21A",Hà Nội,"Hòa Lạc, Hà Nội",VN,,,Nhà hàng,https://www.google.com/maps/search/?api=1&query=Ti%E1%BB%87m%20tr%C3%A0%20B%E1%BA%A3o%20An&query_place_id=ChIJcQfOTgBbNDERP8Cg81U85Xs,Có,"Cà phê đen đá pha phin: 19,000đ/ly (Cà phê đen truyền thống đậm đà) | Cà phê sữa đá: 28,000đ/ly (Cà phê sữa pha phin béo ngậy) | Bạc xỉu cốt dừa: 33,000đ/ly (Nhiều sữa béo ngậy vị dừa hòa quyện chút cà phê) | Trà đào cam sả: 40,000đ/ly (Trà đào thơm mát kết hợp lát đào cam tươi sả thơm) | Trà sữa trân châu truyền thống: 40,000đ/ly (Trà sữa đậm trà kèm trân châu đen dai giòn) | Sinh tố bơ sáp: 35,000đ/ly (Sinh tố bơ sáp tươi ngon xay sữa đặc ngậy béo) | Nước ép cam nguyên chất: 33,000đ/ly (Ép cam sành tự nhiên nhiều vitamin C)"
ChIJQyrCjpRbNDERa86K8LVri0k,Tâm Hoa - Nướng Bbq,21.0129505,105.5191142,5.0,1,,Hà Nội,"Hòa Lạc, Hà Nội",VN,,,Nhà hàng,https://www.google.com/maps/search/?api=1&query=T%C3%A2m%20Hoa%20-%20N%C6%B0%E1%BB%9Bng%20Bbq&query_place_id=ChIJQyrCjpRbNDERa86K8LVri0k,Có,"Lẩu cua đồng sườn sụn bắp bò: 360,000đ/nồi (Nồi lẩu riêu cua đồng nguyên chất siêu nhiều gạch, kèm bắp bò sườn sụn) | Lẩu Thái hải sản chua cay: 389,000đ/nồi (Nước lẩu Tomyum chua cay nhúng tôm, mực, ngao, nấm) | Set nướng BBQ thập cẩm bò ba chỉ: 289,000đ/set (Bắp bò, ba chỉ heo cuộn nấm kim châm tẩm sốt BBQ nướng xèo xèo) | Ba chỉ bò Mỹ nhúng thêm: 85,000đ/đĩa (Thịt ba chỉ bò Mỹ thái mỏng cuốn nấm) | Sườn sụn non heo thêm: 80,000đ/đĩa (Sườn non giòn sần sật nhúng lẩu) | Rau nấm tổng hợp nhúng lẩu: 30,000đ/đĩa (Nấm kim châm, cải thảo, rau muống tươi)"
ChIJpSMKfgNbNDERfUO6ay-dxt4,Góc Ăn Vặt,21.0074672,105.5179562,5.0,1,,Hà Nội,"Hòa Lạc, Hà Nội",VN,,+84 325 450 959,Nhà hàng,https://www.google.com/maps/search/?api=1&query=G%C3%B3c%20%C4%82n%20V%E1%BA%B7t&query_place_id=ChIJpSMKfgNbNDERfUO6ay-dxt4,Có,"Ốc luộc sả lá chanh truyền thống: 40,000đ/bát (Ốc vặn/ốc nhồi mít luộc thơm mùi sả chấm nước mắm gừng cay ngọt đặc sản) | Ốc móng tay xào bơ tỏi thơm lừng: 72,000đ/đĩa (Ốc móng tay tươi ngọt sốt bơ tỏi sánh béo chấm bánh mì tuyệt đỉnh) | Nem chua rán giòn rụm (10 cái): 50,000đ/đĩa (Nem chua rán nóng hổi chấm tương ớt cay nồng) | Khoai tây chiên lắc bột phô mai: 37,000đ/đĩa (Món khai vị ăn vặt khoái khẩu) | Trà quất mật ong khổng lồ: 12,000đ/cốc (Trà quất mát chua ngọt cực đã khát)"
ChIJGbZkfwBbNDERJqYhy3uxZZE,Bún Cháo Tuấn Hưng Gà Mía,21.0020263,105.5216971,5.0,1,2G2C+FHX,Hà Nội,"Hòa Lạc, Hà Nội",VN,,,Quán mì,https://www.google.com/maps/search/?api=1&query=B%C3%BAn%20Ch%C3%A1o%20Tu%E1%BA%A5n%20H%C6%B0ng%20G%C3%A0%20M%C3%ADa&query_place_id=ChIJGbZkfwBbNDERJqYhy3uxZZE,Có,"Gà ri hấp lá chanh (Cả con): 220,000đ/con (Gà ri đồi nuôi thả tự nhiên dai ngọt da vàng giòn) | Gà ri nướng mật ong (Cả con): 260,000đ/con (Gà ri nướng mật ong thơm phức vàng óng) | Gà rang muối tỏi: 140,000đ/đĩa (Gà ta chặt miếng rang muối đậm đà sần sật) | Lẩu gà ri thuốc bắc: 330,000đ/nồi (Nồi lẩu gà ri thuốc bắc bổ dưỡng kèm rau nấm) | Xôi chim câu hành phi: 80,000đ/đĩa (Xôi nếp dẻo thơm ăn kèm thịt chim câu băm nhỏ) | Lòng mề gà xào mướp giá: 70,000đ/đĩa (Lòng mề gà ri giòn xào mướp hương thơm phức)"
ChIJQ1AUcgBbNDER0Jbg6dQj3nQ,Ốc Sài Gòn,21.0105503,105.5183095,3.0,1,346 thôn 3,Hà Nội,"Hòa Lạc, Hà Nội",VN,,,Quán ăn nhỏ,https://www.google.com/maps/search/?api=1&query=%E1%BB%90c%20S%C3%A0i%20G%C3%B2n&query_place_id=ChIJQ1AUcgBbNDER0Jbg6dQj3nQ,Có,"Ốc luộc sả lá chanh truyền thống: 38,000đ/bát (Ốc vặn/ốc nhồi mít luộc thơm mùi sả chấm nước mắm gừng cay ngọt đặc sản) | Ốc móng tay xào bơ tỏi thơm lừng: 68,000đ/đĩa (Ốc móng tay tươi ngọt sốt bơ tỏi sánh béo chấm bánh mì tuyệt đỉnh) | Nem chua rán giòn rụm (10 cái): 45,000đ/đĩa (Nem chua rán nóng hổi chấm tương ớt cay nồng) | Khoai tây chiên lắc bột phô mai: 35,000đ/đĩa (Món khai vị ăn vặt khoái khẩu) | Trà quất mật ong khổng lồ: 18,000đ/cốc (Trà quất mát chua ngọt cực đã khát)"
ChIJN_PMlZRbNDERIMCHIECPt2E,Linh Anh Quán,21.0137698,105.519292,1.0,1,,Hà Nội,"Hòa Lạc, Hà Nội",VN,,,Nhà hàng,https://www.google.com/maps/search/?api=1&query=Linh%20Anh%20Qu%C3%A1n&query_place_id=ChIJN_PMlZRbNDERIMCHIECPt2E,Có,"Cá kho tộ miền Tây đậm vị: 90,000đ/tộ (Cá trắm đen kho tộ sánh quyện nước hàng dừa) | Thịt ba chỉ rang cháy cạnh: 80,000đ/đĩa (Thịt ba chỉ ba chỉ giòn rưới mỡ hành) | Sườn non xào chua ngọt: 85,000đ/đĩa (Sườn non xào cùng dứa và ớt chuông sốt chua cay) | Rau muống luộc dầm sấu / xào tỏi: 30,000đ/đĩa (Rau muống tươi xanh luộc chấm nước mắm chanh ớt) | Canh riêu cua đồng cà pháo: 45,000đ/bát (Canh cua đồng mát lạnh ăn kèm cà pháo giòn tan) | Cơm trắng gạo tám thơm: 12,000đ/niêu (Niêu cơm gạo tám dẻo thơm)"
ChIJv0BhQPxbNDER8ZyNkSrsce4,Bánh Mỳ Chảo Kozzo,21.0126917,105.5190745,5.0,1,Nhà 65,Hà Nội,"Hòa Lạc, Hà Nội",VN,,+84 898 322 496,Nhà hàng ăn nhanh,https://www.google.com/maps/search/?api=1&query=B%C3%A1nh%20M%E1%BB%B3%20Ch%E1%BA%A3o%20Kozzo&query_place_id=ChIJv0BhQPxbNDER8ZyNkSrsce4,Có,"Gà rán giòn rụm tiêu cay (1 miếng): 37,000đ/miếng (Thịt gà tươi tẩm bột chiên vàng giòn da ngoài mọng nước bên trong) | Burger bò phô mai xá xíu đặc biệt: 40,000đ/chiếc (Burger kẹp bò băm nướng lò, phô mai lát béo ngậy, sốt đặc biệt) | Pizza xúc xích xông khói phô mai (Size 20cm): 140,000đ/chiếc (Đế pizza nướng giòn rưới đẫm phô mai Mozzarella nhập khẩu) | Khoai tây chiên giòn cọng lớn: 25,000đ/đĩa (Khoai tây vàng giòn tơi xốp ăn kèm sốt cà chua)"
ChIJ97C3IYNdNDER239rtN-qZ-A,Lẩu Hoa Thảo Dược Ngọc Linh,20.982645,105.4884893,5.0,1,Thôn Trại Mới,Hà Nội,"Yên Xuân, Hà Nội",VN,https://thunglungngoclinh.com/,+84 378 882 828,Nhà hàng món lẩu,https://www.google.com/maps/search/?api=1&query=L%E1%BA%A9u%20Hoa%20Th%E1%BA%A3o%20D%C6%B0%E1%BB%A3c%20Ng%E1%BB%8Dc%20Linh&query_place_id=ChIJ97C3IYNdNDER239rtN-qZ-A,Có,"Lẩu cua đồng sườn sụn bắp bò: 350,000đ/nồi (Nồi lẩu riêu cua đồng nguyên chất siêu nhiều gạch, kèm bắp bò sườn sụn) | Lẩu Thái hải sản chua cay: 409,000đ/nồi (Nước lẩu Tomyum chua cay nhúng tôm, mực, ngao, nấm) | Set nướng BBQ thập cẩm bò ba chỉ: 319,000đ/set (Bắp bò, ba chỉ heo cuộn nấm kim châm tẩm sốt BBQ nướng xèo xèo) | Ba chỉ bò Mỹ nhúng thêm: 75,000đ/đĩa (Thịt ba chỉ bò Mỹ thái mỏng cuốn nấm) | Sườn sụn non heo thêm: 75,000đ/đĩa (Sườn non giòn sần sật nhúng lẩu) | Rau nấm tổng hợp nhúng lẩu: 33,000đ/đĩa (Nấm kim châm, cải thảo, rau muống tươi)"
ChIJjQdXFABfNDERkRp_2wJJ8zs,Quán Cây Si,21.0578553,105.4983688,5.0,1,"3F5X+48X, QL21A",Hà Nội,"Sơn Tây, Hà Nội",VN,,,Nhà hàng gia đình,https://www.google.com/maps/search/?api=1&query=Qu%C3%A1n%20C%C3%A2y%20Si&query_place_id=ChIJjQdXFABfNDERkRp_2wJJ8zs,Có,"Cá kho tộ miền Tây đậm vị: 83,000đ/tộ (Cá trắm đen kho tộ sánh quyện nước hàng dừa) | Thịt ba chỉ rang cháy cạnh: 80,000đ/đĩa (Thịt ba chỉ ba chỉ giòn rưới mỡ hành) | Sườn non xào chua ngọt: 78,000đ/đĩa (Sườn non xào cùng dứa và ớt chuông sốt chua cay) | Rau muống luộc dầm sấu / xào tỏi: 30,000đ/đĩa (Rau muống tươi xanh luộc chấm nước mắm chanh ớt) | Canh riêu cua đồng cà pháo: 45,000đ/bát (Canh cua đồng mát lạnh ăn kèm cà pháo giòn tan) | Cơm trắng gạo tám thơm: 15,000đ/niêu (Niêu cơm gạo tám dẻo thơm)"
ChIJ99oW1hlbNDERNM7H2sg92Js,Quán Cơm Tuyết Ngân,20.9864135,105.5255793,5.0,1,XGPG+H68,Hà Nội,"Yên Xuân, Hà Nội",VN,,+84 986 438 419,Nhà hàng cơm,https://www.google.com/maps/search/?api=1&query=Qu%C3%A1n%20C%C6%A1m%20Tuy%E1%BA%BFt%20Ng%C3%A2n&query_place_id=ChIJ99oW1hlbNDERNM7H2sg92Js,Có,"Cơm rang dưa bò: 40,000đ/đĩa (Cơm rang hạt giòn tơi xào cùng cải dưa chua và thịt bò tươi mềm) | Cơm rang thập cẩm giòn: 35,000đ/đĩa (Cơm rang lạp xưởng ngô ngọt đậu hà lan rưới trứng vàng) | Cơm thố xá xíu nóng hổi: 38,000đ/thố (Cơm nấu niêu thố đất tạo lớp cháy giòn nhẹ, phủ thịt xá xíu đậm sốt) | Suất cơm bình dân tự chọn (3 món mặn + rau): 27,000đ/suất (Cơm suất bình dân đầy đặn sạch sẽ cho sinh viên và người đi làm) | Cơm tấm sườn bì chả Sài Gòn: 40,000đ/đĩa (Cơm tấm ăn kèm sườn nướng mặn ngọt chả trứng bì heo thính và nước mắm chua cay)"
ChIJRxu8ZABdNDERkPYMaJr2b8M,Cơm Đại Tuyết,20.9991034,105.4928679,4.0,1,"XFXV+J5J, Miễu",Hà Nội,"Hòa Lạc, Hà Nội",VN,,,Nhà hàng cơm,https://www.google.com/maps/search/?api=1&query=C%C6%A1m%20%C4%90%E1%BA%A1i%20Tuy%E1%BA%BFt&query_place_id=ChIJRxu8ZABdNDERkPYMaJr2b8M,Có,"Cơm rang dưa bò: 40,000đ/đĩa (Cơm rang hạt giòn tơi xào cùng cải dưa chua và thịt bò tươi mềm) | Cơm rang thập cẩm giòn: 30,000đ/đĩa (Cơm rang lạp xưởng ngô ngọt đậu hà lan rưới trứng vàng) | Cơm thố xá xíu nóng hổi: 45,000đ/thố (Cơm nấu niêu thố đất tạo lớp cháy giòn nhẹ, phủ thịt xá xíu đậm sốt) | Suất cơm bình dân tự chọn (3 món mặn + rau): 27,000đ/suất (Cơm suất bình dân đầy đặn sạch sẽ cho sinh viên và người đi làm) | Cơm tấm sườn bì chả Sài Gòn: 40,000đ/đĩa (Cơm tấm ăn kèm sườn nướng mặn ngọt chả trứng bì heo thính và nước mắm chua cay)"
ChIJn-0HUABdNDER0R0ldppMv_M,Bia Chung Pộc,20.9977251,105.4898325,5.0,1,XFXQ+3WW,Hà Nội,"Hòa Lạc, Hà Nội",VN,,+84 973 935 250,Quán bia,https://www.google.com/maps/search/?api=1&query=Bia%20Chung%20P%E1%BB%99c&query_place_id=ChIJn-0HUABdNDER0R0ldppMv_M,Có,"Bia hơi Hà Nội mát lạnh: 12,000đ/cốc (Bia hơi tươi rói rót trực tiếp từ vòi bom lạnh) | Đậu phụ lướt ván nóng giòn: 30,000đ/đĩa (Đậu hũ non chiên lướt ván ngoài vàng giòn trong mịn mượt như thạch) | Đĩa lạc rang muối / lạc luộc mộc mạc: 12,000đ/đĩa (Đồ nhắm bia truyền thống) | Nộm tai heo đu đủ xanh chua ngọt: 65,000đ/đĩa (Tai heo giòn sần sật trộn đu đủ bào sợi nước nộm chua ngọt sảng khoái) | Sụn gà chiên mắm rang muối: 90,000đ/đĩa (Sụn gà ta giòn sần sật tẩm ướp chiên xóc muối ớt tỏi)"
ChIJla8yVABdNDERHIcZEOmtvm4,Bún Cháo Đức Lương,20.9949723,105.488437,5.0,1,XFVQ+X9M Qua 30m Cty CP An Thinh Group,Hà Nội,"Yên Xuân, Hà Nội",VN,,+84 984 325 801,Quán mì,https://www.google.com/maps/search/?api=1&query=B%C3%BAn%20Ch%C3%A1o%20%C4%90%E1%BB%A9c%20L%C6%B0%C6%A1ng&query_place_id=ChIJla8yVABdNDERHIcZEOmtvm4,Có,"Cháo lòng heo đầy đủ dồi sụn tiết luộc: 33,000đ/bát (Cháo lòng nấu gạo tẻ sánh ngọt cùng lòng non dồi sụn gan luộc) | Cháo sườn sụn nóng hổi hành hoa: 37,000đ/bát (Cháo bột sườn non sánh mịn giòn sần sật sườn sụn non) | Quẩy giòn ăn cháo: 2,000đ/đĩa (Quẩy ăn kèm cháo ngon tuyệt)"
ChIJG0r-dG9dNDERq7OaGW2hnN0,Việt Hường Quán,20.9855273,105.496911,1.0,1,,Hà Nội,"Yên Xuân, Hà Nội",VN,,+84 914 646 028,Nhà hàng,https://www.google.com/maps/search/?api=1&query=Vi%E1%BB%87t%20H%C6%B0%E1%BB%9Dng%20Qu%C3%A1n&query_place_id=ChIJG0r-dG9dNDERq7OaGW2hnN0,Có,"Cá kho tộ miền Tây đậm vị: 83,000đ/tộ (Cá trắm đen kho tộ sánh quyện nước hàng dừa) | Thịt ba chỉ rang cháy cạnh: 75,000đ/đĩa (Thịt ba chỉ ba chỉ giòn rưới mỡ hành) | Sườn non xào chua ngọt: 82,000đ/đĩa (Sườn non xào cùng dứa và ớt chuông sốt chua cay) | Rau muống luộc dầm sấu / xào tỏi: 33,000đ/đĩa (Rau muống tươi xanh luộc chấm nước mắm chanh ớt) | Canh riêu cua đồng cà pháo: 43,000đ/bát (Canh cua đồng mát lạnh ăn kèm cà pháo giòn tan) | Cơm trắng gạo tám thơm: 12,000đ/niêu (Niêu cơm gạo tám dẻo thơm)"
ChIJ46rUaQBbNDERBusOU91ToRU,Nhà Hàng Mạnh Hưng,20.9893159,105.5370138,5.0,1,XGQP+PRC,Hà Nội,"Hòa Lạc, Hà Nội",VN,,+84 398 813 145,Quán ăn nhỏ,https://www.google.com/maps/search/?api=1&query=Nh%C3%A0%20H%C3%A0ng%20M%E1%BA%A1nh%20H%C6%B0ng&query_place_id=ChIJ46rUaQBbNDERBusOU91ToRU,Có,"Cá kho tộ miền Tây đậm vị: 83,000đ/tộ (Cá trắm đen kho tộ sánh quyện nước hàng dừa) | Thịt ba chỉ rang cháy cạnh: 73,000đ/đĩa (Thịt ba chỉ ba chỉ giòn rưới mỡ hành) | Sườn non xào chua ngọt: 75,000đ/đĩa (Sườn non xào cùng dứa và ớt chuông sốt chua cay) | Rau muống luộc dầm sấu / xào tỏi: 30,000đ/đĩa (Rau muống tươi xanh luộc chấm nước mắm chanh ớt) | Canh riêu cua đồng cà pháo: 47,000đ/bát (Canh cua đồng mát lạnh ăn kèm cà pháo giòn tan) | Cơm trắng gạo tám thơm: 15,000đ/niêu (Niêu cơm gạo tám dẻo thơm)"
ChIJ94ZbYgBbNDERmECARjOnCYw,Cơm Thanh,20.9982151,105.5336427,4.0,1,XGXM+4CJ,Hà Nội,"Hòa Lạc, Hà Nội",VN,,,Quán ăn nhỏ,https://www.google.com/maps/search/?api=1&query=C%C6%A1m%20Thanh&query_place_id=ChIJ94ZbYgBbNDERmECARjOnCYw,Có,"Cơm rang dưa bò: 40,000đ/đĩa (Cơm rang hạt giòn tơi xào cùng cải dưa chua và thịt bò tươi mềm) | Cơm rang thập cẩm giòn: 37,000đ/đĩa (Cơm rang lạp xưởng ngô ngọt đậu hà lan rưới trứng vàng) | Cơm thố xá xíu nóng hổi: 38,000đ/thố (Cơm nấu niêu thố đất tạo lớp cháy giòn nhẹ, phủ thịt xá xíu đậm sốt) | Suất cơm bình dân tự chọn (3 món mặn + rau): 30,000đ/suất (Cơm suất bình dân đầy đặn sạch sẽ cho sinh viên và người đi làm) | Cơm tấm sườn bì chả Sài Gòn: 42,000đ/đĩa (Cơm tấm ăn kèm sườn nướng mặn ngọt chả trứng bì heo thính và nước mắm chua cay)"
ChIJdapUcwBbNDERz2l7T4lai4w,Buffet xiên,21.0160162,105.5192989,5.0,1,2G89+FMC,Hà Nội,"Hòa Lạc, Hà Nội",VN,,,Nhà hàng ăn nhanh,https://www.google.com/maps/search/?api=1&query=Buffet%20xi%C3%AAn&query_place_id=ChIJdapUcwBbNDERz2l7T4lai4w,Có,"Lẩu cua đồng sườn sụn bắp bò: 330,000đ/nồi (Nồi lẩu riêu cua đồng nguyên chất siêu nhiều gạch, kèm bắp bò sườn sụn) | Lẩu Thái hải sản chua cay: 389,000đ/nồi (Nước lẩu Tomyum chua cay nhúng tôm, mực, ngao, nấm) | Set nướng BBQ thập cẩm bò ba chỉ: 309,000đ/set (Bắp bò, ba chỉ heo cuộn nấm kim châm tẩm sốt BBQ nướng xèo xèo) | Ba chỉ bò Mỹ nhúng thêm: 75,000đ/đĩa (Thịt ba chỉ bò Mỹ thái mỏng cuốn nấm) | Sườn sụn non heo thêm: 80,000đ/đĩa (Sườn non giòn sần sật nhúng lẩu) | Rau nấm tổng hợp nhúng lẩu: 30,000đ/đĩa (Nấm kim châm, cải thảo, rau muống tươi)"
ChIJ0XiOOQBbNDERr4myLpepZq8,Quán Ốc Đê - Hoà Lạc,21.0191511,105.5199948,5.0,1,278 QL21,Hà Nội,"Hòa Lạc, Hà Nội",VN,https://www.facebook.com/share/1BbjH6KMd5/?mibextid=wwXIfr,+84 387 284 343,Cửa hàng tạp phẩm,https://www.google.com/maps/search/?api=1&query=Qu%C3%A1n%20%E1%BB%90c%20%C4%90%C3%AA%20-%20Ho%C3%A0%20L%E1%BA%A1c&query_place_id=ChIJ0XiOOQBbNDERr4myLpepZq8,Không,Không áp dụng (Địa điểm phi ẩm thực)
ChIJgRvYGwBbNDERzWED95EdIMM,Nhà hàng Thuỷ Tiên,21.0290172,105.5182193,4.0,1,125 Đ. Hòa Lạc,Hà Nội,"Hạ Bằng, Hà Nội",VN,,+84 977 261 393,Nhà hàng gia đình,https://www.google.com/maps/search/?api=1&query=Nh%C3%A0%20h%C3%A0ng%20Thu%E1%BB%B7%20Ti%C3%AAn&query_place_id=ChIJgRvYGwBbNDERzWED95EdIMM,Có,"Cá kho tộ miền Tây đậm vị: 85,000đ/tộ (Cá trắm đen kho tộ sánh quyện nước hàng dừa) | Thịt ba chỉ rang cháy cạnh: 70,000đ/đĩa (Thịt ba chỉ ba chỉ giòn rưới mỡ hành) | Sườn non xào chua ngọt: 85,000đ/đĩa (Sườn non xào cùng dứa và ớt chuông sốt chua cay) | Rau muống luộc dầm sấu / xào tỏi: 30,000đ/đĩa (Rau muống tươi xanh luộc chấm nước mắm chanh ớt) | Canh riêu cua đồng cà pháo: 43,000đ/bát (Canh cua đồng mát lạnh ăn kèm cà pháo giòn tan) | Cơm trắng gạo tám thơm: 15,000đ/niêu (Niêu cơm gạo tám dẻo thơm)"
ChIJ_XO2KABbNDERd9JXHRZW7Mo,Bia Chó Xuân Dưỡng,21.028385,105.546421,5.0,1,2GHW+GF5,Hà Nội,"Hạ Bằng, Hà Nội",VN,,+84 962 533 222,Nhà hàng gia đình,https://www.google.com/maps/search/?api=1&query=Bia%20Ch%C3%B3%20Xu%C3%A2n%20D%C6%B0%E1%BB%A1ng&query_place_id=ChIJ_XO2KABbNDERd9JXHRZW7Mo,Có,"Bia hơi Hà Nội mát lạnh: 15,000đ/cốc (Bia hơi tươi rói rót trực tiếp từ vòi bom lạnh) | Đậu phụ lướt ván nóng giòn: 33,000đ/đĩa (Đậu hũ non chiên lướt ván ngoài vàng giòn trong mịn mượt như thạch) | Đĩa lạc rang muối / lạc luộc mộc mạc: 12,000đ/đĩa (Đồ nhắm bia truyền thống) | Nộm tai heo đu đủ xanh chua ngọt: 70,000đ/đĩa (Tai heo giòn sần sật trộn đu đủ bào sợi nước nộm chua ngọt sảng khoái) | Sụn gà chiên mắm rang muối: 93,000đ/đĩa (Sụn gà ta giòn sần sật tẩm ướp chiên xóc muối ớt tỏi)"
ChIJ_5OMsX9ZNDERgRZE190wNrs,Cafe New Star,21.0338642,105.5440194,5.0,1,"Thôn Bình Yên, Xã",Hà Nội,"Hạ Bằng, Hà Nội",VN,,+84 972 575 128,Quán cà phê,https://www.google.com/maps/search/?api=1&query=Cafe%20New%20Star&query_place_id=ChIJ_5OMsX9ZNDERgRZE190wNrs,Có,"Cà phê đen đá pha phin: 22,000đ/ly (Cà phê đen truyền thống đậm đà) | Cà phê sữa đá: 28,000đ/ly (Cà phê sữa pha phin béo ngậy) | Bạc xỉu cốt dừa: 27,000đ/ly (Nhiều sữa béo ngậy vị dừa hòa quyện chút cà phê) | Trà đào cam sả: 37,000đ/ly (Trà đào thơm mát kết hợp lát đào cam tươi sả thơm) | Trà sữa trân châu truyền thống: 30,000đ/ly (Trà sữa đậm trà kèm trân châu đen dai giòn) | Sinh tố bơ sáp: 30,000đ/ly (Sinh tố bơ sáp tươi ngon xay sữa đặc ngậy béo) | Nước ép cam nguyên chất: 30,000đ/ly (Ép cam sành tự nhiên nhiều vitamin C)"
ChIJgSZdTwBbNDERC9vYgwsp0Jc,Quán bia hơi Đông Mạnh,21.0267781,105.5204381,1.0,1,31 ĐT420,Hà Nội,"Hòa Lạc, Hà Nội",VN,,+84 972 246 269,Quán bia,https://www.google.com/maps/search/?api=1&query=Qu%C3%A1n%20bia%20h%C6%A1i%20%C4%90%C3%B4ng%20M%E1%BA%A1nh&query_place_id=ChIJgSZdTwBbNDERC9vYgwsp0Jc,Có,"Bia hơi Hà Nội mát lạnh: 9,000đ/cốc (Bia hơi tươi rói rót trực tiếp từ vòi bom lạnh) | Đậu phụ lướt ván nóng giòn: 30,000đ/đĩa (Đậu hũ non chiên lướt ván ngoài vàng giòn trong mịn mượt như thạch) | Đĩa lạc rang muối / lạc luộc mộc mạc: 12,000đ/đĩa (Đồ nhắm bia truyền thống) | Nộm tai heo đu đủ xanh chua ngọt: 60,000đ/đĩa (Tai heo giòn sần sật trộn đu đủ bào sợi nước nộm chua ngọt sảng khoái) | Sụn gà chiên mắm rang muối: 100,000đ/đĩa (Sụn gà ta giòn sần sật tẩm ướp chiên xóc muối ớt tỏi)"
ChIJgbjgdopZNDERp7QGLF_tmjI,ALO CHICKEN BÌNH YÊN,21.0394249,105.5484261,5.0,1,Đối Diện UBND,Hà Nội,"Hạ Bằng, Hà Nội",VN,,,Nhà hàng Hàn Quốc,https://www.google.com/maps/search/?api=1&query=ALO%20CHICKEN%20B%C3%8CNH%20Y%C3%8AN&query_place_id=ChIJgbjgdopZNDERp7QGLF_tmjI,Có,"Mì cay Seoul hải sản cấp độ 0-7: 40,000đ/tô (Mì ramen Hàn Quốc tôm, mực, chả viên nước dùng kim chi cay chua kích thích) | Mì cay bò Mỹ cấp độ 0-7: 47,000đ/tô (Mì cay Hàn Quốc nhúng bắp bò Mỹ tươi) | Kimbap chiên xù giòn tan: 35,000đ/cuộn (Cơm cuộn rong biển tẩm bột chiên xù chấm sốt mayonnaise) | Tokbokki truyền thống phô mai sốt cay: 35,000đ/đĩa (Bánh gạo Hàn Quốc xào cùng chả cá xiên, sốt tương ớt Gochujang và phô mai kéo sợi)"
ChIJ4e1eDABZNDERHlIcC8HUW9A,Nhà hàng A-LỬ,21.0522194,105.5704916,5.0,1,40 ĐT419,Hà Nội,"Thạch Thất, Hà Nội",VN,,,Nhà hàng,https://www.google.com/maps/search/?api=1&query=Nh%C3%A0%20h%C3%A0ng%20A-L%E1%BB%AC&query_place_id=ChIJ4e1eDABZNDERHlIcC8HUW9A,Có,"Cá kho tộ miền Tây đậm vị: 83,000đ/tộ (Cá trắm đen kho tộ sánh quyện nước hàng dừa) | Thịt ba chỉ rang cháy cạnh: 75,000đ/đĩa (Thịt ba chỉ ba chỉ giòn rưới mỡ hành) | Sườn non xào chua ngọt: 80,000đ/đĩa (Sườn non xào cùng dứa và ớt chuông sốt chua cay) | Rau muống luộc dầm sấu / xào tỏi: 30,000đ/đĩa (Rau muống tươi xanh luộc chấm nước mắm chanh ớt) | Canh riêu cua đồng cà pháo: 50,000đ/bát (Canh cua đồng mát lạnh ăn kèm cà pháo giòn tan) | Cơm trắng gạo tám thơm: 18,000đ/niêu (Niêu cơm gạo tám dẻo thơm)"
ChIJm8mIUABZNDERw5PqovLatrM,Mì Trộn Dolly,21.0504529,105.5686646,5.0,1,"Huyện, 103 Đ. Kim Quan",Hà Nội,"Thạch Thất, Hà Nội",VN,,,Nhà hàng,https://www.google.com/maps/search/?api=1&query=M%C3%AC%20Tr%E1%BB%99n%20Dolly&query_place_id=ChIJm8mIUABZNDERw5PqovLatrM,Có,"Cá kho tộ miền Tây đậm vị: 90,000đ/tộ (Cá trắm đen kho tộ sánh quyện nước hàng dừa) | Thịt ba chỉ rang cháy cạnh: 70,000đ/đĩa (Thịt ba chỉ ba chỉ giòn rưới mỡ hành) | Sườn non xào chua ngọt: 75,000đ/đĩa (Sườn non xào cùng dứa và ớt chuông sốt chua cay) | Rau muống luộc dầm sấu / xào tỏi: 33,000đ/đĩa (Rau muống tươi xanh luộc chấm nước mắm chanh ớt) | Canh riêu cua đồng cà pháo: 45,000đ/bát (Canh cua đồng mát lạnh ăn kèm cà pháo giòn tan) | Cơm trắng gạo tám thơm: 18,000đ/niêu (Niêu cơm gạo tám dẻo thơm)"
ChIJ18NIYgBZNDERnnhpnUd9_zs,Xưởng Mộc Quán ( Bia Hơi 183),21.047035,105.5653629,5.0,1,,Hà Nội,"Thạch Thất, Hà Nội",VN,,+84 979 446 588,Quán bia sân vườn,https://www.google.com/maps/search/?api=1&query=X%C6%B0%E1%BB%9Fng%20M%E1%BB%99c%20Qu%C3%A1n%20(%20Bia%20H%C6%A1i%20183)&query_place_id=ChIJ18NIYgBZNDERnnhpnUd9_zs,Có,"Bia hơi Hà Nội mát lạnh: 9,000đ/cốc (Bia hơi tươi rói rót trực tiếp từ vòi bom lạnh) | Đậu phụ lướt ván nóng giòn: 33,000đ/đĩa (Đậu hũ non chiên lướt ván ngoài vàng giòn trong mịn mượt như thạch) | Đĩa lạc rang muối / lạc luộc mộc mạc: 15,000đ/đĩa (Đồ nhắm bia truyền thống) | Nộm tai heo đu đủ xanh chua ngọt: 70,000đ/đĩa (Tai heo giòn sần sật trộn đu đủ bào sợi nước nộm chua ngọt sảng khoái) | Sụn gà chiên mắm rang muối: 90,000đ/đĩa (Sụn gà ta giòn sần sật tẩm ướp chiên xóc muối ớt tỏi)"
ChIJe7ZrSABZNDERAwTmkLYvwX4,Xôi Bánh Mỳ cô Hà,21.0504292,105.5684772,5.0,1,117 ĐT420,Hà Nội,"Thạch Thất, Hà Nội",VN,,,Nhà hàng ăn nhanh,https://www.google.com/maps/search/?api=1&query=X%C3%B4i%20B%C3%A1nh%20M%E1%BB%B3%20c%C3%B4%20H%C3%A0&query_place_id=ChIJe7ZrSABZNDERAwTmkLYvwX4,Có,"Xôi xéo ruốc hành phi: 17,000đ/đĩa (Xôi xéo thơm nếp dẻo mỡ hành phi) | Bánh mì pate trứng giò: 25,000đ/cái (Bánh mì giòn kẹp pate nhà làm, trứng ốp la, giò lụa) | Sữa đậu nành nóng: 13,000đ/cốc (Sữa đậu nành nguyên chất) | Trà đá: 3,000đ/cốc (Trà giải khát sáng sớm)"
ChIJ7-ljSYdbNDER9BVbufCjvH4,666 BIlliards club Kim Bâu,21.0306874,105.5535589,5.0,1,,Hà Nội,"Hạ Bằng, Hà Nội",VN,,+84 987 811 527,Quán bia,https://www.google.com/maps/search/?api=1&query=666%20BIlliards%20club%20Kim%20B%C3%A2u&query_place_id=ChIJ7-ljSYdbNDER9BVbufCjvH4,Có,"Bia hơi Hà Nội mát lạnh: 12,000đ/cốc (Bia hơi tươi rói rót trực tiếp từ vòi bom lạnh) | Đậu phụ lướt ván nóng giòn: 27,000đ/đĩa (Đậu hũ non chiên lướt ván ngoài vàng giòn trong mịn mượt như thạch) | Đĩa lạc rang muối / lạc luộc mộc mạc: 15,000đ/đĩa (Đồ nhắm bia truyền thống) | Nộm tai heo đu đủ xanh chua ngọt: 65,000đ/đĩa (Tai heo giòn sần sật trộn đu đủ bào sợi nước nộm chua ngọt sảng khoái) | Sụn gà chiên mắm rang muối: 93,000đ/đĩa (Sụn gà ta giòn sần sật tẩm ướp chiên xóc muối ớt tỏi)"
ChIJVQQONABbNDER5zMqJhovLUc,Nhà Hàng Trâu Linh Hương,21.0060924,105.5548311,5.0,1,"2H44+94C, Xóm Bung",Hà Nội,"Hạ Bằng, Hà Nội",VN,,,Nhà hàng gia đình,https://www.google.com/maps/search/?api=1&query=Nh%C3%A0%20H%C3%A0ng%20Tr%C3%A2u%20Linh%20H%C6%B0%C6%A1ng&query_place_id=ChIJVQQONABbNDER5zMqJhovLUc,Có,"Thịt trâu xào lá lốt: 120,000đ/đĩa (Thịt trâu tươi mềm ngọt xào lá lốt thơm lừng) | Thịt trâu nhúng mẻ chua cay: 160,000đ/đĩa (Thịt trâu nhúng nước dùng mẻ chua thanh nhẹ) | Dê tái chanh chấm tương gừng: 140,000đ/đĩa (Thịt dê núi hấp tái trộn vừng sả lá chanh) | Dê né bản gang: 160,000đ/đĩa (Dê xào nóng hổi trên bản gang kèm đậu bắp) | Lẩu dê núi nhúng mẻ: 399,000đ/nồi (Nồi lẩu dê núi ré thơm ngon kèm rau nhúng đặc sản) | Cơm cháy sốt dê: 75,000đ/đĩa (Cơm cháy giòn tan rưới nước sốt dê đậm vị)"
ChIJBbKjylZbNDERBOZ-e80XBkg,Thanh Khải Quán,21.0122602,105.5550984,5.0,1,2H64+W25,Hà Nội,"Hạ Bằng, Hà Nội",VN,,+84 973 165 909,Nhà hàng,https://www.google.com/maps/search/?api=1&query=Thanh%20Kh%E1%BA%A3i%20Qu%C3%A1n&query_place_id=ChIJBbKjylZbNDERBOZ-e80XBkg,Có,"Cá kho tộ miền Tây đậm vị: 85,000đ/tộ (Cá trắm đen kho tộ sánh quyện nước hàng dừa) | Thịt ba chỉ rang cháy cạnh: 77,000đ/đĩa (Thịt ba chỉ ba chỉ giòn rưới mỡ hành) | Sườn non xào chua ngọt: 78,000đ/đĩa (Sườn non xào cùng dứa và ớt chuông sốt chua cay) | Rau muống luộc dầm sấu / xào tỏi: 30,000đ/đĩa (Rau muống tươi xanh luộc chấm nước mắm chanh ớt) | Canh riêu cua đồng cà pháo: 43,000đ/bát (Canh cua đồng mát lạnh ăn kèm cà pháo giòn tan) | Cơm trắng gạo tám thơm: 18,000đ/niêu (Niêu cơm gạo tám dẻo thơm)"
ChIJXV0yCABbNDERZNvbywoyXJI,Quán ăn đêm N-1992,21.0062322,105.5561686,5.0,1,2H44+CGV,Hà Nội,"Hạ Bằng, Hà Nội",VN,,+84 983 180 222,Quán ăn nhỏ,https://www.google.com/maps/search/?api=1&query=Qu%C3%A1n%20%C4%83n%20%C4%91%C3%AAm%20N-1992&query_place_id=ChIJXV0yCABbNDERZNvbywoyXJI,Có,"Cá kho tộ miền Tây đậm vị: 85,000đ/tộ (Cá trắm đen kho tộ sánh quyện nước hàng dừa) | Thịt ba chỉ rang cháy cạnh: 75,000đ/đĩa (Thịt ba chỉ ba chỉ giòn rưới mỡ hành) | Sườn non xào chua ngọt: 75,000đ/đĩa (Sườn non xào cùng dứa và ớt chuông sốt chua cay) | Rau muống luộc dầm sấu / xào tỏi: 30,000đ/đĩa (Rau muống tươi xanh luộc chấm nước mắm chanh ớt) | Canh riêu cua đồng cà pháo: 43,000đ/bát (Canh cua đồng mát lạnh ăn kèm cà pháo giòn tan) | Cơm trắng gạo tám thơm: 18,000đ/niêu (Niêu cơm gạo tám dẻo thơm)"
ChIJXdp_LQBbNDER7w5MpSZAz2M,Bảo Trâm Quán,21.0178593,105.5484471,5.0,1,2G9X+4CM,Hà Nội,"Hạ Bằng, Hà Nội",VN,,,Nhà hàng,https://www.google.com/maps/search/?api=1&query=B%E1%BA%A3o%20Tr%C3%A2m%20Qu%C3%A1n&query_place_id=ChIJXdp_LQBbNDER7w5MpSZAz2M,Có,"Cá kho tộ miền Tây đậm vị: 80,000đ/tộ (Cá trắm đen kho tộ sánh quyện nước hàng dừa) | Thịt ba chỉ rang cháy cạnh: 75,000đ/đĩa (Thịt ba chỉ ba chỉ giòn rưới mỡ hành) | Sườn non xào chua ngọt: 82,000đ/đĩa (Sườn non xào cùng dứa và ớt chuông sốt chua cay) | Rau muống luộc dầm sấu / xào tỏi: 27,000đ/đĩa (Rau muống tươi xanh luộc chấm nước mắm chanh ớt) | Canh riêu cua đồng cà pháo: 45,000đ/bát (Canh cua đồng mát lạnh ăn kèm cà pháo giòn tan) | Cơm trắng gạo tám thơm: 18,000đ/niêu (Niêu cơm gạo tám dẻo thơm)"
ChIJHUbfIbRbNDERp2YbYCgyw2o,Helios Club,21.0194174,105.5501237,5.0,1,2H92+Q25,Hà Nội,"Hạ Bằng, Hà Nội",VN,,+84 389 555 158,Quán cà phê,https://www.google.com/maps/search/?api=1&query=Helios%20Club&query_place_id=ChIJHUbfIbRbNDERp2YbYCgyw2o,Có,"Cà phê đen đá pha phin: 22,000đ/ly (Cà phê đen truyền thống đậm đà) | Cà phê sữa đá: 25,000đ/ly (Cà phê sữa pha phin béo ngậy) | Bạc xỉu cốt dừa: 30,000đ/ly (Nhiều sữa béo ngậy vị dừa hòa quyện chút cà phê) | Trà đào cam sả: 40,000đ/ly (Trà đào thơm mát kết hợp lát đào cam tươi sả thơm) | Trà sữa trân châu truyền thống: 37,000đ/ly (Trà sữa đậm trà kèm trân châu đen dai giòn) | Sinh tố bơ sáp: 35,000đ/ly (Sinh tố bơ sáp tươi ngon xay sữa đặc ngậy béo) | Nước ép cam nguyên chất: 27,000đ/ly (Ép cam sành tự nhiên nhiều vitamin C)"
ChIJVY8hDgBbNDERS_inf8jwqqw,Bia Thành Quán,21.0175753,105.5483179,1.0,1,2G9X+28P,Hà Nội,"Hạ Bằng, Hà Nội",VN,,,Nhà hàng,https://www.google.com/maps/search/?api=1&query=Bia%20Th%C3%A0nh%20Qu%C3%A1n&query_place_id=ChIJVY8hDgBbNDERS_inf8jwqqw,Có,"Bia hơi Hà Nội mát lạnh: 12,000đ/cốc (Bia hơi tươi rói rót trực tiếp từ vòi bom lạnh) | Đậu phụ lướt ván nóng giòn: 33,000đ/đĩa (Đậu hũ non chiên lướt ván ngoài vàng giòn trong mịn mượt như thạch) | Đĩa lạc rang muối / lạc luộc mộc mạc: 18,000đ/đĩa (Đồ nhắm bia truyền thống) | Nộm tai heo đu đủ xanh chua ngọt: 65,000đ/đĩa (Tai heo giòn sần sật trộn đu đủ bào sợi nước nộm chua ngọt sảng khoái) | Sụn gà chiên mắm rang muối: 90,000đ/đĩa (Sụn gà ta giòn sần sật tẩm ướp chiên xóc muối ớt tỏi)"
ChIJTaBMiohbNDERuMbl9gdi7r0,Sữa Chua Cô Hấu Hạ Long,21.0192882,105.5494989,5.0,1,Số 57 Thôn Mục,Hà Nội,"Hạ Bằng, Hà Nội",VN,,+84 979 286 790,Cửa hàng kem,https://www.google.com/maps/search/?api=1&query=S%E1%BB%AFa%20Chua%20C%C3%B4%20H%E1%BA%A5u%20H%E1%BA%A1%20Long&query_place_id=ChIJTaBMiohbNDERuMbl9gdi7r0,Có,"Kem tươi ốc quế sữa dừa / vani Mixue: 7,000đ/chiếc (Kem tươi thơm ngon ngậy béo ốc quế giòn tan) | Trà sữa ba anh em thạch pudding trân châu: 30,000đ/ly (Trà sữa đậm vị kèm full topping dồi dào) | Dương chi cam lộ xoài bưởi trân châu: 35,000đ/ly (Sinh tố xoài, bưởi hồng cùng thạch dừa thạch đào thơm ngon mát lạnh) | Trà đào tứ kỳ xuân hạt đào miếng: 28,000đ/ly (Trà ô long thanh vị kết hợp thạch đào giòn ngọt)"
ChIJwWFKMABbNDER4ECaSQ9Szw0,Quán Chè Thanh Chuyền,21.0065447,105.5549428,3.0,1,2H43+JX8,Hà Nội,"Hạ Bằng, Hà Nội",VN,,+84 396 493 115,Nhà hàng ăn nhanh,https://www.google.com/maps/search/?api=1&query=Qu%C3%A1n%20Ch%C3%A8%20Thanh%20Chuy%E1%BB%81n&query_place_id=ChIJwWFKMABbNDER4ECaSQ9Szw0,Có,"Kem tươi ốc quế sữa dừa / vani Mixue: 7,000đ/chiếc (Kem tươi thơm ngon ngậy béo ốc quế giòn tan) | Trà sữa ba anh em thạch pudding trân châu: 27,000đ/ly (Trà sữa đậm vị kèm full topping dồi dào) | Dương chi cam lộ xoài bưởi trân châu: 33,000đ/ly (Sinh tố xoài, bưởi hồng cùng thạch dừa thạch đào thơm ngon mát lạnh) | Trà đào tứ kỳ xuân hạt đào miếng: 25,000đ/ly (Trà ô long thanh vị kết hợp thạch đào giòn ngọt)"
ChIJ7dI0kaFbNDER2mITcwzDkUo,Quán Ngọc Linh,20.98641,105.527618,5.0,1,XGPH+Q37,Hà Nội,"Hòa Lạc, Hà Nội",VN,,,Nhà hàng ăn nhanh,https://www.google.com/maps/search/?api=1&query=Qu%C3%A1n%20Ng%E1%BB%8Dc%20Linh&query_place_id=ChIJ7dI0kaFbNDER2mITcwzDkUo,Có,"Gà rán giòn rụm tiêu cay (1 miếng): 33,000đ/miếng (Thịt gà tươi tẩm bột chiên vàng giòn da ngoài mọng nước bên trong) | Burger bò phô mai xá xíu đặc biệt: 40,000đ/chiếc (Burger kẹp bò băm nướng lò, phô mai lát béo ngậy, sốt đặc biệt) | Pizza xúc xích xông khói phô mai (Size 20cm): 100,000đ/chiếc (Đế pizza nướng giòn rưới đẫm phô mai Mozzarella nhập khẩu) | Khoai tây chiên giòn cọng lớn: 22,000đ/đĩa (Khoai tây vàng giòn tơi xốp ăn kèm sốt cà chua)"
ChIJ5Y05UABbNDERy4OseR46vaE,Tiệm ăn vặt Sam Sam,20.9866074,105.5292987,5.0,1,XGPH+JPV,Hà Nội,"Hòa Lạc, Hà Nội",VN,,+84 847 377 285,Quán ăn nhỏ,https://www.google.com/maps/search/?api=1&query=Ti%E1%BB%87m%20%C4%83n%20v%E1%BA%B7t%20Sam%20Sam&query_place_id=ChIJ5Y05UABbNDERy4OseR46vaE,Có,"Ốc luộc sả lá chanh truyền thống: 38,000đ/bát (Ốc vặn/ốc nhồi mít luộc thơm mùi sả chấm nước mắm gừng cay ngọt đặc sản) | Ốc móng tay xào bơ tỏi thơm lừng: 65,000đ/đĩa (Ốc móng tay tươi ngọt sốt bơ tỏi sánh béo chấm bánh mì tuyệt đỉnh) | Nem chua rán giòn rụm (10 cái): 45,000đ/đĩa (Nem chua rán nóng hổi chấm tương ớt cay nồng) | Khoai tây chiên lắc bột phô mai: 30,000đ/đĩa (Món khai vị ăn vặt khoái khẩu) | Trà quất mật ong khổng lồ: 18,000đ/cốc (Trà quất mát chua ngọt cực đã khát)"
ChIJAVVfeXNbNDERpmFoMqJPxfU,Quán bia Đức Hạnh,20.9770121,105.5552298,5.0,1,"XHG4+R35, Thôn5",Hà Nội,"Phú Cát, Hà Nội",VN,,,Nhà hàng,https://www.google.com/maps/search/?api=1&query=Qu%C3%A1n%20bia%20%C4%90%E1%BB%A9c%20H%E1%BA%A1nh&query_place_id=ChIJAVVfeXNbNDERpmFoMqJPxfU,Có,"Bia hơi Hà Nội mát lạnh: 9,000đ/cốc (Bia hơi tươi rói rót trực tiếp từ vòi bom lạnh) | Đậu phụ lướt ván nóng giòn: 33,000đ/đĩa (Đậu hũ non chiên lướt ván ngoài vàng giòn trong mịn mượt như thạch) | Đĩa lạc rang muối / lạc luộc mộc mạc: 15,000đ/đĩa (Đồ nhắm bia truyền thống) | Nộm tai heo đu đủ xanh chua ngọt: 65,000đ/đĩa (Tai heo giòn sần sật trộn đu đủ bào sợi nước nộm chua ngọt sảng khoái) | Sụn gà chiên mắm rang muối: 90,000đ/đĩa (Sụn gà ta giòn sần sật tẩm ướp chiên xóc muối ớt tỏi)"
ChIJHbJGHABbNDERDyOijW9nJhY,Nhà Hàng Sáu Thân,20.9991412,105.5600812,5.0,1,Sn 22 Hà nội,Hà Nội,"Hạ Bằng, Hà Nội",VN,,+84 945 836 767,Nhà hàng,https://www.google.com/maps/search/?api=1&query=Nh%C3%A0%20H%C3%A0ng%20S%C3%A1u%20Th%C3%A2n&query_place_id=ChIJHbJGHABbNDERDyOijW9nJhY,Có,"Cá kho tộ miền Tây đậm vị: 83,000đ/tộ (Cá trắm đen kho tộ sánh quyện nước hàng dừa) | Thịt ba chỉ rang cháy cạnh: 80,000đ/đĩa (Thịt ba chỉ ba chỉ giòn rưới mỡ hành) | Sườn non xào chua ngọt: 82,000đ/đĩa (Sườn non xào cùng dứa và ớt chuông sốt chua cay) | Rau muống luộc dầm sấu / xào tỏi: 30,000đ/đĩa (Rau muống tươi xanh luộc chấm nước mắm chanh ớt) | Canh riêu cua đồng cà pháo: 40,000đ/bát (Canh cua đồng mát lạnh ăn kèm cà pháo giòn tan) | Cơm trắng gạo tám thơm: 15,000đ/niêu (Niêu cơm gạo tám dẻo thơm)"
ChIJQ9txOFpbNDERNqvMbrOOI0w,Lẩu Ngon Bún Chả,21.0019064,105.5639112,5.0,1,,Hà Nội,"Hạ Bằng, Hà Nội",VN,,+84 945 333 414,Nhà hàng,https://www.google.com/maps/search/?api=1&query=L%E1%BA%A9u%20Ngon%20B%C3%BAn%20Ch%E1%BA%A3&query_place_id=ChIJQ9txOFpbNDERNqvMbrOOI0w,Có,"Lẩu cua đồng sườn sụn bắp bò: 360,000đ/nồi (Nồi lẩu riêu cua đồng nguyên chất siêu nhiều gạch, kèm bắp bò sườn sụn) | Lẩu Thái hải sản chua cay: 409,000đ/nồi (Nước lẩu Tomyum chua cay nhúng tôm, mực, ngao, nấm) | Set nướng BBQ thập cẩm bò ba chỉ: 289,000đ/set (Bắp bò, ba chỉ heo cuộn nấm kim châm tẩm sốt BBQ nướng xèo xèo) | Ba chỉ bò Mỹ nhúng thêm: 78,000đ/đĩa (Thịt ba chỉ bò Mỹ thái mỏng cuốn nấm) | Sườn sụn non heo thêm: 80,000đ/đĩa (Sườn non giòn sần sật nhúng lẩu) | Rau nấm tổng hợp nhúng lẩu: 27,000đ/đĩa (Nấm kim châm, cải thảo, rau muống tươi)"
ChIJnxXm-WFbNDER424-LiKZI5s,Nhà Gia Bảo,20.9922317,105.5207813,5.0,1,826 Thôn 2,Hà Nội,"Hòa Lạc, Hà Nội",VN,,,Nhà hàng bán đồ ăn mang về,https://www.google.com/maps/search/?api=1&query=Nh%C3%A0%20Gia%20B%E1%BA%A3o&query_place_id=ChIJnxXm-WFbNDER424-LiKZI5s,Có,"Cá kho tộ miền Tây đậm vị: 85,000đ/tộ (Cá trắm đen kho tộ sánh quyện nước hàng dừa) | Thịt ba chỉ rang cháy cạnh: 70,000đ/đĩa (Thịt ba chỉ ba chỉ giòn rưới mỡ hành) | Sườn non xào chua ngọt: 80,000đ/đĩa (Sườn non xào cùng dứa và ớt chuông sốt chua cay) | Rau muống luộc dầm sấu / xào tỏi: 27,000đ/đĩa (Rau muống tươi xanh luộc chấm nước mắm chanh ớt) | Canh riêu cua đồng cà pháo: 43,000đ/bát (Canh cua đồng mát lạnh ăn kèm cà pháo giòn tan) | Cơm trắng gạo tám thơm: 15,000đ/niêu (Niêu cơm gạo tám dẻo thơm)"
ChIJZSBlJwBbNDERiweGLEeL_eE,Số nhà 42 - Xóm mới Cần Kiệm,21.0230185,105.5837437,5.0,1,2HFM+4GR,Hà Nội,"Hạ Bằng, Hà Nội",VN,,+84 927 775 566,Nhà hàng hải sản,https://www.google.com/maps/search/?api=1&query=S%E1%BB%91%20nh%C3%A0%2042%20-%20X%C3%B3m%20m%E1%BB%9Bi%20C%E1%BA%A7n%20Ki%E1%BB%87m&query_place_id=ChIJZSBlJwBbNDERiweGLEeL_eE,Có,"Cá kho tộ miền Tây đậm vị: 83,000đ/tộ (Cá trắm đen kho tộ sánh quyện nước hàng dừa) | Thịt ba chỉ rang cháy cạnh: 73,000đ/đĩa (Thịt ba chỉ ba chỉ giòn rưới mỡ hành) | Sườn non xào chua ngọt: 75,000đ/đĩa (Sườn non xào cùng dứa và ớt chuông sốt chua cay) | Rau muống luộc dầm sấu / xào tỏi: 27,000đ/đĩa (Rau muống tươi xanh luộc chấm nước mắm chanh ớt) | Canh riêu cua đồng cà pháo: 40,000đ/bát (Canh cua đồng mát lạnh ăn kèm cà pháo giòn tan) | Cơm trắng gạo tám thơm: 18,000đ/niêu (Niêu cơm gạo tám dẻo thơm)"
ChIJmdP2YQBbNDERqUfSmieP5gc,Nhà Hàng Phúc Lâm ( tên cũ Nhà Hàng Năm Sao),21.0237025,105.5851003,5.0,1,2HFP+F2Q,Hà Nội,"Hạ Bằng, Hà Nội",VN,,,Nhà hàng,https://www.google.com/maps/search/?api=1&query=Nh%C3%A0%20H%C3%A0ng%20Ph%C3%BAc%20L%C3%A2m%20(%20t%C3%AAn%20c%C5%A9%20Nh%C3%A0%20H%C3%A0ng%20N%C4%83m%20Sao)&query_place_id=ChIJmdP2YQBbNDERqUfSmieP5gc,Có,"Cá kho tộ miền Tây đậm vị: 87,000đ/tộ (Cá trắm đen kho tộ sánh quyện nước hàng dừa) | Thịt ba chỉ rang cháy cạnh: 75,000đ/đĩa (Thịt ba chỉ ba chỉ giòn rưới mỡ hành) | Sườn non xào chua ngọt: 85,000đ/đĩa (Sườn non xào cùng dứa và ớt chuông sốt chua cay) | Rau muống luộc dầm sấu / xào tỏi: 27,000đ/đĩa (Rau muống tươi xanh luộc chấm nước mắm chanh ớt) | Canh riêu cua đồng cà pháo: 50,000đ/bát (Canh cua đồng mát lạnh ăn kèm cà pháo giòn tan) | Cơm trắng gạo tám thơm: 12,000đ/niêu (Niêu cơm gạo tám dẻo thơm)"
ChIJn1YSHwBbNDER-kZiSUWOucw,Cafe chill,21.0207872,105.583881,5.0,1,2HCM+8G2,Hà Nội,"Hạ Bằng, Hà Nội",VN,,,Nhà hàng Hàn Quốc,https://www.google.com/maps/search/?api=1&query=Cafe%20chill&query_place_id=ChIJn1YSHwBbNDER-kZiSUWOucw,Có,"Cà phê đen đá pha phin: 19,000đ/ly (Cà phê đen truyền thống đậm đà) | Cà phê sữa đá: 22,000đ/ly (Cà phê sữa pha phin béo ngậy) | Bạc xỉu cốt dừa: 27,000đ/ly (Nhiều sữa béo ngậy vị dừa hòa quyện chút cà phê) | Trà đào cam sả: 40,000đ/ly (Trà đào thơm mát kết hợp lát đào cam tươi sả thơm) | Trà sữa trân châu truyền thống: 40,000đ/ly (Trà sữa đậm trà kèm trân châu đen dai giòn) | Sinh tố bơ sáp: 33,000đ/ly (Sinh tố bơ sáp tươi ngon xay sữa đặc ngậy béo) | Nước ép cam nguyên chất: 30,000đ/ly (Ép cam sành tự nhiên nhiều vitamin C)"
ChIJFe1rohBbNDERSxo5FCCxFuA,Phở Bò Vũ Đại,21.0317514,105.5791745,4.0,1,Đường H11,Hà Nội,"Hạ Bằng, Hà Nội",VN,,,Nhà hàng,https://www.google.com/maps/search/?api=1&query=Ph%E1%BB%9F%20B%C3%B2%20V%C5%A9%20%C4%90%E1%BA%A1i&query_place_id=ChIJFe1rohBbNDERSxo5FCCxFuA,Có,"Phở chín bò ta: 35,000đ/bát (Nước dùng phở bò ninh xương ống ngọt lịm kèm thịt chín thái mỏng) | Phở tái chần: 30,000đ/bát (Phở bò với thịt bò tươi chần tái mềm ngọt) | Phở nạm gầu giòn: 40,000đ/bát (Bánh phở mềm cùng nạm bò và gầu bò giòn sần sật) | Phở tái lăn đặc biệt: 40,000đ/bát (Phở bò xào tái lăn thơm mùi tỏi phi) | Trứng gà trần: 7,000đ/quả (Trứng trần nước phở béo ngậy) | Quẩy giòn: 8,000đ/chiếc (Quẩy giòn ăn kèm nước phở)"
ChIJxUXiUQBbNDERPItF2QycnLs,Nhà hàng Vườn Chim Cần Kiệm,21.0183294,105.5849884,5.0,1,đường Lưu Niệm/68 Bác Hồ,Hà Nội,"Hạ Bằng, Hà Nội",VN,,,Nhà hàng,https://www.google.com/maps/search/?api=1&query=Nh%C3%A0%20h%C3%A0ng%20V%C6%B0%E1%BB%9Dn%20Chim%20C%E1%BA%A7n%20Ki%E1%BB%87m&query_place_id=ChIJxUXiUQBbNDERPItF2QycnLs,Có,"Cá kho tộ miền Tây đậm vị: 87,000đ/tộ (Cá trắm đen kho tộ sánh quyện nước hàng dừa) | Thịt ba chỉ rang cháy cạnh: 75,000đ/đĩa (Thịt ba chỉ ba chỉ giòn rưới mỡ hành) | Sườn non xào chua ngọt: 75,000đ/đĩa (Sườn non xào cùng dứa và ớt chuông sốt chua cay) | Rau muống luộc dầm sấu / xào tỏi: 33,000đ/đĩa (Rau muống tươi xanh luộc chấm nước mắm chanh ớt) | Canh riêu cua đồng cà pháo: 40,000đ/bát (Canh cua đồng mát lạnh ăn kèm cà pháo giòn tan) | Cơm trắng gạo tám thơm: 15,000đ/niêu (Niêu cơm gạo tám dẻo thơm)"
ChIJFcNAEgBbNDERO437Nm2aFg0,Lương Sơn Bạc,21.0167361,105.5739137,5.0,1,2H8F+MGQ,Hà Nội,"Hạ Bằng, Hà Nội",VN,,,Nhà hàng,https://www.google.com/maps/search/?api=1&query=L%C6%B0%C6%A1ng%20S%C6%A1n%20B%E1%BA%A1c&query_place_id=ChIJFcNAEgBbNDERO437Nm2aFg0,Có,"Cá kho tộ miền Tây đậm vị: 83,000đ/tộ (Cá trắm đen kho tộ sánh quyện nước hàng dừa) | Thịt ba chỉ rang cháy cạnh: 77,000đ/đĩa (Thịt ba chỉ ba chỉ giòn rưới mỡ hành) | Sườn non xào chua ngọt: 78,000đ/đĩa (Sườn non xào cùng dứa và ớt chuông sốt chua cay) | Rau muống luộc dầm sấu / xào tỏi: 30,000đ/đĩa (Rau muống tươi xanh luộc chấm nước mắm chanh ớt) | Canh riêu cua đồng cà pháo: 47,000đ/bát (Canh cua đồng mát lạnh ăn kèm cà pháo giòn tan) | Cơm trắng gạo tám thơm: 12,000đ/niêu (Niêu cơm gạo tám dẻo thơm)"
ChIJcYAnogZbNDERJkcQzuafe4Q,Nhà Hàng Tuấn Hiền - Lẩu Cua Đồng - Lẩu Lươn,21.0236101,105.5850056,5.0,1,"Chân Đồi Thông, Đường Phú Đa",Hà Nội,"Hạ Bằng, Hà Nội",VN,,+84 823 331 987,Nhà hàng,https://www.google.com/maps/search/?api=1&query=Nh%C3%A0%20H%C3%A0ng%20Tu%E1%BA%A5n%20Hi%E1%BB%81n%20-%20L%E1%BA%A9u%20Cua%20%C4%90%E1%BB%93ng%20-%20L%E1%BA%A9u%20L%C6%B0%C6%A1n&query_place_id=ChIJcYAnogZbNDERJkcQzuafe4Q,Có,"Lẩu cua đồng sườn sụn bắp bò: 330,000đ/nồi (Nồi lẩu riêu cua đồng nguyên chất siêu nhiều gạch, kèm bắp bò sườn sụn) | Lẩu Thái hải sản chua cay: 379,000đ/nồi (Nước lẩu Tomyum chua cay nhúng tôm, mực, ngao, nấm) | Set nướng BBQ thập cẩm bò ba chỉ: 279,000đ/set (Bắp bò, ba chỉ heo cuộn nấm kim châm tẩm sốt BBQ nướng xèo xèo) | Ba chỉ bò Mỹ nhúng thêm: 78,000đ/đĩa (Thịt ba chỉ bò Mỹ thái mỏng cuốn nấm) | Sườn sụn non heo thêm: 80,000đ/đĩa (Sườn non giòn sần sật nhúng lẩu) | Rau nấm tổng hợp nhúng lẩu: 30,000đ/đĩa (Nấm kim châm, cải thảo, rau muống tươi)"
ChIJt5S-TABZNDERYN_5911YiKE,152 thị trấn liên quan thạch thất hà nội,21.0548726,105.5781819,5.0,1,3H3H+W7V,Hà Nội,"Thạch Thất, Hà Nội",VN,,,Nhà hàng ăn nhanh,https://www.google.com/maps/search/?api=1&query=152%20th%E1%BB%8B%20tr%E1%BA%A5n%20li%C3%AAn%20quan%20th%E1%BA%A1ch%20th%E1%BA%A5t%20h%C3%A0%20n%E1%BB%99i&query_place_id=ChIJt5S-TABZNDERYN_5911YiKE,Có,"Gà rán giòn rụm tiêu cay (1 miếng): 35,000đ/miếng (Thịt gà tươi tẩm bột chiên vàng giòn da ngoài mọng nước bên trong) | Burger bò phô mai xá xíu đặc biệt: 43,000đ/chiếc (Burger kẹp bò băm nướng lò, phô mai lát béo ngậy, sốt đặc biệt) | Pizza xúc xích xông khói phô mai (Size 20cm): 120,000đ/chiếc (Đế pizza nướng giòn rưới đẫm phô mai Mozzarella nhập khẩu) | Khoai tây chiên giòn cọng lớn: 22,000đ/đĩa (Khoai tây vàng giòn tơi xốp ăn kèm sốt cà chua)"
ChIJlTAacgBbNDERz9wUAqth0Ug,Bánh Đa Cá Rô Đồng - Quỳnh Trâm,20.994493,105.5233338,5.0,1,130 cụm 1,Hà Nội,"Hòa Lạc, Hà Nội",VN,,,Nhà hàng gia đình,https://www.google.com/maps/search/?api=1&query=B%C3%A1nh%20%C4%90a%20C%C3%A1%20R%C3%B4%20%C4%90%E1%BB%93ng%20-%20Qu%E1%BB%B3nh%20Tr%C3%A2m&query_place_id=ChIJlTAacgBbNDERz9wUAqth0Ug,Có,"Cá kho tộ miền Tây đậm vị: 85,000đ/tộ (Cá trắm đen kho tộ sánh quyện nước hàng dừa) | Thịt ba chỉ rang cháy cạnh: 77,000đ/đĩa (Thịt ba chỉ ba chỉ giòn rưới mỡ hành) | Sườn non xào chua ngọt: 78,000đ/đĩa (Sườn non xào cùng dứa và ớt chuông sốt chua cay) | Rau muống luộc dầm sấu / xào tỏi: 30,000đ/đĩa (Rau muống tươi xanh luộc chấm nước mắm chanh ớt) | Canh riêu cua đồng cà pháo: 50,000đ/bát (Canh cua đồng mát lạnh ăn kèm cà pháo giòn tan) | Cơm trắng gạo tám thơm: 18,000đ/niêu (Niêu cơm gạo tám dẻo thơm)"
ChIJGdBaXwBbNDERP8onivVyXic,Quán bia Hưng Đại Lộ,20.9948824,105.5877207,5.0,1,Thôn Liệp Mai,Hà Nội,"Kiều Phú, Hà Nội",VN,,+84 931 892 013,Quán bia,https://www.google.com/maps/search/?api=1&query=Qu%C3%A1n%20bia%20H%C6%B0ng%20%C4%90%E1%BA%A1i%20L%E1%BB%99&query_place_id=ChIJGdBaXwBbNDERP8onivVyXic,Có,"Bia hơi Hà Nội mát lạnh: 12,000đ/cốc (Bia hơi tươi rói rót trực tiếp từ vòi bom lạnh) | Đậu phụ lướt ván nóng giòn: 27,000đ/đĩa (Đậu hũ non chiên lướt ván ngoài vàng giòn trong mịn mượt như thạch) | Đĩa lạc rang muối / lạc luộc mộc mạc: 15,000đ/đĩa (Đồ nhắm bia truyền thống) | Nộm tai heo đu đủ xanh chua ngọt: 70,000đ/đĩa (Tai heo giòn sần sật trộn đu đủ bào sợi nước nộm chua ngọt sảng khoái) | Sụn gà chiên mắm rang muối: 93,000đ/đĩa (Sụn gà ta giòn sần sật tẩm ướp chiên xóc muối ớt tỏi)"
ChIJj-8qEwBbNDERbNp_MkTpolE,Nhà Hàng Bia 666,21.0261366,105.5601249,5.0,1,"2HG6+F25, ĐT419",Hà Nội,"Hạ Bằng, Hà Nội",VN,,+84 982 888 217,Nhà hàng,https://www.google.com/maps/search/?api=1&query=Nh%C3%A0%20H%C3%A0ng%20Bia%20666&query_place_id=ChIJj-8qEwBbNDERbNp_MkTpolE,Có,"Bia hơi Hà Nội mát lạnh: 12,000đ/cốc (Bia hơi tươi rói rót trực tiếp từ vòi bom lạnh) | Đậu phụ lướt ván nóng giòn: 30,000đ/đĩa (Đậu hũ non chiên lướt ván ngoài vàng giòn trong mịn mượt như thạch) | Đĩa lạc rang muối / lạc luộc mộc mạc: 18,000đ/đĩa (Đồ nhắm bia truyền thống) | Nộm tai heo đu đủ xanh chua ngọt: 70,000đ/đĩa (Tai heo giòn sần sật trộn đu đủ bào sợi nước nộm chua ngọt sảng khoái) | Sụn gà chiên mắm rang muối: 97,000đ/đĩa (Sụn gà ta giòn sần sật tẩm ướp chiên xóc muối ớt tỏi)"
ChIJ-RhVJABbNDERPow_0K102Yg,Hằng Nga Quán,21.0242391,105.5498546,5.0,1,2GFX+HW5,Hà Nội,"Hạ Bằng, Hà Nội",VN,,,Nhà hàng,https://www.google.com/maps/search/?api=1&query=H%E1%BA%B1ng%20Nga%20Qu%C3%A1n&query_place_id=ChIJ-RhVJABbNDERPow_0K102Yg,Có,"Cá kho tộ miền Tây đậm vị: 90,000đ/tộ (Cá trắm đen kho tộ sánh quyện nước hàng dừa) | Thịt ba chỉ rang cháy cạnh: 73,000đ/đĩa (Thịt ba chỉ ba chỉ giòn rưới mỡ hành) | Sườn non xào chua ngọt: 80,000đ/đĩa (Sườn non xào cùng dứa và ớt chuông sốt chua cay) | Rau muống luộc dầm sấu / xào tỏi: 33,000đ/đĩa (Rau muống tươi xanh luộc chấm nước mắm chanh ớt) | Canh riêu cua đồng cà pháo: 40,000đ/bát (Canh cua đồng mát lạnh ăn kèm cà pháo giòn tan) | Cơm trắng gạo tám thơm: 18,000đ/niêu (Niêu cơm gạo tám dẻo thơm)"
ChIJr83PSgBbNDERXMJadMfMWlA,Cơm Tấm Bảo Uyên,21.0270298,105.5337274,5.0,1,Số 62 Phú Hữu,Hà Nội,"Hòa Lạc, Hà Nội",VN,,+84 971 932 901,Quán ăn nhỏ,https://www.google.com/maps/search/?api=1&query=C%C6%A1m%20T%E1%BA%A5m%20B%E1%BA%A3o%20Uy%C3%AAn&query_place_id=ChIJr83PSgBbNDERXMJadMfMWlA,Có,"Cơm rang dưa bò: 45,000đ/đĩa (Cơm rang hạt giòn tơi xào cùng cải dưa chua và thịt bò tươi mềm) | Cơm rang thập cẩm giòn: 35,000đ/đĩa (Cơm rang lạp xưởng ngô ngọt đậu hà lan rưới trứng vàng) | Cơm thố xá xíu nóng hổi: 35,000đ/thố (Cơm nấu niêu thố đất tạo lớp cháy giòn nhẹ, phủ thịt xá xíu đậm sốt) | Suất cơm bình dân tự chọn (3 món mặn + rau): 27,000đ/suất (Cơm suất bình dân đầy đặn sạch sẽ cho sinh viên và người đi làm) | Cơm tấm sườn bì chả Sài Gòn: 40,000đ/đĩa (Cơm tấm ăn kèm sườn nướng mặn ngọt chả trứng bì heo thính và nước mắm chua cay)"
ChIJN3VoZQBbNDERBzrE91BDlCU,Quán Choén,21.0254891,105.5357691,5.0,1,2GGP+58R,Hà Nội,"Hòa Lạc, Hà Nội",VN,,,Quán ăn nhẹ,https://www.google.com/maps/search/?api=1&query=Qu%C3%A1n%20Cho%C3%A9n&query_place_id=ChIJN3VoZQBbNDERBzrE91BDlCU,Có,"Cá kho tộ miền Tây đậm vị: 83,000đ/tộ (Cá trắm đen kho tộ sánh quyện nước hàng dừa) | Thịt ba chỉ rang cháy cạnh: 75,000đ/đĩa (Thịt ba chỉ ba chỉ giòn rưới mỡ hành) | Sườn non xào chua ngọt: 85,000đ/đĩa (Sườn non xào cùng dứa và ớt chuông sốt chua cay) | Rau muống luộc dầm sấu / xào tỏi: 33,000đ/đĩa (Rau muống tươi xanh luộc chấm nước mắm chanh ớt) | Canh riêu cua đồng cà pháo: 47,000đ/bát (Canh cua đồng mát lạnh ăn kèm cà pháo giòn tan) | Cơm trắng gạo tám thơm: 12,000đ/niêu (Niêu cơm gạo tám dẻo thơm)"
ChIJ3TrMAwBbNDERbG0BJ9Ejprs,Quán bia Oanh Thư,20.9976977,105.5689778,5.0,1,XHX9+3H,Hà Nội,"Hạ Bằng, Hà Nội",VN,,,Quán bia,https://www.google.com/maps/search/?api=1&query=Qu%C3%A1n%20bia%20Oanh%20Th%C6%B0&query_place_id=ChIJ3TrMAwBbNDERbG0BJ9Ejprs,Có,"Bia hơi Hà Nội mát lạnh: 9,000đ/cốc (Bia hơi tươi rói rót trực tiếp từ vòi bom lạnh) | Đậu phụ lướt ván nóng giòn: 30,000đ/đĩa (Đậu hũ non chiên lướt ván ngoài vàng giòn trong mịn mượt như thạch) | Đĩa lạc rang muối / lạc luộc mộc mạc: 18,000đ/đĩa (Đồ nhắm bia truyền thống) | Nộm tai heo đu đủ xanh chua ngọt: 65,000đ/đĩa (Tai heo giòn sần sật trộn đu đủ bào sợi nước nộm chua ngọt sảng khoái) | Sụn gà chiên mắm rang muối: 95,000đ/đĩa (Sụn gà ta giòn sần sật tẩm ướp chiên xóc muối ớt tỏi)"
ChIJgQ_lhZNbNDERAeuyGLuZ5sQ,Bún Cây Sữa,21.0011076,105.5624413,5.0,1,,Hà Nội,"Hạ Bằng, Hà Nội",VN,,+84 335 562 568,Quán mì,https://www.google.com/maps/search/?api=1&query=B%C3%BAn%20C%C3%A2y%20S%E1%BB%AFa&query_place_id=ChIJgQ_lhZNbNDERAeuyGLuZ5sQ,Có,"Bún cá cay Hải Phòng giòn rụm: 35,000đ/bát (Cá chiên giòn, chả cá thu thơm ngon nước dùng dọc mùng chua cay) | Bún riêu cua bắp bò giò tai: 35,000đ/bát (Bún nước với riêu cua đồng xịn kèm bắp bò tươi, giò tai heo sần sật) | Bún sườn mọc dọc mùng hành hoa: 35,000đ/bát (Bún sườn non mềm nhừ kèm mọc thịt giòn dẻo) | Trà đá mát lạnh: 5,000đ/cốc (Trà đá mát uống kèm bún nóng)"
ChIJUZBYaQBbNDER50HQXk3R_1w,Quán Chè Thập Cẩm Kiều Liên,20.9926944,105.571717,5.0,1,"XHVC+3MG, Đồng Kho - Đồng Trúc",Hà Nội,"Hạ Bằng, Hà Nội",VN,,+84 866 591 328,Cửa hàng kem,https://www.google.com/maps/search/?api=1&query=Qu%C3%A1n%20Ch%C3%A8%20Th%E1%BA%ADp%20C%E1%BA%A9m%20Ki%E1%BB%81u%20Li%C3%AAn&query_place_id=ChIJUZBYaQBbNDER50HQXk3R_1w,Có,"Kem tươi ốc quế sữa dừa / vani Mixue: 7,000đ/chiếc (Kem tươi thơm ngon ngậy béo ốc quế giòn tan) | Trà sữa ba anh em thạch pudding trân châu: 27,000đ/ly (Trà sữa đậm vị kèm full topping dồi dào) | Dương chi cam lộ xoài bưởi trân châu: 33,000đ/ly (Sinh tố xoài, bưởi hồng cùng thạch dừa thạch đào thơm ngon mát lạnh) | Trà đào tứ kỳ xuân hạt đào miếng: 22,000đ/ly (Trà ô long thanh vị kết hợp thạch đào giòn ngọt)"
ChIJv2WsU2ZbNDERECJcIkWcgY4,Coffee Sing A Song,21.0062999,105.5187455,5.0,1,175 Thôn 3,Hà Nội,"Hòa Lạc, Hà Nội",VN,,+84 338 393 656,Quán cà phê,https://www.google.com/maps/search/?api=1&query=Coffee%20Sing%20A%20Song&query_place_id=ChIJv2WsU2ZbNDERECJcIkWcgY4,Có,"Cà phê đen đá pha phin: 19,000đ/ly (Cà phê đen truyền thống đậm đà) | Cà phê sữa đá: 22,000đ/ly (Cà phê sữa pha phin béo ngậy) | Bạc xỉu cốt dừa: 27,000đ/ly (Nhiều sữa béo ngậy vị dừa hòa quyện chút cà phê) | Trà đào cam sả: 35,000đ/ly (Trà đào thơm mát kết hợp lát đào cam tươi sả thơm) | Trà sữa trân châu truyền thống: 37,000đ/ly (Trà sữa đậm trà kèm trân châu đen dai giòn) | Sinh tố bơ sáp: 33,000đ/ly (Sinh tố bơ sáp tươi ngon xay sữa đặc ngậy béo) | Nước ép cam nguyên chất: 30,000đ/ly (Ép cam sành tự nhiên nhiều vitamin C)"
ChIJoSjPcABbNDER2R34NSuUgMo,Nhà Hàng Phú Nhị,20.9984156,105.5553096,5.0,1,XHX3+JRM,Hà Nội,"Hòa Lạc, Hà Nội",VN,,+84 356 085 008,Nhà hàng,https://www.google.com/maps/search/?api=1&query=Nh%C3%A0%20H%C3%A0ng%20Ph%C3%BA%20Nh%E1%BB%8B&query_place_id=ChIJoSjPcABbNDER2R34NSuUgMo,Có,"Cá kho tộ miền Tây đậm vị: 85,000đ/tộ (Cá trắm đen kho tộ sánh quyện nước hàng dừa) | Thịt ba chỉ rang cháy cạnh: 77,000đ/đĩa (Thịt ba chỉ ba chỉ giòn rưới mỡ hành) | Sườn non xào chua ngọt: 80,000đ/đĩa (Sườn non xào cùng dứa và ớt chuông sốt chua cay) | Rau muống luộc dầm sấu / xào tỏi: 30,000đ/đĩa (Rau muống tươi xanh luộc chấm nước mắm chanh ớt) | Canh riêu cua đồng cà pháo: 40,000đ/bát (Canh cua đồng mát lạnh ăn kèm cà pháo giòn tan) | Cơm trắng gạo tám thơm: 12,000đ/niêu (Niêu cơm gạo tám dẻo thơm)"
ChIJo99DcwBbNDER-cyVgC8qnfM,Quán Hải Sản Trang An,21.0004481,105.5595505,5.0,1,2H25+5RJ,Hà Nội,"Hạ Bằng, Hà Nội",VN,,,Nhà hàng hải sản,https://www.google.com/maps/search/?api=1&query=Qu%C3%A1n%20H%E1%BA%A3i%20S%E1%BA%A3n%20Trang%20An&query_place_id=ChIJo99DcwBbNDER-cyVgC8qnfM,Có,"Cá kho tộ miền Tây đậm vị: 85,000đ/tộ (Cá trắm đen kho tộ sánh quyện nước hàng dừa) | Thịt ba chỉ rang cháy cạnh: 73,000đ/đĩa (Thịt ba chỉ ba chỉ giòn rưới mỡ hành) | Sườn non xào chua ngọt: 85,000đ/đĩa (Sườn non xào cùng dứa và ớt chuông sốt chua cay) | Rau muống luộc dầm sấu / xào tỏi: 27,000đ/đĩa (Rau muống tươi xanh luộc chấm nước mắm chanh ớt) | Canh riêu cua đồng cà pháo: 40,000đ/bát (Canh cua đồng mát lạnh ăn kèm cà pháo giòn tan) | Cơm trắng gạo tám thơm: 12,000đ/niêu (Niêu cơm gạo tám dẻo thơm)"
ChIJeZiFcgBbNDERXSutqkpwtTA,Quán ăn đêm hương lan,21.005147,105.5568713,5.0,1,2H44+3P5,Hà Nội,"Hạ Bằng, Hà Nội",VN,,,Nhà hàng,https://www.google.com/maps/search/?api=1&query=Qu%C3%A1n%20%C4%83n%20%C4%91%C3%AAm%20h%C6%B0%C6%A1ng%20lan&query_place_id=ChIJeZiFcgBbNDERXSutqkpwtTA,Có,"Cá kho tộ miền Tây đậm vị: 90,000đ/tộ (Cá trắm đen kho tộ sánh quyện nước hàng dừa) | Thịt ba chỉ rang cháy cạnh: 77,000đ/đĩa (Thịt ba chỉ ba chỉ giòn rưới mỡ hành) | Sườn non xào chua ngọt: 82,000đ/đĩa (Sườn non xào cùng dứa và ớt chuông sốt chua cay) | Rau muống luộc dầm sấu / xào tỏi: 33,000đ/đĩa (Rau muống tươi xanh luộc chấm nước mắm chanh ớt) | Canh riêu cua đồng cà pháo: 50,000đ/bát (Canh cua đồng mát lạnh ăn kèm cà pháo giòn tan) | Cơm trắng gạo tám thơm: 12,000đ/niêu (Niêu cơm gạo tám dẻo thơm)"
ChIJzyoyBQBbNDER4IApKyZm6gc,Quán Cơm Hưng Thắm,20.9995848,105.5565025,5.0,1,XHX4+VHV,Hà Nội,"Hạ Bằng, Hà Nội",VN,,,Quán ăn nhỏ,https://www.google.com/maps/search/?api=1&query=Qu%C3%A1n%20C%C6%A1m%20H%C6%B0ng%20Th%E1%BA%AFm&query_place_id=ChIJzyoyBQBbNDER4IApKyZm6gc,Có,"Cơm rang dưa bò: 50,000đ/đĩa (Cơm rang hạt giòn tơi xào cùng cải dưa chua và thịt bò tươi mềm) | Cơm rang thập cẩm giòn: 30,000đ/đĩa (Cơm rang lạp xưởng ngô ngọt đậu hà lan rưới trứng vàng) | Cơm thố xá xíu nóng hổi: 35,000đ/thố (Cơm nấu niêu thố đất tạo lớp cháy giòn nhẹ, phủ thịt xá xíu đậm sốt) | Suất cơm bình dân tự chọn (3 món mặn + rau): 27,000đ/suất (Cơm suất bình dân đầy đặn sạch sẽ cho sinh viên và người đi làm) | Cơm tấm sườn bì chả Sài Gòn: 38,000đ/đĩa (Cơm tấm ăn kèm sườn nướng mặn ngọt chả trứng bì heo thính và nước mắm chua cay)"
ChIJM-AcYwBbNDERMqyB6en5IUY,Bánh cuốn Cao Bằng Bún chả Hà Thành,21.0059619,105.5187165,5.0,1,Số 179 cụm 4,Hà Nội,"Hòa Lạc, Hà Nội",VN,,+84 376 822 660,Khu ăn uống,https://www.google.com/maps/search/?api=1&query=B%C3%A1nh%20cu%E1%BB%91n%20Cao%20B%E1%BA%B1ng%20B%C3%BAn%20ch%E1%BA%A3%20H%C3%A0%20Th%C3%A0nh&query_place_id=ChIJM-AcYwBbNDERMqyB6en5IUY,Có,"Bún đậu mắm tôm đầy đủ (Đậu, thịt chân giò, nem chua rán, chả cốm): 40,000đ/suất (Mẹt bún đậu đầy đủ nguyên liệu tươi ngon kèm rau thơm kinh giới) | Bún đậu thường (Đậu chiên giòn): 28,000đ/suất (Bún đậu chay đơn giản với đậu phụ rán giòn) | Bún chả Hà Nội truyền thống: 38,000đ/suất (Chả miếng và chả viên nướng than hoa thơm phức trong bát nước chấm chua ngọt) | Nem cua bể chiên giòn: 18,000đ/chiếc (Nem cua bể giòn rụm nhiều nhân) | Nước sấu đá ngầm chua ngọt: 18,000đ/cốc (Đồ uống giải nhiệt cực hợp vị bún đậu)"
ChIJJ1AkBv1ZNDERluEJfeCye2c,Fancy foods,21.0533897,105.5708193,4.0,1,Đường 84,Hà Nội,"Thạch Thất, Hà Nội",VN,,+84 973 500 660,Cửa hàng kem,https://www.google.com/maps/search/?api=1&query=Fancy%20foods&query_place_id=ChIJJ1AkBv1ZNDERluEJfeCye2c,Có,"Kem tươi ốc quế sữa dừa / vani Mixue: 13,000đ/chiếc (Kem tươi thơm ngon ngậy béo ốc quế giòn tan) | Trà sữa ba anh em thạch pudding trân châu: 27,000đ/ly (Trà sữa đậm vị kèm full topping dồi dào) | Dương chi cam lộ xoài bưởi trân châu: 35,000đ/ly (Sinh tố xoài, bưởi hồng cùng thạch dừa thạch đào thơm ngon mát lạnh) | Trà đào tứ kỳ xuân hạt đào miếng: 28,000đ/ly (Trà ô long thanh vị kết hợp thạch đào giòn ngọt)"
ChIJC0VZNParNTERzwwdkyPy2TQ,Thiên Ban Quán Bún Cá Cay,21.0224413,105.5499244,5.0,1,2GFX+2W5,Hà Nội,"Hạ Bằng, Hà Nội",VN,,+84 968 860 363,Khu ăn uống,https://www.google.com/maps/search/?api=1&query=Thi%C3%AAn%20Ban%20Qu%C3%A1n%20B%C3%BAn%20C%C3%A1%20Cay&query_place_id=ChIJC0VZNParNTERzwwdkyPy2TQ,Có,"Bún cá cay Hải Phòng giòn rụm: 30,000đ/bát (Cá chiên giòn, chả cá thu thơm ngon nước dùng dọc mùng chua cay) | Bún riêu cua bắp bò giò tai: 42,000đ/bát (Bún nước với riêu cua đồng xịn kèm bắp bò tươi, giò tai heo sần sật) | Bún sườn mọc dọc mùng hành hoa: 33,000đ/bát (Bún sườn non mềm nhừ kèm mọc thịt giòn dẻo) | Trà đá mát lạnh: 8,000đ/cốc (Trà đá mát uống kèm bún nóng)"
ChIJ7XynSwBbNDERMJbJuKkk-4I,Maika Karaoke,21.0244256,105.5498359,5.0,1,2HF2+Q2R,Hà Nội,"Hạ Bằng, Hà Nội",VN,,+84 382 370 263,Quán bar karaoke,https://www.google.com/maps/search/?api=1&query=Maika%20Karaoke&query_place_id=ChIJ7XynSwBbNDERMJbJuKkk-4I,Có,"Đĩa hoa quả thập cẩm lớn (Dưa hấu, ổi, xoài, nho): 150,000đ/đĩa (Hoa quả tươi ngon cắt lát đẹp mắt) | Khô mực nướng cồn: 160,000đ/con (Mực khô Vân Đồn nướng cồn xé tay) | Thịt bò khô xé sợi vắt chanh: 75,000đ/đĩa (Bò khô sợi cay cay ngọt ngọt) | Khoai tây chiên lắc phô mai: 47,000đ/đĩa (Khoai tây chiên giòn tan phủ bột phô mai) | Hạt hướng dương sạch: 20,000đ/đĩa (Hạt hướng dương rang thơm) | Bia Heineken lon: 28,000đ/lon (Bia ngoại ướp lạnh sẵn) | Bia Hà Nội lon: 18,000đ/lon (Bia nội truyền thống) | Nước ngọt Coca-Cola / Sting: 12,000đ/lon (Nước ngọt các loại phục vụ lạnh)"
ChIJQb3wR0ZbNDERE2GqfSSeGNE,Karaoke Mai Mai,21.0121163,105.5552345,5.0,1,,Hà Nội,"Hạ Bằng, Hà Nội",VN,,,Quán bar karaoke,https://www.google.com/maps/search/?api=1&query=Karaoke%20Mai%20Mai&query_place_id=ChIJQb3wR0ZbNDERE2GqfSSeGNE,Có,"Đĩa hoa quả thập cẩm lớn (Dưa hấu, ổi, xoài, nho): 170,000đ/đĩa (Hoa quả tươi ngon cắt lát đẹp mắt) | Khô mực nướng cồn: 190,000đ/con (Mực khô Vân Đồn nướng cồn xé tay) | Thịt bò khô xé sợi vắt chanh: 75,000đ/đĩa (Bò khô sợi cay cay ngọt ngọt) | Khoai tây chiên lắc phô mai: 43,000đ/đĩa (Khoai tây chiên giòn tan phủ bột phô mai) | Hạt hướng dương sạch: 17,000đ/đĩa (Hạt hướng dương rang thơm) | Bia Heineken lon: 25,000đ/lon (Bia ngoại ướp lạnh sẵn) | Bia Hà Nội lon: 21,000đ/lon (Bia nội truyền thống) | Nước ngọt Coca-Cola / Sting: 15,000đ/lon (Nước ngọt các loại phục vụ lạnh)"
ChIJsZMkWABbNDEROjyRGT9R7Qc,Karaoke 568,21.018184,105.566889,5.0,1,2H98+6QX,Hà Nội,"Hạ Bằng, Hà Nội",VN,,,Quán bar karaoke,https://www.google.com/maps/search/?api=1&query=Karaoke%20568&query_place_id=ChIJsZMkWABbNDEROjyRGT9R7Qc,Có,"Đĩa hoa quả thập cẩm lớn (Dưa hấu, ổi, xoài, nho): 160,000đ/đĩa (Hoa quả tươi ngon cắt lát đẹp mắt) | Khô mực nướng cồn: 190,000đ/con (Mực khô Vân Đồn nướng cồn xé tay) | Thịt bò khô xé sợi vắt chanh: 75,000đ/đĩa (Bò khô sợi cay cay ngọt ngọt) | Khoai tây chiên lắc phô mai: 47,000đ/đĩa (Khoai tây chiên giòn tan phủ bột phô mai) | Hạt hướng dương sạch: 17,000đ/đĩa (Hạt hướng dương rang thơm) | Bia Heineken lon: 25,000đ/lon (Bia ngoại ướp lạnh sẵn) | Bia Hà Nội lon: 15,000đ/lon (Bia nội truyền thống) | Nước ngọt Coca-Cola / Sting: 18,000đ/lon (Nước ngọt các loại phục vụ lạnh)"
ChIJryQHBwBbNDERB60ttSGAEIU,Thanh Bình Coffee,20.9867065,105.5272976,5.0,1,XGPG+MWM,Hà Nội,"Hòa Lạc, Hà Nội",VN,,,Quán cà phê,https://www.google.com/maps/search/?api=1&query=Thanh%20B%C3%ACnh%20Coffee&query_place_id=ChIJryQHBwBbNDERB60ttSGAEIU,Có,"Cà phê đen đá pha phin: 25,000đ/ly (Cà phê đen truyền thống đậm đà) | Cà phê sữa đá: 22,000đ/ly (Cà phê sữa pha phin béo ngậy) | Bạc xỉu cốt dừa: 27,000đ/ly (Nhiều sữa béo ngậy vị dừa hòa quyện chút cà phê) | Trà đào cam sả: 40,000đ/ly (Trà đào thơm mát kết hợp lát đào cam tươi sả thơm) | Trà sữa trân châu truyền thống: 30,000đ/ly (Trà sữa đậm trà kèm trân châu đen dai giòn) | Sinh tố bơ sáp: 35,000đ/ly (Sinh tố bơ sáp tươi ngon xay sữa đặc ngậy béo) | Nước ép cam nguyên chất: 30,000đ/ly (Ép cam sành tự nhiên nhiều vitamin C)"
ChIJxRxoWA5bNDERmX-Zlw8CSig,Quang Anh,20.9822254,105.5319491,5.0,1,,Hà Nội,"Hòa Lạc, Hà Nội",VN,,,Quán cà phê,https://www.google.com/maps/search/?api=1&query=Quang%20Anh&query_place_id=ChIJxRxoWA5bNDERmX-Zlw8CSig,Có,"Cà phê đen đá pha phin: 25,000đ/ly (Cà phê đen truyền thống đậm đà) | Cà phê sữa đá: 28,000đ/ly (Cà phê sữa pha phin béo ngậy) | Bạc xỉu cốt dừa: 30,000đ/ly (Nhiều sữa béo ngậy vị dừa hòa quyện chút cà phê) | Trà đào cam sả: 37,000đ/ly (Trà đào thơm mát kết hợp lát đào cam tươi sả thơm) | Trà sữa trân châu truyền thống: 37,000đ/ly (Trà sữa đậm trà kèm trân châu đen dai giòn) | Sinh tố bơ sáp: 35,000đ/ly (Sinh tố bơ sáp tươi ngon xay sữa đặc ngậy béo) | Nước ép cam nguyên chất: 33,000đ/ly (Ép cam sành tự nhiên nhiều vitamin C)"
ChIJ3XYPWgBbNDERPT_ov0KMEp0,Tiệm Trà Mẹ Kem,20.987516,105.527315,5.0,1,XGQG+2W4,Hà Nội,"Hòa Lạc, Hà Nội",VN,,,Trà trân châu,https://www.google.com/maps/search/?api=1&query=Ti%E1%BB%87m%20Tr%C3%A0%20M%E1%BA%B9%20Kem&query_place_id=ChIJ3XYPWgBbNDERPT_ov0KMEp0,Có,"Cà phê đen đá pha phin: 19,000đ/ly (Cà phê đen truyền thống đậm đà) | Cà phê sữa đá: 28,000đ/ly (Cà phê sữa pha phin béo ngậy) | Bạc xỉu cốt dừa: 27,000đ/ly (Nhiều sữa béo ngậy vị dừa hòa quyện chút cà phê) | Trà đào cam sả: 40,000đ/ly (Trà đào thơm mát kết hợp lát đào cam tươi sả thơm) | Trà sữa trân châu truyền thống: 35,000đ/ly (Trà sữa đậm trà kèm trân châu đen dai giòn) | Sinh tố bơ sáp: 40,000đ/ly (Sinh tố bơ sáp tươi ngon xay sữa đặc ngậy béo) | Nước ép cam nguyên chất: 27,000đ/ly (Ép cam sành tự nhiên nhiều vitamin C)"
ChIJv_PXOIpbNDERkxVK2SZCClg,Karaoke Audi,20.9866205,105.5352956,5.0,1,,Hà Nội,"Hòa Lạc, Hà Nội",VN,,+84 395 374 888,Quán bar,https://www.google.com/maps/search/?api=1&query=Karaoke%20Audi&query_place_id=ChIJv_PXOIpbNDERkxVK2SZCClg,Có,"Đĩa hoa quả thập cẩm lớn (Dưa hấu, ổi, xoài, nho): 130,000đ/đĩa (Hoa quả tươi ngon cắt lát đẹp mắt) | Khô mực nướng cồn: 190,000đ/con (Mực khô Vân Đồn nướng cồn xé tay) | Thịt bò khô xé sợi vắt chanh: 75,000đ/đĩa (Bò khô sợi cay cay ngọt ngọt) | Khoai tây chiên lắc phô mai: 50,000đ/đĩa (Khoai tây chiên giòn tan phủ bột phô mai) | Hạt hướng dương sạch: 20,000đ/đĩa (Hạt hướng dương rang thơm) | Bia Heineken lon: 28,000đ/lon (Bia ngoại ướp lạnh sẵn) | Bia Hà Nội lon: 21,000đ/lon (Bia nội truyền thống) | Nước ngọt Coca-Cola / Sting: 15,000đ/lon (Nước ngọt các loại phục vụ lạnh)"
ChIJHRI0TsVbNDERaHouLdyH5Q4,Liso Quán Bia Cơm,20.9972813,105.5546175,2.0,1,"XHW3+WRG, D. Vực Giang",Hà Nội,"Hòa Lạc, Hà Nội",VN,,+84 975 777 515,Nhà hàng Việt Nam,https://www.google.com/maps/search/?api=1&query=Liso%20Qu%C3%A1n%20Bia%20C%C6%A1m&query_place_id=ChIJHRI0TsVbNDERaHouLdyH5Q4,Có,"Cơm rang dưa bò: 45,000đ/đĩa (Cơm rang hạt giòn tơi xào cùng cải dưa chua và thịt bò tươi mềm) | Cơm rang thập cẩm giòn: 40,000đ/đĩa (Cơm rang lạp xưởng ngô ngọt đậu hà lan rưới trứng vàng) | Cơm thố xá xíu nóng hổi: 38,000đ/thố (Cơm nấu niêu thố đất tạo lớp cháy giòn nhẹ, phủ thịt xá xíu đậm sốt) | Suất cơm bình dân tự chọn (3 món mặn + rau): 27,000đ/suất (Cơm suất bình dân đầy đặn sạch sẽ cho sinh viên và người đi làm) | Cơm tấm sườn bì chả Sài Gòn: 38,000đ/đĩa (Cơm tấm ăn kèm sườn nướng mặn ngọt chả trứng bì heo thính và nước mắm chua cay)"
ChIJZa4cCQBbNDERk9JIxXwDrzs,Thỏ coffee & milktea,21.0141516,105.5201265,5.0,1,"2G7C+M29, QL21A",Hà Nội,"Hòa Lạc, Hà Nội",VN,,+84 984 104 341,Quán cà phê,https://www.google.com/maps/search/?api=1&query=Th%E1%BB%8F%20coffee%20%26%20milktea&query_place_id=ChIJZa4cCQBbNDERk9JIxXwDrzs,Có,"Cà phê đen đá pha phin: 22,000đ/ly (Cà phê đen truyền thống đậm đà) | Cà phê sữa đá: 25,000đ/ly (Cà phê sữa pha phin béo ngậy) | Bạc xỉu cốt dừa: 30,000đ/ly (Nhiều sữa béo ngậy vị dừa hòa quyện chút cà phê) | Trà đào cam sả: 35,000đ/ly (Trà đào thơm mát kết hợp lát đào cam tươi sả thơm) | Trà sữa trân châu truyền thống: 35,000đ/ly (Trà sữa đậm trà kèm trân châu đen dai giòn) | Sinh tố bơ sáp: 33,000đ/ly (Sinh tố bơ sáp tươi ngon xay sữa đặc ngậy béo) | Nước ép cam nguyên chất: 27,000đ/ly (Ép cam sành tự nhiên nhiều vitamin C)"
ChIJS7qV_mhbNDERxjkHpJlmmEU,Karaoke 686 Cafe Vườn,21.02002,105.5639351,5.0,1,Số 77 Thôn 1,Hà Nội,"Hạ Bằng, Hà Nội",VN,,+84 378 708 334,Quán bar karaoke,https://www.google.com/maps/search/?api=1&query=Karaoke%20686%20Cafe%20V%C6%B0%E1%BB%9Dn&query_place_id=ChIJS7qV_mhbNDERxjkHpJlmmEU,Có,"Đĩa hoa quả thập cẩm lớn (Dưa hấu, ổi, xoài, nho): 130,000đ/đĩa (Hoa quả tươi ngon cắt lát đẹp mắt) | Khô mực nướng cồn: 190,000đ/con (Mực khô Vân Đồn nướng cồn xé tay) | Thịt bò khô xé sợi vắt chanh: 80,000đ/đĩa (Bò khô sợi cay cay ngọt ngọt) | Khoai tây chiên lắc phô mai: 43,000đ/đĩa (Khoai tây chiên giòn tan phủ bột phô mai) | Hạt hướng dương sạch: 20,000đ/đĩa (Hạt hướng dương rang thơm) | Bia Heineken lon: 25,000đ/lon (Bia ngoại ướp lạnh sẵn) | Bia Hà Nội lon: 15,000đ/lon (Bia nội truyền thống) | Nước ngọt Coca-Cola / Sting: 12,000đ/lon (Nước ngọt các loại phục vụ lạnh)"
ChIJKyTlewBZNDERpQP_wDAQq9A,Bún riêu cô Hằng,21.042569,105.509487,,,521 QL21A,Hà Nội,"Hòa Lạc, Hà Nội",VN,,,Quán ăn nhỏ,https://www.google.com/maps/search/?api=1&query=B%C3%BAn%20ri%C3%AAu%20c%C3%B4%20H%E1%BA%B1ng&query_place_id=ChIJKyTlewBZNDERpQP_wDAQq9A,Có,"Bún cá cay Hải Phòng giòn rụm: 35,000đ/bát (Cá chiên giòn, chả cá thu thơm ngon nước dùng dọc mùng chua cay) | Bún riêu cua bắp bò giò tai: 35,000đ/bát (Bún nước với riêu cua đồng xịn kèm bắp bò tươi, giò tai heo sần sật) | Bún sườn mọc dọc mùng hành hoa: 35,000đ/bát (Bún sườn non mềm nhừ kèm mọc thịt giòn dẻo) | Trà đá mát lạnh: 5,000đ/cốc (Trà đá mát uống kèm bún nóng)"
ChIJTSEMVQBZNDERZWIF_s6VD2g,Thịt Chó-Thịt Mèo Gia Hưng,21.0434095,105.5074536,,,Thôn Đoàn Kết,Hà Nội,"Hòa Lạc, Hà Nội",VN,,+84 357 681 998,Nhà hàng,https://www.google.com/maps/search/?api=1&query=Th%E1%BB%8Bt%20Ch%C3%B3-Th%E1%BB%8Bt%20M%C3%A8o%20Gia%20H%C6%B0ng&query_place_id=ChIJTSEMVQBZNDERZWIF_s6VD2g,Có,"Cá kho tộ miền Tây đậm vị: 87,000đ/tộ (Cá trắm đen kho tộ sánh quyện nước hàng dừa) | Thịt ba chỉ rang cháy cạnh: 77,000đ/đĩa (Thịt ba chỉ ba chỉ giòn rưới mỡ hành) | Sườn non xào chua ngọt: 82,000đ/đĩa (Sườn non xào cùng dứa và ớt chuông sốt chua cay) | Rau muống luộc dầm sấu / xào tỏi: 33,000đ/đĩa (Rau muống tươi xanh luộc chấm nước mắm chanh ớt) | Canh riêu cua đồng cà pháo: 50,000đ/bát (Canh cua đồng mát lạnh ăn kèm cà pháo giòn tan) | Cơm trắng gạo tám thơm: 12,000đ/niêu (Niêu cơm gạo tám dẻo thơm)"
ChIJG11Na8lZNDER5eS7_T0ki3k,Nhà hàng vịt nướng Phú Gia,21.0338383,105.5152943,,,887 QL21A,Hà Nội,"Đoài Phương, Hà Nội",VN,,+84 973 131 112,Nhà hàng,https://www.google.com/maps/search/?api=1&query=Nh%C3%A0%20h%C3%A0ng%20v%E1%BB%8Bt%20n%C6%B0%E1%BB%9Bng%20Ph%C3%BA%20Gia&query_place_id=ChIJG11Na8lZNDER5eS7_T0ki3k,Có,"Lẩu cua đồng sườn sụn bắp bò: 360,000đ/nồi (Nồi lẩu riêu cua đồng nguyên chất siêu nhiều gạch, kèm bắp bò sườn sụn) | Lẩu Thái hải sản chua cay: 419,000đ/nồi (Nước lẩu Tomyum chua cay nhúng tôm, mực, ngao, nấm) | Set nướng BBQ thập cẩm bò ba chỉ: 289,000đ/set (Bắp bò, ba chỉ heo cuộn nấm kim châm tẩm sốt BBQ nướng xèo xèo) | Ba chỉ bò Mỹ nhúng thêm: 85,000đ/đĩa (Thịt ba chỉ bò Mỹ thái mỏng cuốn nấm) | Sườn sụn non heo thêm: 70,000đ/đĩa (Sườn non giòn sần sật nhúng lẩu) | Rau nấm tổng hợp nhúng lẩu: 27,000đ/đĩa (Nấm kim châm, cải thảo, rau muống tươi)"
ChIJmS57KABZNDERJm5ava5fDBY,Phở Vũ Trâu Tươi Cơm Rang Bún Bò Huế,21.0456882,105.507463,,,409 QL21A,Hà Nội,"Đoài Phương, Hà Nội",VN,,+84 865 225 336,Cửa hàng ăn nhanh,https://www.google.com/maps/search/?api=1&query=Ph%E1%BB%9F%20V%C5%A9%20Tr%C3%A2u%20T%C6%B0%C6%A1i%20C%C6%A1m%20Rang%20B%C3%BAn%20B%C3%B2%20Hu%E1%BA%BF&query_place_id=ChIJmS57KABZNDERJm5ava5fDBY,Có,"Bún bò Huế đầy đủ (Thịt bò, chả cua, tiết, mọc): 45,000đ/bát (Bún bò Huế chuẩn vị nước dùng thơm mùi sả, ruốc heo) | Bún bò Huế đặc biệt (Thêm giò heo): 45,000đ/bát (Bún bò Huế tô lớn thêm chân giò heo béo ngậy) | Bún bò Huế tái chín: 40,000đ/bát (Bún bò với thịt bò tái chần và nạm bò chín) | Quẩy nóng: 5,000đ/chiếc (Quẩy giòn ăn kèm bún bò) | Giò tai heo thêm: 7,000đ/chiếc (Giò tai giòn sần sật gọi thêm) | Trà đá: 2,000đ/cốc (Trà đá mát lạnh giải nhiệt)"
ChIJ6cAhylZZNDERky2tFMODo1w,Nhà Hàng Thùy Dung,21.0451073,105.5079707,,,,Hà Nội,"Đoài Phương, Hà Nội",VN,,,Nhà hàng,https://www.google.com/maps/search/?api=1&query=Nh%C3%A0%20H%C3%A0ng%20Th%C3%B9y%20Dung&query_place_id=ChIJ6cAhylZZNDERky2tFMODo1w,Có,"Cá kho tộ miền Tây đậm vị: 87,000đ/tộ (Cá trắm đen kho tộ sánh quyện nước hàng dừa) | Thịt ba chỉ rang cháy cạnh: 70,000đ/đĩa (Thịt ba chỉ ba chỉ giòn rưới mỡ hành) | Sườn non xào chua ngọt: 78,000đ/đĩa (Sườn non xào cùng dứa và ớt chuông sốt chua cay) | Rau muống luộc dầm sấu / xào tỏi: 33,000đ/đĩa (Rau muống tươi xanh luộc chấm nước mắm chanh ớt) | Canh riêu cua đồng cà pháo: 43,000đ/bát (Canh cua đồng mát lạnh ăn kèm cà pháo giòn tan) | Cơm trắng gạo tám thơm: 15,000đ/niêu (Niêu cơm gạo tám dẻo thơm)"
ChIJTXvpMwBZNDERB5k2udGRtuU,Abc co domg,21.0456162,105.5064292,,,2GW4+6HV,Hà Nội,"Hòa Lạc, Hà Nội",VN,,,Cửa hàng kem,https://www.google.com/maps/search/?api=1&query=Abc%20co%20domg&query_place_id=ChIJTXvpMwBZNDERB5k2udGRtuU,Có,"Kem tươi ốc quế sữa dừa / vani Mixue: 10,000đ/chiếc (Kem tươi thơm ngon ngậy béo ốc quế giòn tan) | Trà sữa ba anh em thạch pudding trân châu: 30,000đ/ly (Trà sữa đậm vị kèm full topping dồi dào) | Dương chi cam lộ xoài bưởi trân châu: 35,000đ/ly (Sinh tố xoài, bưởi hồng cùng thạch dừa thạch đào thơm ngon mát lạnh) | Trà đào tứ kỳ xuân hạt đào miếng: 28,000đ/ly (Trà ô long thanh vị kết hợp thạch đào giòn ngọt)"
ChIJzbcc26JZNDERrF9EkOaoHeE,PHỞ BÒ CƠM RANG VŨ THẢO,21.039979,105.5115634,,,QL21/thôn Đoàn Kết,Hà Nội,"Hòa Lạc, Hà Nội",VN,,+84 977 403 296,Khu ăn uống,https://www.google.com/maps/search/?api=1&query=PH%E1%BB%9E%20B%C3%92%20C%C6%A0M%20RANG%20V%C5%A8%20TH%E1%BA%A2O&query_place_id=ChIJzbcc26JZNDERrF9EkOaoHeE,Có,"Phở chín bò ta: 30,000đ/bát (Nước dùng phở bò ninh xương ống ngọt lịm kèm thịt chín thái mỏng) | Phở tái chần: 35,000đ/bát (Phở bò với thịt bò tươi chần tái mềm ngọt) | Phở nạm gầu giòn: 35,000đ/bát (Bánh phở mềm cùng nạm bò và gầu bò giòn sần sật) | Phở tái lăn đặc biệt: 45,000đ/bát (Phở bò xào tái lăn thơm mùi tỏi phi) | Trứng gà trần: 13,000đ/quả (Trứng trần nước phở béo ngậy) | Quẩy giòn: 8,000đ/chiếc (Quẩy giòn ăn kèm nước phở)"
ChIJ6cQHeQBZNDERisbvX75IR4A,Quán bia Trường Mai,21.040277,105.5106325,,,Thôn Đoàn Kết,Hà Nội,"Hòa Lạc, Hà Nội",VN,,,Khu ăn uống,https://www.google.com/maps/search/?api=1&query=Qu%C3%A1n%20bia%20Tr%C6%B0%E1%BB%9Dng%20Mai&query_place_id=ChIJ6cQHeQBZNDERisbvX75IR4A,Có,"Bia hơi Hà Nội mát lạnh: 12,000đ/cốc (Bia hơi tươi rói rót trực tiếp từ vòi bom lạnh) | Đậu phụ lướt ván nóng giòn: 27,000đ/đĩa (Đậu hũ non chiên lướt ván ngoài vàng giòn trong mịn mượt như thạch) | Đĩa lạc rang muối / lạc luộc mộc mạc: 12,000đ/đĩa (Đồ nhắm bia truyền thống) | Nộm tai heo đu đủ xanh chua ngọt: 67,000đ/đĩa (Tai heo giòn sần sật trộn đu đủ bào sợi nước nộm chua ngọt sảng khoái) | Sụn gà chiên mắm rang muối: 95,000đ/đĩa (Sụn gà ta giòn sần sật tẩm ướp chiên xóc muối ớt tỏi)"
ChIJMc2QtoBZNDER7WZO0wbsCfw,Phở Tuấn Thành,21.047297,105.5058545,,,"2GW4+W89, QL21A",Hà Nội,"Hòa Lạc, Hà Nội",VN,,,Nhà hàng châu Á,https://www.google.com/maps/search/?api=1&query=Ph%E1%BB%9F%20Tu%E1%BA%A5n%20Th%C3%A0nh&query_place_id=ChIJMc2QtoBZNDER7WZO0wbsCfw,Có,"Phở chín bò ta: 33,000đ/bát (Nước dùng phở bò ninh xương ống ngọt lịm kèm thịt chín thái mỏng) | Phở tái chần: 30,000đ/bát (Phở bò với thịt bò tươi chần tái mềm ngọt) | Phở nạm gầu giòn: 38,000đ/bát (Bánh phở mềm cùng nạm bò và gầu bò giòn sần sật) | Phở tái lăn đặc biệt: 45,000đ/bát (Phở bò xào tái lăn thơm mùi tỏi phi) | Trứng gà trần: 13,000đ/quả (Trứng trần nước phở béo ngậy) | Quẩy giòn: 8,000đ/chiếc (Quẩy giòn ăn kèm nước phở)"
ChIJIaOfAgBbNDERabLmpwFVBIY,Quán cơm sạch cô út miền tây,21.0116806,105.5188701,,,3 Phố Thạch,Hà Nội,"Hòa Lạc, Hà Nội",VN,,,Nhà hàng cơm,https://www.google.com/maps/search/?api=1&query=Qu%C3%A1n%20c%C6%A1m%20s%E1%BA%A1ch%20c%C3%B4%20%C3%BAt%20mi%E1%BB%81n%20t%C3%A2y&query_place_id=ChIJIaOfAgBbNDERabLmpwFVBIY,Có,"Cơm rang dưa bò: 50,000đ/đĩa (Cơm rang hạt giòn tơi xào cùng cải dưa chua và thịt bò tươi mềm) | Cơm rang thập cẩm giòn: 30,000đ/đĩa (Cơm rang lạp xưởng ngô ngọt đậu hà lan rưới trứng vàng) | Cơm thố xá xíu nóng hổi: 35,000đ/thố (Cơm nấu niêu thố đất tạo lớp cháy giòn nhẹ, phủ thịt xá xíu đậm sốt) | Suất cơm bình dân tự chọn (3 món mặn + rau): 27,000đ/suất (Cơm suất bình dân đầy đặn sạch sẽ cho sinh viên và người đi làm) | Cơm tấm sườn bì chả Sài Gòn: 38,000đ/đĩa (Cơm tấm ăn kèm sườn nướng mặn ngọt chả trứng bì heo thính và nước mắm chua cay)"
ChIJA2Fya8lbNDERun8DlrH6940,Hò Zô Ta Mơ Garden,21.0056485,105.518426,,,QL21,Hà Nội,"Hòa Lạc, Hà Nội",VN,,+84 904 508 222,Nhà hàng,https://www.google.com/maps/search/?api=1&query=H%C3%B2%20Z%C3%B4%20Ta%20M%C6%A1%20Garden&query_place_id=ChIJA2Fya8lbNDERun8DlrH6940,Có,"Cá kho tộ miền Tây đậm vị: 87,000đ/tộ (Cá trắm đen kho tộ sánh quyện nước hàng dừa) | Thịt ba chỉ rang cháy cạnh: 75,000đ/đĩa (Thịt ba chỉ ba chỉ giòn rưới mỡ hành) | Sườn non xào chua ngọt: 75,000đ/đĩa (Sườn non xào cùng dứa và ớt chuông sốt chua cay) | Rau muống luộc dầm sấu / xào tỏi: 27,000đ/đĩa (Rau muống tươi xanh luộc chấm nước mắm chanh ớt) | Canh riêu cua đồng cà pháo: 45,000đ/bát (Canh cua đồng mát lạnh ăn kèm cà pháo giòn tan) | Cơm trắng gạo tám thơm: 18,000đ/niêu (Niêu cơm gạo tám dẻo thơm)"
ChIJ49KSctNbNDERccWPQfRZwvo,Vườn Bia Đồi Xanh,21.0064852,105.5221481,,,,Hà Nội,"Thạch Hòa, Hà Nội",VN,,+84 978 697 961,Nhà hàng,https://www.google.com/maps/search/?api=1&query=V%C6%B0%E1%BB%9Dn%20Bia%20%C4%90%E1%BB%93i%20Xanh&query_place_id=ChIJ49KSctNbNDERccWPQfRZwvo,Có,"Bia hơi Hà Nội mát lạnh: 9,000đ/cốc (Bia hơi tươi rói rót trực tiếp từ vòi bom lạnh) | Đậu phụ lướt ván nóng giòn: 30,000đ/đĩa (Đậu hũ non chiên lướt ván ngoài vàng giòn trong mịn mượt như thạch) | Đĩa lạc rang muối / lạc luộc mộc mạc: 18,000đ/đĩa (Đồ nhắm bia truyền thống) | Nộm tai heo đu đủ xanh chua ngọt: 67,000đ/đĩa (Tai heo giòn sần sật trộn đu đủ bào sợi nước nộm chua ngọt sảng khoái) | Sụn gà chiên mắm rang muối: 97,000đ/đĩa (Sụn gà ta giòn sần sật tẩm ướp chiên xóc muối ớt tỏi)"
ChIJQT87QQBbNDER7u3S8JXurQI,Thanh Xuân Quán,21.0005409,105.5204112,,,2G2C+55M,Hà Nội,"Hòa Lạc, Hà Nội",VN,,,Nhà hàng,https://www.google.com/maps/search/?api=1&query=Thanh%20Xu%C3%A2n%20Qu%C3%A1n&query_place_id=ChIJQT87QQBbNDER7u3S8JXurQI,Có,"Cá kho tộ miền Tây đậm vị: 90,000đ/tộ (Cá trắm đen kho tộ sánh quyện nước hàng dừa) | Thịt ba chỉ rang cháy cạnh: 73,000đ/đĩa (Thịt ba chỉ ba chỉ giòn rưới mỡ hành) | Sườn non xào chua ngọt: 80,000đ/đĩa (Sườn non xào cùng dứa và ớt chuông sốt chua cay) | Rau muống luộc dầm sấu / xào tỏi: 27,000đ/đĩa (Rau muống tươi xanh luộc chấm nước mắm chanh ớt) | Canh riêu cua đồng cà pháo: 45,000đ/bát (Canh cua đồng mát lạnh ăn kèm cà pháo giòn tan) | Cơm trắng gạo tám thơm: 12,000đ/niêu (Niêu cơm gạo tám dẻo thơm)"
ChIJ8-ETmR-tNTERZW4DhCFbxDY,Phở Gà Tuấn Hưng,21.0026374,105.5203162,,,QL21A,Hà Nội,"thạch thất, Hà Nội",VN,https://www.facebook.com/share/18cbrUQrwV/,+84 945 645 645,Nhà hàng,https://www.google.com/maps/search/?api=1&query=Ph%E1%BB%9F%20G%C3%A0%20Tu%E1%BA%A5n%20H%C6%B0ng&query_place_id=ChIJ8-ETmR-tNTERZW4DhCFbxDY,Có,"Phở chín bò ta: 37,000đ/bát (Nước dùng phở bò ninh xương ống ngọt lịm kèm thịt chín thái mỏng) | Phở tái chần: 33,000đ/bát (Phở bò với thịt bò tươi chần tái mềm ngọt) | Phở nạm gầu giòn: 45,000đ/bát (Bánh phở mềm cùng nạm bò và gầu bò giòn sần sật) | Phở tái lăn đặc biệt: 45,000đ/bát (Phở bò xào tái lăn thơm mùi tỏi phi) | Trứng gà trần: 13,000đ/quả (Trứng trần nước phở béo ngậy) | Quẩy giòn: 8,000đ/chiếc (Quẩy giòn ăn kèm nước phở)"
ChIJK_3bNQBbNDER3OvZfTLBqjc,Cơm Đăng Khôi,21.0136204,105.5188594,,,2G79+CF4,Hà Nội,"Hòa Lạc, Hà Nội",VN,,,Nhà hàng cơm,https://www.google.com/maps/search/?api=1&query=C%C6%A1m%20%C4%90%C4%83ng%20Kh%C3%B4i&query_place_id=ChIJK_3bNQBbNDER3OvZfTLBqjc,Có,"Cơm rang dưa bò: 45,000đ/đĩa (Cơm rang hạt giòn tơi xào cùng cải dưa chua và thịt bò tươi mềm) | Cơm rang thập cẩm giòn: 33,000đ/đĩa (Cơm rang lạp xưởng ngô ngọt đậu hà lan rưới trứng vàng) | Cơm thố xá xíu nóng hổi: 40,000đ/thố (Cơm nấu niêu thố đất tạo lớp cháy giòn nhẹ, phủ thịt xá xíu đậm sốt) | Suất cơm bình dân tự chọn (3 món mặn + rau): 33,000đ/suất (Cơm suất bình dân đầy đặn sạch sẽ cho sinh viên và người đi làm) | Cơm tấm sườn bì chả Sài Gòn: 35,000đ/đĩa (Cơm tấm ăn kèm sườn nướng mặn ngọt chả trứng bì heo thính và nước mắm chua cay)"
ChIJD8z2fQBbNDERZi-cxwZrS7E,Bún Chả Hà Nội Thủy Béo,21.0066592,105.5181648,,,"2G49+J7M, QL21",Hà Nội,"Hòa Lạc, Hà Nội",VN,,,Quán mì,https://www.google.com/maps/search/?api=1&query=B%C3%BAn%20Ch%E1%BA%A3%20H%C3%A0%20N%E1%BB%99i%20Th%E1%BB%A7y%20B%C3%A9o&query_place_id=ChIJD8z2fQBbNDERZi-cxwZrS7E,Có,"Bún đậu mắm tôm đầy đủ (Đậu, thịt chân giò, nem chua rán, chả cốm): 45,000đ/suất (Mẹt bún đậu đầy đủ nguyên liệu tươi ngon kèm rau thơm kinh giới) | Bún đậu thường (Đậu chiên giòn): 25,000đ/suất (Bún đậu chay đơn giản với đậu phụ rán giòn) | Bún chả Hà Nội truyền thống: 45,000đ/suất (Chả miếng và chả viên nướng than hoa thơm phức trong bát nước chấm chua ngọt) | Nem cua bể chiên giòn: 18,000đ/chiếc (Nem cua bể giòn rụm nhiều nhân) | Nước sấu đá ngầm chua ngọt: 12,000đ/cốc (Đồ uống giải nhiệt cực hợp vị bún đậu)"
ChIJxRxYMABbNDERCTsvuozKfk8,Cơm Nam Hằng,20.9993555,105.5225787,,,564 QL21,Hà Nội,"Hòa Lạc, Hà Nội",VN,,,Quán ăn nhỏ,https://www.google.com/maps/search/?api=1&query=C%C6%A1m%20Nam%20H%E1%BA%B1ng&query_place_id=ChIJxRxYMABbNDERCTsvuozKfk8,Có,"Cơm rang dưa bò: 50,000đ/đĩa (Cơm rang hạt giòn tơi xào cùng cải dưa chua và thịt bò tươi mềm) | Cơm rang thập cẩm giòn: 33,000đ/đĩa (Cơm rang lạp xưởng ngô ngọt đậu hà lan rưới trứng vàng) | Cơm thố xá xíu nóng hổi: 42,000đ/thố (Cơm nấu niêu thố đất tạo lớp cháy giòn nhẹ, phủ thịt xá xíu đậm sốt) | Suất cơm bình dân tự chọn (3 món mặn + rau): 33,000đ/suất (Cơm suất bình dân đầy đặn sạch sẽ cho sinh viên và người đi làm) | Cơm tấm sườn bì chả Sài Gòn: 40,000đ/đĩa (Cơm tấm ăn kèm sườn nướng mặn ngọt chả trứng bì heo thính và nước mắm chua cay)"
ChIJJft1fABbNDERBnkL1Q68Sts,Vịt Quay Lê Hương,21.0021977,105.5209749,,,2G2C+V9H,Hà Nội,"Hòa Lạc, Hà Nội",VN,,,Quán ăn nhỏ,https://www.google.com/maps/search/?api=1&query=V%E1%BB%8Bt%20Quay%20L%C3%AA%20H%C6%B0%C6%A1ng&query_place_id=ChIJJft1fABbNDERBnkL1Q68Sts,Có,"Cá kho tộ miền Tây đậm vị: 85,000đ/tộ (Cá trắm đen kho tộ sánh quyện nước hàng dừa) | Thịt ba chỉ rang cháy cạnh: 73,000đ/đĩa (Thịt ba chỉ ba chỉ giòn rưới mỡ hành) | Sườn non xào chua ngọt: 85,000đ/đĩa (Sườn non xào cùng dứa và ớt chuông sốt chua cay) | Rau muống luộc dầm sấu / xào tỏi: 33,000đ/đĩa (Rau muống tươi xanh luộc chấm nước mắm chanh ớt) | Canh riêu cua đồng cà pháo: 50,000đ/bát (Canh cua đồng mát lạnh ăn kèm cà pháo giòn tan) | Cơm trắng gạo tám thơm: 12,000đ/niêu (Niêu cơm gạo tám dẻo thơm)"
ChIJRTQ4cIdbNDERva6MFUBilaI,Finger Food,21.0063048,105.5187392,,,"Điểm xe bus thứ 2 từ đại học FPT - Thôn 3 xã Thạch Hòa, QL21",Hà Nội,"Hòa Lạc, Hà Nội",VN,,+84 338 393 656,Nhà hàng,https://www.google.com/maps/search/?api=1&query=Finger%20Food&query_place_id=ChIJRTQ4cIdbNDERva6MFUBilaI,Có,"Cá kho tộ miền Tây đậm vị: 83,000đ/tộ (Cá trắm đen kho tộ sánh quyện nước hàng dừa) | Thịt ba chỉ rang cháy cạnh: 70,000đ/đĩa (Thịt ba chỉ ba chỉ giòn rưới mỡ hành) | Sườn non xào chua ngọt: 80,000đ/đĩa (Sườn non xào cùng dứa và ớt chuông sốt chua cay) | Rau muống luộc dầm sấu / xào tỏi: 30,000đ/đĩa (Rau muống tươi xanh luộc chấm nước mắm chanh ớt) | Canh riêu cua đồng cà pháo: 40,000đ/bát (Canh cua đồng mát lạnh ăn kèm cà pháo giòn tan) | Cơm trắng gạo tám thơm: 15,000đ/niêu (Niêu cơm gạo tám dẻo thơm)"
ChIJf3VfmDxbNDERzTXa8C33Uk4,Bún cá cay Hồng Sáu,21.0141398,105.5202883,,,"2G7C+M29, QL21A",Hà Nội,"Hòa Lạc, Hà Nội",VN,,+84 972 232 363,Nhà hàng chuyên phục vụ bữa nửa buổi,https://www.google.com/maps/search/?api=1&query=B%C3%BAn%20c%C3%A1%20cay%20H%E1%BB%93ng%20S%C3%A1u&query_place_id=ChIJf3VfmDxbNDERzTXa8C33Uk4,Có,"Bún cá cay Hải Phòng giòn rụm: 33,000đ/bát (Cá chiên giòn, chả cá thu thơm ngon nước dùng dọc mùng chua cay) | Bún riêu cua bắp bò giò tai: 35,000đ/bát (Bún nước với riêu cua đồng xịn kèm bắp bò tươi, giò tai heo sần sật) | Bún sườn mọc dọc mùng hành hoa: 37,000đ/bát (Bún sườn non mềm nhừ kèm mọc thịt giòn dẻo) | Trà đá mát lạnh: 8,000đ/cốc (Trà đá mát uống kèm bún nóng)"
ChIJD5IMIrNbNDERjEn-PWMJ6f8,Bánh Mì Kebab 3T,21.0002286,105.5218365,,,542 QL21,Hà Nội,"Hòa Lạc, Hà Nội",VN,,+84 968 223 713,Nhà hàng món bánh mì Thổ Nhĩ Kỳ,https://www.google.com/maps/search/?api=1&query=B%C3%A1nh%20M%C3%AC%20Kebab%203T&query_place_id=ChIJD5IMIrNbNDERjEn-PWMJ6f8,Có,"Bún cá cay Hải Phòng giòn rụm: 37,000đ/bát (Cá chiên giòn, chả cá thu thơm ngon nước dùng dọc mùng chua cay) | Bún riêu cua bắp bò giò tai: 38,000đ/bát (Bún nước với riêu cua đồng xịn kèm bắp bò tươi, giò tai heo sần sật) | Bún sườn mọc dọc mùng hành hoa: 35,000đ/bát (Bún sườn non mềm nhừ kèm mọc thịt giòn dẻo) | Trà đá mát lạnh: 8,000đ/cốc (Trà đá mát uống kèm bún nóng)"
ChIJpUHC869bNDER79W1kLBluI4,Bún Đậu Cô Tuyết,21.0134613,105.5192676,,,Số 33 Thôn 3,Hà Nội,"Hòa Lạc, Hà Nội",VN,,+84 962 620 393,Quán ăn nhỏ,https://www.google.com/maps/search/?api=1&query=B%C3%BAn%20%C4%90%E1%BA%ADu%20C%C3%B4%20Tuy%E1%BA%BFt&query_place_id=ChIJpUHC869bNDER79W1kLBluI4,Có,"Bún đậu mắm tôm đầy đủ (Đậu, thịt chân giò, nem chua rán, chả cốm): 45,000đ/suất (Mẹt bún đậu đầy đủ nguyên liệu tươi ngon kèm rau thơm kinh giới) | Bún đậu thường (Đậu chiên giòn): 22,000đ/suất (Bún đậu chay đơn giản với đậu phụ rán giòn) | Bún chả Hà Nội truyền thống: 38,000đ/suất (Chả miếng và chả viên nướng than hoa thơm phức trong bát nước chấm chua ngọt) | Nem cua bể chiên giòn: 15,000đ/chiếc (Nem cua bể giòn rụm nhiều nhân) | Nước sấu đá ngầm chua ngọt: 15,000đ/cốc (Đồ uống giải nhiệt cực hợp vị bún đậu)"
ChIJVdi8RQBbNDERodP5wk0_JSo,Ahiii Chicken,21.0129459,105.5187631,,,Số 82 Thôn 3,Hà Nội,"Hòa Lạc, Hà Nội",VN,,+84 962 812 212,Nhà hàng ăn nhanh,https://www.google.com/maps/search/?api=1&query=Ahiii%20Chicken&query_place_id=ChIJVdi8RQBbNDERodP5wk0_JSo,Có,"Gà rán giòn rụm tiêu cay (1 miếng): 33,000đ/miếng (Thịt gà tươi tẩm bột chiên vàng giòn da ngoài mọng nước bên trong) | Burger bò phô mai xá xíu đặc biệt: 43,000đ/chiếc (Burger kẹp bò băm nướng lò, phô mai lát béo ngậy, sốt đặc biệt) | Pizza xúc xích xông khói phô mai (Size 20cm): 110,000đ/chiếc (Đế pizza nướng giòn rưới đẫm phô mai Mozzarella nhập khẩu) | Khoai tây chiên giòn cọng lớn: 22,000đ/đĩa (Khoai tây vàng giòn tơi xốp ăn kèm sốt cà chua)"
ChIJNxdUZwBbNDERrWkvgf7rlnQ,Cơm Tấm Bếp Mẹ Kem,21.0067965,105.51802,,,"2G49+P66, QL21",Hà Nội,"Hòa Lạc, Hà Nội",VN,,,Quán ăn nhỏ,https://www.google.com/maps/search/?api=1&query=C%C6%A1m%20T%E1%BA%A5m%20B%E1%BA%BFp%20M%E1%BA%B9%20Kem&query_place_id=ChIJNxdUZwBbNDERrWkvgf7rlnQ,Có,"Cơm rang dưa bò: 45,000đ/đĩa (Cơm rang hạt giòn tơi xào cùng cải dưa chua và thịt bò tươi mềm) | Cơm rang thập cẩm giòn: 40,000đ/đĩa (Cơm rang lạp xưởng ngô ngọt đậu hà lan rưới trứng vàng) | Cơm thố xá xíu nóng hổi: 42,000đ/thố (Cơm nấu niêu thố đất tạo lớp cháy giòn nhẹ, phủ thịt xá xíu đậm sốt) | Suất cơm bình dân tự chọn (3 món mặn + rau): 33,000đ/suất (Cơm suất bình dân đầy đặn sạch sẽ cho sinh viên và người đi làm) | Cơm tấm sườn bì chả Sài Gòn: 40,000đ/đĩa (Cơm tấm ăn kèm sườn nướng mặn ngọt chả trứng bì heo thính và nước mắm chua cay)"
ChIJZ04XLQBbNDERofaKGwvClCQ,Phở Cồ An 2,21.0068217,105.5184222,,,"2G49+J7M, QL21A",Hà Nội,"Hòa Lạc, Hà Nội",VN,,,Nhà hàng phở,https://www.google.com/maps/search/?api=1&query=Ph%E1%BB%9F%20C%E1%BB%93%20An%202&query_place_id=ChIJZ04XLQBbNDERofaKGwvClCQ,Có,"Phở chín bò ta: 40,000đ/bát (Nước dùng phở bò ninh xương ống ngọt lịm kèm thịt chín thái mỏng) | Phở tái chần: 30,000đ/bát (Phở bò với thịt bò tươi chần tái mềm ngọt) | Phở nạm gầu giòn: 42,000đ/bát (Bánh phở mềm cùng nạm bò và gầu bò giòn sần sật) | Phở tái lăn đặc biệt: 43,000đ/bát (Phở bò xào tái lăn thơm mùi tỏi phi) | Trứng gà trần: 10,000đ/quả (Trứng trần nước phở béo ngậy) | Quẩy giòn: 5,000đ/chiếc (Quẩy giòn ăn kèm nước phở)"
ChIJJWbjPgBbNDERpmsG6rR1Azk,Quán mỳ quảng,21.0135208,105.5187566,,,2G79+CF4,Hà Nội,"Hòa Lạc, Hà Nội",VN,,,Quán mì,https://www.google.com/maps/search/?api=1&query=Qu%C3%A1n%20m%E1%BB%B3%20qu%E1%BA%A3ng&query_place_id=ChIJJWbjPgBbNDERpmsG6rR1Azk,Có,"Bún cá cay Hải Phòng giòn rụm: 37,000đ/bát (Cá chiên giòn, chả cá thu thơm ngon nước dùng dọc mùng chua cay) | Bún riêu cua bắp bò giò tai: 42,000đ/bát (Bún nước với riêu cua đồng xịn kèm bắp bò tươi, giò tai heo sần sật) | Bún sườn mọc dọc mùng hành hoa: 37,000đ/bát (Bún sườn non mềm nhừ kèm mọc thịt giòn dẻo) | Trà đá mát lạnh: 5,000đ/cốc (Trà đá mát uống kèm bún nóng)"
ChIJT0AmbQBbNDERvRn2nretB2w,Quán Bia Vàng 999,21.0015715,105.5197891,,,2G2C+443,Hà Nội,"Hòa Lạc, Hà Nội",VN,,,Quán bia sân vườn,https://www.google.com/maps/search/?api=1&query=Qu%C3%A1n%20Bia%20V%C3%A0ng%20999&query_place_id=ChIJT0AmbQBbNDERvRn2nretB2w,Có,"Bia hơi Hà Nội mát lạnh: 15,000đ/cốc (Bia hơi tươi rói rót trực tiếp từ vòi bom lạnh) | Đậu phụ lướt ván nóng giòn: 27,000đ/đĩa (Đậu hũ non chiên lướt ván ngoài vàng giòn trong mịn mượt như thạch) | Đĩa lạc rang muối / lạc luộc mộc mạc: 12,000đ/đĩa (Đồ nhắm bia truyền thống) | Nộm tai heo đu đủ xanh chua ngọt: 63,000đ/đĩa (Tai heo giòn sần sật trộn đu đủ bào sợi nước nộm chua ngọt sảng khoái) | Sụn gà chiên mắm rang muối: 95,000đ/đĩa (Sụn gà ta giòn sần sật tẩm ướp chiên xóc muối ớt tỏi)"
ChIJp_JZegBbNDERwbrge2vdrQY,Quán phở Minh Đức,21.0021542,105.520971,,,2G2C+V99,Hà Nội,"Hòa Lạc, Hà Nội",VN,,,Nhà hàng gia đình,https://www.google.com/maps/search/?api=1&query=Qu%C3%A1n%20ph%E1%BB%9F%20Minh%20%C4%90%E1%BB%A9c&query_place_id=ChIJp_JZegBbNDERwbrge2vdrQY,Có,"Phở chín bò ta: 37,000đ/bát (Nước dùng phở bò ninh xương ống ngọt lịm kèm thịt chín thái mỏng) | Phở tái chần: 40,000đ/bát (Phở bò với thịt bò tươi chần tái mềm ngọt) | Phở nạm gầu giòn: 45,000đ/bát (Bánh phở mềm cùng nạm bò và gầu bò giòn sần sật) | Phở tái lăn đặc biệt: 50,000đ/bát (Phở bò xào tái lăn thơm mùi tỏi phi) | Trứng gà trần: 7,000đ/quả (Trứng trần nước phở béo ngậy) | Quẩy giòn: 8,000đ/chiếc (Quẩy giòn ăn kèm nước phở)"
ChIJ80scHwBbNDER4AIxGn8Mt_E,Quán vịt Xuân Lan,21.002202,105.5209688,,,2G2C+V9H,Hà Nội,"Hòa Lạc, Hà Nội",VN,,,Nhà hàng,https://www.google.com/maps/search/?api=1&query=Qu%C3%A1n%20v%E1%BB%8Bt%20Xu%C3%A2n%20Lan&query_place_id=ChIJ80scHwBbNDER4AIxGn8Mt_E,Có,"Cá kho tộ miền Tây đậm vị: 87,000đ/tộ (Cá trắm đen kho tộ sánh quyện nước hàng dừa) | Thịt ba chỉ rang cháy cạnh: 80,000đ/đĩa (Thịt ba chỉ ba chỉ giòn rưới mỡ hành) | Sườn non xào chua ngọt: 85,000đ/đĩa (Sườn non xào cùng dứa và ớt chuông sốt chua cay) | Rau muống luộc dầm sấu / xào tỏi: 27,000đ/đĩa (Rau muống tươi xanh luộc chấm nước mắm chanh ớt) | Canh riêu cua đồng cà pháo: 47,000đ/bát (Canh cua đồng mát lạnh ăn kèm cà pháo giòn tan) | Cơm trắng gạo tám thơm: 12,000đ/niêu (Niêu cơm gạo tám dẻo thơm)"
ChIJz4ExPABbNDERz4nHNFhw0KM,Phở Bò Trung Kiên,21.0028477,105.5204301,,,"2G3C+45C, QL21A",Hà Nội,"Hòa Lạc, Hà Nội",VN,,+84 973 138 721,Nhà hàng phở,https://www.google.com/maps/search/?api=1&query=Ph%E1%BB%9F%20B%C3%B2%20Trung%20Ki%C3%AAn&query_place_id=ChIJz4ExPABbNDERz4nHNFhw0KM,Có,"Phở chín bò ta: 35,000đ/bát (Nước dùng phở bò ninh xương ống ngọt lịm kèm thịt chín thái mỏng) | Phở tái chần: 37,000đ/bát (Phở bò với thịt bò tươi chần tái mềm ngọt) | Phở nạm gầu giòn: 35,000đ/bát (Bánh phở mềm cùng nạm bò và gầu bò giòn sần sật) | Phở tái lăn đặc biệt: 45,000đ/bát (Phở bò xào tái lăn thơm mùi tỏi phi) | Trứng gà trần: 13,000đ/quả (Trứng trần nước phở béo ngậy) | Quẩy giòn: 8,000đ/chiếc (Quẩy giòn ăn kèm nước phở)"
ChIJ-ZsEUwBbNDERelh90WyxjV4,Bún chả Năm Hòi,21.0105145,105.5182482,,,2G69+675,Hà Nội,"Hòa Lạc, Hà Nội",VN,,,Nhà hàng chuyên phục vụ bữa sáng,https://www.google.com/maps/search/?api=1&query=B%C3%BAn%20ch%E1%BA%A3%20N%C4%83m%20H%C3%B2i&query_place_id=ChIJ-ZsEUwBbNDERelh90WyxjV4,Có,"Bún đậu mắm tôm đầy đủ (Đậu, thịt chân giò, nem chua rán, chả cốm): 47,000đ/suất (Mẹt bún đậu đầy đủ nguyên liệu tươi ngon kèm rau thơm kinh giới) | Bún đậu thường (Đậu chiên giòn): 22,000đ/suất (Bún đậu chay đơn giản với đậu phụ rán giòn) | Bún chả Hà Nội truyền thống: 38,000đ/suất (Chả miếng và chả viên nướng than hoa thơm phức trong bát nước chấm chua ngọt) | Nem cua bể chiên giòn: 12,000đ/chiếc (Nem cua bể giòn rụm nhiều nhân) | Nước sấu đá ngầm chua ngọt: 12,000đ/cốc (Đồ uống giải nhiệt cực hợp vị bún đậu)"
ChIJESvyEwBbNDERcGUXf-svlOI,Phở bò 999,21.0055532,105.5191198,,,2G49+6JH,Hà Nội,"Hòa Lạc, Hà Nội",VN,,,Nhà hàng,https://www.google.com/maps/search/?api=1&query=Ph%E1%BB%9F%20b%C3%B2%20999&query_place_id=ChIJESvyEwBbNDERcGUXf-svlOI,Có,"Phở chín bò ta: 30,000đ/bát (Nước dùng phở bò ninh xương ống ngọt lịm kèm thịt chín thái mỏng) | Phở tái chần: 40,000đ/bát (Phở bò với thịt bò tươi chần tái mềm ngọt) | Phở nạm gầu giòn: 40,000đ/bát (Bánh phở mềm cùng nạm bò và gầu bò giòn sần sật) | Phở tái lăn đặc biệt: 47,000đ/bát (Phở bò xào tái lăn thơm mùi tỏi phi) | Trứng gà trần: 7,000đ/quả (Trứng trần nước phở béo ngậy) | Quẩy giòn: 8,000đ/chiếc (Quẩy giòn ăn kèm nước phở)"
ChIJ6zKEu5RbNDERYcLOp4c-qwc,Minh Chi Bún Chả Hà Nội,21.0143498,105.5190799,,,,Hà Nội,"Hòa Lạc, Hà Nội",VN,,,Nhà hàng,https://www.google.com/maps/search/?api=1&query=Minh%20Chi%20B%C3%BAn%20Ch%E1%BA%A3%20H%C3%A0%20N%E1%BB%99i&query_place_id=ChIJ6zKEu5RbNDERYcLOp4c-qwc,Có,"Bún đậu mắm tôm đầy đủ (Đậu, thịt chân giò, nem chua rán, chả cốm): 40,000đ/suất (Mẹt bún đậu đầy đủ nguyên liệu tươi ngon kèm rau thơm kinh giới) | Bún đậu thường (Đậu chiên giòn): 22,000đ/suất (Bún đậu chay đơn giản với đậu phụ rán giòn) | Bún chả Hà Nội truyền thống: 45,000đ/suất (Chả miếng và chả viên nướng than hoa thơm phức trong bát nước chấm chua ngọt) | Nem cua bể chiên giòn: 15,000đ/chiếc (Nem cua bể giòn rụm nhiều nhân) | Nước sấu đá ngầm chua ngọt: 15,000đ/cốc (Đồ uống giải nhiệt cực hợp vị bún đậu)"
ChIJXW6ZTwBdNDERrtpCrFMQjbo,Cánh Đồng Quán Tin Tin,20.9721584,105.4977983,,,XFCX+V47,Hà Nội,"Yên Xuân, Hà Nội",VN,,+84 839 583 456,Nhà hàng,https://www.google.com/maps/search/?api=1&query=C%C3%A1nh%20%C4%90%E1%BB%93ng%20Qu%C3%A1n%20Tin%20Tin&query_place_id=ChIJXW6ZTwBdNDERrtpCrFMQjbo,Có,"Cá kho tộ miền Tây đậm vị: 87,000đ/tộ (Cá trắm đen kho tộ sánh quyện nước hàng dừa) | Thịt ba chỉ rang cháy cạnh: 70,000đ/đĩa (Thịt ba chỉ ba chỉ giòn rưới mỡ hành) | Sườn non xào chua ngọt: 80,000đ/đĩa (Sườn non xào cùng dứa và ớt chuông sốt chua cay) | Rau muống luộc dầm sấu / xào tỏi: 30,000đ/đĩa (Rau muống tươi xanh luộc chấm nước mắm chanh ớt) | Canh riêu cua đồng cà pháo: 45,000đ/bát (Canh cua đồng mát lạnh ăn kèm cà pháo giòn tan) | Cơm trắng gạo tám thơm: 12,000đ/niêu (Niêu cơm gạo tám dẻo thơm)"
ChIJVVVKEgBdNDERss5c67H3030,Phương Hưởng Quán,20.9784481,105.4973202,,,"XFHW+PFW, Xóm Trại Mới",Hòa Bình,"Lương Sơn, Hòa Bình",VN,,+84 961 907 129,Nhà hàng,https://www.google.com/maps/search/?api=1&query=Ph%C6%B0%C6%A1ng%20H%C6%B0%E1%BB%9Fng%20Qu%C3%A1n&query_place_id=ChIJVVVKEgBdNDERss5c67H3030,Có,"Cá kho tộ miền Tây đậm vị: 83,000đ/tộ (Cá trắm đen kho tộ sánh quyện nước hàng dừa) | Thịt ba chỉ rang cháy cạnh: 73,000đ/đĩa (Thịt ba chỉ ba chỉ giòn rưới mỡ hành) | Sườn non xào chua ngọt: 75,000đ/đĩa (Sườn non xào cùng dứa và ớt chuông sốt chua cay) | Rau muống luộc dầm sấu / xào tỏi: 30,000đ/đĩa (Rau muống tươi xanh luộc chấm nước mắm chanh ớt) | Canh riêu cua đồng cà pháo: 43,000đ/bát (Canh cua đồng mát lạnh ăn kèm cà pháo giòn tan) | Cơm trắng gạo tám thơm: 18,000đ/niêu (Niêu cơm gạo tám dẻo thơm)"
ChIJQ4XVFQBdNDERhBM_VanL-KA,Đồng Quê Quán,20.9793409,105.4962879,,,"XFHW+PFW, Xóm Trại Mới",Hòa Bình,"Lương Sơn, Hòa Bình",VN,,,Nhà hàng,https://www.google.com/maps/search/?api=1&query=%C4%90%E1%BB%93ng%20Qu%C3%AA%20Qu%C3%A1n&query_place_id=ChIJQ4XVFQBdNDERhBM_VanL-KA,Có,"Cá kho tộ miền Tây đậm vị: 83,000đ/tộ (Cá trắm đen kho tộ sánh quyện nước hàng dừa) | Thịt ba chỉ rang cháy cạnh: 75,000đ/đĩa (Thịt ba chỉ ba chỉ giòn rưới mỡ hành) | Sườn non xào chua ngọt: 78,000đ/đĩa (Sườn non xào cùng dứa và ớt chuông sốt chua cay) | Rau muống luộc dầm sấu / xào tỏi: 33,000đ/đĩa (Rau muống tươi xanh luộc chấm nước mắm chanh ớt) | Canh riêu cua đồng cà pháo: 50,000đ/bát (Canh cua đồng mát lạnh ăn kèm cà pháo giòn tan) | Cơm trắng gạo tám thơm: 18,000đ/niêu (Niêu cơm gạo tám dẻo thơm)"
ChIJe1gUKwBdNDERx_4YdbrYxxE,Cơm Thu Đông,20.9994025,105.4924596,,,XFXR+QX8,Hà Nội,"Hòa Lạc, Hà Nội",VN,,,Nhà hàng cơm,https://www.google.com/maps/search/?api=1&query=C%C6%A1m%20Thu%20%C4%90%C3%B4ng&query_place_id=ChIJe1gUKwBdNDERx_4YdbrYxxE,Có,"Cơm rang dưa bò: 40,000đ/đĩa (Cơm rang hạt giòn tơi xào cùng cải dưa chua và thịt bò tươi mềm) | Cơm rang thập cẩm giòn: 33,000đ/đĩa (Cơm rang lạp xưởng ngô ngọt đậu hà lan rưới trứng vàng) | Cơm thố xá xíu nóng hổi: 45,000đ/thố (Cơm nấu niêu thố đất tạo lớp cháy giòn nhẹ, phủ thịt xá xíu đậm sốt) | Suất cơm bình dân tự chọn (3 món mặn + rau): 27,000đ/suất (Cơm suất bình dân đầy đặn sạch sẽ cho sinh viên và người đi làm) | Cơm tấm sườn bì chả Sài Gòn: 40,000đ/đĩa (Cơm tấm ăn kèm sườn nướng mặn ngọt chả trứng bì heo thính và nước mắm chua cay)"
ChIJJRjxPQBbNDERwaTIuM5aF78,Quán Cơm Xe Tải 102,20.989298,105.5038407,,,"XGQ3+PF9, CT03",Hà Nội,"Yên Xuân, Hà Nội",VN,,,Nhà hàng cơm,https://www.google.com/maps/search/?api=1&query=Qu%C3%A1n%20C%C6%A1m%20Xe%20T%E1%BA%A3i%20102&query_place_id=ChIJJRjxPQBbNDERwaTIuM5aF78,Có,"Cơm rang dưa bò: 45,000đ/đĩa (Cơm rang hạt giòn tơi xào cùng cải dưa chua và thịt bò tươi mềm) | Cơm rang thập cẩm giòn: 33,000đ/đĩa (Cơm rang lạp xưởng ngô ngọt đậu hà lan rưới trứng vàng) | Cơm thố xá xíu nóng hổi: 40,000đ/thố (Cơm nấu niêu thố đất tạo lớp cháy giòn nhẹ, phủ thịt xá xíu đậm sốt) | Suất cơm bình dân tự chọn (3 món mặn + rau): 33,000đ/suất (Cơm suất bình dân đầy đặn sạch sẽ cho sinh viên và người đi làm) | Cơm tấm sườn bì chả Sài Gòn: 35,000đ/đĩa (Cơm tấm ăn kèm sườn nướng mặn ngọt chả trứng bì heo thính và nước mắm chua cay)"
ChIJtW63DQBdNDERpwMFwfPLG14,Cơm Xe Tải Quán Đỏ,20.9901292,105.4982332,,,"XFRX+27Q, Trại Mới",Hà Nội,"Yên Xuân, Hà Nội",VN,,+84 986 539 336,Nhà hàng cơm,https://www.google.com/maps/search/?api=1&query=C%C6%A1m%20Xe%20T%E1%BA%A3i%20Qu%C3%A1n%20%C4%90%E1%BB%8F&query_place_id=ChIJtW63DQBdNDERpwMFwfPLG14,Có,"Cơm rang dưa bò: 40,000đ/đĩa (Cơm rang hạt giòn tơi xào cùng cải dưa chua và thịt bò tươi mềm) | Cơm rang thập cẩm giòn: 30,000đ/đĩa (Cơm rang lạp xưởng ngô ngọt đậu hà lan rưới trứng vàng) | Cơm thố xá xíu nóng hổi: 38,000đ/thố (Cơm nấu niêu thố đất tạo lớp cháy giòn nhẹ, phủ thịt xá xíu đậm sốt) | Suất cơm bình dân tự chọn (3 món mặn + rau): 33,000đ/suất (Cơm suất bình dân đầy đặn sạch sẽ cho sinh viên và người đi làm) | Cơm tấm sườn bì chả Sài Gòn: 45,000đ/đĩa (Cơm tấm ăn kèm sườn nướng mặn ngọt chả trứng bì heo thính và nước mắm chua cay)"
ChIJwxLJVwBdNDERn0BJfVHM0eo,Hào Vịt Quán,20.9965015,105.4868969,,,"XFWP+HQM, Miễu",Hà Nội,"Hòa Lạc, Hà Nội",VN,,,Nhà hàng,https://www.google.com/maps/search/?api=1&query=H%C3%A0o%20V%E1%BB%8Bt%20Qu%C3%A1n&query_place_id=ChIJwxLJVwBdNDERn0BJfVHM0eo,Có,"Cá kho tộ miền Tây đậm vị: 85,000đ/tộ (Cá trắm đen kho tộ sánh quyện nước hàng dừa) | Thịt ba chỉ rang cháy cạnh: 73,000đ/đĩa (Thịt ba chỉ ba chỉ giòn rưới mỡ hành) | Sườn non xào chua ngọt: 82,000đ/đĩa (Sườn non xào cùng dứa và ớt chuông sốt chua cay) | Rau muống luộc dầm sấu / xào tỏi: 27,000đ/đĩa (Rau muống tươi xanh luộc chấm nước mắm chanh ớt) | Canh riêu cua đồng cà pháo: 40,000đ/bát (Canh cua đồng mát lạnh ăn kèm cà pháo giòn tan) | Cơm trắng gạo tám thơm: 18,000đ/niêu (Niêu cơm gạo tám dẻo thơm)"
ChIJnQGsGQBdNDERgr-0whD9Xj4,Quán Cơm Danh Ngọc,20.9950615,105.4862638,,,XFWP+2GC,Hà Nội,"Yên Xuân, Hà Nội",VN,,,Nhà hàng cơm,https://www.google.com/maps/search/?api=1&query=Qu%C3%A1n%20C%C6%A1m%20Danh%20Ng%E1%BB%8Dc&query_place_id=ChIJnQGsGQBdNDERgr-0whD9Xj4,Có,"Cơm rang dưa bò: 47,000đ/đĩa (Cơm rang hạt giòn tơi xào cùng cải dưa chua và thịt bò tươi mềm) | Cơm rang thập cẩm giòn: 37,000đ/đĩa (Cơm rang lạp xưởng ngô ngọt đậu hà lan rưới trứng vàng) | Cơm thố xá xíu nóng hổi: 45,000đ/thố (Cơm nấu niêu thố đất tạo lớp cháy giòn nhẹ, phủ thịt xá xíu đậm sốt) | Suất cơm bình dân tự chọn (3 món mặn + rau): 27,000đ/suất (Cơm suất bình dân đầy đặn sạch sẽ cho sinh viên và người đi làm) | Cơm tấm sườn bì chả Sài Gòn: 35,000đ/đĩa (Cơm tấm ăn kèm sườn nướng mặn ngọt chả trứng bì heo thính và nước mắm chua cay)"
ChIJGY9xDQBdNDERBqb3Vk5Ogw0,Quán Cơm Lửa Việt,20.9947102,105.4889142,,,XFVQ+VHM,Hà Nội,"Yên Xuân, Hà Nội",VN,,,Quán ăn nhỏ,https://www.google.com/maps/search/?api=1&query=Qu%C3%A1n%20C%C6%A1m%20L%E1%BB%ADa%20Vi%E1%BB%87t&query_place_id=ChIJGY9xDQBdNDERBqb3Vk5Ogw0,Có,"Cơm rang dưa bò: 40,000đ/đĩa (Cơm rang hạt giòn tơi xào cùng cải dưa chua và thịt bò tươi mềm) | Cơm rang thập cẩm giòn: 37,000đ/đĩa (Cơm rang lạp xưởng ngô ngọt đậu hà lan rưới trứng vàng) | Cơm thố xá xíu nóng hổi: 38,000đ/thố (Cơm nấu niêu thố đất tạo lớp cháy giòn nhẹ, phủ thịt xá xíu đậm sốt) | Suất cơm bình dân tự chọn (3 món mặn + rau): 33,000đ/suất (Cơm suất bình dân đầy đặn sạch sẽ cho sinh viên và người đi làm) | Cơm tấm sườn bì chả Sài Gòn: 40,000đ/đĩa (Cơm tấm ăn kèm sườn nướng mặn ngọt chả trứng bì heo thính và nước mắm chua cay)"
ChIJ2Zx9cQBdNDER4SS84fcFzvg,Vườn Bia Hà Đen,20.9951053,105.4909144,,,"XFVR+M48, Miễu",Hà Nội,"Hòa Lạc, Hà Nội",VN,,,Quán bia sân vườn,https://www.google.com/maps/search/?api=1&query=V%C6%B0%E1%BB%9Dn%20Bia%20H%C3%A0%20%C4%90en&query_place_id=ChIJ2Zx9cQBdNDER4SS84fcFzvg,Có,"Bia hơi Hà Nội mát lạnh: 9,000đ/cốc (Bia hơi tươi rói rót trực tiếp từ vòi bom lạnh) | Đậu phụ lướt ván nóng giòn: 30,000đ/đĩa (Đậu hũ non chiên lướt ván ngoài vàng giòn trong mịn mượt như thạch) | Đĩa lạc rang muối / lạc luộc mộc mạc: 18,000đ/đĩa (Đồ nhắm bia truyền thống) | Nộm tai heo đu đủ xanh chua ngọt: 63,000đ/đĩa (Tai heo giòn sần sật trộn đu đủ bào sợi nước nộm chua ngọt sảng khoái) | Sụn gà chiên mắm rang muối: 93,000đ/đĩa (Sụn gà ta giòn sần sật tẩm ướp chiên xóc muối ớt tỏi)"
ChIJ17uvnA1bNDERLGa6AQZnTWc,Phượng Hoàng Quán,20.9805336,105.5270973,,,,Hà Nội,"Yên Xuân, Hà Nội",VN,,,Nhà hàng,https://www.google.com/maps/search/?api=1&query=Ph%C6%B0%E1%BB%A3ng%20Ho%C3%A0ng%20Qu%C3%A1n&query_place_id=ChIJ17uvnA1bNDERLGa6AQZnTWc,Có,"Cá kho tộ miền Tây đậm vị: 87,000đ/tộ (Cá trắm đen kho tộ sánh quyện nước hàng dừa) | Thịt ba chỉ rang cháy cạnh: 73,000đ/đĩa (Thịt ba chỉ ba chỉ giòn rưới mỡ hành) | Sườn non xào chua ngọt: 82,000đ/đĩa (Sườn non xào cùng dứa và ớt chuông sốt chua cay) | Rau muống luộc dầm sấu / xào tỏi: 33,000đ/đĩa (Rau muống tươi xanh luộc chấm nước mắm chanh ớt) | Canh riêu cua đồng cà pháo: 43,000đ/bát (Canh cua đồng mát lạnh ăn kèm cà pháo giòn tan) | Cơm trắng gạo tám thơm: 18,000đ/niêu (Niêu cơm gạo tám dẻo thơm)"
ChIJaawT2DxbNDERsHA4UqB1gcM,Quán Lòng Ngon 668,20.9786382,105.5293644,,,,Hà Nội,"Hòa Lạc, Hà Nội",VN,,+84 942 784 668,Quán ăn nhỏ,https://www.google.com/maps/search/?api=1&query=Qu%C3%A1n%20L%C3%B2ng%20Ngon%20668&query_place_id=ChIJaawT2DxbNDERsHA4UqB1gcM,Có,"Cá kho tộ miền Tây đậm vị: 90,000đ/tộ (Cá trắm đen kho tộ sánh quyện nước hàng dừa) | Thịt ba chỉ rang cháy cạnh: 80,000đ/đĩa (Thịt ba chỉ ba chỉ giòn rưới mỡ hành) | Sườn non xào chua ngọt: 82,000đ/đĩa (Sườn non xào cùng dứa và ớt chuông sốt chua cay) | Rau muống luộc dầm sấu / xào tỏi: 30,000đ/đĩa (Rau muống tươi xanh luộc chấm nước mắm chanh ớt) | Canh riêu cua đồng cà pháo: 40,000đ/bát (Canh cua đồng mát lạnh ăn kèm cà pháo giòn tan) | Cơm trắng gạo tám thơm: 12,000đ/niêu (Niêu cơm gạo tám dẻo thơm)"
ChIJryh9fgBbNDER8TIcL04n5VM,Giang Sơn Quán,20.9897517,105.5085624,,,XGQ5+VCW,Hà Nội,"Hòa Lạc, Hà Nội",VN,,,Quán ăn nhỏ,https://www.google.com/maps/search/?api=1&query=Giang%20S%C6%A1n%20Qu%C3%A1n&query_place_id=ChIJryh9fgBbNDER8TIcL04n5VM,Có,"Cá kho tộ miền Tây đậm vị: 87,000đ/tộ (Cá trắm đen kho tộ sánh quyện nước hàng dừa) | Thịt ba chỉ rang cháy cạnh: 77,000đ/đĩa (Thịt ba chỉ ba chỉ giòn rưới mỡ hành) | Sườn non xào chua ngọt: 82,000đ/đĩa (Sườn non xào cùng dứa và ớt chuông sốt chua cay) | Rau muống luộc dầm sấu / xào tỏi: 30,000đ/đĩa (Rau muống tươi xanh luộc chấm nước mắm chanh ớt) | Canh riêu cua đồng cà pháo: 43,000đ/bát (Canh cua đồng mát lạnh ăn kèm cà pháo giòn tan) | Cơm trắng gạo tám thơm: 12,000đ/niêu (Niêu cơm gạo tám dẻo thơm)"
ChIJH6_WJwBdNDERgzHcGNfFBQw,Kháng Hưng Quán,20.9899742,105.499074,,,"XFRX+27Q, Trại Mới",Hà Nội,"Yên Xuân, Hà Nội",VN,,,Quán ăn nhỏ,https://www.google.com/maps/search/?api=1&query=Kh%C3%A1ng%20H%C6%B0ng%20Qu%C3%A1n&query_place_id=ChIJH6_WJwBdNDERgzHcGNfFBQw,Có,"Cá kho tộ miền Tây đậm vị: 83,000đ/tộ (Cá trắm đen kho tộ sánh quyện nước hàng dừa) | Thịt ba chỉ rang cháy cạnh: 70,000đ/đĩa (Thịt ba chỉ ba chỉ giòn rưới mỡ hành) | Sườn non xào chua ngọt: 78,000đ/đĩa (Sườn non xào cùng dứa và ớt chuông sốt chua cay) | Rau muống luộc dầm sấu / xào tỏi: 33,000đ/đĩa (Rau muống tươi xanh luộc chấm nước mắm chanh ớt) | Canh riêu cua đồng cà pháo: 40,000đ/bát (Canh cua đồng mát lạnh ăn kèm cà pháo giòn tan) | Cơm trắng gạo tám thơm: 15,000đ/niêu (Niêu cơm gạo tám dẻo thơm)"
ChIJWTD06J9bNDERyyzkaT4M9EU,Quán Tuấn Ốc,20.989695,105.5356772,,,Cầu vượt Phú Cát,Hà Nội,"Hòa Lạc, Hà Nội",VN,,+84 988 265 849,Quán ăn nhỏ,https://www.google.com/maps/search/?api=1&query=Qu%C3%A1n%20Tu%E1%BA%A5n%20%E1%BB%90c&query_place_id=ChIJWTD06J9bNDERyyzkaT4M9EU,Có,"Ốc luộc sả lá chanh truyền thống: 40,000đ/bát (Ốc vặn/ốc nhồi mít luộc thơm mùi sả chấm nước mắm gừng cay ngọt đặc sản) | Ốc móng tay xào bơ tỏi thơm lừng: 72,000đ/đĩa (Ốc móng tay tươi ngọt sốt bơ tỏi sánh béo chấm bánh mì tuyệt đỉnh) | Nem chua rán giòn rụm (10 cái): 48,000đ/đĩa (Nem chua rán nóng hổi chấm tương ớt cay nồng) | Khoai tây chiên lắc bột phô mai: 30,000đ/đĩa (Món khai vị ăn vặt khoái khẩu) | Trà quất mật ong khổng lồ: 15,000đ/cốc (Trà quất mát chua ngọt cực đã khát)"
ChIJ78XebABbNDERvVHK97cYnEY,Duy Nhất Phở bò Bún Bò Huế,20.9896527,105.5378433,,,"Chân, Cầu vượt Phú Cát CT03",Hà Nội,"Hòa Lạc, Hà Nội",VN,,+84 961 494 688,Nhà hàng ăn nhanh,https://www.google.com/maps/search/?api=1&query=Duy%20Nh%E1%BA%A5t%20Ph%E1%BB%9F%20b%C3%B2%20B%C3%BAn%20B%C3%B2%20Hu%E1%BA%BF&query_place_id=ChIJ78XebABbNDERvVHK97cYnEY,Có,"Bún bò Huế đầy đủ (Thịt bò, chả cua, tiết, mọc): 42,000đ/bát (Bún bò Huế chuẩn vị nước dùng thơm mùi sả, ruốc heo) | Bún bò Huế đặc biệt (Thêm giò heo): 55,000đ/bát (Bún bò Huế tô lớn thêm chân giò heo béo ngậy) | Bún bò Huế tái chín: 30,000đ/bát (Bún bò với thịt bò tái chần và nạm bò chín) | Quẩy nóng: 8,000đ/chiếc (Quẩy giòn ăn kèm bún bò) | Giò tai heo thêm: 13,000đ/chiếc (Giò tai giòn sần sật gọi thêm) | Trà đá: 8,000đ/cốc (Trà đá mát lạnh giải nhiệt)"
ChIJX1bdEQBbNDERrlrPGcpPFF4,Nhà,21.0262066,105.5121654,,,2GF7+X2,Hà Nội,"Hòa Lạc, Hà Nội",VN,,,Nhà hàng,https://www.google.com/maps/search/?api=1&query=Nh%C3%A0&query_place_id=ChIJX1bdEQBbNDERrlrPGcpPFF4,Có,"Cá kho tộ miền Tây đậm vị: 90,000đ/tộ (Cá trắm đen kho tộ sánh quyện nước hàng dừa) | Thịt ba chỉ rang cháy cạnh: 70,000đ/đĩa (Thịt ba chỉ ba chỉ giòn rưới mỡ hành) | Sườn non xào chua ngọt: 82,000đ/đĩa (Sườn non xào cùng dứa và ớt chuông sốt chua cay) | Rau muống luộc dầm sấu / xào tỏi: 30,000đ/đĩa (Rau muống tươi xanh luộc chấm nước mắm chanh ớt) | Canh riêu cua đồng cà pháo: 40,000đ/bát (Canh cua đồng mát lạnh ăn kèm cà pháo giòn tan) | Cơm trắng gạo tám thơm: 15,000đ/niêu (Niêu cơm gạo tám dẻo thơm)"
ChIJw8bZJgBbNDERbXwiqBJg3Lg,Bình Yên Quán,21.0309581,105.5389515,,,Thôn Vân Lôi,Hà Nội,"Hòa Lạc, Hà Nội",VN,,,Nhà hàng,https://www.google.com/maps/search/?api=1&query=B%C3%ACnh%20Y%C3%AAn%20Qu%C3%A1n&query_place_id=ChIJw8bZJgBbNDERbXwiqBJg3Lg,Có,"Cá kho tộ miền Tây đậm vị: 85,000đ/tộ (Cá trắm đen kho tộ sánh quyện nước hàng dừa) | Thịt ba chỉ rang cháy cạnh: 80,000đ/đĩa (Thịt ba chỉ ba chỉ giòn rưới mỡ hành) | Sườn non xào chua ngọt: 75,000đ/đĩa (Sườn non xào cùng dứa và ớt chuông sốt chua cay) | Rau muống luộc dầm sấu / xào tỏi: 33,000đ/đĩa (Rau muống tươi xanh luộc chấm nước mắm chanh ớt) | Canh riêu cua đồng cà pháo: 45,000đ/bát (Canh cua đồng mát lạnh ăn kèm cà pháo giòn tan) | Cơm trắng gạo tám thơm: 12,000đ/niêu (Niêu cơm gạo tám dẻo thơm)"
ChIJf76lDABbNDERCHVCmRei20I,Bia Hơi Chị Tép Quán,21.027388,105.540907,,,Thôn Vân Lôi,Hà Nội,"Hòa Lạc, Hà Nội",VN,,,Nhà hàng gia đình,https://www.google.com/maps/search/?api=1&query=Bia%20H%C6%A1i%20Ch%E1%BB%8B%20T%C3%A9p%20Qu%C3%A1n&query_place_id=ChIJf76lDABbNDERCHVCmRei20I,Có,"Bia hơi Hà Nội mát lạnh: 15,000đ/cốc (Bia hơi tươi rói rót trực tiếp từ vòi bom lạnh) | Đậu phụ lướt ván nóng giòn: 30,000đ/đĩa (Đậu hũ non chiên lướt ván ngoài vàng giòn trong mịn mượt như thạch) | Đĩa lạc rang muối / lạc luộc mộc mạc: 15,000đ/đĩa (Đồ nhắm bia truyền thống) | Nộm tai heo đu đủ xanh chua ngọt: 65,000đ/đĩa (Tai heo giòn sần sật trộn đu đủ bào sợi nước nộm chua ngọt sảng khoái) | Sụn gà chiên mắm rang muối: 97,000đ/đĩa (Sụn gà ta giòn sần sật tẩm ướp chiên xóc muối ớt tỏi)"
ChIJ-cKhNABbNDERmEzYlp3eo4I,Cơm Chị Tép,21.0349157,105.5452985,,,Ngã 3 Thôn Vân Lôi,Hà Nội,"Hạ Bằng, Hà Nội",VN,,,Nhà hàng cơm,https://www.google.com/maps/search/?api=1&query=C%C6%A1m%20Ch%E1%BB%8B%20T%C3%A9p&query_place_id=ChIJ-cKhNABbNDERmEzYlp3eo4I,Có,"Cơm rang dưa bò: 47,000đ/đĩa (Cơm rang hạt giòn tơi xào cùng cải dưa chua và thịt bò tươi mềm) | Cơm rang thập cẩm giòn: 37,000đ/đĩa (Cơm rang lạp xưởng ngô ngọt đậu hà lan rưới trứng vàng) | Cơm thố xá xíu nóng hổi: 38,000đ/thố (Cơm nấu niêu thố đất tạo lớp cháy giòn nhẹ, phủ thịt xá xíu đậm sốt) | Suất cơm bình dân tự chọn (3 món mặn + rau): 30,000đ/suất (Cơm suất bình dân đầy đặn sạch sẽ cho sinh viên và người đi làm) | Cơm tấm sườn bì chả Sài Gòn: 45,000đ/đĩa (Cơm tấm ăn kèm sườn nướng mặn ngọt chả trứng bì heo thính và nước mắm chua cay)"
ChIJbT6oVgBbNDERn6Mwhf-ft8k,Bún Phở Tuyết Minh,21.0268376,105.5197734,,,Số 1 Ngã ba,Hà Nội,"Hòa Lạc, Hà Nội",VN,,,Quán mì,https://www.google.com/maps/search/?api=1&query=B%C3%BAn%20Ph%E1%BB%9F%20Tuy%E1%BA%BFt%20Minh&query_place_id=ChIJbT6oVgBbNDERn6Mwhf-ft8k,Có,"Phở chín bò ta: 35,000đ/bát (Nước dùng phở bò ninh xương ống ngọt lịm kèm thịt chín thái mỏng) | Phở tái chần: 33,000đ/bát (Phở bò với thịt bò tươi chần tái mềm ngọt) | Phở nạm gầu giòn: 45,000đ/bát (Bánh phở mềm cùng nạm bò và gầu bò giòn sần sật) | Phở tái lăn đặc biệt: 43,000đ/bát (Phở bò xào tái lăn thơm mùi tỏi phi) | Trứng gà trần: 13,000đ/quả (Trứng trần nước phở béo ngậy) | Quẩy giòn: 8,000đ/chiếc (Quẩy giòn ăn kèm nước phở)"
ChIJDTsHfj5bNDERcJ_TNQ-XW6M,Cơm Huệ,21.0194588,105.5211359,,,2G9C+QFJ,Hà Nội,"Hòa Lạc, Hà Nội",VN,,,Nhà hàng cơm,https://www.google.com/maps/search/?api=1&query=C%C6%A1m%20Hu%E1%BB%87&query_place_id=ChIJDTsHfj5bNDERcJ_TNQ-XW6M,Có,"Cơm rang dưa bò: 40,000đ/đĩa (Cơm rang hạt giòn tơi xào cùng cải dưa chua và thịt bò tươi mềm) | Cơm rang thập cẩm giòn: 30,000đ/đĩa (Cơm rang lạp xưởng ngô ngọt đậu hà lan rưới trứng vàng) | Cơm thố xá xíu nóng hổi: 40,000đ/thố (Cơm nấu niêu thố đất tạo lớp cháy giòn nhẹ, phủ thịt xá xíu đậm sốt) | Suất cơm bình dân tự chọn (3 món mặn + rau): 30,000đ/suất (Cơm suất bình dân đầy đặn sạch sẽ cho sinh viên và người đi làm) | Cơm tấm sườn bì chả Sài Gòn: 38,000đ/đĩa (Cơm tấm ăn kèm sườn nướng mặn ngọt chả trứng bì heo thính và nước mắm chua cay)"
ChIJHcePGuZbNDERN6LcxqNBgkU,Nhà May Minh Tư,21.0276945,105.5190053,,,,Hà Nội,"Hạ Bằng, Hà Nội",VN,,,Nhà hàng,https://www.google.com/maps/search/?api=1&query=Nh%C3%A0%20May%20Minh%20T%C6%B0&query_place_id=ChIJHcePGuZbNDERN6LcxqNBgkU,Có,"Cá kho tộ miền Tây đậm vị: 83,000đ/tộ (Cá trắm đen kho tộ sánh quyện nước hàng dừa) | Thịt ba chỉ rang cháy cạnh: 70,000đ/đĩa (Thịt ba chỉ ba chỉ giòn rưới mỡ hành) | Sườn non xào chua ngọt: 78,000đ/đĩa (Sườn non xào cùng dứa và ớt chuông sốt chua cay) | Rau muống luộc dầm sấu / xào tỏi: 33,000đ/đĩa (Rau muống tươi xanh luộc chấm nước mắm chanh ớt) | Canh riêu cua đồng cà pháo: 43,000đ/bát (Canh cua đồng mát lạnh ăn kèm cà pháo giòn tan) | Cơm trắng gạo tám thơm: 18,000đ/niêu (Niêu cơm gạo tám dẻo thơm)"
ChIJkxthnGRbNDERSBzzD2N1-aA,Buffet Lẩu Nướng Thị Mỡ,21.0166262,105.5194914,,,2G89+MQ3,Hà Nội,"Hòa Lạc, Hà Nội",VN,,+84 914 181 223,Nhà hàng món nướng,https://www.google.com/maps/search/?api=1&query=Buffet%20L%E1%BA%A9u%20N%C6%B0%E1%BB%9Bng%20Th%E1%BB%8B%20M%E1%BB%A1&query_place_id=ChIJkxthnGRbNDERSBzzD2N1-aA,Có,"Lẩu cua đồng sườn sụn bắp bò: 340,000đ/nồi (Nồi lẩu riêu cua đồng nguyên chất siêu nhiều gạch, kèm bắp bò sườn sụn) | Lẩu Thái hải sản chua cay: 409,000đ/nồi (Nước lẩu Tomyum chua cay nhúng tôm, mực, ngao, nấm) | Set nướng BBQ thập cẩm bò ba chỉ: 299,000đ/set (Bắp bò, ba chỉ heo cuộn nấm kim châm tẩm sốt BBQ nướng xèo xèo) | Ba chỉ bò Mỹ nhúng thêm: 75,000đ/đĩa (Thịt ba chỉ bò Mỹ thái mỏng cuốn nấm) | Sườn sụn non heo thêm: 77,000đ/đĩa (Sườn non giòn sần sật nhúng lẩu) | Rau nấm tổng hợp nhúng lẩu: 30,000đ/đĩa (Nấm kim châm, cải thảo, rau muống tươi)"
ChIJ6eKxtJRbNDERiul5sVsS23E,Quán Xưa Phổ,21.0153315,105.5192288,,,,Hà Nội,"Hòa Lạc, Hà Nội",VN,,,Nhà hàng,https://www.google.com/maps/search/?api=1&query=Qu%C3%A1n%20X%C6%B0a%20Ph%E1%BB%95&query_place_id=ChIJ6eKxtJRbNDERiul5sVsS23E,Có,"Cá kho tộ miền Tây đậm vị: 85,000đ/tộ (Cá trắm đen kho tộ sánh quyện nước hàng dừa) | Thịt ba chỉ rang cháy cạnh: 80,000đ/đĩa (Thịt ba chỉ ba chỉ giòn rưới mỡ hành) | Sườn non xào chua ngọt: 82,000đ/đĩa (Sườn non xào cùng dứa và ớt chuông sốt chua cay) | Rau muống luộc dầm sấu / xào tỏi: 33,000đ/đĩa (Rau muống tươi xanh luộc chấm nước mắm chanh ớt) | Canh riêu cua đồng cà pháo: 40,000đ/bát (Canh cua đồng mát lạnh ăn kèm cà pháo giòn tan) | Cơm trắng gạo tám thơm: 15,000đ/niêu (Niêu cơm gạo tám dẻo thơm)"
ChIJvyQAYwBbNDERgKmvDPLeBTI,Tiger Tea 1998,21.0221614,105.5213618,,,402 thôn 4,Hà Nội,"Hòa Lạc, Hà Nội",VN,,,Nhà hàng ăn nhanh,https://www.google.com/maps/search/?api=1&query=Tiger%20Tea%201998&query_place_id=ChIJvyQAYwBbNDERgKmvDPLeBTI,Có,"Cà phê đen đá pha phin: 19,000đ/ly (Cà phê đen truyền thống đậm đà) | Cà phê sữa đá: 25,000đ/ly (Cà phê sữa pha phin béo ngậy) | Bạc xỉu cốt dừa: 33,000đ/ly (Nhiều sữa béo ngậy vị dừa hòa quyện chút cà phê) | Trà đào cam sả: 40,000đ/ly (Trà đào thơm mát kết hợp lát đào cam tươi sả thơm) | Trà sữa trân châu truyền thống: 40,000đ/ly (Trà sữa đậm trà kèm trân châu đen dai giòn) | Sinh tố bơ sáp: 30,000đ/ly (Sinh tố bơ sáp tươi ngon xay sữa đặc ngậy béo) | Nước ép cam nguyên chất: 33,000đ/ly (Ép cam sành tự nhiên nhiều vitamin C)"
ChIJTaN9A-lbNDERET9DsBluG1w,Thanh Mộc Quán,21.0236283,105.5204797,,,,Hà Nội,"Hòa Lạc, Hà Nội",VN,,,Nhà hàng,https://www.google.com/maps/search/?api=1&query=Thanh%20M%E1%BB%99c%20Qu%C3%A1n&query_place_id=ChIJTaN9A-lbNDERET9DsBluG1w,Có,"Cá kho tộ miền Tây đậm vị: 83,000đ/tộ (Cá trắm đen kho tộ sánh quyện nước hàng dừa) | Thịt ba chỉ rang cháy cạnh: 77,000đ/đĩa (Thịt ba chỉ ba chỉ giòn rưới mỡ hành) | Sườn non xào chua ngọt: 75,000đ/đĩa (Sườn non xào cùng dứa và ớt chuông sốt chua cay) | Rau muống luộc dầm sấu / xào tỏi: 27,000đ/đĩa (Rau muống tươi xanh luộc chấm nước mắm chanh ớt) | Canh riêu cua đồng cà pháo: 47,000đ/bát (Canh cua đồng mát lạnh ăn kèm cà pháo giòn tan) | Cơm trắng gạo tám thơm: 12,000đ/niêu (Niêu cơm gạo tám dẻo thơm)"
ChIJxzH2HOlbNDERbDbGOfFpTcg,Quán Vân Ốc,21.023775,105.5201481,,,,Hà Nội,"Hòa Lạc, Hà Nội",VN,,,Nhà hàng,https://www.google.com/maps/search/?api=1&query=Qu%C3%A1n%20V%C3%A2n%20%E1%BB%90c&query_place_id=ChIJxzH2HOlbNDERbDbGOfFpTcg,Có,"Ốc luộc sả lá chanh truyền thống: 35,000đ/bát (Ốc vặn/ốc nhồi mít luộc thơm mùi sả chấm nước mắm gừng cay ngọt đặc sản) | Ốc móng tay xào bơ tỏi thơm lừng: 68,000đ/đĩa (Ốc móng tay tươi ngọt sốt bơ tỏi sánh béo chấm bánh mì tuyệt đỉnh) | Nem chua rán giòn rụm (10 cái): 55,000đ/đĩa (Nem chua rán nóng hổi chấm tương ớt cay nồng) | Khoai tây chiên lắc bột phô mai: 37,000đ/đĩa (Món khai vị ăn vặt khoái khẩu) | Trà quất mật ong khổng lồ: 12,000đ/cốc (Trà quất mát chua ngọt cực đã khát)"
ChIJaeNlDABZNDERh84VA7zBWcU,🍜🍚Phở Bò Cơm Rang Mạnh Thiện Uỷ Ban😍,21.0397415,105.5487388,,,437 Hạ Bằng,Hà Nội,"Hạ Bằng, Hà Nội",VN,,+84 397 967 714,Nhà hàng châu Á,https://www.google.com/maps/search/?api=1&query=%F0%9F%8D%9C%F0%9F%8D%9APh%E1%BB%9F%20B%C3%B2%20C%C6%A1m%20Rang%20M%E1%BA%A1nh%20Thi%E1%BB%87n%20U%E1%BB%B7%20Ban%F0%9F%98%8D&query_place_id=ChIJaeNlDABZNDERh84VA7zBWcU,Có,"Phở chín bò ta: 35,000đ/bát (Nước dùng phở bò ninh xương ống ngọt lịm kèm thịt chín thái mỏng) | Phở tái chần: 30,000đ/bát (Phở bò với thịt bò tươi chần tái mềm ngọt) | Phở nạm gầu giòn: 42,000đ/bát (Bánh phở mềm cùng nạm bò và gầu bò giòn sần sật) | Phở tái lăn đặc biệt: 40,000đ/bát (Phở bò xào tái lăn thơm mùi tỏi phi) | Trứng gà trần: 7,000đ/quả (Trứng trần nước phở béo ngậy) | Quẩy giòn: 5,000đ/chiếc (Quẩy giòn ăn kèm nước phở)"
ChIJuwzPe7GrNTER8UL8Y_RHxf0,Nhà Hàng Dê Thucom,21.0395333,105.5481031,,,,Hà Nội,"Hạ Bằng, Hà Nội",VN,,+84 967 831 605,Nhà hàng,https://www.google.com/maps/search/?api=1&query=Nh%C3%A0%20H%C3%A0ng%20D%C3%AA%20Thucom&query_place_id=ChIJuwzPe7GrNTER8UL8Y_RHxf0,Có,"Thịt trâu xào lá lốt: 140,000đ/đĩa (Thịt trâu tươi mềm ngọt xào lá lốt thơm lừng) | Thịt trâu nhúng mẻ chua cay: 140,000đ/đĩa (Thịt trâu nhúng nước dùng mẻ chua thanh nhẹ) | Dê tái chanh chấm tương gừng: 170,000đ/đĩa (Thịt dê núi hấp tái trộn vừng sả lá chanh) | Dê né bản gang: 160,000đ/đĩa (Dê xào nóng hổi trên bản gang kèm đậu bắp) | Lẩu dê núi nhúng mẻ: 389,000đ/nồi (Nồi lẩu dê núi ré thơm ngon kèm rau nhúng đặc sản) | Cơm cháy sốt dê: 70,000đ/đĩa (Cơm cháy giòn tan rưới nước sốt dê đậm vị)"
ChIJk7NxUgBZNDER5wZuQmnSuq4,36 Đường 84 Kim Quan,21.0502685,105.5678539,,,84 Đ. Kim Quan,Hà Nội,"Thạch Thất, Hà Nội",VN,,,Nhà hàng,https://www.google.com/maps/search/?api=1&query=36%20%C4%90%C6%B0%E1%BB%9Dng%2084%20Kim%20Quan&query_place_id=ChIJk7NxUgBZNDER5wZuQmnSuq4,Có,"Cá kho tộ miền Tây đậm vị: 83,000đ/tộ (Cá trắm đen kho tộ sánh quyện nước hàng dừa) | Thịt ba chỉ rang cháy cạnh: 75,000đ/đĩa (Thịt ba chỉ ba chỉ giòn rưới mỡ hành) | Sườn non xào chua ngọt: 85,000đ/đĩa (Sườn non xào cùng dứa và ớt chuông sốt chua cay) | Rau muống luộc dầm sấu / xào tỏi: 30,000đ/đĩa (Rau muống tươi xanh luộc chấm nước mắm chanh ớt) | Canh riêu cua đồng cà pháo: 43,000đ/bát (Canh cua đồng mát lạnh ăn kèm cà pháo giòn tan) | Cơm trắng gạo tám thơm: 18,000đ/niêu (Niêu cơm gạo tám dẻo thơm)"
ChIJzyY8IAC3NTERQIPeZSDmiMQ,Hùng Già Quán,21.0431199,105.5519693,,,2HV2+7R2,Hà Nội,"Hạ Bằng, Hà Nội",VN,,+84 923 550 777,Quán ăn nhỏ,https://www.google.com/maps/search/?api=1&query=H%C3%B9ng%20Gi%C3%A0%20Qu%C3%A1n&query_place_id=ChIJzyY8IAC3NTERQIPeZSDmiMQ,Có,"Cá kho tộ miền Tây đậm vị: 90,000đ/tộ (Cá trắm đen kho tộ sánh quyện nước hàng dừa) | Thịt ba chỉ rang cháy cạnh: 75,000đ/đĩa (Thịt ba chỉ ba chỉ giòn rưới mỡ hành) | Sườn non xào chua ngọt: 82,000đ/đĩa (Sườn non xào cùng dứa và ớt chuông sốt chua cay) | Rau muống luộc dầm sấu / xào tỏi: 27,000đ/đĩa (Rau muống tươi xanh luộc chấm nước mắm chanh ớt) | Canh riêu cua đồng cà pháo: 50,000đ/bát (Canh cua đồng mát lạnh ăn kèm cà pháo giòn tan) | Cơm trắng gạo tám thơm: 15,000đ/niêu (Niêu cơm gạo tám dẻo thơm)"
ChIJ5fOsDQBZNDERZvhk-zo1CpY,"Phở Vịt, Vịt Quay Lạng Sơn",21.0411705,105.5497115,,,358 ĐT420,Hà Nội,"Hạ Bằng, Hà Nội",VN,,+84 979 718 855,Nhà hàng,https://www.google.com/maps/search/?api=1&query=Ph%E1%BB%9F%20V%E1%BB%8Bt%2C%20V%E1%BB%8Bt%20Quay%20L%E1%BA%A1ng%20S%C6%A1n&query_place_id=ChIJ5fOsDQBZNDERZvhk-zo1CpY,Có,"Phở chín bò ta: 37,000đ/bát (Nước dùng phở bò ninh xương ống ngọt lịm kèm thịt chín thái mỏng) | Phở tái chần: 40,000đ/bát (Phở bò với thịt bò tươi chần tái mềm ngọt) | Phở nạm gầu giòn: 42,000đ/bát (Bánh phở mềm cùng nạm bò và gầu bò giòn sần sật) | Phở tái lăn đặc biệt: 50,000đ/bát (Phở bò xào tái lăn thơm mùi tỏi phi) | Trứng gà trần: 13,000đ/quả (Trứng trần nước phở béo ngậy) | Quẩy giòn: 5,000đ/chiếc (Quẩy giòn ăn kèm nước phở)"
ChIJmzrGUgBZNDERcvkj3VsBYbQ,Bún Bò Huế 999,21.0432077,105.5519689,,,365 ĐT420,Hà Nội,"Hạ Bằng, Hà Nội",VN,,+84 333 722 895,Quán ăn nhỏ,https://www.google.com/maps/search/?api=1&query=B%C3%BAn%20B%C3%B2%20Hu%E1%BA%BF%20999&query_place_id=ChIJmzrGUgBZNDERcvkj3VsBYbQ,Có,"Bún bò Huế đầy đủ (Thịt bò, chả cua, tiết, mọc): 38,000đ/bát (Bún bò Huế chuẩn vị nước dùng thơm mùi sả, ruốc heo) | Bún bò Huế đặc biệt (Thêm giò heo): 55,000đ/bát (Bún bò Huế tô lớn thêm chân giò heo béo ngậy) | Bún bò Huế tái chín: 37,000đ/bát (Bún bò với thịt bò tái chần và nạm bò chín) | Quẩy nóng: 8,000đ/chiếc (Quẩy giòn ăn kèm bún bò) | Giò tai heo thêm: 7,000đ/chiếc (Giò tai giòn sần sật gọi thêm) | Trà đá: 8,000đ/cốc (Trà đá mát lạnh giải nhiệt)"
ChIJ2asEOwBZNDER7729MzRnlfs,Văn Béo Quán,21.03913,105.548106,,,"2GQX+J3V, ĐT419",Hà Nội,"Hạ Bằng, Hà Nội",VN,,,Nhà hàng,https://www.google.com/maps/search/?api=1&query=V%C4%83n%20B%C3%A9o%20Qu%C3%A1n&query_place_id=ChIJ2asEOwBZNDER7729MzRnlfs,Có,"Cá kho tộ miền Tây đậm vị: 87,000đ/tộ (Cá trắm đen kho tộ sánh quyện nước hàng dừa) | Thịt ba chỉ rang cháy cạnh: 80,000đ/đĩa (Thịt ba chỉ ba chỉ giòn rưới mỡ hành) | Sườn non xào chua ngọt: 82,000đ/đĩa (Sườn non xào cùng dứa và ớt chuông sốt chua cay) | Rau muống luộc dầm sấu / xào tỏi: 30,000đ/đĩa (Rau muống tươi xanh luộc chấm nước mắm chanh ớt) | Canh riêu cua đồng cà pháo: 50,000đ/bát (Canh cua đồng mát lạnh ăn kèm cà pháo giòn tan) | Cơm trắng gạo tám thơm: 12,000đ/niêu (Niêu cơm gạo tám dẻo thơm)"
ChIJEQnDC6lZNDERSGShDVn9V5o,1,21.0463851,105.5531536,,,419 hà nội,Hà Nội,"Hạ Bằng, Hà Nội",VN,,,Quán mì,https://www.google.com/maps/search/?api=1&query=1&query_place_id=ChIJEQnDC6lZNDERSGShDVn9V5o,Có,"Bún cá cay Hải Phòng giòn rụm: 33,000đ/bát (Cá chiên giòn, chả cá thu thơm ngon nước dùng dọc mùng chua cay) | Bún riêu cua bắp bò giò tai: 38,000đ/bát (Bún nước với riêu cua đồng xịn kèm bắp bò tươi, giò tai heo sần sật) | Bún sườn mọc dọc mùng hành hoa: 33,000đ/bát (Bún sườn non mềm nhừ kèm mọc thịt giòn dẻo) | Trà đá mát lạnh: 2,000đ/cốc (Trà đá mát uống kèm bún nóng)"
ChIJ54t8fgBbNDER8F6bIpbetlI,Phở Khô Gia Lai,21.0184344,105.5503852,,,"2H92+95M, Tân Xã",Hà Nội,"Hạ Bằng, Hà Nội",VN,,,Nhà hàng Việt Nam,https://www.google.com/maps/search/?api=1&query=Ph%E1%BB%9F%20Kh%C3%B4%20Gia%20Lai&query_place_id=ChIJ54t8fgBbNDER8F6bIpbetlI,Có,"Phở chín bò ta: 35,000đ/bát (Nước dùng phở bò ninh xương ống ngọt lịm kèm thịt chín thái mỏng) | Phở tái chần: 30,000đ/bát (Phở bò với thịt bò tươi chần tái mềm ngọt) | Phở nạm gầu giòn: 40,000đ/bát (Bánh phở mềm cùng nạm bò và gầu bò giòn sần sật) | Phở tái lăn đặc biệt: 45,000đ/bát (Phở bò xào tái lăn thơm mùi tỏi phi) | Trứng gà trần: 10,000đ/quả (Trứng trần nước phở béo ngậy) | Quẩy giòn: 8,000đ/chiếc (Quẩy giòn ăn kèm nước phở)"
ChIJJR92GQBbNDERNMV27_h1qgg,Ăn đêm tình béo,21.0169353,105.5650239,,,,Hà Nội,"Hạ Bằng, Hà Nội",VN,,+84 942 366 333,Nhà hàng,https://www.google.com/maps/search/?api=1&query=%C4%82n%20%C4%91%C3%AAm%20t%C3%ACnh%20b%C3%A9o&query_place_id=ChIJJR92GQBbNDERNMV27_h1qgg,Có,"Cá kho tộ miền Tây đậm vị: 85,000đ/tộ (Cá trắm đen kho tộ sánh quyện nước hàng dừa) | Thịt ba chỉ rang cháy cạnh: 75,000đ/đĩa (Thịt ba chỉ ba chỉ giòn rưới mỡ hành) | Sườn non xào chua ngọt: 78,000đ/đĩa (Sườn non xào cùng dứa và ớt chuông sốt chua cay) | Rau muống luộc dầm sấu / xào tỏi: 27,000đ/đĩa (Rau muống tươi xanh luộc chấm nước mắm chanh ớt) | Canh riêu cua đồng cà pháo: 40,000đ/bát (Canh cua đồng mát lạnh ăn kèm cà pháo giòn tan) | Cơm trắng gạo tám thơm: 15,000đ/niêu (Niêu cơm gạo tám dẻo thơm)"
ChIJw6BtUgBbNDERnOXwWDEuvOQ,Bia Hơi Gió Công Nghệ,21.008282,105.5535333,,,2H53+8C7,Hà Nội,"Thạch Thất, Hà Nội",VN,,,Nhà hàng,https://www.google.com/maps/search/?api=1&query=Bia%20H%C6%A1i%20Gi%C3%B3%20C%C3%B4ng%20Ngh%E1%BB%87&query_place_id=ChIJw6BtUgBbNDERnOXwWDEuvOQ,Có,"Bia hơi Hà Nội mát lạnh: 9,000đ/cốc (Bia hơi tươi rói rót trực tiếp từ vòi bom lạnh) | Đậu phụ lướt ván nóng giòn: 33,000đ/đĩa (Đậu hũ non chiên lướt ván ngoài vàng giòn trong mịn mượt như thạch) | Đĩa lạc rang muối / lạc luộc mộc mạc: 12,000đ/đĩa (Đồ nhắm bia truyền thống) | Nộm tai heo đu đủ xanh chua ngọt: 70,000đ/đĩa (Tai heo giòn sần sật trộn đu đủ bào sợi nước nộm chua ngọt sảng khoái) | Sụn gà chiên mắm rang muối: 100,000đ/đĩa (Sụn gà ta giòn sần sật tẩm ướp chiên xóc muối ớt tỏi)"
ChIJN7DCKwBbNDERt0oO028HBlQ,Quán Bia Cường Xoăn,21.0074198,105.559934,,,2H44+FCP,Hà Nội,"Hạ Bằng, Hà Nội",VN,,+84 985 623 953,Nhà hàng,https://www.google.com/maps/search/?api=1&query=Qu%C3%A1n%20Bia%20C%C6%B0%E1%BB%9Dng%20Xo%C4%83n&query_place_id=ChIJN7DCKwBbNDERt0oO028HBlQ,Có,"Bia hơi Hà Nội mát lạnh: 12,000đ/cốc (Bia hơi tươi rói rót trực tiếp từ vòi bom lạnh) | Đậu phụ lướt ván nóng giòn: 33,000đ/đĩa (Đậu hũ non chiên lướt ván ngoài vàng giòn trong mịn mượt như thạch) | Đĩa lạc rang muối / lạc luộc mộc mạc: 15,000đ/đĩa (Đồ nhắm bia truyền thống) | Nộm tai heo đu đủ xanh chua ngọt: 65,000đ/đĩa (Tai heo giòn sần sật trộn đu đủ bào sợi nước nộm chua ngọt sảng khoái) | Sụn gà chiên mắm rang muối: 90,000đ/đĩa (Sụn gà ta giòn sần sật tẩm ướp chiên xóc muối ớt tỏi)"
ChIJbZTkXwBbNDERYJzw9J2c1Fk,Nhà hàng ven sông,21.0164318,105.5726124,,,2H8F+H2H,Hà Nội,"Hạ Bằng, Hà Nội",VN,,,Nhà hàng,https://www.google.com/maps/search/?api=1&query=Nh%C3%A0%20h%C3%A0ng%20ven%20s%C3%B4ng&query_place_id=ChIJbZTkXwBbNDERYJzw9J2c1Fk,Có,"Cá kho tộ miền Tây đậm vị: 80,000đ/tộ (Cá trắm đen kho tộ sánh quyện nước hàng dừa) | Thịt ba chỉ rang cháy cạnh: 77,000đ/đĩa (Thịt ba chỉ ba chỉ giòn rưới mỡ hành) | Sườn non xào chua ngọt: 75,000đ/đĩa (Sườn non xào cùng dứa và ớt chuông sốt chua cay) | Rau muống luộc dầm sấu / xào tỏi: 27,000đ/đĩa (Rau muống tươi xanh luộc chấm nước mắm chanh ớt) | Canh riêu cua đồng cà pháo: 50,000đ/bát (Canh cua đồng mát lạnh ăn kèm cà pháo giòn tan) | Cơm trắng gạo tám thơm: 12,000đ/niêu (Niêu cơm gạo tám dẻo thơm)"
ChIJD0S6RwBbNDER7gPp5AicyQk,Chè Góc Nhỏ Quán,21.0172476,105.5523,,,2HC2+V3W,Hà Nội,"Hạ Bằng, Hà Nội",VN,,,Nhà hàng món chè bánh lọt,https://www.google.com/maps/search/?api=1&query=Ch%C3%A8%20G%C3%B3c%20Nh%E1%BB%8F%20Qu%C3%A1n&query_place_id=ChIJD0S6RwBbNDER7gPp5AicyQk,Có,"Kem tươi ốc quế sữa dừa / vani Mixue: 10,000đ/chiếc (Kem tươi thơm ngon ngậy béo ốc quế giòn tan) | Trà sữa ba anh em thạch pudding trân châu: 27,000đ/ly (Trà sữa đậm vị kèm full topping dồi dào) | Dương chi cam lộ xoài bưởi trân châu: 40,000đ/ly (Sinh tố xoài, bưởi hồng cùng thạch dừa thạch đào thơm ngon mát lạnh) | Trà đào tứ kỳ xuân hạt đào miếng: 25,000đ/ly (Trà ô long thanh vị kết hợp thạch đào giòn ngọt)"
ChIJH25i4TNaNDERE9HGNNCKDIY,Bia Hơi Hà Nội Trường Nhộng,21.0191415,105.5530549,,,,Hà Nội,"Hạ Bằng, Hà Nội",VN,,,Nhà hàng,https://www.google.com/maps/search/?api=1&query=Bia%20H%C6%A1i%20H%C3%A0%20N%E1%BB%99i%20Tr%C6%B0%E1%BB%9Dng%20Nh%E1%BB%99ng&query_place_id=ChIJH25i4TNaNDERE9HGNNCKDIY,Có,"Bia hơi Hà Nội mát lạnh: 12,000đ/cốc (Bia hơi tươi rói rót trực tiếp từ vòi bom lạnh) | Đậu phụ lướt ván nóng giòn: 30,000đ/đĩa (Đậu hũ non chiên lướt ván ngoài vàng giòn trong mịn mượt như thạch) | Đĩa lạc rang muối / lạc luộc mộc mạc: 15,000đ/đĩa (Đồ nhắm bia truyền thống) | Nộm tai heo đu đủ xanh chua ngọt: 63,000đ/đĩa (Tai heo giòn sần sật trộn đu đủ bào sợi nước nộm chua ngọt sảng khoái) | Sụn gà chiên mắm rang muối: 95,000đ/đĩa (Sụn gà ta giòn sần sật tẩm ướp chiên xóc muối ớt tỏi)"
ChIJwXdqKC5bNDERL1E6-Ma43II,Ốc Mai Yến,21.0178734,105.5484508,,,"Đập chăn quán, hồ tân xã",Hà Nội,"Hạ Bằng, Hà Nội",VN,,,Quán ăn nhẹ,https://www.google.com/maps/search/?api=1&query=%E1%BB%90c%20Mai%20Y%E1%BA%BFn&query_place_id=ChIJwXdqKC5bNDERL1E6-Ma43II,Có,"Ốc luộc sả lá chanh truyền thống: 42,000đ/bát (Ốc vặn/ốc nhồi mít luộc thơm mùi sả chấm nước mắm gừng cay ngọt đặc sản) | Ốc móng tay xào bơ tỏi thơm lừng: 75,000đ/đĩa (Ốc móng tay tươi ngọt sốt bơ tỏi sánh béo chấm bánh mì tuyệt đỉnh) | Nem chua rán giòn rụm (10 cái): 50,000đ/đĩa (Nem chua rán nóng hổi chấm tương ớt cay nồng) | Khoai tây chiên lắc bột phô mai: 35,000đ/đĩa (Món khai vị ăn vặt khoái khẩu) | Trà quất mật ong khổng lồ: 12,000đ/cốc (Trà quất mát chua ngọt cực đã khát)"
ChIJ--_gKURbNDERs_XqGbLzswI,Quán Trâu Ngon,21.0089466,105.5549102,,,Khu Công Nghệ Cao Hòa Lạc,Hà Nội,"Hạ Bằng, Hà Nội",VN,,+84 337 590 733,Nhà hàng,https://www.google.com/maps/search/?api=1&query=Qu%C3%A1n%20Tr%C3%A2u%20Ngon&query_place_id=ChIJ--_gKURbNDERs_XqGbLzswI,Có,"Thịt trâu xào lá lốt: 110,000đ/đĩa (Thịt trâu tươi mềm ngọt xào lá lốt thơm lừng) | Thịt trâu nhúng mẻ chua cay: 150,000đ/đĩa (Thịt trâu nhúng nước dùng mẻ chua thanh nhẹ) | Dê tái chanh chấm tương gừng: 170,000đ/đĩa (Thịt dê núi hấp tái trộn vừng sả lá chanh) | Dê né bản gang: 140,000đ/đĩa (Dê xào nóng hổi trên bản gang kèm đậu bắp) | Lẩu dê núi nhúng mẻ: 409,000đ/nồi (Nồi lẩu dê núi ré thơm ngon kèm rau nhúng đặc sản) | Cơm cháy sốt dê: 70,000đ/đĩa (Cơm cháy giòn tan rưới nước sốt dê đậm vị)"
ChIJM1rdbABbNDERV45hc7gnXLI,Lộc Vừng Quán,21.0066537,105.5679046,,,,Hà Nội,"Hạ Bằng, Hà Nội",VN,,,Nhà hàng gia đình,https://www.google.com/maps/search/?api=1&query=L%E1%BB%99c%20V%E1%BB%ABng%20Qu%C3%A1n&query_place_id=ChIJM1rdbABbNDERV45hc7gnXLI,Có,"Cá kho tộ miền Tây đậm vị: 85,000đ/tộ (Cá trắm đen kho tộ sánh quyện nước hàng dừa) | Thịt ba chỉ rang cháy cạnh: 80,000đ/đĩa (Thịt ba chỉ ba chỉ giòn rưới mỡ hành) | Sườn non xào chua ngọt: 80,000đ/đĩa (Sườn non xào cùng dứa và ớt chuông sốt chua cay) | Rau muống luộc dầm sấu / xào tỏi: 30,000đ/đĩa (Rau muống tươi xanh luộc chấm nước mắm chanh ớt) | Canh riêu cua đồng cà pháo: 45,000đ/bát (Canh cua đồng mát lạnh ăn kèm cà pháo giòn tan) | Cơm trắng gạo tám thơm: 18,000đ/niêu (Niêu cơm gạo tám dẻo thơm)"
ChIJAW1WdABbNDERL7iGQQA0oZ4,Diệu Linh Vịt Quán,21.006499,105.5561873,,,2H44+HFW,Hà Nội,"Hạ Bằng, Hà Nội",VN,,,Nhà hàng,https://www.google.com/maps/search/?api=1&query=Di%E1%BB%87u%20Linh%20V%E1%BB%8Bt%20Qu%C3%A1n&query_place_id=ChIJAW1WdABbNDERL7iGQQA0oZ4,Có,"Cá kho tộ miền Tây đậm vị: 85,000đ/tộ (Cá trắm đen kho tộ sánh quyện nước hàng dừa) | Thịt ba chỉ rang cháy cạnh: 75,000đ/đĩa (Thịt ba chỉ ba chỉ giòn rưới mỡ hành) | Sườn non xào chua ngọt: 78,000đ/đĩa (Sườn non xào cùng dứa và ớt chuông sốt chua cay) | Rau muống luộc dầm sấu / xào tỏi: 27,000đ/đĩa (Rau muống tươi xanh luộc chấm nước mắm chanh ớt) | Canh riêu cua đồng cà pháo: 50,000đ/bát (Canh cua đồng mát lạnh ăn kèm cà pháo giòn tan) | Cơm trắng gạo tám thơm: 12,000đ/niêu (Niêu cơm gạo tám dẻo thơm)"
ChIJAyKebABbNDERR-_UPFyLtd4,Bánh Mỳ Hồng Cổ Ốc,21.0179237,105.5485022,,,2G9X+4CM,Hà Nội,"Hạ Bằng, Hà Nội",VN,,,Gian hàng rong,https://www.google.com/maps/search/?api=1&query=B%C3%A1nh%20M%E1%BB%B3%20H%E1%BB%93ng%20C%E1%BB%95%20%E1%BB%90c&query_place_id=ChIJAyKebABbNDERR-_UPFyLtd4,Có,"Ốc luộc sả lá chanh truyền thống: 40,000đ/bát (Ốc vặn/ốc nhồi mít luộc thơm mùi sả chấm nước mắm gừng cay ngọt đặc sản) | Ốc móng tay xào bơ tỏi thơm lừng: 70,000đ/đĩa (Ốc móng tay tươi ngọt sốt bơ tỏi sánh béo chấm bánh mì tuyệt đỉnh) | Nem chua rán giòn rụm (10 cái): 55,000đ/đĩa (Nem chua rán nóng hổi chấm tương ớt cay nồng) | Khoai tây chiên lắc bột phô mai: 35,000đ/đĩa (Món khai vị ăn vặt khoái khẩu) | Trà quất mật ong khổng lồ: 15,000đ/cốc (Trà quất mát chua ngọt cực đã khát)"
ChIJUcncSgBbNDERITHoiAwhWqI,Quán Bia Lẩu 68,21.0113656,105.5553467,,,2H64+G54,Hà Nội,"Hạ Bằng, Hà Nội",VN,,,Nhà hàng,https://www.google.com/maps/search/?api=1&query=Qu%C3%A1n%20Bia%20L%E1%BA%A9u%2068&query_place_id=ChIJUcncSgBbNDERITHoiAwhWqI,Có,"Lẩu cua đồng sườn sụn bắp bò: 360,000đ/nồi (Nồi lẩu riêu cua đồng nguyên chất siêu nhiều gạch, kèm bắp bò sườn sụn) | Lẩu Thái hải sản chua cay: 419,000đ/nồi (Nước lẩu Tomyum chua cay nhúng tôm, mực, ngao, nấm) | Set nướng BBQ thập cẩm bò ba chỉ: 299,000đ/set (Bắp bò, ba chỉ heo cuộn nấm kim châm tẩm sốt BBQ nướng xèo xèo) | Ba chỉ bò Mỹ nhúng thêm: 78,000đ/đĩa (Thịt ba chỉ bò Mỹ thái mỏng cuốn nấm) | Sườn sụn non heo thêm: 73,000đ/đĩa (Sườn non giòn sần sật nhúng lẩu) | Rau nấm tổng hợp nhúng lẩu: 33,000đ/đĩa (Nấm kim châm, cải thảo, rau muống tươi)"
ChIJrUdmEQBbNDERTFyQtZtFvkU,Bánh Mỳ Pate Ốc,21.0175668,105.5483266,,,2G9X+382,Hà Nội,"Hạ Bằng, Hà Nội",VN,,,Cửa hàng sandwich,https://www.google.com/maps/search/?api=1&query=B%C3%A1nh%20M%E1%BB%B3%20Pate%20%E1%BB%90c&query_place_id=ChIJrUdmEQBbNDERTFyQtZtFvkU,Có,"Ốc luộc sả lá chanh truyền thống: 45,000đ/bát (Ốc vặn/ốc nhồi mít luộc thơm mùi sả chấm nước mắm gừng cay ngọt đặc sản) | Ốc móng tay xào bơ tỏi thơm lừng: 75,000đ/đĩa (Ốc móng tay tươi ngọt sốt bơ tỏi sánh béo chấm bánh mì tuyệt đỉnh) | Nem chua rán giòn rụm (10 cái): 45,000đ/đĩa (Nem chua rán nóng hổi chấm tương ớt cay nồng) | Khoai tây chiên lắc bột phô mai: 33,000đ/đĩa (Món khai vị ăn vặt khoái khẩu) | Trà quất mật ong khổng lồ: 15,000đ/cốc (Trà quất mát chua ngọt cực đã khát)"
ChIJoy-ObgBbNDERolb4JUW4frs,Gà Vịt Nướng Đức Phước,21.018719,105.550803,,,2H92+F8M,Hà Nội,"Hạ Bằng, Hà Nội",VN,,+84 357 471 781,Gian hàng rong,https://www.google.com/maps/search/?api=1&query=G%C3%A0%20V%E1%BB%8Bt%20N%C6%B0%E1%BB%9Bng%20%C4%90%E1%BB%A9c%20Ph%C6%B0%E1%BB%9Bc&query_place_id=ChIJoy-ObgBbNDERolb4JUW4frs,Có,"Gà ri hấp lá chanh (Cả con): 210,000đ/con (Gà ri đồi nuôi thả tự nhiên dai ngọt da vàng giòn) | Gà ri nướng mật ong (Cả con): 230,000đ/con (Gà ri nướng mật ong thơm phức vàng óng) | Gà rang muối tỏi: 120,000đ/đĩa (Gà ta chặt miếng rang muối đậm đà sần sật) | Lẩu gà ri thuốc bắc: 370,000đ/nồi (Nồi lẩu gà ri thuốc bắc bổ dưỡng kèm rau nấm) | Xôi chim câu hành phi: 85,000đ/đĩa (Xôi nếp dẻo thơm ăn kèm thịt chim câu băm nhỏ) | Lòng mề gà xào mướp giá: 70,000đ/đĩa (Lòng mề gà ri giòn xào mướp hương thơm phức)"
ChIJFzIOAABbNDERDLGVBRqlemI,Nhà Hàng Tuấn Hưng,21.0064152,105.5643593,,,2H48+Q2C,Hà Nội,"Hạ Bằng, Hà Nội",VN,,,Nhà hàng,https://www.google.com/maps/search/?api=1&query=Nh%C3%A0%20H%C3%A0ng%20Tu%E1%BA%A5n%20H%C6%B0ng&query_place_id=ChIJFzIOAABbNDERDLGVBRqlemI,Có,"Cá kho tộ miền Tây đậm vị: 85,000đ/tộ (Cá trắm đen kho tộ sánh quyện nước hàng dừa) | Thịt ba chỉ rang cháy cạnh: 70,000đ/đĩa (Thịt ba chỉ ba chỉ giòn rưới mỡ hành) | Sườn non xào chua ngọt: 85,000đ/đĩa (Sườn non xào cùng dứa và ớt chuông sốt chua cay) | Rau muống luộc dầm sấu / xào tỏi: 33,000đ/đĩa (Rau muống tươi xanh luộc chấm nước mắm chanh ớt) | Canh riêu cua đồng cà pháo: 40,000đ/bát (Canh cua đồng mát lạnh ăn kèm cà pháo giòn tan) | Cơm trắng gạo tám thơm: 18,000đ/niêu (Niêu cơm gạo tám dẻo thơm)"
ChIJW-hzGgBbNDERe51b4jvqvWk,Quán Cháo Đêm Hạ Bằng,21.0071053,105.5564659,,,2H44+QHX,Hà Nội,"Hạ Bằng, Hà Nội",VN,,,Quán ăn nhỏ,https://www.google.com/maps/search/?api=1&query=Qu%C3%A1n%20Ch%C3%A1o%20%C4%90%C3%AAm%20H%E1%BA%A1%20B%E1%BA%B1ng&query_place_id=ChIJW-hzGgBbNDERe51b4jvqvWk,Có,"Cháo lòng heo đầy đủ dồi sụn tiết luộc: 30,000đ/bát (Cháo lòng nấu gạo tẻ sánh ngọt cùng lòng non dồi sụn gan luộc) | Cháo sườn sụn nóng hổi hành hoa: 35,000đ/bát (Cháo bột sườn non sánh mịn giòn sần sật sườn sụn non) | Quẩy giòn ăn cháo: 2,000đ/đĩa (Quẩy ăn kèm cháo ngon tuyệt)"
ChIJy53mA1hbNDERzP6LS1t83RI,Quán nước Hương Quê,21.0166254,105.5479909,,,2G8X+J5H,Hà Nội,"Hạ Bằng, Hà Nội",VN,,,Quán cà phê,https://www.google.com/maps/search/?api=1&query=Qu%C3%A1n%20n%C6%B0%E1%BB%9Bc%20H%C6%B0%C6%A1ng%20Qu%C3%AA&query_place_id=ChIJy53mA1hbNDERzP6LS1t83RI,Có,"Cà phê đen đá pha phin: 19,000đ/ly (Cà phê đen truyền thống đậm đà) | Cà phê sữa đá: 28,000đ/ly (Cà phê sữa pha phin béo ngậy) | Bạc xỉu cốt dừa: 30,000đ/ly (Nhiều sữa béo ngậy vị dừa hòa quyện chút cà phê) | Trà đào cam sả: 30,000đ/ly (Trà đào thơm mát kết hợp lát đào cam tươi sả thơm) | Trà sữa trân châu truyền thống: 30,000đ/ly (Trà sữa đậm trà kèm trân châu đen dai giòn) | Sinh tố bơ sáp: 30,000đ/ly (Sinh tố bơ sáp tươi ngon xay sữa đặc ngậy béo) | Nước ép cam nguyên chất: 33,000đ/ly (Ép cam sành tự nhiên nhiều vitamin C)"
ChIJOQ6w9wxbNDEReDQgZpOCpB0,Bún Chả Hướng Phương Nam,20.9836506,105.5267883,,,,Hà Nội,"Hòa Lạc, Hà Nội",VN,,,Nhà hàng,https://www.google.com/maps/search/?api=1&query=B%C3%BAn%20Ch%E1%BA%A3%20H%C6%B0%E1%BB%9Bng%20Ph%C6%B0%C6%A1ng%20Nam&query_place_id=ChIJOQ6w9wxbNDEReDQgZpOCpB0,Có,"Bún đậu mắm tôm đầy đủ (Đậu, thịt chân giò, nem chua rán, chả cốm): 45,000đ/suất (Mẹt bún đậu đầy đủ nguyên liệu tươi ngon kèm rau thơm kinh giới) | Bún đậu thường (Đậu chiên giòn): 22,000đ/suất (Bún đậu chay đơn giản với đậu phụ rán giòn) | Bún chả Hà Nội truyền thống: 42,000đ/suất (Chả miếng và chả viên nướng than hoa thơm phức trong bát nước chấm chua ngọt) | Nem cua bể chiên giòn: 18,000đ/chiếc (Nem cua bể giòn rụm nhiều nhân) | Nước sấu đá ngầm chua ngọt: 15,000đ/cốc (Đồ uống giải nhiệt cực hợp vị bún đậu)"
ChIJPZg3HwBbNDERtz_pOrrOFcw,Thanh Hằng quán coffee,20.9888515,105.57004,,,Km13 ĐL Thăng Long,Hà Nội,"Hạ Bằng, Hà Nội",VN,,,Quán cà phê,https://www.google.com/maps/search/?api=1&query=Thanh%20H%E1%BA%B1ng%20qu%C3%A1n%20coffee&query_place_id=ChIJPZg3HwBbNDERtz_pOrrOFcw,Có,"Cà phê đen đá pha phin: 22,000đ/ly (Cà phê đen truyền thống đậm đà) | Cà phê sữa đá: 25,000đ/ly (Cà phê sữa pha phin béo ngậy) | Bạc xỉu cốt dừa: 27,000đ/ly (Nhiều sữa béo ngậy vị dừa hòa quyện chút cà phê) | Trà đào cam sả: 35,000đ/ly (Trà đào thơm mát kết hợp lát đào cam tươi sả thơm) | Trà sữa trân châu truyền thống: 35,000đ/ly (Trà sữa đậm trà kèm trân châu đen dai giòn) | Sinh tố bơ sáp: 37,000đ/ly (Sinh tố bơ sáp tươi ngon xay sữa đặc ngậy béo) | Nước ép cam nguyên chất: 27,000đ/ly (Ép cam sành tự nhiên nhiều vitamin C)"
ChIJs6S6aABbNDERAFekMY4KLaI,So2 đường chiến thắng yên lac2 cần kiệm thạch thất hà nội,21.0289227,105.5735047,,,2HHF+HC6 So2 chien thắng yên lac2,Hà Nội,"Hạ Bằng, Hà Nội",VN,,,Nhà hàng chuyên phục vụ bữa sáng,https://www.google.com/maps/search/?api=1&query=So2%20%C4%91%C6%B0%E1%BB%9Dng%20chi%E1%BA%BFn%20th%E1%BA%AFng%20y%C3%AAn%20lac2%20c%E1%BA%A7n%20ki%E1%BB%87m%20th%E1%BA%A1ch%20th%E1%BA%A5t%20h%C3%A0%20n%E1%BB%99i&query_place_id=ChIJs6S6aABbNDERAFekMY4KLaI,Có,"Xôi xéo ruốc hành phi: 17,000đ/đĩa (Xôi xéo thơm nếp dẻo mỡ hành phi) | Bánh mì pate trứng giò: 25,000đ/cái (Bánh mì giòn kẹp pate nhà làm, trứng ốp la, giò lụa) | Sữa đậu nành nóng: 13,000đ/cốc (Sữa đậu nành nguyên chất) | Trà đá: 3,000đ/cốc (Trà giải khát sáng sớm)"
ChIJxx7-V8RbNDERDr3WNIzFblg,Nhà hàng Thanh Trúc,21.0235238,105.5847768,,,31 Đường Cần Kiệm,Hà Nội,"Hạ Bằng, Hà Nội",VN,,,Nhà hàng,https://www.google.com/maps/search/?api=1&query=Nh%C3%A0%20h%C3%A0ng%20Thanh%20Tr%C3%BAc&query_place_id=ChIJxx7-V8RbNDERDr3WNIzFblg,Có,"Cá kho tộ miền Tây đậm vị: 87,000đ/tộ (Cá trắm đen kho tộ sánh quyện nước hàng dừa) | Thịt ba chỉ rang cháy cạnh: 80,000đ/đĩa (Thịt ba chỉ ba chỉ giòn rưới mỡ hành) | Sườn non xào chua ngọt: 75,000đ/đĩa (Sườn non xào cùng dứa và ớt chuông sốt chua cay) | Rau muống luộc dầm sấu / xào tỏi: 30,000đ/đĩa (Rau muống tươi xanh luộc chấm nước mắm chanh ớt) | Canh riêu cua đồng cà pháo: 40,000đ/bát (Canh cua đồng mát lạnh ăn kèm cà pháo giòn tan) | Cơm trắng gạo tám thơm: 12,000đ/niêu (Niêu cơm gạo tám dẻo thơm)"
ChIJJd1cswZaNDER2SnmPwPBzRw,Mộc Quán,21.0263749,105.5894779,,,,Hà Nội,"Tây Phương, Hà Nội",VN,,,Nhà hàng,https://www.google.com/maps/search/?api=1&query=M%E1%BB%99c%20Qu%C3%A1n&query_place_id=ChIJJd1cswZaNDER2SnmPwPBzRw,Có,"Cá kho tộ miền Tây đậm vị: 87,000đ/tộ (Cá trắm đen kho tộ sánh quyện nước hàng dừa) | Thịt ba chỉ rang cháy cạnh: 80,000đ/đĩa (Thịt ba chỉ ba chỉ giòn rưới mỡ hành) | Sườn non xào chua ngọt: 82,000đ/đĩa (Sườn non xào cùng dứa và ớt chuông sốt chua cay) | Rau muống luộc dầm sấu / xào tỏi: 30,000đ/đĩa (Rau muống tươi xanh luộc chấm nước mắm chanh ớt) | Canh riêu cua đồng cà pháo: 47,000đ/bát (Canh cua đồng mát lạnh ăn kèm cà pháo giòn tan) | Cơm trắng gạo tám thơm: 15,000đ/niêu (Niêu cơm gạo tám dẻo thơm)"
ChIJ_VxqBwBbNDERkmp5Vy53oaI,Nhà Hàng Cường Lệ,21.0240816,105.585596,,,2HFP+J5Q,Hà Nội,"Hạ Bằng, Hà Nội",VN,,,Nhà hàng,https://www.google.com/maps/search/?api=1&query=Nh%C3%A0%20H%C3%A0ng%20C%C6%B0%E1%BB%9Dng%20L%E1%BB%87&query_place_id=ChIJ_VxqBwBbNDERkmp5Vy53oaI,Có,"Cá kho tộ miền Tây đậm vị: 87,000đ/tộ (Cá trắm đen kho tộ sánh quyện nước hàng dừa) | Thịt ba chỉ rang cháy cạnh: 80,000đ/đĩa (Thịt ba chỉ ba chỉ giòn rưới mỡ hành) | Sườn non xào chua ngọt: 82,000đ/đĩa (Sườn non xào cùng dứa và ớt chuông sốt chua cay) | Rau muống luộc dầm sấu / xào tỏi: 27,000đ/đĩa (Rau muống tươi xanh luộc chấm nước mắm chanh ớt) | Canh riêu cua đồng cà pháo: 50,000đ/bát (Canh cua đồng mát lạnh ăn kèm cà pháo giòn tan) | Cơm trắng gạo tám thơm: 15,000đ/niêu (Niêu cơm gạo tám dẻo thơm)"
ChIJV7fjBwBbNDERydNmbFbuPTM,Cơm bình dân Thanh Bình,20.9905078,105.5162337,,,"XGR8+6F5, CT03",Hà Nội,"Hòa Lạc, Hà Nội",VN,,,Nhà hàng gia đình,https://www.google.com/maps/search/?api=1&query=C%C6%A1m%20b%C3%ACnh%20d%C3%A2n%20Thanh%20B%C3%ACnh&query_place_id=ChIJV7fjBwBbNDERydNmbFbuPTM,Có,"Cơm rang dưa bò: 43,000đ/đĩa (Cơm rang hạt giòn tơi xào cùng cải dưa chua và thịt bò tươi mềm) | Cơm rang thập cẩm giòn: 35,000đ/đĩa (Cơm rang lạp xưởng ngô ngọt đậu hà lan rưới trứng vàng) | Cơm thố xá xíu nóng hổi: 45,000đ/thố (Cơm nấu niêu thố đất tạo lớp cháy giòn nhẹ, phủ thịt xá xíu đậm sốt) | Suất cơm bình dân tự chọn (3 món mặn + rau): 30,000đ/suất (Cơm suất bình dân đầy đặn sạch sẽ cho sinh viên và người đi làm) | Cơm tấm sườn bì chả Sài Gòn: 45,000đ/đĩa (Cơm tấm ăn kèm sườn nướng mặn ngọt chả trứng bì heo thính và nước mắm chua cay)"
ChIJmdrIYwBbNDERqXuTH5StCJU,Hương Hùng Quán,21.0182399,105.5840189,,,"2H9M+7JR, Đường Phú Đa",Hà Nội,"Hạ Bằng, Hà Nội",VN,,,Nhà hàng,https://www.google.com/maps/search/?api=1&query=H%C6%B0%C6%A1ng%20H%C3%B9ng%20Qu%C3%A1n&query_place_id=ChIJmdrIYwBbNDERqXuTH5StCJU,Có,"Cá kho tộ miền Tây đậm vị: 90,000đ/tộ (Cá trắm đen kho tộ sánh quyện nước hàng dừa) | Thịt ba chỉ rang cháy cạnh: 80,000đ/đĩa (Thịt ba chỉ ba chỉ giòn rưới mỡ hành) | Sườn non xào chua ngọt: 82,000đ/đĩa (Sườn non xào cùng dứa và ớt chuông sốt chua cay) | Rau muống luộc dầm sấu / xào tỏi: 33,000đ/đĩa (Rau muống tươi xanh luộc chấm nước mắm chanh ớt) | Canh riêu cua đồng cà pháo: 47,000đ/bát (Canh cua đồng mát lạnh ăn kèm cà pháo giòn tan) | Cơm trắng gạo tám thơm: 15,000đ/niêu (Niêu cơm gạo tám dẻo thơm)"
ChIJ_ZoqQQBbNDEREInz--msgng,NónViệt,21.0185078,105.579674,,,"2H9H+CV3, Cầu",Hà Nội,"Hạ Bằng, Hà Nội",VN,,,Nhà hàng,https://www.google.com/maps/search/?api=1&query=N%C3%B3nVi%E1%BB%87t&query_place_id=ChIJ_ZoqQQBbNDEREInz--msgng,Có,"Cá kho tộ miền Tây đậm vị: 87,000đ/tộ (Cá trắm đen kho tộ sánh quyện nước hàng dừa) | Thịt ba chỉ rang cháy cạnh: 80,000đ/đĩa (Thịt ba chỉ ba chỉ giòn rưới mỡ hành) | Sườn non xào chua ngọt: 78,000đ/đĩa (Sườn non xào cùng dứa và ớt chuông sốt chua cay) | Rau muống luộc dầm sấu / xào tỏi: 30,000đ/đĩa (Rau muống tươi xanh luộc chấm nước mắm chanh ớt) | Canh riêu cua đồng cà pháo: 50,000đ/bát (Canh cua đồng mát lạnh ăn kèm cà pháo giòn tan) | Cơm trắng gạo tám thơm: 15,000đ/niêu (Niêu cơm gạo tám dẻo thơm)"
ChIJe9goVBBaNDERD0vbUW2I2x0,Quán Bà Béo,21.0187911,105.5798984,,,,Hà Nội,"Hạ Bằng, Hà Nội",VN,,,Nhà hàng,https://www.google.com/maps/search/?api=1&query=Qu%C3%A1n%20B%C3%A0%20B%C3%A9o&query_place_id=ChIJe9goVBBaNDERD0vbUW2I2x0,Có,"Cá kho tộ miền Tây đậm vị: 83,000đ/tộ (Cá trắm đen kho tộ sánh quyện nước hàng dừa) | Thịt ba chỉ rang cháy cạnh: 70,000đ/đĩa (Thịt ba chỉ ba chỉ giòn rưới mỡ hành) | Sườn non xào chua ngọt: 75,000đ/đĩa (Sườn non xào cùng dứa và ớt chuông sốt chua cay) | Rau muống luộc dầm sấu / xào tỏi: 33,000đ/đĩa (Rau muống tươi xanh luộc chấm nước mắm chanh ớt) | Canh riêu cua đồng cà pháo: 43,000đ/bát (Canh cua đồng mát lạnh ăn kèm cà pháo giòn tan) | Cơm trắng gạo tám thơm: 12,000đ/niêu (Niêu cơm gạo tám dẻo thơm)"
ChIJ0QcELgBbNDERj8a5WYj8ufE,Quán nhậu đêm-ăn đêm,21.0170046,105.5759243,,,2H8G+Q9X,Hà Nội,"Hạ Bằng, Hà Nội",VN,,,Nhà hàng,https://www.google.com/maps/search/?api=1&query=Qu%C3%A1n%20nh%E1%BA%ADu%20%C4%91%C3%AAm-%C4%83n%20%C4%91%C3%AAm&query_place_id=ChIJ0QcELgBbNDERj8a5WYj8ufE,Có,"Cá kho tộ miền Tây đậm vị: 83,000đ/tộ (Cá trắm đen kho tộ sánh quyện nước hàng dừa) | Thịt ba chỉ rang cháy cạnh: 73,000đ/đĩa (Thịt ba chỉ ba chỉ giòn rưới mỡ hành) | Sườn non xào chua ngọt: 85,000đ/đĩa (Sườn non xào cùng dứa và ớt chuông sốt chua cay) | Rau muống luộc dầm sấu / xào tỏi: 27,000đ/đĩa (Rau muống tươi xanh luộc chấm nước mắm chanh ớt) | Canh riêu cua đồng cà pháo: 45,000đ/bát (Canh cua đồng mát lạnh ăn kèm cà pháo giòn tan) | Cơm trắng gạo tám thơm: 18,000đ/niêu (Niêu cơm gạo tám dẻo thơm)"
ChIJo-mIbABbNDERng7CyGp2IYc,Bia hơi Ti en Ti,21.0207265,105.5856107,,,2HCP+76X,Hà Nội,"Hạ Bằng, Hà Nội",VN,,+84 838 000 925,Nhà hàng gia đình,https://www.google.com/maps/search/?api=1&query=Bia%20h%C6%A1i%20Ti%20en%20Ti&query_place_id=ChIJo-mIbABbNDERng7CyGp2IYc,Có,"Bia hơi Hà Nội mát lạnh: 9,000đ/cốc (Bia hơi tươi rói rót trực tiếp từ vòi bom lạnh) | Đậu phụ lướt ván nóng giòn: 27,000đ/đĩa (Đậu hũ non chiên lướt ván ngoài vàng giòn trong mịn mượt như thạch) | Đĩa lạc rang muối / lạc luộc mộc mạc: 18,000đ/đĩa (Đồ nhắm bia truyền thống) | Nộm tai heo đu đủ xanh chua ngọt: 70,000đ/đĩa (Tai heo giòn sần sật trộn đu đủ bào sợi nước nộm chua ngọt sảng khoái) | Sụn gà chiên mắm rang muối: 95,000đ/đĩa (Sụn gà ta giòn sần sật tẩm ướp chiên xóc muối ớt tỏi)"
ChIJORJFcQBbNDERMndpRO_Vgeg,Trình Béo Quán,21.018883,105.5815262,,,2H9J+GH6,Hà Nội,"Hạ Bằng, Hà Nội",VN,,,Nhà hàng,https://www.google.com/maps/search/?api=1&query=Tr%C3%ACnh%20B%C3%A9o%20Qu%C3%A1n&query_place_id=ChIJORJFcQBbNDERMndpRO_Vgeg,Có,"Cá kho tộ miền Tây đậm vị: 85,000đ/tộ (Cá trắm đen kho tộ sánh quyện nước hàng dừa) | Thịt ba chỉ rang cháy cạnh: 70,000đ/đĩa (Thịt ba chỉ ba chỉ giòn rưới mỡ hành) | Sườn non xào chua ngọt: 85,000đ/đĩa (Sườn non xào cùng dứa và ớt chuông sốt chua cay) | Rau muống luộc dầm sấu / xào tỏi: 30,000đ/đĩa (Rau muống tươi xanh luộc chấm nước mắm chanh ớt) | Canh riêu cua đồng cà pháo: 47,000đ/bát (Canh cua đồng mát lạnh ăn kèm cà pháo giòn tan) | Cơm trắng gạo tám thơm: 15,000đ/niêu (Niêu cơm gạo tám dẻo thơm)"
ChIJj61dBgBbNDERXktk5dF7M2M,Lẩu Lòng Bò Tuấn Hùng,21.0189256,105.5799262,,,2H9J+H26,Hà Nội,"Hạ Bằng, Hà Nội",VN,,,Nhà hàng gia đình,https://www.google.com/maps/search/?api=1&query=L%E1%BA%A9u%20L%C3%B2ng%20B%C3%B2%20Tu%E1%BA%A5n%20H%C3%B9ng&query_place_id=ChIJj61dBgBbNDERXktk5dF7M2M,Có,"Thịt trâu xào lá lốt: 140,000đ/đĩa (Thịt trâu tươi mềm ngọt xào lá lốt thơm lừng) | Thịt trâu nhúng mẻ chua cay: 130,000đ/đĩa (Thịt trâu nhúng nước dùng mẻ chua thanh nhẹ) | Dê tái chanh chấm tương gừng: 140,000đ/đĩa (Thịt dê núi hấp tái trộn vừng sả lá chanh) | Dê né bản gang: 140,000đ/đĩa (Dê xào nóng hổi trên bản gang kèm đậu bắp) | Lẩu dê núi nhúng mẻ: 399,000đ/nồi (Nồi lẩu dê núi ré thơm ngon kèm rau nhúng đặc sản) | Cơm cháy sốt dê: 70,000đ/đĩa (Cơm cháy giòn tan rưới nước sốt dê đậm vị)"
ChIJEZHvXgBbNDER6wMalbjHx8M,Căng Tin Vườn Uơm,21.0098358,105.5339518,,,2G5M+WF,Hà Nội,"Hòa Lạc, Hà Nội",VN,,,Nhà hàng,https://www.google.com/maps/search/?api=1&query=C%C4%83ng%20Tin%20V%C6%B0%E1%BB%9Dn%20U%C6%A1m&query_place_id=ChIJEZHvXgBbNDER6wMalbjHx8M,Có,"Cá kho tộ miền Tây đậm vị: 87,000đ/tộ (Cá trắm đen kho tộ sánh quyện nước hàng dừa) | Thịt ba chỉ rang cháy cạnh: 80,000đ/đĩa (Thịt ba chỉ ba chỉ giòn rưới mỡ hành) | Sườn non xào chua ngọt: 78,000đ/đĩa (Sườn non xào cùng dứa và ớt chuông sốt chua cay) | Rau muống luộc dầm sấu / xào tỏi: 30,000đ/đĩa (Rau muống tươi xanh luộc chấm nước mắm chanh ớt) | Canh riêu cua đồng cà pháo: 47,000đ/bát (Canh cua đồng mát lạnh ăn kèm cà pháo giòn tan) | Cơm trắng gạo tám thơm: 18,000đ/niêu (Niêu cơm gạo tám dẻo thơm)"
ChIJs2iBUgBZNDERwUoGKCb1byA,Bánh cuốn lạng sơn,21.05494,105.5780437,,,10 Đ. Chi Quan,Hà Nội,"Thạch Thất, Hà Nội",VN,,,Nhà hàng,https://www.google.com/maps/search/?api=1&query=B%C3%A1nh%20cu%E1%BB%91n%20l%E1%BA%A1ng%20s%C6%A1n&query_place_id=ChIJs2iBUgBZNDERwUoGKCb1byA,Có,"Bánh cuốn thịt băm mộc nhĩ tráng nóng: 27,000đ/đĩa (Bánh tráng tươi tại chỗ ăn nóng kèm hành phi thơm giòn tự làm) | Bánh cuốn trứng lòng đào đặc biệt: 37,000đ/đĩa (Bánh cuốn tráng ôm trọn lòng đỏ trứng gà ta lòng đào béo ngậy) | Chả quế rán ăn kèm: 13,000đ/đĩa (Chả quế thơm ngọt ăn kèm nước mắm bánh cuốn)"
ChIJb7BLFBpbNDERlaf12LOP-5k,Nhà Hàng Tây Bắc,20.9963387,105.5228864,,,QL. 21A,Hà Nội,"Hòa Lạc, Hà Nội",VN,,+84 981 399 315,Nhà hàng,https://www.google.com/maps/search/?api=1&query=Nh%C3%A0%20H%C3%A0ng%20T%C3%A2y%20B%E1%BA%AFc&query_place_id=ChIJb7BLFBpbNDERlaf12LOP-5k,Có,"Cá kho tộ miền Tây đậm vị: 90,000đ/tộ (Cá trắm đen kho tộ sánh quyện nước hàng dừa) | Thịt ba chỉ rang cháy cạnh: 73,000đ/đĩa (Thịt ba chỉ ba chỉ giòn rưới mỡ hành) | Sườn non xào chua ngọt: 85,000đ/đĩa (Sườn non xào cùng dứa và ớt chuông sốt chua cay) | Rau muống luộc dầm sấu / xào tỏi: 33,000đ/đĩa (Rau muống tươi xanh luộc chấm nước mắm chanh ớt) | Canh riêu cua đồng cà pháo: 47,000đ/bát (Canh cua đồng mát lạnh ăn kèm cà pháo giòn tan) | Cơm trắng gạo tám thơm: 15,000đ/niêu (Niêu cơm gạo tám dẻo thơm)"
ChIJlQFnVABbNDER-k-iHVAn9Do,Cơm Hoàng Tuyết 2,20.9983387,105.5223516,,,XGXC+8WQ,Hà Nội,"Hòa Lạc, Hà Nội",VN,,,Nhà hàng cơm,https://www.google.com/maps/search/?api=1&query=C%C6%A1m%20Ho%C3%A0ng%20Tuy%E1%BA%BFt%202&query_place_id=ChIJlQFnVABbNDER-k-iHVAn9Do,Có,"Cơm rang dưa bò: 45,000đ/đĩa (Cơm rang hạt giòn tơi xào cùng cải dưa chua và thịt bò tươi mềm) | Cơm rang thập cẩm giòn: 37,000đ/đĩa (Cơm rang lạp xưởng ngô ngọt đậu hà lan rưới trứng vàng) | Cơm thố xá xíu nóng hổi: 35,000đ/thố (Cơm nấu niêu thố đất tạo lớp cháy giòn nhẹ, phủ thịt xá xíu đậm sốt) | Suất cơm bình dân tự chọn (3 món mặn + rau): 27,000đ/suất (Cơm suất bình dân đầy đặn sạch sẽ cho sinh viên và người đi làm) | Cơm tấm sườn bì chả Sài Gòn: 42,000đ/đĩa (Cơm tấm ăn kèm sườn nướng mặn ngọt chả trứng bì heo thính và nước mắm chua cay)"
ChIJuxQEOABbNDERr7Vv2Dy8hqg,Tuấn Tài Quán,20.9950353,105.5232415,,,XGWF+279,Hà Nội,"Hòa Lạc, Hà Nội",VN,,,Nhà hàng,https://www.google.com/maps/search/?api=1&query=Tu%E1%BA%A5n%20T%C3%A0i%20Qu%C3%A1n&query_place_id=ChIJuxQEOABbNDERr7Vv2Dy8hqg,Có,"Cá kho tộ miền Tây đậm vị: 85,000đ/tộ (Cá trắm đen kho tộ sánh quyện nước hàng dừa) | Thịt ba chỉ rang cháy cạnh: 75,000đ/đĩa (Thịt ba chỉ ba chỉ giòn rưới mỡ hành) | Sườn non xào chua ngọt: 80,000đ/đĩa (Sườn non xào cùng dứa và ớt chuông sốt chua cay) | Rau muống luộc dầm sấu / xào tỏi: 33,000đ/đĩa (Rau muống tươi xanh luộc chấm nước mắm chanh ớt) | Canh riêu cua đồng cà pháo: 40,000đ/bát (Canh cua đồng mát lạnh ăn kèm cà pháo giòn tan) | Cơm trắng gạo tám thơm: 15,000đ/niêu (Niêu cơm gạo tám dẻo thơm)"
ChIJ7V3ALQBbNDERvfyCFBkAsA8,Cơm Lâm Anh,20.9965305,105.5229186,,,58 thôn 2,Hà Nội,"Hòa Lạc, Hà Nội",VN,,+84 984 548 723,Nhà hàng cơm,https://www.google.com/maps/search/?api=1&query=C%C6%A1m%20L%C3%A2m%20Anh&query_place_id=ChIJ7V3ALQBbNDERvfyCFBkAsA8,Có,"Cơm rang dưa bò: 50,000đ/đĩa (Cơm rang hạt giòn tơi xào cùng cải dưa chua và thịt bò tươi mềm) | Cơm rang thập cẩm giòn: 35,000đ/đĩa (Cơm rang lạp xưởng ngô ngọt đậu hà lan rưới trứng vàng) | Cơm thố xá xíu nóng hổi: 35,000đ/thố (Cơm nấu niêu thố đất tạo lớp cháy giòn nhẹ, phủ thịt xá xíu đậm sốt) | Suất cơm bình dân tự chọn (3 món mặn + rau): 27,000đ/suất (Cơm suất bình dân đầy đặn sạch sẽ cho sinh viên và người đi làm) | Cơm tấm sườn bì chả Sài Gòn: 42,000đ/đĩa (Cơm tấm ăn kèm sườn nướng mặn ngọt chả trứng bì heo thính và nước mắm chua cay)"
ChIJ8Rn8aJ9bNDERP_CV8bBDGT4,Canh Cá Rô Đồng Thái Bình,20.9959678,105.5230215,,,,Hà Nội,"Hòa Lạc, Hà Nội",VN,,,Nhà hàng,https://www.google.com/maps/search/?api=1&query=Canh%20C%C3%A1%20R%C3%B4%20%C4%90%E1%BB%93ng%20Th%C3%A1i%20B%C3%ACnh&query_place_id=ChIJ8Rn8aJ9bNDERP_CV8bBDGT4,Có,"Cá kho tộ miền Tây đậm vị: 80,000đ/tộ (Cá trắm đen kho tộ sánh quyện nước hàng dừa) | Thịt ba chỉ rang cháy cạnh: 80,000đ/đĩa (Thịt ba chỉ ba chỉ giòn rưới mỡ hành) | Sườn non xào chua ngọt: 78,000đ/đĩa (Sườn non xào cùng dứa và ớt chuông sốt chua cay) | Rau muống luộc dầm sấu / xào tỏi: 33,000đ/đĩa (Rau muống tươi xanh luộc chấm nước mắm chanh ớt) | Canh riêu cua đồng cà pháo: 45,000đ/bát (Canh cua đồng mát lạnh ăn kèm cà pháo giòn tan) | Cơm trắng gạo tám thơm: 18,000đ/niêu (Niêu cơm gạo tám dẻo thơm)"
ChIJdZR8NgBbNDERDrqeAyzEVLY,Cháo Miến Lươn Xứ Nghệ,20.9978528,105.5225194,,,"XGXC+4X9, QL21A",Hà Nội,"Hòa Lạc, Hà Nội",VN,,,Quán mì,https://www.google.com/maps/search/?api=1&query=Ch%C3%A1o%20Mi%E1%BA%BFn%20L%C6%B0%C6%A1n%20X%E1%BB%A9%20Ngh%E1%BB%87&query_place_id=ChIJdZR8NgBbNDERDrqeAyzEVLY,Có,"Cháo lòng heo đầy đủ dồi sụn tiết luộc: 27,000đ/bát (Cháo lòng nấu gạo tẻ sánh ngọt cùng lòng non dồi sụn gan luộc) | Cháo sườn sụn nóng hổi hành hoa: 37,000đ/bát (Cháo bột sườn non sánh mịn giòn sần sật sườn sụn non) | Quẩy giòn ăn cháo: 8,000đ/đĩa (Quẩy ăn kèm cháo ngon tuyệt)"
ChIJ-4UYMgBbNDERGL-qG0t_zPk,Quán Bia Hưởng Tuệ,20.9945966,105.5858411,,,5 Liệp Mai,Hà Nội,"Kiều Phú, Hà Nội",VN,,+84 876 606 635,Quán bia,https://www.google.com/maps/search/?api=1&query=Qu%C3%A1n%20Bia%20H%C6%B0%E1%BB%9Fng%20Tu%E1%BB%87&query_place_id=ChIJ-4UYMgBbNDERGL-qG0t_zPk,Có,"Bia hơi Hà Nội mát lạnh: 9,000đ/cốc (Bia hơi tươi rói rót trực tiếp từ vòi bom lạnh) | Đậu phụ lướt ván nóng giòn: 30,000đ/đĩa (Đậu hũ non chiên lướt ván ngoài vàng giòn trong mịn mượt như thạch) | Đĩa lạc rang muối / lạc luộc mộc mạc: 18,000đ/đĩa (Đồ nhắm bia truyền thống) | Nộm tai heo đu đủ xanh chua ngọt: 70,000đ/đĩa (Tai heo giòn sần sật trộn đu đủ bào sợi nước nộm chua ngọt sảng khoái) | Sụn gà chiên mắm rang muối: 100,000đ/đĩa (Sụn gà ta giòn sần sật tẩm ướp chiên xóc muối ớt tỏi)"
ChIJpxCkNgBbNDERqnyZtFYrHVg,Trung Còi Quán,20.994247,105.5864116,,,"XHVP+MHR, CT03",Hà Nội,"Kiều Phú, Hà Nội",VN,,,Nhà hàng,https://www.google.com/maps/search/?api=1&query=Trung%20C%C3%B2i%20Qu%C3%A1n&query_place_id=ChIJpxCkNgBbNDERqnyZtFYrHVg,Có,"Cá kho tộ miền Tây đậm vị: 90,000đ/tộ (Cá trắm đen kho tộ sánh quyện nước hàng dừa) | Thịt ba chỉ rang cháy cạnh: 77,000đ/đĩa (Thịt ba chỉ ba chỉ giòn rưới mỡ hành) | Sườn non xào chua ngọt: 85,000đ/đĩa (Sườn non xào cùng dứa và ớt chuông sốt chua cay) | Rau muống luộc dầm sấu / xào tỏi: 33,000đ/đĩa (Rau muống tươi xanh luộc chấm nước mắm chanh ớt) | Canh riêu cua đồng cà pháo: 50,000đ/bát (Canh cua đồng mát lạnh ăn kèm cà pháo giòn tan) | Cơm trắng gạo tám thơm: 15,000đ/niêu (Niêu cơm gạo tám dẻo thơm)"
ChIJT0s2HgBbNDERgILH4Sju5Xc,Nhà hàng Tùng Duong,20.9945966,105.5858411,,,5 Liệp Mai,Hà Nội,"Kiều Phú, Hà Nội",VN,,+84 986 319 865,Nhà hàng,https://www.google.com/maps/search/?api=1&query=Nh%C3%A0%20h%C3%A0ng%20T%C3%B9ng%20Duong&query_place_id=ChIJT0s2HgBbNDERgILH4Sju5Xc,Có,"Cá kho tộ miền Tây đậm vị: 90,000đ/tộ (Cá trắm đen kho tộ sánh quyện nước hàng dừa) | Thịt ba chỉ rang cháy cạnh: 73,000đ/đĩa (Thịt ba chỉ ba chỉ giòn rưới mỡ hành) | Sườn non xào chua ngọt: 75,000đ/đĩa (Sườn non xào cùng dứa và ớt chuông sốt chua cay) | Rau muống luộc dầm sấu / xào tỏi: 27,000đ/đĩa (Rau muống tươi xanh luộc chấm nước mắm chanh ớt) | Canh riêu cua đồng cà pháo: 47,000đ/bát (Canh cua đồng mát lạnh ăn kèm cà pháo giòn tan) | Cơm trắng gạo tám thơm: 12,000đ/niêu (Niêu cơm gạo tám dẻo thơm)"
ChIJyxECRABbNDER_ymcu7KidqQ,Phở Hải Hòa,20.9947225,105.5874039,,,XHWP+2R,Hà Nội,"Kiều Phú, Hà Nội",VN,,,Nhà hàng phở,https://www.google.com/maps/search/?api=1&query=Ph%E1%BB%9F%20H%E1%BA%A3i%20H%C3%B2a&query_place_id=ChIJyxECRABbNDER_ymcu7KidqQ,Có,"Phở chín bò ta: 35,000đ/bát (Nước dùng phở bò ninh xương ống ngọt lịm kèm thịt chín thái mỏng) | Phở tái chần: 30,000đ/bát (Phở bò với thịt bò tươi chần tái mềm ngọt) | Phở nạm gầu giòn: 45,000đ/bát (Bánh phở mềm cùng nạm bò và gầu bò giòn sần sật) | Phở tái lăn đặc biệt: 40,000đ/bát (Phở bò xào tái lăn thơm mùi tỏi phi) | Trứng gà trần: 10,000đ/quả (Trứng trần nước phở béo ngậy) | Quẩy giòn: 8,000đ/chiếc (Quẩy giòn ăn kèm nước phở)"
ChIJsU3kSABbNDERcvPeTA0IiAM,Phở bò gia truyền,21.0238628,105.5492182,,,2GFX+GMW,Hà Nội,"Hòa Lạc, Hà Nội",VN,,,Nhà hàng,https://www.google.com/maps/search/?api=1&query=Ph%E1%BB%9F%20b%C3%B2%20gia%20truy%E1%BB%81n&query_place_id=ChIJsU3kSABbNDERcvPeTA0IiAM,Có,"Phở chín bò ta: 35,000đ/bát (Nước dùng phở bò ninh xương ống ngọt lịm kèm thịt chín thái mỏng) | Phở tái chần: 30,000đ/bát (Phở bò với thịt bò tươi chần tái mềm ngọt) | Phở nạm gầu giòn: 45,000đ/bát (Bánh phở mềm cùng nạm bò và gầu bò giòn sần sật) | Phở tái lăn đặc biệt: 40,000đ/bát (Phở bò xào tái lăn thơm mùi tỏi phi) | Trứng gà trần: 10,000đ/quả (Trứng trần nước phở béo ngậy) | Quẩy giòn: 8,000đ/chiếc (Quẩy giòn ăn kèm nước phở)"
ChIJ-1TXbABbNDERUatoHbFmKnk,Đội 2 Tân Xã Thạch Thất Hà Nội,21.0239848,105.5493389,,,2GFX+HPW,Hà Nội,"Hạ Bằng, Hà Nội",VN,,,Nhà hàng Hàn Quốc,https://www.google.com/maps/search/?api=1&query=%C4%90%E1%BB%99i%202%20T%C3%A2n%20X%C3%A3%20Th%E1%BA%A1ch%20Th%E1%BA%A5t%20H%C3%A0%20N%E1%BB%99i&query_place_id=ChIJ-1TXbABbNDERUatoHbFmKnk,Có,"Mì cay Seoul hải sản cấp độ 0-7: 47,000đ/tô (Mì ramen Hàn Quốc tôm, mực, chả viên nước dùng kim chi cay chua kích thích) | Mì cay bò Mỹ cấp độ 0-7: 45,000đ/tô (Mì cay Hàn Quốc nhúng bắp bò Mỹ tươi) | Kimbap chiên xù giòn tan: 30,000đ/cuộn (Cơm cuộn rong biển tẩm bột chiên xù chấm sốt mayonnaise) | Tokbokki truyền thống phô mai sốt cay: 30,000đ/đĩa (Bánh gạo Hàn Quốc xào cùng chả cá xiên, sốt tương ớt Gochujang và phô mai kéo sợi)"
ChIJsUREBQBbNDER0ZWZqkZAgE4,Bún Cháo Anh Béo,21.0230489,105.5503606,,,419,Hà Nội,"Hạ Bằng, Hà Nội",VN,,,Quán mì,https://www.google.com/maps/search/?api=1&query=B%C3%BAn%20Ch%C3%A1o%20Anh%20B%C3%A9o&query_place_id=ChIJsUREBQBbNDER0ZWZqkZAgE4,Có,"Cháo lòng heo đầy đủ dồi sụn tiết luộc: 27,000đ/bát (Cháo lòng nấu gạo tẻ sánh ngọt cùng lòng non dồi sụn gan luộc) | Cháo sườn sụn nóng hổi hành hoa: 30,000đ/bát (Cháo bột sườn non sánh mịn giòn sần sật sườn sụn non) | Quẩy giòn ăn cháo: 8,000đ/đĩa (Quẩy ăn kèm cháo ngon tuyệt)"
ChIJ0fNiLwBZNDERasxs67XKjII,Nhà hàng Gia hưng cá sông,21.0513516,105.5816324,,,322 đồng cam,Hà Nội,"Thạch Thất, Hà Nội",VN,,+84 984 550 287,Nhà hàng,https://www.google.com/maps/search/?api=1&query=Nh%C3%A0%20h%C3%A0ng%20Gia%20h%C6%B0ng%20c%C3%A1%20s%C3%B4ng&query_place_id=ChIJ0fNiLwBZNDERasxs67XKjII,Có,"Cá kho tộ miền Tây đậm vị: 83,000đ/tộ (Cá trắm đen kho tộ sánh quyện nước hàng dừa) | Thịt ba chỉ rang cháy cạnh: 80,000đ/đĩa (Thịt ba chỉ ba chỉ giòn rưới mỡ hành) | Sườn non xào chua ngọt: 85,000đ/đĩa (Sườn non xào cùng dứa và ớt chuông sốt chua cay) | Rau muống luộc dầm sấu / xào tỏi: 33,000đ/đĩa (Rau muống tươi xanh luộc chấm nước mắm chanh ớt) | Canh riêu cua đồng cà pháo: 43,000đ/bát (Canh cua đồng mát lạnh ăn kèm cà pháo giòn tan) | Cơm trắng gạo tám thơm: 15,000đ/niêu (Niêu cơm gạo tám dẻo thơm)"
ChIJk_-DewBZNDERsQG4BiGF7RE,Bún Đậu Phố,21.052017,105.5812838,,,"3H2J+QGQ, Đường Không Tên, TT. Liên Quan",Hà Nội,"Thạch Thất, Hà Nội",VN,,,Nhà hàng,https://www.google.com/maps/search/?api=1&query=B%C3%BAn%20%C4%90%E1%BA%ADu%20Ph%E1%BB%91&query_place_id=ChIJk_-DewBZNDERsQG4BiGF7RE,Có,"Bún đậu mắm tôm đầy đủ (Đậu, thịt chân giò, nem chua rán, chả cốm): 47,000đ/suất (Mẹt bún đậu đầy đủ nguyên liệu tươi ngon kèm rau thơm kinh giới) | Bún đậu thường (Đậu chiên giòn): 22,000đ/suất (Bún đậu chay đơn giản với đậu phụ rán giòn) | Bún chả Hà Nội truyền thống: 38,000đ/suất (Chả miếng và chả viên nướng than hoa thơm phức trong bát nước chấm chua ngọt) | Nem cua bể chiên giòn: 15,000đ/chiếc (Nem cua bể giòn rụm nhiều nhân) | Nước sấu đá ngầm chua ngọt: 18,000đ/cốc (Đồ uống giải nhiệt cực hợp vị bún đậu)"
ChIJfaEOHgBbNDERdrtYJycvb7g,Vườn bia tây phương,21.022163,105.591023,,,2HCR+R3,Hà Nội,"Tây Phương, Hà Nội",VN,,,Quán bia,https://www.google.com/maps/search/?api=1&query=V%C6%B0%E1%BB%9Dn%20bia%20t%C3%A2y%20ph%C6%B0%C6%A1ng&query_place_id=ChIJfaEOHgBbNDERdrtYJycvb7g,Có,"Bia hơi Hà Nội mát lạnh: 15,000đ/cốc (Bia hơi tươi rói rót trực tiếp từ vòi bom lạnh) | Đậu phụ lướt ván nóng giòn: 33,000đ/đĩa (Đậu hũ non chiên lướt ván ngoài vàng giòn trong mịn mượt như thạch) | Đĩa lạc rang muối / lạc luộc mộc mạc: 12,000đ/đĩa (Đồ nhắm bia truyền thống) | Nộm tai heo đu đủ xanh chua ngọt: 67,000đ/đĩa (Tai heo giòn sần sật trộn đu đủ bào sợi nước nộm chua ngọt sảng khoái) | Sụn gà chiên mắm rang muối: 93,000đ/đĩa (Sụn gà ta giòn sần sật tẩm ướp chiên xóc muối ớt tỏi)"
ChIJ-7kwkkJbNDER2aYmqNpM6hc,Ốc bia 88 Phú Hữu,21.0288305,105.5346044,,,,Hà Nội,"Hòa Lạc, Hà Nội",VN,,+84 962 668 721,Quán bia sân vườn,https://www.google.com/maps/search/?api=1&query=%E1%BB%90c%20bia%2088%20Ph%C3%BA%20H%E1%BB%AFu&query_place_id=ChIJ-7kwkkJbNDER2aYmqNpM6hc,Có,"Ốc luộc sả lá chanh truyền thống: 40,000đ/bát (Ốc vặn/ốc nhồi mít luộc thơm mùi sả chấm nước mắm gừng cay ngọt đặc sản) | Ốc móng tay xào bơ tỏi thơm lừng: 75,000đ/đĩa (Ốc móng tay tươi ngọt sốt bơ tỏi sánh béo chấm bánh mì tuyệt đỉnh) | Nem chua rán giòn rụm (10 cái): 50,000đ/đĩa (Nem chua rán nóng hổi chấm tương ớt cay nồng) | Khoai tây chiên lắc bột phô mai: 33,000đ/đĩa (Món khai vị ăn vặt khoái khẩu) | Trà quất mật ong khổng lồ: 18,000đ/cốc (Trà quất mát chua ngọt cực đã khát)"
ChIJEaXvOQBbNDERAh6ToaRE76A,Hồng Kông Quán (CS3),21.0270439,105.5356957,,,2GGP+R78,Hà Nội,"Hòa Lạc, Hà Nội",VN,,,Quán bia,https://www.google.com/maps/search/?api=1&query=H%E1%BB%93ng%20K%C3%B4ng%20Qu%C3%A1n%20(CS3)&query_place_id=ChIJEaXvOQBbNDERAh6ToaRE76A,Có,"Bia hơi Hà Nội mát lạnh: 9,000đ/cốc (Bia hơi tươi rói rót trực tiếp từ vòi bom lạnh) | Đậu phụ lướt ván nóng giòn: 27,000đ/đĩa (Đậu hũ non chiên lướt ván ngoài vàng giòn trong mịn mượt như thạch) | Đĩa lạc rang muối / lạc luộc mộc mạc: 18,000đ/đĩa (Đồ nhắm bia truyền thống) | Nộm tai heo đu đủ xanh chua ngọt: 60,000đ/đĩa (Tai heo giòn sần sật trộn đu đủ bào sợi nước nộm chua ngọt sảng khoái) | Sụn gà chiên mắm rang muối: 97,000đ/đĩa (Sụn gà ta giòn sần sật tẩm ướp chiên xóc muối ớt tỏi)"
ChIJJUY4fgBbNDERqcrqvIaCyR0,Bún Trang Nhung,21.0266957,105.5321317,,,2GGJ+MRQ,Hà Nội,"Hòa Lạc, Hà Nội",VN,,,Quán mì,https://www.google.com/maps/search/?api=1&query=B%C3%BAn%20Trang%20Nhung&query_place_id=ChIJJUY4fgBbNDERqcrqvIaCyR0,Có,"Bún cá cay Hải Phòng giòn rụm: 30,000đ/bát (Cá chiên giòn, chả cá thu thơm ngon nước dùng dọc mùng chua cay) | Bún riêu cua bắp bò giò tai: 45,000đ/bát (Bún nước với riêu cua đồng xịn kèm bắp bò tươi, giò tai heo sần sật) | Bún sườn mọc dọc mùng hành hoa: 35,000đ/bát (Bún sườn non mềm nhừ kèm mọc thịt giòn dẻo) | Trà đá mát lạnh: 2,000đ/cốc (Trà đá mát uống kèm bún nóng)"
ChIJraknFwBbNDERdmR8dCYxmf4,Tiệm Kem Vani,21.0304576,105.5192541,,,4 Đ. Hòa Lạc,Hà Nội,"Hạ Bằng, Hà Nội",VN,,+84 966 298 530,Cửa hàng kem,https://www.google.com/maps/search/?api=1&query=Ti%E1%BB%87m%20Kem%20Vani&query_place_id=ChIJraknFwBbNDERdmR8dCYxmf4,Có,"Kem tươi ốc quế sữa dừa / vani Mixue: 13,000đ/chiếc (Kem tươi thơm ngon ngậy béo ốc quế giòn tan) | Trà sữa ba anh em thạch pudding trân châu: 27,000đ/ly (Trà sữa đậm vị kèm full topping dồi dào) | Dương chi cam lộ xoài bưởi trân châu: 35,000đ/ly (Sinh tố xoài, bưởi hồng cùng thạch dừa thạch đào thơm ngon mát lạnh) | Trà đào tứ kỳ xuân hạt đào miếng: 22,000đ/ly (Trà ô long thanh vị kết hợp thạch đào giòn ngọt)"
ChIJ52a6QQBbNDER95Ys7S2_-M4,Quán phở 141,21.0251216,105.5203039,,,141 Road 4,Hà Nội,"Hòa Lạc, Hà Nội",VN,,,Khu ăn uống,https://www.google.com/maps/search/?api=1&query=Qu%C3%A1n%20ph%E1%BB%9F%20141&query_place_id=ChIJ52a6QQBbNDER95Ys7S2_-M4,Có,"Phở chín bò ta: 30,000đ/bát (Nước dùng phở bò ninh xương ống ngọt lịm kèm thịt chín thái mỏng) | Phở tái chần: 40,000đ/bát (Phở bò với thịt bò tươi chần tái mềm ngọt) | Phở nạm gầu giòn: 42,000đ/bát (Bánh phở mềm cùng nạm bò và gầu bò giòn sần sật) | Phở tái lăn đặc biệt: 43,000đ/bát (Phở bò xào tái lăn thơm mùi tỏi phi) | Trứng gà trần: 7,000đ/quả (Trứng trần nước phở béo ngậy) | Quẩy giòn: 2,000đ/chiếc (Quẩy giòn ăn kèm nước phở)"
ChIJizS0UABFNDERISuO4IIKEus,Chè Duyên Hoà Lạc,21.0255954,105.5199715,,,thôn 4 QL21,Hà Nội,"Hòa Lạc, Hà Nội",VN,,,Cửa hàng kem,https://www.google.com/maps/search/?api=1&query=Ch%C3%A8%20Duy%C3%AAn%20Ho%C3%A0%20L%E1%BA%A1c&query_place_id=ChIJizS0UABFNDERISuO4IIKEus,Có,"Kem tươi ốc quế sữa dừa / vani Mixue: 10,000đ/chiếc (Kem tươi thơm ngon ngậy béo ốc quế giòn tan) | Trà sữa ba anh em thạch pudding trân châu: 33,000đ/ly (Trà sữa đậm vị kèm full topping dồi dào) | Dương chi cam lộ xoài bưởi trân châu: 37,000đ/ly (Sinh tố xoài, bưởi hồng cùng thạch dừa thạch đào thơm ngon mát lạnh) | Trà đào tứ kỳ xuân hạt đào miếng: 28,000đ/ly (Trà ô long thanh vị kết hợp thạch đào giòn ngọt)"
ChIJ6Q_QPONbNDERIIMMW6POjPU,Quán Nhậu 68,20.9975766,105.572733,,,2 ngõ 91 Đồng Trúc,Hà Nội,"Hạ Bằng, Hà Nội",VN,,+84 987 828 395,Quán bia,https://www.google.com/maps/search/?api=1&query=Qu%C3%A1n%20Nh%E1%BA%ADu%2068&query_place_id=ChIJ6Q_QPONbNDERIIMMW6POjPU,Có,"Bia hơi Hà Nội mát lạnh: 12,000đ/cốc (Bia hơi tươi rói rót trực tiếp từ vòi bom lạnh) | Đậu phụ lướt ván nóng giòn: 27,000đ/đĩa (Đậu hũ non chiên lướt ván ngoài vàng giòn trong mịn mượt như thạch) | Đĩa lạc rang muối / lạc luộc mộc mạc: 12,000đ/đĩa (Đồ nhắm bia truyền thống) | Nộm tai heo đu đủ xanh chua ngọt: 70,000đ/đĩa (Tai heo giòn sần sật trộn đu đủ bào sợi nước nộm chua ngọt sảng khoái) | Sụn gà chiên mắm rang muối: 97,000đ/đĩa (Sụn gà ta giòn sần sật tẩm ướp chiên xóc muối ớt tỏi)"
ChIJUyMmVABbNDERQzOzGsMtDPA,Karaoke Công Minh,20.9933683,105.5765682,,,"XHVG+8JW, Thôn đồng kho",Hà Nội,"Hạ Bằng, Hà Nội",VN,,,Quán cà phê,https://www.google.com/maps/search/?api=1&query=Karaoke%20C%C3%B4ng%20Minh&query_place_id=ChIJUyMmVABbNDERQzOzGsMtDPA,Có,"Đĩa hoa quả thập cẩm lớn (Dưa hấu, ổi, xoài, nho): 130,000đ/đĩa (Hoa quả tươi ngon cắt lát đẹp mắt) | Khô mực nướng cồn: 180,000đ/con (Mực khô Vân Đồn nướng cồn xé tay) | Thịt bò khô xé sợi vắt chanh: 82,000đ/đĩa (Bò khô sợi cay cay ngọt ngọt) | Khoai tây chiên lắc phô mai: 45,000đ/đĩa (Khoai tây chiên giòn tan phủ bột phô mai) | Hạt hướng dương sạch: 20,000đ/đĩa (Hạt hướng dương rang thơm) | Bia Heineken lon: 22,000đ/lon (Bia ngoại ướp lạnh sẵn) | Bia Hà Nội lon: 18,000đ/lon (Bia nội truyền thống) | Nước ngọt Coca-Cola / Sting: 18,000đ/lon (Nước ngọt các loại phục vụ lạnh)"
ChIJI8b7zApbNDER0unfQjRkpOk,Quán Bia Hoà Cường,20.9980237,105.5687943,,,Đường Hạ Bằng,Hà Nội,"Hạ Bằng, Hà Nội",VN,,+84 373 802 758,Khu ăn uống,https://www.google.com/maps/search/?api=1&query=Qu%C3%A1n%20Bia%20Ho%C3%A0%20C%C6%B0%E1%BB%9Dng&query_place_id=ChIJI8b7zApbNDER0unfQjRkpOk,Có,"Bia hơi Hà Nội mát lạnh: 9,000đ/cốc (Bia hơi tươi rói rót trực tiếp từ vòi bom lạnh) | Đậu phụ lướt ván nóng giòn: 27,000đ/đĩa (Đậu hũ non chiên lướt ván ngoài vàng giòn trong mịn mượt như thạch) | Đĩa lạc rang muối / lạc luộc mộc mạc: 18,000đ/đĩa (Đồ nhắm bia truyền thống) | Nộm tai heo đu đủ xanh chua ngọt: 70,000đ/đĩa (Tai heo giòn sần sật trộn đu đủ bào sợi nước nộm chua ngọt sảng khoái) | Sụn gà chiên mắm rang muối: 95,000đ/đĩa (Sụn gà ta giòn sần sật tẩm ướp chiên xóc muối ớt tỏi)"
ChIJCY-tw9xbNDER-nE-zGINKnY,Nhà hàng dê núi tiến đạt,21.0247705,105.5862274,,,338,Hà Nội,"Tây Phương, Hà Nội",VN,,,Nhà hàng gia đình,https://www.google.com/maps/search/?api=1&query=Nh%C3%A0%20h%C3%A0ng%20d%C3%AA%20n%C3%BAi%20ti%E1%BA%BFn%20%C4%91%E1%BA%A1t&query_place_id=ChIJCY-tw9xbNDER-nE-zGINKnY,Có,"Thịt trâu xào lá lốt: 120,000đ/đĩa (Thịt trâu tươi mềm ngọt xào lá lốt thơm lừng) | Thịt trâu nhúng mẻ chua cay: 170,000đ/đĩa (Thịt trâu nhúng nước dùng mẻ chua thanh nhẹ) | Dê tái chanh chấm tương gừng: 170,000đ/đĩa (Thịt dê núi hấp tái trộn vừng sả lá chanh) | Dê né bản gang: 150,000đ/đĩa (Dê xào nóng hổi trên bản gang kèm đậu bắp) | Lẩu dê núi nhúng mẻ: 409,000đ/nồi (Nồi lẩu dê núi ré thơm ngon kèm rau nhúng đặc sản) | Cơm cháy sốt dê: 72,000đ/đĩa (Cơm cháy giòn tan rưới nước sốt dê đậm vị)"
ChIJaRRRqaFbNDERgae8EidrEXQ,Nhà An Khánh,21.0245983,105.5879497,,,Ngõ Xóm Vòi,Hà Nội,"Tây Phương, Hà Nội",VN,,+84 988 818 313,Quán cà phê,https://www.google.com/maps/search/?api=1&query=Nh%C3%A0%20An%20Kh%C3%A1nh&query_place_id=ChIJaRRRqaFbNDERgae8EidrEXQ,Có,"Cà phê đen đá pha phin: 25,000đ/ly (Cà phê đen truyền thống đậm đà) | Cà phê sữa đá: 25,000đ/ly (Cà phê sữa pha phin béo ngậy) | Bạc xỉu cốt dừa: 30,000đ/ly (Nhiều sữa béo ngậy vị dừa hòa quyện chút cà phê) | Trà đào cam sả: 37,000đ/ly (Trà đào thơm mát kết hợp lát đào cam tươi sả thơm) | Trà sữa trân châu truyền thống: 30,000đ/ly (Trà sữa đậm trà kèm trân châu đen dai giòn) | Sinh tố bơ sáp: 33,000đ/ly (Sinh tố bơ sáp tươi ngon xay sữa đặc ngậy béo) | Nước ép cam nguyên chất: 30,000đ/ly (Ép cam sành tự nhiên nhiều vitamin C)"
ChIJtQOcPABbNDERRC8_nU6Pqzs,Quán Caffe,21.0295225,105.5790889,,,2HHH+RH8,Hà Nội,"Hạ Bằng, Hà Nội",VN,,,Quán cà phê,https://www.google.com/maps/search/?api=1&query=Qu%C3%A1n%20Caffe&query_place_id=ChIJtQOcPABbNDERRC8_nU6Pqzs,Có,"Cà phê đen đá pha phin: 19,000đ/ly (Cà phê đen truyền thống đậm đà) | Cà phê sữa đá: 28,000đ/ly (Cà phê sữa pha phin béo ngậy) | Bạc xỉu cốt dừa: 27,000đ/ly (Nhiều sữa béo ngậy vị dừa hòa quyện chút cà phê) | Trà đào cam sả: 33,000đ/ly (Trà đào thơm mát kết hợp lát đào cam tươi sả thơm) | Trà sữa trân châu truyền thống: 35,000đ/ly (Trà sữa đậm trà kèm trân châu đen dai giòn) | Sinh tố bơ sáp: 40,000đ/ly (Sinh tố bơ sáp tươi ngon xay sữa đặc ngậy béo) | Nước ép cam nguyên chất: 33,000đ/ly (Ép cam sành tự nhiên nhiều vitamin C)"
ChIJaVJfJQBbNDERXLMYKROMQWA,Tiệm Trà Mẹ Bông,21.0192237,105.5795857,,,2H9H+GWG,Hà Nội,"Hạ Bằng, Hà Nội",VN,,,Quán cà phê,https://www.google.com/maps/search/?api=1&query=Ti%E1%BB%87m%20Tr%C3%A0%20M%E1%BA%B9%20B%C3%B4ng&query_place_id=ChIJaVJfJQBbNDERXLMYKROMQWA,Có,"Cà phê đen đá pha phin: 22,000đ/ly (Cà phê đen truyền thống đậm đà) | Cà phê sữa đá: 25,000đ/ly (Cà phê sữa pha phin béo ngậy) | Bạc xỉu cốt dừa: 27,000đ/ly (Nhiều sữa béo ngậy vị dừa hòa quyện chút cà phê) | Trà đào cam sả: 30,000đ/ly (Trà đào thơm mát kết hợp lát đào cam tươi sả thơm) | Trà sữa trân châu truyền thống: 40,000đ/ly (Trà sữa đậm trà kèm trân châu đen dai giòn) | Sinh tố bơ sáp: 37,000đ/ly (Sinh tố bơ sáp tươi ngon xay sữa đặc ngậy béo) | Nước ép cam nguyên chất: 30,000đ/ly (Ép cam sành tự nhiên nhiều vitamin C)"
ChIJsciFpmlbNDER6P5G21jy95Y,Xưởng Nội Thất CT HOME,21.0204644,105.585368,,,Đường lưu niệm Bác Hồ_Phú Đa_Cần Kiệm_Thạch Thất Hà Nội,Hà Nội,"Hạ Bằng, Hà Nội",VN,,+84 975 919 223,Nhà thiết kế nội thất,https://www.google.com/maps/search/?api=1&query=X%C6%B0%E1%BB%9Fng%20N%E1%BB%99i%20Th%E1%BA%A5t%20CT%20HOME&query_place_id=ChIJsciFpmlbNDER6P5G21jy95Y,Không,Không áp dụng (Địa điểm phi ẩm thực)
ChIJKzzPKQBbNDERJtFcOnRXuME,Trà Chanh & Coffee FinTea DL,21.0264883,105.5216647,,,2GGC+HQW,Hà Nội,"Hòa Lạc, Hà Nội",VN,,+84 332 554 962,Quán cà phê,https://www.google.com/maps/search/?api=1&query=Tr%C3%A0%20Chanh%20%26%20Coffee%20FinTea%20DL&query_place_id=ChIJKzzPKQBbNDERJtFcOnRXuME,Có,"Cà phê đen đá pha phin: 25,000đ/ly (Cà phê đen truyền thống đậm đà) | Cà phê sữa đá: 28,000đ/ly (Cà phê sữa pha phin béo ngậy) | Bạc xỉu cốt dừa: 30,000đ/ly (Nhiều sữa béo ngậy vị dừa hòa quyện chút cà phê) | Trà đào cam sả: 35,000đ/ly (Trà đào thơm mát kết hợp lát đào cam tươi sả thơm) | Trà sữa trân châu truyền thống: 30,000đ/ly (Trà sữa đậm trà kèm trân châu đen dai giòn) | Sinh tố bơ sáp: 33,000đ/ly (Sinh tố bơ sáp tươi ngon xay sữa đặc ngậy béo) | Nước ép cam nguyên chất: 30,000đ/ly (Ép cam sành tự nhiên nhiều vitamin C)"
ChIJYazFIABbNDERlcGPSDcZ2_M,Nhà Hàng Đầm Vực Giang,20.9986599,105.5572099,,,XHX4+FV8,Hà Nội,"Hạ Bằng, Hà Nội",VN,,,Nhà hàng gia đình,https://www.google.com/maps/search/?api=1&query=Nh%C3%A0%20H%C3%A0ng%20%C4%90%E1%BA%A7m%20V%E1%BB%B1c%20Giang&query_place_id=ChIJYazFIABbNDERlcGPSDcZ2_M,Có,"Cá kho tộ miền Tây đậm vị: 87,000đ/tộ (Cá trắm đen kho tộ sánh quyện nước hàng dừa) | Thịt ba chỉ rang cháy cạnh: 80,000đ/đĩa (Thịt ba chỉ ba chỉ giòn rưới mỡ hành) | Sườn non xào chua ngọt: 82,000đ/đĩa (Sườn non xào cùng dứa và ớt chuông sốt chua cay) | Rau muống luộc dầm sấu / xào tỏi: 27,000đ/đĩa (Rau muống tươi xanh luộc chấm nước mắm chanh ớt) | Canh riêu cua đồng cà pháo: 45,000đ/bát (Canh cua đồng mát lạnh ăn kèm cà pháo giòn tan) | Cơm trắng gạo tám thơm: 12,000đ/niêu (Niêu cơm gạo tám dẻo thơm)"
ChIJTQ1kVgBbNDERRwQ3BES-xrU,89 QUÁN - Bia Hơi - Thịt Chó,21.0045165,105.5551433,,,208 Hạ Bằng,Hà Nội,"Hạ Bằng, Hà Nội",VN,,+84 966 969 505,Quán bia sân vườn,https://www.google.com/maps/search/?api=1&query=89%20QU%C3%81N%20-%20Bia%20H%C6%A1i%20-%20Th%E1%BB%8Bt%20Ch%C3%B3&query_place_id=ChIJTQ1kVgBbNDERRwQ3BES-xrU,Có,"Bia hơi Hà Nội mát lạnh: 12,000đ/cốc (Bia hơi tươi rói rót trực tiếp từ vòi bom lạnh) | Đậu phụ lướt ván nóng giòn: 27,000đ/đĩa (Đậu hũ non chiên lướt ván ngoài vàng giòn trong mịn mượt như thạch) | Đĩa lạc rang muối / lạc luộc mộc mạc: 15,000đ/đĩa (Đồ nhắm bia truyền thống) | Nộm tai heo đu đủ xanh chua ngọt: 70,000đ/đĩa (Tai heo giòn sần sật trộn đu đủ bào sợi nước nộm chua ngọt sảng khoái) | Sụn gà chiên mắm rang muối: 93,000đ/đĩa (Sụn gà ta giòn sần sật tẩm ướp chiên xóc muối ớt tỏi)"
ChIJA0dYawBbNDERi-TTyH_QkWY,Quán bia Ti en Ti,21.0215519,105.5870406,,,"2HCP+JRF, Đường Phú Đa",Hà Nội,"Hạ Bằng, Hà Nội",VN,,,Quán bia,https://www.google.com/maps/search/?api=1&query=Qu%C3%A1n%20bia%20Ti%20en%20Ti&query_place_id=ChIJA0dYawBbNDERi-TTyH_QkWY,Có,"Bia hơi Hà Nội mát lạnh: 9,000đ/cốc (Bia hơi tươi rói rót trực tiếp từ vòi bom lạnh) | Đậu phụ lướt ván nóng giòn: 33,000đ/đĩa (Đậu hũ non chiên lướt ván ngoài vàng giòn trong mịn mượt như thạch) | Đĩa lạc rang muối / lạc luộc mộc mạc: 12,000đ/đĩa (Đồ nhắm bia truyền thống) | Nộm tai heo đu đủ xanh chua ngọt: 65,000đ/đĩa (Tai heo giòn sần sật trộn đu đủ bào sợi nước nộm chua ngọt sảng khoái) | Sụn gà chiên mắm rang muối: 93,000đ/đĩa (Sụn gà ta giòn sần sật tẩm ướp chiên xóc muối ớt tỏi)"
ChIJ73N9gvNbNDERf60rcbLq5MI,Nhà Hàng Khải Thanh,21.000752,105.5577487,,,2H25+835,Hà Nội,"Hạ Bằng, Hà Nội",VN,,+84 914 910 996,Nhà hàng,https://www.google.com/maps/search/?api=1&query=Nh%C3%A0%20H%C3%A0ng%20Kh%E1%BA%A3i%20Thanh&query_place_id=ChIJ73N9gvNbNDERf60rcbLq5MI,Có,"Cá kho tộ miền Tây đậm vị: 83,000đ/tộ (Cá trắm đen kho tộ sánh quyện nước hàng dừa) | Thịt ba chỉ rang cháy cạnh: 77,000đ/đĩa (Thịt ba chỉ ba chỉ giòn rưới mỡ hành) | Sườn non xào chua ngọt: 82,000đ/đĩa (Sườn non xào cùng dứa và ớt chuông sốt chua cay) | Rau muống luộc dầm sấu / xào tỏi: 33,000đ/đĩa (Rau muống tươi xanh luộc chấm nước mắm chanh ớt) | Canh riêu cua đồng cà pháo: 45,000đ/bát (Canh cua đồng mát lạnh ăn kèm cà pháo giòn tan) | Cơm trắng gạo tám thơm: 12,000đ/niêu (Niêu cơm gạo tám dẻo thơm)"
ChIJJQtfpuRbNDERxvahDlIfgbQ,Rượu Ngô Men Lá Tân Sơn,21.0004473,105.5601874,,,1A đường Giảng Nu,Hà Nội,"Hạ Bằng, Hà Nội",VN,,+84 987 880 509,Nhà rượu,https://www.google.com/maps/search/?api=1&query=R%C6%B0%E1%BB%A3u%20Ng%C3%B4%20Men%20L%C3%A1%20T%C3%A2n%20S%C6%A1n&query_place_id=ChIJJQtfpuRbNDERxvahDlIfgbQ,Có,"Cá kho tộ miền Tây đậm vị: 90,000đ/tộ (Cá trắm đen kho tộ sánh quyện nước hàng dừa) | Thịt ba chỉ rang cháy cạnh: 73,000đ/đĩa (Thịt ba chỉ ba chỉ giòn rưới mỡ hành) | Sườn non xào chua ngọt: 75,000đ/đĩa (Sườn non xào cùng dứa và ớt chuông sốt chua cay) | Rau muống luộc dầm sấu / xào tỏi: 30,000đ/đĩa (Rau muống tươi xanh luộc chấm nước mắm chanh ớt) | Canh riêu cua đồng cà pháo: 50,000đ/bát (Canh cua đồng mát lạnh ăn kèm cà pháo giòn tan) | Cơm trắng gạo tám thơm: 12,000đ/niêu (Niêu cơm gạo tám dẻo thơm)"
ChIJFYNiC09bNDER3lC68tGjtcE,"Bánh Cuốn Phủ Lý,Bún Chả",,,,,Gần Hoàng Tuấn,Hà Nội,"Yên Xuân, Hà Nội",VN,,+84 965 835 355,Quán ăn nhỏ,https://www.google.com/maps/search/?api=1&query=B%C3%A1nh%20Cu%E1%BB%91n%20Ph%E1%BB%A7%20L%C3%BD%2CB%C3%BAn%20Ch%E1%BA%A3&query_place_id=ChIJFYNiC09bNDER3lC68tGjtcE,Có,"Bún đậu mắm tôm đầy đủ (Đậu, thịt chân giò, nem chua rán, chả cốm): 43,000đ/suất (Mẹt bún đậu đầy đủ nguyên liệu tươi ngon kèm rau thơm kinh giới) | Bún đậu thường (Đậu chiên giòn): 28,000đ/suất (Bún đậu chay đơn giản với đậu phụ rán giòn) | Bún chả Hà Nội truyền thống: 35,000đ/suất (Chả miếng và chả viên nướng than hoa thơm phức trong bát nước chấm chua ngọt) | Nem cua bể chiên giòn: 18,000đ/chiếc (Nem cua bể giòn rụm nhiều nhân) | Nước sấu đá ngầm chua ngọt: 15,000đ/cốc (Đồ uống giải nhiệt cực hợp vị bún đậu)"
ChIJt0GtlxZaNDERzhgTbj7ne-Q,Pink Coffee,,,,,,Hà Nội,"Hạ Bằng, Hà Nội",VN,,+84 984 734 968,Quán cà phê,https://www.google.com/maps/search/?api=1&query=Pink%20Coffee&query_place_id=ChIJt0GtlxZaNDERzhgTbj7ne-Q,Có,"Cà phê đen đá pha phin: 19,000đ/ly (Cà phê đen truyền thống đậm đà) | Cà phê sữa đá: 22,000đ/ly (Cà phê sữa pha phin béo ngậy) | Bạc xỉu cốt dừa: 33,000đ/ly (Nhiều sữa béo ngậy vị dừa hòa quyện chút cà phê) | Trà đào cam sả: 35,000đ/ly (Trà đào thơm mát kết hợp lát đào cam tươi sả thơm) | Trà sữa trân châu truyền thống: 30,000đ/ly (Trà sữa đậm trà kèm trân châu đen dai giòn) | Sinh tố bơ sáp: 40,000đ/ly (Sinh tố bơ sáp tươi ngon xay sữa đặc ngậy béo) | Nước ép cam nguyên chất: 27,000đ/ly (Ép cam sành tự nhiên nhiều vitamin C)"
ChIJ5XKYBwBbNDERnTT0e-OBh1o,Karaoke Thiên Đường,,,,,,Hà Nội,"Hòa Lạc, Hà Nội",VN,,+84 918 521 993,Quán bar karaoke,https://www.google.com/maps/search/?api=1&query=Karaoke%20Thi%C3%AAn%20%C4%90%C6%B0%E1%BB%9Dng&query_place_id=ChIJ5XKYBwBbNDERnTT0e-OBh1o,Có,"Đĩa hoa quả thập cẩm lớn (Dưa hấu, ổi, xoài, nho): 130,000đ/đĩa (Hoa quả tươi ngon cắt lát đẹp mắt) | Khô mực nướng cồn: 190,000đ/con (Mực khô Vân Đồn nướng cồn xé tay) | Thịt bò khô xé sợi vắt chanh: 78,000đ/đĩa (Bò khô sợi cay cay ngọt ngọt) | Khoai tây chiên lắc phô mai: 50,000đ/đĩa (Khoai tây chiên giòn tan phủ bột phô mai) | Hạt hướng dương sạch: 20,000đ/đĩa (Hạt hướng dương rang thơm) | Bia Heineken lon: 22,000đ/lon (Bia ngoại ướp lạnh sẵn) | Bia Hà Nội lon: 18,000đ/lon (Bia nội truyền thống) | Nước ngọt Coca-Cola / Sting: 18,000đ/lon (Nước ngọt các loại phục vụ lạnh)"
ChIJW38ASQBbNDERipeT4SUDn4E,🥤Trang Coffe & Tea🥤,,,,,XGQV+V7V,Hà Nội,"Hòa Lạc, Hà Nội",VN,,,Quán cà phê,https://www.google.com/maps/search/?api=1&query=%F0%9F%A5%A4Trang%20Coffe%20%26%20Tea%F0%9F%A5%A4&query_place_id=ChIJW38ASQBbNDERipeT4SUDn4E,Có,"Cà phê đen đá pha phin: 25,000đ/ly (Cà phê đen truyền thống đậm đà) | Cà phê sữa đá: 28,000đ/ly (Cà phê sữa pha phin béo ngậy) | Bạc xỉu cốt dừa: 30,000đ/ly (Nhiều sữa béo ngậy vị dừa hòa quyện chút cà phê) | Trà đào cam sả: 40,000đ/ly (Trà đào thơm mát kết hợp lát đào cam tươi sả thơm) | Trà sữa trân châu truyền thống: 35,000đ/ly (Trà sữa đậm trà kèm trân châu đen dai giòn) | Sinh tố bơ sáp: 33,000đ/ly (Sinh tố bơ sáp tươi ngon xay sữa đặc ngậy béo) | Nước ép cam nguyên chất: 33,000đ/ly (Ép cam sành tự nhiên nhiều vitamin C)"
ChIJf2EhRQBbNDERGG0mAvsEhB8,Phố Núi Karaoke,,,,,XGMJ+XR9,Hà Nội,"Hòa Lạc, Hà Nội",VN,,,Quán bar karaoke,https://www.google.com/maps/search/?api=1&query=Ph%E1%BB%91%20N%C3%BAi%20Karaoke&query_place_id=ChIJf2EhRQBbNDERGG0mAvsEhB8,Có,"Đĩa hoa quả thập cẩm lớn (Dưa hấu, ổi, xoài, nho): 170,000đ/đĩa (Hoa quả tươi ngon cắt lát đẹp mắt) | Khô mực nướng cồn: 170,000đ/con (Mực khô Vân Đồn nướng cồn xé tay) | Thịt bò khô xé sợi vắt chanh: 75,000đ/đĩa (Bò khô sợi cay cay ngọt ngọt) | Khoai tây chiên lắc phô mai: 43,000đ/đĩa (Khoai tây chiên giòn tan phủ bột phô mai) | Hạt hướng dương sạch: 17,000đ/đĩa (Hạt hướng dương rang thơm) | Bia Heineken lon: 25,000đ/lon (Bia ngoại ướp lạnh sẵn) | Bia Hà Nội lon: 15,000đ/lon (Bia nội truyền thống) | Nước ngọt Coca-Cola / Sting: 15,000đ/lon (Nước ngọt các loại phục vụ lạnh)"
ChIJXZsxeABbNDERyIg-gOxJQO0,Karaoke Star,,,,,XGQP+R9P,Hà Nội,"Hòa Lạc, Hà Nội",VN,,,Quán bar,https://www.google.com/maps/search/?api=1&query=Karaoke%20Star&query_place_id=ChIJXZsxeABbNDERyIg-gOxJQO0,Có,"Đĩa hoa quả thập cẩm lớn (Dưa hấu, ổi, xoài, nho): 140,000đ/đĩa (Hoa quả tươi ngon cắt lát đẹp mắt) | Khô mực nướng cồn: 160,000đ/con (Mực khô Vân Đồn nướng cồn xé tay) | Thịt bò khô xé sợi vắt chanh: 80,000đ/đĩa (Bò khô sợi cay cay ngọt ngọt) | Khoai tây chiên lắc phô mai: 43,000đ/đĩa (Khoai tây chiên giòn tan phủ bột phô mai) | Hạt hướng dương sạch: 23,000đ/đĩa (Hạt hướng dương rang thơm) | Bia Heineken lon: 22,000đ/lon (Bia ngoại ướp lạnh sẵn) | Bia Hà Nội lon: 15,000đ/lon (Bia nội truyền thống) | Nước ngọt Coca-Cola / Sting: 18,000đ/lon (Nước ngọt các loại phục vụ lạnh)"
ChIJxYZ4vuVbNDERCT8QFfGpbyk,Nhà May Thúy Xinh,,,,,,Hà Nội,"Hạ Bằng, Hà Nội",VN,,+84 376 019 612,Nhà hàng,https://www.google.com/maps/search/?api=1&query=Nh%C3%A0%20May%20Th%C3%BAy%20Xinh&query_place_id=ChIJxYZ4vuVbNDERCT8QFfGpbyk,Có,"Cá kho tộ miền Tây đậm vị: 85,000đ/tộ (Cá trắm đen kho tộ sánh quyện nước hàng dừa) | Thịt ba chỉ rang cháy cạnh: 75,000đ/đĩa (Thịt ba chỉ ba chỉ giòn rưới mỡ hành) | Sườn non xào chua ngọt: 80,000đ/đĩa (Sườn non xào cùng dứa và ớt chuông sốt chua cay) | Rau muống luộc dầm sấu / xào tỏi: 27,000đ/đĩa (Rau muống tươi xanh luộc chấm nước mắm chanh ớt) | Canh riêu cua đồng cà pháo: 43,000đ/bát (Canh cua đồng mát lạnh ăn kèm cà pháo giòn tan) | Cơm trắng gạo tám thơm: 12,000đ/niêu (Niêu cơm gạo tám dẻo thơm)"
ChIJs6vFHQBbNDERvAy16kYTaHI,Coffee Gió,,,,,XHX4+JQ2,Hà Nội,"Hạ Bằng, Hà Nội",VN,https://coffee-gio.onrender.com/,+84 968 251 663,Quán cà phê,https://www.google.com/maps/search/?api=1&query=Coffee%20Gio%CC%81&query_place_id=ChIJs6vFHQBbNDERvAy16kYTaHI,Có,"Cà phê đen đá pha phin: 22,000đ/ly (Cà phê đen truyền thống đậm đà) | Cà phê sữa đá: 28,000đ/ly (Cà phê sữa pha phin béo ngậy) | Bạc xỉu cốt dừa: 33,000đ/ly (Nhiều sữa béo ngậy vị dừa hòa quyện chút cà phê) | Trà đào cam sả: 35,000đ/ly (Trà đào thơm mát kết hợp lát đào cam tươi sả thơm) | Trà sữa trân châu truyền thống: 33,000đ/ly (Trà sữa đậm trà kèm trân châu đen dai giòn) | Sinh tố bơ sáp: 30,000đ/ly (Sinh tố bơ sáp tươi ngon xay sữa đặc ngậy béo) | Nước ép cam nguyên chất: 27,000đ/ly (Ép cam sành tự nhiên nhiều vitamin C)"
ChIJBXqBFQ1RNDERVQBJld1vxp4,Nhà của Kiên,,,,,2HJG+27V,Hà Nội,"Hạ Bằng, Hà Nội",VN,http://vanepdoangia.vn/,+84 984 710 342,Nhà hàng,https://www.google.com/maps/search/?api=1&query=Nh%C3%A0%20c%E1%BB%A7a%20Ki%C3%AAn&query_place_id=ChIJBXqBFQ1RNDERVQBJld1vxp4,Có,"Cá kho tộ miền Tây đậm vị: 80,000đ/tộ (Cá trắm đen kho tộ sánh quyện nước hàng dừa) | Thịt ba chỉ rang cháy cạnh: 80,000đ/đĩa (Thịt ba chỉ ba chỉ giòn rưới mỡ hành) | Sườn non xào chua ngọt: 80,000đ/đĩa (Sườn non xào cùng dứa và ớt chuông sốt chua cay) | Rau muống luộc dầm sấu / xào tỏi: 30,000đ/đĩa (Rau muống tươi xanh luộc chấm nước mắm chanh ớt) | Canh riêu cua đồng cà pháo: 47,000đ/bát (Canh cua đồng mát lạnh ăn kèm cà pháo giòn tan) | Cơm trắng gạo tám thơm: 12,000đ/niêu (Niêu cơm gạo tám dẻo thơm)"
ChIJTY7qk25bNDERzGh9cJQDuN8,X HOME THIẾT KẾ,,,,,,Hà Nội,"Hạ Bằng, Hà Nội",VN,http://xdecor.net/,+84 965 163 169,Nhà thiết kế tòa nhà,https://www.google.com/maps/search/?api=1&query=X%20HOME%20THI%E1%BA%BET%20K%E1%BA%BE&query_place_id=ChIJTY7qk25bNDERzGh9cJQDuN8,Không,Không áp dụng (Địa điểm phi ẩm thực)
ChIJGwMJ2jhbNDERVBIpRmKRQRU,Cường vinh,,,,,,Hà Nội,"Hòa Lạc, Hà Nội",VN,,+84 364 214 772,Quán bar,https://www.google.com/maps/search/?api=1&query=C%C6%B0%E1%BB%9Dng%20vinh&query_place_id=ChIJGwMJ2jhbNDERVBIpRmKRQRU,Có,"Đĩa hoa quả thập cẩm lớn (Dưa hấu, ổi, xoài, nho): 170,000đ/đĩa (Hoa quả tươi ngon cắt lát đẹp mắt) | Khô mực nướng cồn: 160,000đ/con (Mực khô Vân Đồn nướng cồn xé tay) | Thịt bò khô xé sợi vắt chanh: 82,000đ/đĩa (Bò khô sợi cay cay ngọt ngọt) | Khoai tây chiên lắc phô mai: 43,000đ/đĩa (Khoai tây chiên giòn tan phủ bột phô mai) | Hạt hướng dương sạch: 23,000đ/đĩa (Hạt hướng dương rang thơm) | Bia Heineken lon: 28,000đ/lon (Bia ngoại ướp lạnh sẵn) | Bia Hà Nội lon: 15,000đ/lon (Bia nội truyền thống) | Nước ngọt Coca-Cola / Sting: 18,000đ/lon (Nước ngọt các loại phục vụ lạnh)"
ChIJQTVEnzlbNDERiUNdbM1wKlg,Karaoke Zambar,,,,,,Hà Nội,"Hạ Bằng, Hà Nội",VN,,+84 385 852 683,Quán bar karaoke,https://www.google.com/maps/search/?api=1&query=Karaoke%20Zambar&query_place_id=ChIJQTVEnzlbNDERiUNdbM1wKlg,Có,"Đĩa hoa quả thập cẩm lớn (Dưa hấu, ổi, xoài, nho): 170,000đ/đĩa (Hoa quả tươi ngon cắt lát đẹp mắt) | Khô mực nướng cồn: 200,000đ/con (Mực khô Vân Đồn nướng cồn xé tay) | Thịt bò khô xé sợi vắt chanh: 80,000đ/đĩa (Bò khô sợi cay cay ngọt ngọt) | Khoai tây chiên lắc phô mai: 43,000đ/đĩa (Khoai tây chiên giòn tan phủ bột phô mai) | Hạt hướng dương sạch: 23,000đ/đĩa (Hạt hướng dương rang thơm) | Bia Heineken lon: 25,000đ/lon (Bia ngoại ướp lạnh sẵn) | Bia Hà Nội lon: 15,000đ/lon (Bia nội truyền thống) | Nước ngọt Coca-Cola / Sting: 18,000đ/lon (Nước ngọt các loại phục vụ lạnh)"
ChIJu-bDUgBbNDERrjLul_dhMvM,Tú Linh Quán,,,,,"2GPW+89W, ĐT419",Hà Nội,"Hạ Bằng, Hà Nội",VN,,+84 862 911 994,Nhà hàng,https://www.google.com/maps/search/?api=1&query=T%C3%BA%20Linh%20Qu%C3%A1n&query_place_id=ChIJu-bDUgBbNDERrjLul_dhMvM,Có,"Cá kho tộ miền Tây đậm vị: 80,000đ/tộ (Cá trắm đen kho tộ sánh quyện nước hàng dừa) | Thịt ba chỉ rang cháy cạnh: 70,000đ/đĩa (Thịt ba chỉ ba chỉ giòn rưới mỡ hành) | Sườn non xào chua ngọt: 80,000đ/đĩa (Sườn non xào cùng dứa và ớt chuông sốt chua cay) | Rau muống luộc dầm sấu / xào tỏi: 30,000đ/đĩa (Rau muống tươi xanh luộc chấm nước mắm chanh ớt) | Canh riêu cua đồng cà pháo: 40,000đ/bát (Canh cua đồng mát lạnh ăn kèm cà pháo giòn tan) | Cơm trắng gạo tám thơm: 18,000đ/niêu (Niêu cơm gạo tám dẻo thơm)"
ChIJ2xivnodbNDERsyPQSDQBLHg,Nhà hàng Hải sản,,,,,"2GMW+W6Q, ĐT419",Hà Nội,"Hạ Bằng, Hà Nội",VN,,,Nhà hàng,https://www.google.com/maps/search/?api=1&query=Nh%C3%A0%20h%C3%A0ng%20H%E1%BA%A3i%20s%E1%BA%A3n&query_place_id=ChIJ2xivnodbNDERsyPQSDQBLHg,Có,"Cá kho tộ miền Tây đậm vị: 80,000đ/tộ (Cá trắm đen kho tộ sánh quyện nước hàng dừa) | Thịt ba chỉ rang cháy cạnh: 80,000đ/đĩa (Thịt ba chỉ ba chỉ giòn rưới mỡ hành) | Sườn non xào chua ngọt: 82,000đ/đĩa (Sườn non xào cùng dứa và ớt chuông sốt chua cay) | Rau muống luộc dầm sấu / xào tỏi: 27,000đ/đĩa (Rau muống tươi xanh luộc chấm nước mắm chanh ớt) | Canh riêu cua đồng cà pháo: 45,000đ/bát (Canh cua đồng mát lạnh ăn kèm cà pháo giòn tan) | Cơm trắng gạo tám thơm: 18,000đ/niêu (Niêu cơm gạo tám dẻo thơm)"
ChIJ_xSNf7pUNDERkwHtyPmQP0s,Dũng Béo Restaurant,,,,,XGPP+VJ6,Hà Nội,"Hòa Lạc, Hà Nội",VN,,,Nhà hàng,https://www.google.com/maps/search/?api=1&query=D%C5%A9ng%20B%C3%A9o%20Restaurant&query_place_id=ChIJ_xSNf7pUNDERkwHtyPmQP0s,Có,"Cá kho tộ miền Tây đậm vị: 85,000đ/tộ (Cá trắm đen kho tộ sánh quyện nước hàng dừa) | Thịt ba chỉ rang cháy cạnh: 75,000đ/đĩa (Thịt ba chỉ ba chỉ giòn rưới mỡ hành) | Sườn non xào chua ngọt: 85,000đ/đĩa (Sườn non xào cùng dứa và ớt chuông sốt chua cay) | Rau muống luộc dầm sấu / xào tỏi: 27,000đ/đĩa (Rau muống tươi xanh luộc chấm nước mắm chanh ớt) | Canh riêu cua đồng cà pháo: 40,000đ/bát (Canh cua đồng mát lạnh ăn kèm cà pháo giòn tan) | Cơm trắng gạo tám thơm: 15,000đ/niêu (Niêu cơm gạo tám dẻo thơm)"
ChIJj1szNwBbNDER4ghg42y5Gas,Karaoke Anh Đào 2,,,,,XGQH+JQW,Hà Nội,"Hòa Lạc, Hà Nội",VN,,+84 984 511 526,Quán bar karaoke,https://www.google.com/maps/search/?api=1&query=Karaoke%20Anh%20%C4%90%C3%A0o%202&query_place_id=ChIJj1szNwBbNDER4ghg42y5Gas,Có,"Đĩa hoa quả thập cẩm lớn (Dưa hấu, ổi, xoài, nho): 150,000đ/đĩa (Hoa quả tươi ngon cắt lát đẹp mắt) | Khô mực nướng cồn: 200,000đ/con (Mực khô Vân Đồn nướng cồn xé tay) | Thịt bò khô xé sợi vắt chanh: 75,000đ/đĩa (Bò khô sợi cay cay ngọt ngọt) | Khoai tây chiên lắc phô mai: 50,000đ/đĩa (Khoai tây chiên giòn tan phủ bột phô mai) | Hạt hướng dương sạch: 20,000đ/đĩa (Hạt hướng dương rang thơm) | Bia Heineken lon: 22,000đ/lon (Bia ngoại ướp lạnh sẵn) | Bia Hà Nội lon: 15,000đ/lon (Bia nội truyền thống) | Nước ngọt Coca-Cola / Sting: 12,000đ/lon (Nước ngọt các loại phục vụ lạnh)"
